signal_date,variant,rank,symbol,name,score,return_1d_net,return_3d_net,return_5d_net,return_10d_net
2024-09-24,quality_momentum,1,603529.SH,,1.0,0.01311954,0.08881792,0.0554746,-0.02364329
2024-09-24,quality_momentum,2,601628.SH,,0.99709302,0.00874678,0.09338878,,0.12399833
2024-09-24,quality_momentum,3,000521.SZ,,0.99418604,-0.0250823,0.08345294,0.12349509,-0.07250068
2024-09-24,quality_momentum,4,601100.SH,,0.99127907,-0.02319627,0.10087778,0.2325445,0.02587776
2024-09-24,quality_momentum,5,002659.SZ,,0.98837209,,,,
2024-09-24,quality_momentum,6,300274.SZ,,0.98546511,-0.01244257,0.14081028,0.43767323,0.15533845
2024-09-24,quality_momentum,7,000546.SZ,,0.98255813,-0.005761,0.08883365,,0.02512709
2024-09-24,quality_momentum,8,002321.SZ,,0.97965115,-0.01829349,0.03635133,,-0.02375797
2024-09-24,quality_momentum,9,002444.SZ,,0.97674417,-0.01728458,0.08109413,0.14426877,0.04282834
2024-09-24,quality_momentum,10,002647.SZ,,0.9738372,-0.02222527,0.14037633,0.38021378,0.35988851
2024-09-24,quality_momentum,11,001319.SZ,,0.97093022,0.00136447,0.0846071,,0.05794763
2024-09-24,quality_momentum,12,002309.SZ,,0.96802324,0.02827249,-0.03638272,-0.12258965,-0.139831
2024-09-24,quality_momentum,13,603991.SH,,0.96511626,-0.00400284,0.15838036,0.27263265,
2024-09-24,quality_momentum,14,600536.SH,,0.96220928,0.00614132,0.14686509,0.31630798,0.11814596
2024-09-24,quality_momentum,15,600375.SH,,0.95930231,0.02857615,0.02667139,-0.04189998,-0.03809045
2024-09-24,quality_momentum,16,300598.SZ,,0.95639533,0.05512524,0.30997537,0.70297946,0.73707702
2024-09-24,quality_momentum,17,688692.SH,,0.95348835,-0.01080214,0.16707686,0.44645576,0.22183077
2024-09-24,quality_momentum,18,600718.SH,,0.95058137,-0.01077896,0.08245071,0.21896573,0.07024205
2024-09-24,quality_momentum,19,002261.SZ,,0.94767439,0.05077063,0.18578552,0.48177956,0.48177956
2024-09-24,quality_momentum,20,600208.SH,,0.94476742,0.02414171,0.3783084,0.48247497,0.3783084
2024-09-25,quality_momentum,1,002321.SZ,,1.0,0.02587782,0.21476673,0.02587782,-0.0019
2024-09-25,quality_momentum,2,600375.SH,,0.9976415,-0.00929364,0.03691709,-0.04626229,-0.08138241
2024-09-25,quality_momentum,3,000546.SZ,,0.99528301,0.03104575,0.26747991,0.07949537,0.03685975
2024-09-25,quality_momentum,4,601628.SH,,0.99292451,0.04076524,0.27279051,0.13794722,0.17139472
2024-09-25,quality_momentum,5,000521.SZ,,0.99056602,0.06066742,0.29044082,0.03909245,-0.02563247
2024-09-25,quality_momentum,6,603991.SH,,0.98820752,,,,
2024-09-25,quality_momentum,7,603529.SH,,0.98584908,0.05758497,0.18898483,-0.01285,-0.01838879
2024-09-25,quality_momentum,8,002866.SZ,,0.98349059,0.01858023,0.26151811,0.08002092,0.06519044
2024-09-25,quality_momentum,9,601100.SH,,0.98113209,0.01985967,0.30935817,0.17406968,0.04653895
2024-09-25,quality_momentum,10,002468.SZ,,0.97877359,0.03939793,0.2429377,0.07774598,0.09741169
2024-09-25,quality_momentum,11,300231.SZ,,0.9764151,0.08143328,0.70945271,0.56814827,0.55607094
2024-09-25,quality_momentum,12,301259.SZ,,0.9740566,0.00949286,0.34944137,0.16127526,0.30129735
2024-09-25,quality_momentum,13,603389.SH,,0.97169811,0.07228857,0.25157757,0.02592076,0.18202582
2024-09-25,quality_momentum,14,301321.SZ,,0.96933961,0.04599549,0.4277082,0.19621325,0.17008838
2024-09-25,quality_momentum,15,000678.SZ,,0.96698111,0.05400062,0.29830711,0.08919733,0.08712698
2024-09-25,quality_momentum,16,300006.SZ,,0.96462262,0.0357712,0.44673009,0.43645607,0.28234653
2024-09-25,quality_momentum,17,002303.SZ,,0.96226418,0.06754443,0.30018331,0.11615554,0.10226669
2024-09-25,quality_momentum,18,002659.SZ,,0.95990568,-0.018994,0.20109152,0.0173308,0.0151941
2024-09-25,quality_momentum,19,600336.SH,,0.95754719,,,,
2024-09-25,quality_momentum,20,002591.SZ,,0.95518869,0.0115529,0.24473675,0.07433322,0.08330182
2024-09-26,quality_momentum,1,601319.SH,,1.0,0.02911922,,0.05718425,0.04832159
2024-09-26,quality_momentum,2,002480.SZ,,0.99820787,0.01989169,,-0.0019,0.09253096
2024-09-26,quality_momentum,3,002595.SZ,,0.99641579,-0.00973231,0.08056943,0.08287309,0.08310342
2024-09-26,quality_momentum,4,603529.SH,,0.99462366,0.01234587,-0.0186597,-0.13569884,-0.08179075
2024-09-26,quality_momentum,5,603444.SH,,0.99283153,0.0869785,0.19169809,0.13127752,0.03735231
2024-09-26,quality_momentum,6,601628.SH,,0.99103945,0.03750391,,0.07412934,0.07513963
2024-09-26,quality_momentum,7,000521.SZ,,0.98924732,0.04378522,0.08236391,-0.04250914,-0.08007264
2024-09-26,quality_momentum,8,600415.SH,,0.98745519,0.02351441,0.11743704,0.158321,0.18705036
2024-09-26,quality_momentum,9,002321.SZ,,0.98566306,0.025127,,0.025127,-0.06135947
2024-09-26,quality_momentum,10,603389.SH,,0.98387098,0.0412655,,-0.02348268,0.01392736
2024-09-26,quality_momentum,11,300011.SZ,,0.98207885,0.0631887,0.36200531,0.34425386,0.20076269
2024-09-26,quality_momentum,12,002444.SZ,,0.98028672,0.06042293,0.12239175,0.07954477,-0.0057952
2024-09-26,quality_momentum,13,601601.SH,,0.97849464,0.04753502,,0.04866503,0.0432978
2024-09-26,quality_momentum,14,601100.SH,,0.97670251,0.10087778,0.2325445,0.13180372,0.00476666
2024-09-26,quality_momentum,15,600715.SH,,0.97491038,-0.02103875,-0.07367028,-0.16457937,-0.07367028
2024-09-26,quality_momentum,16,000651.SZ,,0.97311831,0.00674361,0.11622936,0.09872054,0.02846338
2024-09-26,quality_momentum,17,688603.SH,,0.97132617,0.03568064,0.32068067,0.31745486,0.30358391
2024-09-26,quality_momentum,18,600520.SH,,0.96953404,0.08562621,,,0.66948362
2024-09-26,quality_momentum,19,300002.SZ,,0.96774191,0.1092111,0.3869889,0.184608,0.2371873
2024-09-26,quality_momentum,20,002468.SZ,,0.96594983,0.04531434,0.07458721,0.04814724,0.02548427
2024-09-27,quality_momentum,1,002444.SZ,,1.0,,,,
2024-09-27,quality_momentum,2,002480.SZ,,0.99863946,0.13791047,-0.04218427,-0.01137866,0.06445077
2024-09-27,quality_momentum,3,300011.SZ,,0.99727893,0.33421113,0.14532228,0.19532223,0.17865558
2024-09-27,quality_momentum,4,601100.SH,,0.99591839,,,,
2024-09-27,quality_momentum,5,600715.SH,,0.9945578,0.04688052,-0.09946096,-0.08970483,-0.04092439
2024-09-27,quality_momentum,6,600316.SH,,0.99319726,0.13734575,0.04451525,-0.01847688,0.17091392
2024-09-27,quality_momentum,7,002468.SZ,,0.99183673,0.13966894,-0.01181887,0.0269548,0.00080517
2024-09-27,quality_momentum,8,000651.SZ,,0.99047619,0.15674643,0.05654867,0.06731549,0.03743201
2024-09-27,quality_momentum,9,002606.SZ,,0.98911566,0.14441583,0.08546846,0.09283687,0.12862636
2024-09-27,quality_momentum,10,300150.SZ,,0.98775512,0.31678133,0.13820988,0.08601207,0.16568238
2024-09-27,quality_momentum,11,688163.SH,,0.98639458,0.18414659,0.04926287,0.1114721,0.12949538
2024-09-27,quality_momentum,12,002312.SZ,,0.98503399,0.1551964,0.06527227,-0.01598455,0.11077598
2024-09-27,quality_momentum,13,000521.SZ,,0.98367345,0.1612068,-0.06500675,-0.11937568,-0.07180291
2024-09-27,quality_momentum,14,600520.SH,,0.98231292,0.1523169,,,0.68870248
2024-09-27,quality_momentum,15,002012.SZ,,0.98095238,,,,
2024-09-27,quality_momentum,16,000068.SZ,,0.97959185,0.15327241,-0.0363828,-0.0794862,-0.04787704
2024-09-27,quality_momentum,17,002861.SZ,,0.97823131,0.16622748,0.00606812,-0.01385222,0.01802034
2024-09-27,quality_momentum,18,600375.SH,,0.97687078,0.03884083,-0.04449259,-0.06115919,-0.07597404
2024-09-27,quality_momentum,19,002819.SZ,,0.97551018,0.13429944,0.15091793,-0.00876415,0.13718957
2024-09-27,quality_momentum,20,601318.SH,,0.97414964,,,,
2024-09-30,quality_momentum,1,002294.SZ,,1.0,-0.08273989,-0.065942,-0.08195243,-0.0399577
2024-09-30,quality_momentum,2,000913.SZ,,0.99719888,,-0.12719773,-0.10957028,-0.14911294
2024-09-30,quality_momentum,3,603112.SH,,0.99439776,-0.03751457,-0.12480508,-0.11223523,-0.14156484
2024-09-30,quality_momentum,4,600936.SH,,0.99159664,,-0.14475716,-0.14143491,-0.10821227
2024-09-30,quality_momentum,5,600415.SH,,0.98879552,-0.04803937,-0.01319946,0.01504914,0.08849547
2024-09-30,quality_momentum,6,002595.SZ,,0.9859944,-0.07889865,-0.07693436,-0.06966665,-0.04845273
2024-09-30,quality_momentum,7,002444.SZ,,0.98319328,-0.08134334,-0.11642593,-0.13411225,-0.1813723
2024-09-30,quality_momentum,8,002933.SZ,,0.98039216,-0.05443278,-0.11884805,-0.12635276,-0.09195624
2024-09-30,quality_momentum,9,002922.SZ,,0.97759104,,-0.17106668,-0.21439999,-0.23189999
2024-09-30,quality_momentum,10,600062.SH,,0.97478992,-0.07508009,-0.10573143,-0.11071228,-0.08925634
2024-09-30,quality_momentum,11,002597.SZ,,0.9719888,-0.12007525,-0.14809252,-0.15779076,-0.16138272
2024-09-30,quality_momentum,12,603118.SH,,0.96918768,,-0.13267794,-0.14169708,-0.07743555
2024-09-30,quality_momentum,13,000068.SZ,,0.96638656,,-0.17602937,-0.18100449,-0.18349205
2024-09-30,quality_momentum,14,600660.SH,,0.96358544,-0.0979937,-0.09096249,-0.09783746,-0.08549374
2024-09-30,quality_momentum,15,603768.SH,,0.96078432,-0.06355707,-0.13356349,-0.12906767,-0.14808891
2024-09-30,quality_momentum,16,600233.SH,,0.9579832,-0.10778232,-0.10982843,-0.12057005,-0.12210458
2024-09-30,quality_momentum,17,603766.SH,,0.95518208,-0.02718743,-0.07431384,-0.08121041,-0.05247475
2024-09-30,quality_momentum,18,603698.SH,,0.95238096,-0.03674938,-0.08341206,-0.09817876,-0.0934534
2024-09-30,quality_momentum,19,002606.SZ,,0.94957983,-0.06985227,-6.343e-05,-0.0285299,-0.0285299
2024-09-30,quality_momentum,20,000985.SZ,,0.94677871,-0.07950138,-0.10360487,-0.11007161,-0.08596819
2024-10-08,quality_momentum,1,002597.SZ,,1.0,-0.05851916,-0.03774525,-0.07481245,-0.03367193
2024-10-08,quality_momentum,2,600715.SH,,0.99397588,-0.0482918,-0.03798248,0.01871855,0.02387317
2024-10-08,quality_momentum,3,002294.SZ,,0.98795182,0.00495325,-0.0187475,-0.02417298,-0.01503535
2024-10-08,quality_momentum,4,600298.SH,,0.98192769,0.05179313,0.04923634,0.0083272,0.03077043
2024-10-08,quality_momentum,5,603099.SH,,0.97590363,-0.09675478,-0.01590072,-0.0533526,0.15315777
2024-10-08,quality_momentum,6,002827.SZ,,0.96987951,-0.07561449,-0.02563248,0.11640278,0.11963904
2024-10-08,quality_momentum,7,601222.SH,,0.96385545,-0.05581526,-0.09175874,-0.12641857,-0.09175874
2024-10-08,quality_momentum,8,002922.SZ,,0.95783132,-0.06695576,-0.12271789,-0.16082197,-0.13015283
2024-10-08,quality_momentum,9,600062.SH,,0.9518072,-0.02711703,-0.07424391,-0.06349571,-0.00148662
2024-10-08,quality_momentum,10,603997.SH,,0.94578314,0.01539325,-0.02671199,-0.03799024,-0.03573455
2024-10-08,quality_momentum,11,603129.SH,,0.93975902,-0.0335687,-0.04093781,-0.10555412,-0.08094994
2024-10-08,quality_momentum,12,601058.SH,,0.93373495,-0.05126707,-0.06708983,-0.10569747,-0.13164685
2024-10-08,quality_momentum,13,603699.SH,,0.92771083,0.04333804,-0.0019,0.01714765,0.08002166
2024-10-08,quality_momentum,14,002884.SZ,,0.92168677,-0.03884581,-0.03391979,-0.06199852,0.00351865
2024-10-08,quality_momentum,15,600127.SH,,0.91566265,-0.0701451,-0.06457407,0.00367103,-0.01304205
2024-10-08,quality_momentum,16,002468.SZ,,0.90963858,-0.0387421,-0.0010228,-0.03961931,-0.03523329
2024-10-08,quality_momentum,17,603529.SH,,0.90361446,-0.05246819,-0.10701365,-0.07672484,0.00247755
2024-10-08,quality_momentum,18,600612.SH,,0.89759034,-0.0589459,-0.07106617,-0.11114371,-0.09595303
2024-10-08,quality_momentum,19,600156.SH,,0.89156628,-0.11771292,-0.05089775,-0.11103142,0.19854541
2024-10-08,quality_momentum,20,605133.SH,,0.88554215,-0.07120693,-0.08252239,-0.11081089,-0.07120693
2024-10-09,quality_momentum,1,002294.SZ,,1.0,0.00944427,-0.00785571,-0.00927376,-0.06032312
2024-10-09,quality_momentum,2,002595.SZ,,0.99929076,0.00861504,0.01655493,0.01676955,0.04795536
2024-10-09,quality_momentum,3,600609.SH,,0.99858159,0.02135576,0.02135576,-0.0019,-0.01352788
2024-10-09,quality_momentum,4,601319.SH,,0.99787235,-0.01429666,0.00360961,0.01462891,0.00498705
2024-10-09,quality_momentum,5,603218.SH,,0.99716312,0.01418814,-0.01544779,-0.02137494,0.13103822
2024-10-09,quality_momentum,6,600660.SH,,0.99645388,0.02995837,0.02217079,-0.01021857,0.0915513
2024-10-09,quality_momentum,7,002480.SZ,,0.99574471,0.01785307,0.10921106,0.22032212,0.11414933
2024-10-09,quality_momentum,8,600276.SH,,0.99503547,0.00680746,-0.00751143,-0.04795265,-0.02279782
2024-10-09,quality_momentum,9,600415.SH,,0.99432623,0.10686448,0.13854347,0.13854347,0.15755086
2024-10-09,quality_momentum,10,603380.SH,,0.993617,-0.01444176,-0.0445421,-0.08258564,-0.05750203
2024-10-09,quality_momentum,11,601601.SH,,0.99290782,0.01200401,0.03844893,0.01909226,0.06462124
2024-10-09,quality_momentum,12,000913.SZ,,0.99219859,-0.00893081,0.01108,-0.05652409,-0.0024408
2024-10-09,quality_momentum,13,601038.SH,,0.99148935,0.01015509,-0.02658432,-0.0914523,-0.08571177
2024-10-09,quality_momentum,14,000651.SZ,,0.99078012,0.02903212,0.03152329,-0.01207235,-0.01248749
2024-10-09,quality_momentum,15,600741.SH,,0.99007094,-0.0036321,-0.01979837,-0.03885148,-0.06656515
2024-10-09,quality_momentum,16,002352.SZ,,0.9893617,0.02194965,0.04555847,0.01954059,0.03519956
2024-10-09,quality_momentum,17,603112.SH,,0.98865247,-0.02901077,-0.01506808,-0.04760101,-0.08942901
2024-10-09,quality_momentum,18,601058.SH,,0.98794329,0.01607601,-0.01654716,-0.06980945,-0.07180681
2024-10-09,quality_momentum,19,600298.SH,,0.98723406,0.01373766,-0.01753766,-0.01996417,-0.02185145
2024-10-09,quality_momentum,20,000829.SZ,,0.98652482,-0.02085738,-0.00569155,0.03032744,0.21800512
2024-10-10,quality_momentum,1,600415.SH,,1.0,0.14286198,0.04571907,0.02286197,0.02476666
2024-10-10,quality_momentum,2,601319.SH,,0.99938464,-0.00608411,0.00088939,-0.01026823,0.03157276
2024-10-10,quality_momentum,3,002294.SZ,,0.99876922,-0.0363924,-0.04172051,-0.01760378,-0.07929759
2024-10-10,quality_momentum,4,000829.SZ,,0.99815387,-0.05504011,0.01162658,0.05607103,0.25317247
2024-10-10,quality_momentum,5,000521.SZ,,0.99753845,-0.03999524,-0.06856671,-0.04105349,-0.06010111
2024-10-10,quality_momentum,6,002312.SZ,,0.99692309,-0.02967776,0.04404015,0.00130512,0.29083507
2024-10-10,quality_momentum,7,002589.SZ,,0.99630767,0.018648,-0.01902325,0.02207266,0.04946991
2024-10-10,quality_momentum,8,001979.SZ,,0.99569231,0.05811938,0.08232071,0.01358893,0.04843881
2024-10-10,quality_momentum,9,301367.SZ,,0.99507689,-0.03316649,-0.01680762,-0.08765197,-0.07973637
2024-10-10,quality_momentum,10,003006.SZ,,0.99446154,-0.04148497,-0.04955571,-0.04110063,0.04959884
2024-10-10,quality_momentum,11,601965.SH,,0.99384618,-0.01509262,-0.05519822,-0.06575227,-0.06522454
2024-10-10,quality_momentum,12,600455.SH,,0.99323076,-0.04102109,-0.02119264,0.09938614,0.13154051
2024-10-10,quality_momentum,13,603699.SH,,0.9926154,-0.02787399,-0.00932108,-0.00746581,0.08305328
2024-10-10,quality_momentum,14,603218.SH,,0.99199998,-0.02273334,-0.05523338,-0.05190004,0.12309997
2024-10-10,quality_momentum,15,605099.SH,,0.99138463,-0.03507755,-0.06031118,-0.07199342,-0.04769432
2024-10-10,quality_momentum,16,603389.SH,,0.99076921,-0.02690001,0.02751174,0.03633526,0.08486466
2024-10-10,quality_momentum,17,600763.SH,,0.99015385,-0.03504175,-0.06780038,-0.06320266,-0.02871995
2024-10-10,quality_momentum,18,601100.SH,,0.98953849,-0.03979613,-0.09533355,-0.1139549,-0.09615027
2024-10-10,quality_momentum,19,600718.SH,,0.98892307,-0.04895889,-0.05484125,-0.04601766,-0.02052749
2024-10-10,quality_momentum,20,600760.SH,,0.98830771,-0.02546182,-0.03437716,-0.03310352,0.00701534
2024-10-11,quality_momentum,1,002164.SZ,,1.0,-0.00837953,-0.02997778,-0.0105393,0.03697685
2024-10-11,quality_momentum,2,601319.SH,,0.99946064,0.02050891,0.0317134,0.0219095,0.02050891
2024-10-11,quality_momentum,3,002312.SZ,,0.99892128,0.04864943,0.14974839,0.12667141,0.41568242
2024-10-11,quality_momentum,4,000928.SZ,,0.99838185,-0.02038993,-0.0065225,-0.01576743,-0.01884912
2024-10-11,quality_momentum,5,002692.SZ,,0.99784249,-0.0019,-0.01452632,-0.02462733,0.05113028
2024-10-11,quality_momentum,6,002795.SZ,,0.99730313,0.0006641,-0.02241286,-0.00959236,0.11861276
2024-10-11,quality_momentum,7,600316.SH,,0.99676377,0.05246152,0.06215395,0.19068323,0.40939363
2024-10-11,quality_momentum,8,600501.SH,,0.9962244,0.03676744,0.01713627,0.08376333,0.1616931
2024-10-11,quality_momentum,9,600280.SH,,0.99568498,-0.01183377,-0.01845628,-0.01845628,0.02127879
2024-10-11,quality_momentum,10,000651.SZ,,0.99514562,0.02111689,-0.02203976,-0.02984898,-0.03621977
2024-10-11,quality_momentum,11,601100.SH,,0.99460626,-0.01751972,-0.06115297,-0.06098319,-0.04604265
2024-10-11,quality_momentum,12,603997.SH,,0.99406689,0.03896351,-0.01038112,0.03896351,-0.03428247
2024-10-11,quality_momentum,13,600563.SH,,0.99352753,0.01587379,0.04020107,0.13870172,0.14495734
2024-10-11,quality_momentum,14,600272.SH,,0.99298811,0.01000478,-0.04441695,-0.02485915,0.0576238
2024-10-11,quality_momentum,15,600397.SH,,0.99244875,-0.00630528,-0.01071056,0.00250528,0.05096349
2024-10-11,quality_momentum,16,001332.SZ,,0.99190938,0.02811693,0.00244298,0.01959371,0.15679899
2024-10-11,quality_momentum,17,600184.SH,,0.99137002,0.01880396,0.04985989,0.06642302,0.17304828
2024-10-11,quality_momentum,18,600435.SH,,0.99083066,0.03001488,0.02131086,0.08320639,0.11125279
2024-10-11,quality_momentum,19,603040.SH,,0.99029124,-0.01624979,-0.02521842,0.02059425,0.0563363
2024-10-11,quality_momentum,20,001696.SZ,,0.98975188,0.02471873,0.04845971,0.31608559,0.91033025
2024-10-14,quality_momentum,1,601100.SH,,1.0,-0.04467336,-0.0643353,-0.03466989,-0.0410514
2024-10-14,quality_momentum,2,603707.SH,,0.99946094,-0.03800357,0.00354959,0.02671032,0.00627439
2024-10-14,quality_momentum,3,000829.SZ,,0.99892181,-0.0038029,0.03996495,0.20647301,0.33777656
2024-10-14,quality_momentum,4,603997.SH,,0.99838275,-0.05227041,-0.04264071,-0.0359741,-0.07671481
2024-10-14,quality_momentum,5,002479.SZ,,0.99784368,-0.00846458,-0.01284101,0.00685274,0.06155733
2024-10-14,quality_momentum,6,600455.SH,,0.99730456,-0.03364605,0.08540157,0.08328522,0.27058675
2024-10-14,quality_momentum,7,002427.SZ,,0.99676549,-0.03688546,-0.05437815,-0.03397001,0.21967434
2024-10-14,quality_momentum,8,600276.SH,,0.99622643,-0.0310886,-0.04840709,-0.02486166,-0.05580153
2024-10-14,quality_momentum,9,603444.SH,,0.99568731,-0.0258298,-0.02539071,0.04762798,-0.07101086
2024-10-14,quality_momentum,10,002179.SZ,,0.99514824,-3.608e-05,-0.00236598,0.04656219,0.0325827
2024-10-14,quality_momentum,11,603108.SH,,0.99460918,0.01764977,0.01113318,0.09407149,0.06978239
2024-10-14,quality_momentum,12,002555.SZ,,0.99407005,-0.01502496,-0.00690001,0.063725,0.07310003
2024-10-14,quality_momentum,13,603698.SH,,0.99353099,-0.03131179,-0.04895884,0.00332877,0.05038756
2024-10-14,quality_momentum,14,002025.SZ,,0.99299192,-0.01108758,0.0409751,0.11501583,0.08276939
2024-10-14,quality_momentum,15,600637.SH,,0.99245286,-0.02008181,-0.01868323,-0.0019,0.08341467
2024-10-14,quality_momentum,16,600272.SH,,0.99191374,-0.06072352,-0.0691269,-0.02711007,0.05692352
2024-10-14,quality_momentum,17,600501.SH,,0.99137467,-0.03168228,-0.01621844,0.07026497,0.15503022
2024-10-14,quality_momentum,18,002352.SZ,,0.99083561,-0.03593869,-0.0340987,-0.02949889,-0.00879972
2024-10-14,quality_momentum,19,603389.SH,,0.99029648,0.02751174,0.03633526,0.03780588,0.06133527
2024-10-14,quality_momentum,20,001332.SZ,,0.98975742,-0.02782474,-0.03182102,-0.00850978,0.17664777
2024-10-15,quality_momentum,1,001696.SZ,,1.0,0.02266137,0.28371398,0.40862625,0.94897713
2024-10-15,quality_momentum,2,002605.SZ,,0.99925923,0.06062585,0.07594675,0.11155752,0.08215797
2024-10-15,quality_momentum,3,601319.SH,,0.99851853,0.02452555,0.01478983,0.01339898,0.01618067
2024-10-15,quality_momentum,4,600280.SH,,0.99777776,-0.00858896,-0.00858896,0.04157822,0.03154478
2024-10-15,quality_momentum,5,605318.SH,,0.99703705,0.0030047,-0.00625965,0.06621991,0.17521173
2024-10-15,quality_momentum,6,603123.SH,,0.99629629,-0.00573138,0.01342566,0.01470283,0.12836826
2024-10-15,quality_momentum,7,002085.SZ,,0.99555558,0.00085287,0.06554664,0.14675798,0.15708146
2024-10-15,quality_momentum,8,600135.SH,,0.99481481,0.00785609,0.01923823,0.03549838,0.12655528
2024-10-15,quality_momentum,9,000829.SZ,,0.99407405,0.03623154,0.16206567,0.33842407,0.46997799
2024-10-15,quality_momentum,10,003025.SZ,,0.99333334,0.02637592,0.03603103,0.0539621,0.03810006
2024-10-15,quality_momentum,11,003015.SZ,,0.99259257,0.03339417,0.10986474,0.12162942,0.13854118
2024-10-15,quality_momentum,12,600120.SH,,0.99185187,0.00048091,0.0242904,0.00762377,0.10048094
2024-10-15,quality_momentum,13,603707.SH,,0.9911111,0.04262296,0.10410705,0.06806465,0.01152755
2024-10-15,quality_momentum,14,600248.SH,,0.99037039,0.06253913,0.00048664,-0.01138899,-0.00655723
2024-10-15,quality_momentum,15,688793.SH,,0.98962963,-0.09998744,-0.11665402,-0.1005338,-0.13468686
2024-10-15,quality_momentum,16,603778.SH,,0.98888886,0.01302543,0.03392093,0.09362244,0.10257766
2024-10-15,quality_momentum,17,601601.SH,,0.98814815,-0.00879476,0.00711623,0.01904933,0.01878416
2024-10-15,quality_momentum,18,000651.SZ,,0.98740739,-0.0081526,-0.0160725,-0.00398417,-0.03087035
2024-10-15,quality_momentum,19,003001.SZ,,0.98666668,0.02579227,0.05194615,0.12886924,0.45963846
2024-10-15,quality_momentum,20,600839.SH,,0.98592591,,,,
2024-10-16,quality_momentum,1,603336.SH,,1.0,-0.00706797,0.08337126,0.13505094,0.3598571
2024-10-16,quality_momentum,2,002037.SZ,,0.99858558,-0.05866326,-0.01035407,0.04882465,0.0681483
2024-10-16,quality_momentum,3,600415.SH,,0.99717116,-0.00560365,0.07032223,0.01476665,-0.02319624
2024-10-16,quality_momentum,4,002631.SZ,,0.99575675,0.0024956,-0.0106912,-0.0238781,-0.0238781
2024-10-16,quality_momentum,5,600298.SH,,0.99434227,-0.01343208,-0.01480492,-0.003822,-0.0194727
2024-10-16,quality_momentum,6,603108.SH,,0.99292785,-0.00597678,0.07556071,0.0464402,-0.02927325
2024-10-16,quality_momentum,7,603707.SH,,0.99151343,-0.00325315,0.01975088,-0.00257661,-0.00528297
2024-10-16,quality_momentum,8,002862.SZ,,0.99009901,0.00350547,-0.0061042,0.03293486,0.06897091
2024-10-16,quality_momentum,9,003016.SZ,,0.98868459,-0.07090875,-0.08721993,-0.08220111,-0.09725756
2024-10-16,quality_momentum,10,603829.SH,,0.98727018,-0.05786766,-0.03224393,-0.03426682,-0.04640438
2024-10-16,quality_momentum,11,000651.SZ,,0.98585576,-0.02685806,-0.01658117,-0.0023194,-0.06859457
2024-10-16,quality_momentum,12,002818.SZ,,0.98444128,-0.05582912,-0.05197702,0.00965631,0.02121254
2024-10-16,quality_momentum,13,601601.SH,,0.98302686,-0.01391595,0.01812673,0.04269288,-0.01391595
2024-10-16,quality_momentum,14,002202.SZ,,0.98161244,-0.02469793,0.03540567,0.14317769,0.14006882
2024-10-16,quality_momentum,15,600425.SH,,0.98019803,-0.03131177,-0.03665934,-0.03131177,0.0221642
2024-10-16,quality_momentum,16,603458.SH,,0.97878361,-0.05110641,-0.05745562,-0.04475714,-0.02570954
2024-10-16,quality_momentum,17,601118.SH,,0.97736919,-0.00366062,-0.0019,0.03155071,0.03507178
2024-10-16,quality_momentum,18,600283.SH,,0.97595471,-0.02728633,-0.02397509,0.03231636,0.04225007
2024-10-16,quality_momentum,19,000593.SZ,,0.97454029,-0.03657155,-0.02744742,-0.01284889,0.03824595
2024-10-16,quality_momentum,20,688235.SH,,0.97312587,-0.02595019,0.06583558,0.04376051,-0.00439792
2024-10-17,quality_momentum,1,603707.SH,,1.0,0.05839806,0.02384523,-0.00799758,-0.01070761
2024-10-17,quality_momentum,2,002312.SZ,,0.99628252,0.09181672,0.17168898,0.28670494,1.09394665
2024-10-17,quality_momentum,3,605286.SH,,0.99256504,0.01909012,0.04364455,0.06107027,0.10661482
2024-10-17,quality_momentum,4,603863.SH,,0.98884761,0.00330651,0.04842977,0.03593409,0.03038047
2024-10-17,quality_momentum,5,603312.SH,,0.98513013,0.00499248,-0.02347621,0.01877733,-0.04894821
2024-10-17,quality_momentum,6,605318.SH,,0.98141265,0.00029412,0.07325078,0.00742523,0.24165447
2024-10-17,quality_momentum,7,603856.SH,,0.97769517,0.01201306,0.03723039,0.03809995,0.00244783
2024-10-17,quality_momentum,8,000912.SZ,,0.97397768,0.01441706,0.01907906,0.00975506,0.002762
2024-10-17,quality_momentum,9,603186.SH,,0.9702602,0.03042922,0.03336819,0.01940789,0.01206037
2024-10-17,quality_momentum,10,603176.SH,,0.96654278,-0.0019,-0.00395764,0.02279134,0.02690653
2024-10-17,quality_momentum,11,600156.SH,,0.9628253,0.03718043,0.23718047,0.09465172,0.11534141
2024-10-17,quality_momentum,12,000753.SZ,,0.95910782,0.01758053,0.00784023,0.06303507,0.21238569
2024-10-17,quality_momentum,13,000691.SZ,,0.95539033,0.0172898,0.00876098,-0.01042876,-0.01895758
2024-10-17,quality_momentum,14,000510.SZ,,0.95167285,,,,
2024-10-17,quality_momentum,15,002205.SZ,,0.94795537,0.00438933,-0.00064211,0.00816288,0.15407482
2024-10-17,quality_momentum,16,002037.SZ,,0.94423795,0.01090409,0.08132664,0.11205645,0.11845852
2024-10-17,quality_momentum,17,603967.SH,,0.94052047,0.00218586,0.01342183,0.00933596,-0.00394282
2024-10-17,quality_momentum,18,002075.SZ,,0.93680298,0.08033683,-0.01670269,-0.03315004,0.05895525
2024-10-17,quality_momentum,19,002307.SZ,,0.9330855,0.000949,-0.016145,-0.016145,0.06362707
2024-10-17,quality_momentum,20,300022.SZ,,0.92936802,0.04032224,0.02476664,-0.0019,0.02476664
2024-10-18,quality_momentum,1,605318.SH,,1.0,0.01014157,0.0161624,0.12015806,0.17379783
2024-10-18,quality_momentum,2,603312.SH,,0.99609375,-0.02570955,-0.0203524,0.01476666,-0.04594763
2024-10-18,quality_momentum,3,002562.SZ,,0.9921875,-0.02141226,0.02249016,0.26151459,0.07127071
2024-10-18,quality_momentum,4,603707.SH,,0.98828125,-0.03704376,-0.05813004,-0.05876897,-0.07474343
2024-10-18,quality_momentum,5,002085.SZ,,0.984375,,,,
2024-10-18,quality_momentum,6,002862.SZ,,0.98046875,0.00355783,0.04297568,0.07875491,0.04722067
2024-10-18,quality_momentum,7,603699.SH,,0.9765625,-0.01406219,0.03299243,0.05544026,0.02978557
2024-10-18,quality_momentum,8,002595.SZ,,0.97265625,-0.04223209,-0.0346548,-0.05158915,-0.08446149
2024-10-18,quality_momentum,9,002783.SZ,,0.96875,-0.0130524,-0.01057413,-0.01057413,-0.05146632
2024-10-18,quality_momentum,10,600148.SH,,0.96484375,0.00674738,0.00798266,0.07469047,0.19575289
2024-10-18,quality_momentum,11,002681.SZ,,0.9609375,0.00239184,-0.02550508,0.00239184,-0.01477552
2024-10-18,quality_momentum,12,001255.SZ,,0.95703125,-0.00231912,0.01276889,0.0534227,-0.03417163
2024-10-18,quality_momentum,13,000408.SZ,,0.953125,-0.00116466,0.02751182,0.04221769,0.08596768
2024-10-18,quality_momentum,14,605268.SH,,0.94921875,0.00914296,0.0103699,0.11466438,0.16129022
2024-10-18,quality_momentum,15,603778.SH,,0.9453125,0.02980026,0.07879164,0.11337374,0.16524703
2024-10-18,quality_momentum,16,603227.SH,,0.94140625,-0.00069518,0.00171445,-0.00792408,0.06075056
2024-10-18,quality_momentum,17,600509.SH,,0.9375,0.00650333,0.00482271,0.24852012,0.1947386
2024-10-18,quality_momentum,18,605286.SH,,0.93359375,0.0066337,0.04309611,0.05899992,0.03456233
2024-10-18,quality_momentum,19,603333.SH,,0.9296875,-0.01752502,0.04237078,0.06320422,0.03976663
2024-10-18,quality_momentum,20,000410.SZ,,0.92578125,0.040058,0.03306503,0.06523287,0.0918063
2024-10-21,quality_momentum,1,002595.SZ,,1.0,0.00475012,0.00371213,-0.01787828,-0.04860297
2024-10-21,quality_momentum,2,603312.SH,,0.996997,-0.00647314,0.03651468,0.02431951,0.04688049
2024-10-21,quality_momentum,3,605318.SH,,0.993994,0.05813248,-0.00676746,0.17278907,0.16792161
2024-10-21,quality_momentum,4,603558.SH,,0.990991,0.00267459,-0.01013417,-0.02202812,-0.02751754
2024-10-21,quality_momentum,5,002668.SZ,,0.987988,0.05671453,0.00431665,0.01852627,0.02829538
2024-10-21,quality_momentum,6,000779.SZ,,0.98498499,-0.01399185,0.0053552,0.08032499,-0.00069078
2024-10-21,quality_momentum,7,600135.SH,,0.98198199,-0.00813052,0.02613736,0.13984452,0.01367631
2024-10-21,quality_momentum,8,600847.SH,,0.97897899,,,,
2024-10-21,quality_momentum,9,000561.SZ,,0.97597599,-0.01920536,-0.0019,0.27004065,0.18598621
2024-10-21,quality_momentum,10,301106.SZ,,0.97297299,-0.04806287,-0.03806576,0.03014943,-0.0610002
2024-10-21,quality_momentum,11,000404.SZ,,0.96996999,0.06486137,0.0378727,0.09327042,0.05491818
2024-10-21,quality_momentum,12,000001.SZ,,0.96696699,0.00320207,-0.00104967,-0.01380471,-0.0308115
2024-10-21,quality_momentum,13,002137.SZ,,0.96396399,0.02929865,0.0063102,0.0358668,-0.01832039
2024-10-21,quality_momentum,14,600216.SH,,0.96096098,0.03781124,-0.01513708,0.00411688,0.08293756
2024-10-21,quality_momentum,15,603258.SH,,0.95795798,-0.02189998,-0.03439998,0.06510001,0.00559998
2024-10-21,quality_momentum,16,000889.SZ,,0.95495498,0.02935003,0.07101666,0.1283084,0.15435004
2024-10-21,quality_momentum,17,603707.SH,,0.95195198,0.00074901,-0.03037681,-0.02176752,-0.01514503
2024-10-21,quality_momentum,18,000973.SZ,,0.94894892,0.1089598,0.09764754,0.17457067,
2024-10-21,quality_momentum,19,000985.SZ,,0.94594592,0.00644402,0.07704736,0.20477525,0.1405904
2024-10-21,quality_momentum,20,603319.SH,,0.94294292,0.00674864,0.08837023,0.13323508,0.12404591
2024-10-22,quality_momentum,1,000410.SZ,,1.0,0.02587782,0.05782227,0.15226676,0.14809999
2024-10-22,quality_momentum,2,002194.SZ,,0.99917358,,,,
2024-10-22,quality_momentum,3,000599.SZ,,0.9983471,0.03196007,0.17642957,0.37507521,0.16062828
2024-10-22,quality_momentum,4,000953.SZ,,0.99752069,-0.01126767,0.06601569,0.18076983,0.34002038
2024-10-22,quality_momentum,5,600660.SH,,0.99669421,0.01288316,-0.00994864,-0.03442298,-0.04674234
2024-10-22,quality_momentum,6,603707.SH,,0.99586779,-0.02633859,-0.02699905,-0.05474017,-0.01444952
2024-10-22,quality_momentum,7,601599.SH,,0.99504131,-0.01610453,0.04355457,0.01230453,0.03219094
2024-10-22,quality_momentum,8,688108.SH,,0.99421489,-0.0204185,-0.00282595,-0.0667148,-0.10282594
2024-10-22,quality_momentum,9,000156.SZ,,0.99338841,-0.01722037,0.01063477,0.00645651,0.03291892
2024-10-22,quality_momentum,10,002235.SZ,,0.992562,-0.02113075,0.00771542,2.312e-05,0.06540777
2024-10-22,quality_momentum,11,601900.SH,,0.99173552,-0.03183198,-0.01346465,-0.02911095,-0.03999528
2024-10-22,quality_momentum,12,601999.SH,,0.9909091,-0.00349741,0.02525656,0.00928212,0.04123099
2024-10-22,quality_momentum,13,600768.SH,,0.99008262,0.01395504,0.11927776,0.10795277,0.10795277
2024-10-22,quality_momentum,14,000633.SZ,,0.9892562,-0.02226658,0.01642997,0.03068663,0.05512652
2024-10-22,quality_momentum,15,603766.SH,,0.98842973,0.01159698,0.00914298,0.07049261,0.000554
2024-10-22,quality_momentum,16,000912.SZ,,0.98760331,-0.01331557,0.00266621,-0.01559862,-0.01788177
2024-10-22,quality_momentum,17,002591.SZ,,0.98677689,-0.00390005,0.05810004,0.03409996,0.0441
2024-10-22,quality_momentum,18,688428.SH,,0.98595041,-0.02739158,-0.01865161,-0.05433986,-0.01937995
2024-10-22,quality_momentum,19,600333.SH,,0.98512399,-0.01721732,0.00685273,-0.0084646,0.02873454
2024-10-22,quality_momentum,20,002658.SZ,,0.98429751,0.01850818,0.03420675,0.01536847,0.00123971
2024-10-23,quality_momentum,1,000404.SZ,,1.0,-0.00053201,0.05281956,0.05965952,0.0131479
2024-10-23,quality_momentum,2,600178.SH,,0.99937886,-0.02285231,0.20571909,0.46000479,0.42476674
2024-10-23,quality_momentum,3,000014.SZ,,0.99875778,0.07737411,0.10507228,0.11844377,0.12130916
2024-10-23,quality_momentum,4,600645.SH,,0.99813664,0.00496497,0.01686429,-0.0019,-0.00876497
2024-10-23,quality_momentum,5,601118.SH,,0.9975155,0.00491427,0.02535725,0.0015071,0.02365363
2024-10-23,quality_momentum,6,600128.SH,,0.99689442,0.01466049,0.07071143,0.02994711,0.02485161
2024-10-23,quality_momentum,7,000408.SZ,,0.99627328,-0.00690004,0.01452856,0.02702854,0.03988565
2024-10-23,quality_momentum,8,000985.SZ,,0.9956522,0.04741334,0.1716331,0.13293143,0.20908627
2024-10-23,quality_momentum,9,600143.SH,,0.99503106,-0.0019,0.03976672,0.08143339,0.08510983
2024-10-23,quality_momentum,10,600271.SH,,0.99440992,-0.00795444,0.0152544,0.00718175,0.0334179
2024-10-23,quality_momentum,11,002066.SZ,,0.99378884,-0.0039325,0.13631143,0.07025446,0.15460412
2024-10-23,quality_momentum,12,600487.SH,,0.9931677,0.01775327,0.03740644,0.02931396,0.07960299
2024-10-23,quality_momentum,13,603766.SH,,0.99254656,-0.0285344,0.01868112,0.01262783,-0.0200598
2024-10-23,quality_momentum,14,603698.SH,,0.99192548,-0.02225624,0.022273,-0.0019,-0.0108059
2024-10-23,quality_momentum,15,601208.SH,,0.99130434,0.04947405,0.02557919,0.00885275,0.00048959
2024-10-23,quality_momentum,16,002017.SZ,,0.99068326,-0.01224807,0.05548477,0.02067758,0.01691468
2024-10-23,quality_momentum,17,600379.SH,,0.99006212,-0.00898239,0.04589749,0.01134354,0.02760416
2024-10-23,quality_momentum,18,688387.SH,,0.98944098,-0.00971253,0.00591246,0.01372499,0.00591246
2024-10-23,quality_momentum,19,002352.SZ,,0.9888199,0.00065509,0.00111971,0.027136,0.05225685
2024-10-23,quality_momentum,20,000972.SZ,,0.98819876,0.01564393,0.07529299,0.04722284,0.09634569
2024-10-24,quality_momentum,1,600645.SH,,1.0,-0.01099094,-0.03189999,-0.00644547,0.01537269
2024-10-24,quality_momentum,2,600698.SH,,0.99956274,0.05320204,0.26340606,,0.1409571
2024-10-24,quality_momentum,3,603871.SH,,0.99912548,-0.00465224,-0.04501922,-0.09088599,-0.01683114
2024-10-24,quality_momentum,4,600037.SH,,0.99868822,0.01255087,0.03711738,0.0761347,0.10070114
2024-10-24,quality_momentum,5,000408.SZ,,0.99825096,0.01748266,0.04547979,0.02932753,0.11116532
2024-10-24,quality_momentum,6,000014.SZ,,0.9978137,0.02464869,0.02818851,,0.08836544
2024-10-24,quality_momentum,7,002591.SZ,,0.9973765,0.03325631,0.00981874,0.04888129,0.06450628
2024-10-24,quality_momentum,8,600280.SH,,0.99693924,0.00461465,0.00461465,0.01764403,0.57138993
2024-10-24,quality_momentum,9,000011.SZ,,0.99650198,0.0310218,0.01661851,0.04748275,0.07526051
2024-10-24,quality_momentum,10,600868.SH,,0.99606472,0.03081025,0.04015603,0.06819339,0.21305317
2024-10-24,quality_momentum,11,603215.SH,,0.99562746,0.03033683,0.05599478,0.01388949,0.0500737
2024-10-24,quality_momentum,12,600536.SH,,0.9951902,0.00224731,0.04762424,0.09592869,0.52139826
2024-10-24,quality_momentum,13,002792.SZ,,0.99475294,0.01298098,-0.00338806,0.01744524,0.04869526
2024-10-24,quality_momentum,14,000751.SZ,,0.99431568,-0.01193338,-0.00858898,0.00144449,0.09843447
2024-10-24,quality_momentum,15,000558.SZ,,0.99387842,0.08964929,0.04387469,0.08612817,0.14950848
2024-10-24,quality_momentum,16,000779.SZ,,0.99344116,0.06652735,0.03171336,0.02931245,0.04852015
2024-10-24,quality_momentum,17,688253.SH,,0.99300396,0.00690759,-0.07303825,-0.05881056,-0.05948806
2024-10-24,quality_momentum,18,002679.SZ,,0.9925667,0.01557816,0.01183282,0.06551564,0.20159561
2024-10-24,quality_momentum,19,002196.SZ,,0.99212945,-0.011334,-0.020768,-0.00944716,0.14149617
2024-10-24,quality_momentum,20,603122.SH,,0.99169219,0.00979591,0.01856785,0.15891874,0.15014681
2024-10-25,quality_momentum,1,002184.SZ,,1.0,0.03095016,-0.03571646,-0.08499184,0.03771351
2024-10-25,quality_momentum,2,600549.SH,,0.99954504,0.00311251,-0.02796514,0.07078167,0.08331304
2024-10-25,quality_momentum,3,600268.SH,,0.99909008,0.03381433,0.05238576,0.03238573,0.04095718
2024-10-25,quality_momentum,4,000061.SZ,,0.99863511,0.05894246,0.03866164,0.00278024,0.07454305
2024-10-25,quality_momentum,5,600178.SH,,0.99818015,,,,
2024-10-25,quality_momentum,6,600731.SH,,0.99772519,0.11019966,0.10130288,0.11197903,0.08706798
2024-10-25,quality_momentum,7,603299.SH,,0.99727023,-0.0071038,-0.02358251,-0.0357248,-0.0331229
2024-10-25,quality_momentum,8,601600.SH,,0.99681526,-0.00072628,-0.10401267,-0.05589063,-0.01715819
2024-10-25,quality_momentum,9,600278.SH,,0.9963603,0.04006817,0.01257179,0.01112459,0.06901175
2024-10-25,quality_momentum,10,002692.SZ,,0.99590534,0.04606162,0.11320787,0.11320787,0.10601363
2024-10-25,quality_momentum,11,002660.SZ,,0.99545044,0.00866345,0.01335821,-0.05002206,0.00631602
2024-10-25,quality_momentum,12,000751.SZ,,0.99499547,0.03188376,0.00823507,0.07580268,0.05891076
2024-10-25,quality_momentum,13,002396.SZ,,0.99454051,0.01519908,0.01873681,-0.01251318,0.05647269
2024-10-25,quality_momentum,14,002546.SZ,,0.99408555,0.0378878,0.09889575,0.09093821,0.15459866
2024-10-25,quality_momentum,15,002401.SZ,,0.99363059,0.00216977,-0.02748138,-0.07806282,-0.00887678
2024-10-25,quality_momentum,16,002274.SZ,,0.99317563,0.00448571,-0.02744278,-0.02488852,0.0083171
2024-10-25,quality_momentum,17,002170.SZ,,0.99272066,0.07667143,0.16810006,0.11095718,0.17810001
2024-10-25,quality_momentum,18,000559.SZ,,0.9922657,0.05806468,0.05100997,0.10744743,0.26265021
2024-10-25,quality_momentum,19,002510.SZ,,0.99181074,0.04070086,0.01155283,0.0182793,0.56984885
2024-10-25,quality_momentum,20,000408.SZ,,0.99135578,0.00021267,0.0125366,0.04000139,0.06148028
2024-10-28,quality_momentum,1,002184.SZ,,1.0,-0.03276997,-0.06270446,-0.01406082,0.04206635
2024-10-28,quality_momentum,2,600159.SH,,0.9994756,-0.05883945,0.01233486,-0.03036972,0.04080467
2024-10-28,quality_momentum,3,600549.SH,,0.99895126,-0.02933139,-0.02933139,0.00458386,0.13525716
2024-10-28,quality_momentum,4,000505.SZ,,0.99842685,-0.03949395,-0.04851655,-0.03949395,0.00862637
2024-10-28,quality_momentum,5,002339.SZ,,0.99790245,-0.04297649,-0.02031363,-0.04439294,0.03209429
2024-10-28,quality_momentum,6,600660.SH,,0.99737805,0.00253385,-0.02696821,-0.01673633,-0.02304597
2024-10-28,quality_momentum,7,603227.SH,,0.99685371,0.00160876,0.02733969,0.0074567,0.03669651
2024-10-28,quality_momentum,8,002028.SZ,,0.99632931,-0.00268122,-0.00736875,0.02934997,0.01372504
2024-10-28,quality_momentum,9,600219.SH,,0.99580491,-0.03476387,-0.04650096,-0.0183319,0.01687937
2024-10-28,quality_momentum,10,600222.SH,,0.99528056,-0.02619912,-0.02059158,-0.02432991,0.04109061
2024-10-28,quality_momentum,11,002981.SZ,,0.99475616,-0.04267157,-0.05933092,-0.07423669,0.15110305
2024-10-28,quality_momentum,12,001979.SZ,,0.99423176,-0.02258348,0.02507841,0.03946695,0.06015034
2024-10-28,quality_momentum,13,002535.SZ,,0.99370742,-0.03235688,-0.02220461,-0.03743302,0.03363296
2024-10-28,quality_momentum,14,002881.SZ,,0.99318302,-0.03439241,-0.01413246,-0.00151776,0.04167792
2024-10-28,quality_momentum,15,002416.SZ,,0.99265862,,,,
2024-10-28,quality_momentum,16,000408.SZ,,0.99213421,0.02339868,0.00758694,0.03429112,0.06345488
2024-10-28,quality_momentum,17,000665.SZ,,0.99160987,,,,
2024-10-28,quality_momentum,18,600268.SH,,0.99108547,-0.01293449,0.02154824,0.02706545,-0.0019
2024-10-28,quality_momentum,19,601598.SH,,0.99056107,-0.02841512,-0.0397788,-0.01515761,-0.00758179
2024-10-28,quality_momentum,20,002112.SZ,,0.99003673,0.01585699,0.02987566,0.00370747,0.04763265
2024-10-29,quality_momentum,1,601118.SH,,1.0,-0.00528412,-0.01374429,0.01671252,-0.01543639
2024-10-29,quality_momentum,2,000408.SZ,,0.99948132,-0.01457995,0.0121507,0.03990941,0.0262014
2024-10-29,quality_momentum,3,600288.SH,,0.99896264,0.00629669,-0.02649017,0.02386116,0.04845133
2024-10-29,quality_momentum,4,600271.SH,,0.99844396,-0.01764802,-0.04520705,0.01089529,0.0512496
2024-10-29,quality_momentum,5,000833.SZ,,0.99792528,-0.02014209,-0.04004255,-0.01682536,0.49395417
2024-10-29,quality_momentum,6,002555.SZ,,0.99740666,-0.02363911,-0.05202075,0.00595026,0.03127878
2024-10-29,quality_momentum,7,601599.SH,,0.99688798,0.0345146,-0.00750224,0.01770789,0.02891236
2024-10-29,quality_momentum,8,600517.SH,,0.9963693,0.01092052,0.10615858,0.12447366,0.08402823
2024-10-29,quality_momentum,9,600490.SH,,0.99585062,-0.01747638,0.03548319,0.06352051,0.02925261
2024-10-29,quality_momentum,10,600403.SH,,0.99533194,0.00431117,0.01983911,0.04468381,0.02915587
2024-10-29,quality_momentum,11,002215.SZ,,0.99481326,0.00243834,-0.01057679,0.00677679,0.0132843
2024-10-29,quality_momentum,12,002549.SZ,,0.99429458,0.00376572,-0.01464785,0.05334083,0.1836524
2024-10-29,quality_momentum,13,600645.SH,,0.9937759,0.02199879,-0.00846042,0.04074292,0.06042427
2024-10-29,quality_momentum,14,000559.SZ,,0.99325728,0.02387316,0.07885604,0.23521345,0.22662236
2024-10-29,quality_momentum,15,600980.SH,,0.9927386,-0.00254106,0.11476667,0.06861287,0.05579234
2024-10-29,quality_momentum,16,000563.SZ,,0.99221992,0.00641022,0.14214432,0.21693655,0.18092554
2024-10-29,quality_momentum,17,000759.SZ,,0.99170125,0.01840455,0.0513995,0.03363296,0.05647564
2024-10-29,quality_momentum,18,600268.SH,,0.99118257,0.02738871,0.00786288,0.03157275,-0.0088735
2024-10-29,quality_momentum,19,600880.SH,,0.99066389,0.00689128,-0.04585598,0.00469349,0.04645167
2024-10-29,quality_momentum,20,600128.SH,,0.99014521,0.02082725,0.00567573,0.02208991,0.0321909
2024-10-30,quality_momentum,1,603766.SH,,1.0,0.00048664,-0.03292623,-0.03411955,0.03151293
2024-10-30,quality_momentum,2,600517.SH,,0.99940228,0.04149964,0.11925729,0.0595828,0.08118584
2024-10-30,quality_momentum,3,002352.SZ,,0.99880457,0.00261467,0.03421737,0.02251203,0.03927509
2024-10-30,quality_momentum,4,002950.SZ,,0.99820679,-0.0193419,-0.01585345,-0.02515586,0.01089063
2024-10-30,quality_momentum,5,601966.SH,,0.99760908,-0.0160916,-0.00848892,-0.01000945,0.03459265
2024-10-30,quality_momentum,6,603227.SH,,0.99701136,0.00959422,-0.00994596,0.03488163,0.06131835
2024-10-30,quality_momentum,7,002279.SZ,,0.99641365,,-0.02094768,0.03460794,0.14730628
2024-10-30,quality_momentum,8,603698.SH,,0.99581587,8.41e-06,-0.03815955,-0.0108059,0.13359611
2024-10-30,quality_momentum,9,600271.SH,,0.99521816,0.00810004,-0.01590003,0.02410002,0.06409998
2024-10-30,quality_momentum,10,002301.SZ,,0.99462044,0.01170543,-0.0019,0.00830407,0.03891629
2024-10-30,quality_momentum,11,603128.SH,,0.99402273,-0.00352342,-0.00352342,0.00297008,0.02245065
2024-10-30,quality_momentum,12,003005.SZ,,0.99342501,0.02591787,-0.01996364,-0.01562832,0.02411154
2024-10-30,quality_momentum,13,603118.SH,,0.99282724,-0.01842893,-0.04794479,0.05949317,0.05713196
2024-10-30,quality_momentum,14,601599.SH,,0.99222952,0.0143162,-0.03433247,0.0062081,0.0062081
2024-10-30,quality_momentum,15,600256.SH,,0.99163181,0.00727427,0.05445646,0.02955476,0.02824417
2024-10-30,quality_momentum,16,000498.SZ,,0.99103409,0.05311616,0.04340742,0.06282489,0.05958865
2024-10-30,quality_momentum,17,002660.SZ,,0.99043632,-0.00883635,-0.04236238,-0.03080171,0.02700182
2024-10-30,quality_momentum,18,603328.SH,,0.9898386,0.00223653,-0.03292376,-0.0143095,0.04360157
2024-10-30,quality_momentum,19,600258.SH,,0.98924088,-0.01950561,0.00232536,0.03260705,0.02063522
2024-10-30,quality_momentum,20,002703.SZ,,0.98864317,0.0181,0.07410002,0.08850003,0.11650004
2024-10-31,quality_momentum,1,601992.SH,,1.0,-0.00727633,0.09487421,0.15401393,0.03035809
2024-10-31,quality_momentum,2,002698.SZ,,0.99941522,-0.02994374,0.03503569,0.03161572,0.00767593
2024-10-31,quality_momentum,3,600648.SH,,0.99883044,-0.00364513,0.03562185,0.08012449,0.00857124
2024-10-31,quality_momentum,4,000573.SZ,,0.9982456,-0.02958166,-0.0019,0.06730416,-0.01574083
2024-10-31,quality_momentum,5,600428.SH,,0.99766082,0.05974386,0.07207261,0.05700412,-0.01285888
2024-10-31,quality_momentum,6,688538.SH,,0.99707603,-0.03352052,0.03762575,0.05738858,0.01391026
2024-10-31,quality_momentum,7,600728.SH,,0.99649125,-0.06516528,-0.00394074,0.01034491,-0.01414481
2024-10-31,quality_momentum,8,002301.SZ,,0.99590641,-0.02203421,0.0064893,0.02997921,0.0048114
2024-10-31,quality_momentum,9,600271.SH,,0.99532163,-0.03952377,0.01691184,0.0367138,0.01790196
2024-10-31,quality_momentum,10,000401.SZ,,0.99473685,-0.01536799,0.00988456,0.06207309,-0.03557001
2024-10-31,quality_momentum,11,002383.SZ,,0.99415207,-0.08913136,0.09291669,0.06257538,0.12452226
2024-10-31,quality_momentum,12,002549.SZ,,0.99356723,-0.0919783,-0.0293151,0.00071099,-0.0019
2024-10-31,quality_momentum,13,000623.SZ,,0.99298245,-0.00711142,0.04847639,0.10196477,0.09845294
2024-10-31,quality_momentum,14,601880.SH,,0.99239767,0.02407409,0.0760221,0.14095719,0.02407409
2024-10-31,quality_momentum,15,002403.SZ,,0.99181288,-0.02665254,0.29636728,0.31864451,0.12557514
2024-10-31,quality_momentum,16,002249.SZ,,0.99122804,-0.0019,0.00858945,0.00684118,-0.01938254
2024-10-31,quality_momentum,17,002798.SZ,,0.99064326,-0.03596328,0.00053303,0.07595881,0.02243088
2024-10-31,quality_momentum,18,600707.SH,,0.99005848,-0.05825648,-0.02418043,-0.0005894,-0.0019
2024-10-31,quality_momentum,19,002668.SZ,,0.9894737,0.00665436,-0.03526186,-0.04552702,-0.08573235
2024-10-31,quality_momentum,20,000031.SZ,,0.98888886,-0.013912,0.01611807,0.09719915,-0.046945
2024-11-01,quality_momentum,1,601688.SH,,1.0,0.03774267,0.06454338,0.08576055,0.03718431
2024-11-01,quality_momentum,2,000686.SZ,,0.99919999,0.03294323,0.02365175,0.02132886,-0.04487325
2024-11-01,quality_momentum,3,603799.SH,,0.99839997,-0.02004827,0.08361212,0.09007165,0.02639893
2024-11-01,quality_momentum,4,002437.SZ,,0.99760002,-0.0019,0.02341653,0.1499988,0.04029415
2024-11-01,quality_momentum,5,000977.SZ,,0.99680001,0.05474736,0.05659709,0.24434275,0.13914047
2024-11-01,quality_momentum,6,601155.SH,,0.99599999,-0.02892706,0.04674867,0.02309999,-0.06946756
2024-11-01,quality_momentum,7,603897.SH,,0.99519998,0.04252388,0.01151966,0.01846092,-0.04308467
2024-11-01,quality_momentum,8,601880.SH,,0.99440002,-0.0145583,0.06139109,0.08670753,0.00442911
2024-11-01,quality_momentum,9,601778.SH,,0.99360001,-0.00513629,-0.00513629,0.02722621,-0.04397121
2024-11-01,quality_momentum,10,600986.SH,,0.9928,0.00937817,0.10524281,0.10148338,0.1447165
2024-11-01,quality_momentum,11,002414.SZ,,0.99199998,0.02428442,0.03051886,0.08662856,0.02303763
2024-11-01,quality_momentum,12,002153.SZ,,0.99119997,-0.02567807,0.01527301,0.08132325,0.03112505
2024-11-01,quality_momentum,13,600909.SH,,0.99040002,0.03847263,-0.0081112,0.01362797,-0.04227271
2024-11-01,quality_momentum,14,002681.SZ,,0.9896,0.12853477,0.13070873,0.29592608,0.19810002
2024-11-01,quality_momentum,15,600516.SH,,0.98879999,0.01108702,0.0333504,0.0333504,-0.02787404
2024-11-01,quality_momentum,16,002426.SZ,,0.98799998,0.03021006,0.2366321,0.26415499,0.14947611
2024-11-01,quality_momentum,17,002163.SZ,,0.98720002,0.02906771,0.13358389,0.19551932,0.10519676
2024-11-01,quality_momentum,18,002892.SZ,,0.98640001,,,,
2024-11-01,quality_momentum,19,600517.SH,,0.98559999,0.0228934,-0.03165205,-0.00024712,-0.04844916
2024-11-01,quality_momentum,20,000612.SZ,,0.98479998,-0.01600263,-0.02369489,-0.02113083,-0.11856667
2024-11-04,quality_momentum,1,000969.SZ,,1.0,0.02432061,0.02793725,0.08851589,-0.03806636
2024-11-04,quality_momentum,2,301293.SZ,,0.99890232,0.04848433,0.08050825,0.20433399,-0.02837308
2024-11-04,quality_momentum,3,601800.SH,,0.99780458,0.0460263,0.10501246,0.04694795,0.02851478
2024-11-04,quality_momentum,4,600326.SH,,0.9967069,0.02207744,0.15465848,0.07285314,0.00092087
2024-11-04,quality_momentum,5,002075.SZ,,0.99560922,0.09074705,0.17751172,0.14368822,-0.03719411
2024-11-04,quality_momentum,6,000681.SZ,,0.99451154,0.00906065,-0.04316367,3.422e-05,-0.12891486
2024-11-04,quality_momentum,7,600527.SH,,0.99341381,0.07463064,0.1409571,0.0797327,-0.01210411
2024-11-04,quality_momentum,8,002222.SZ,,0.99231613,0.01848902,0.02319408,0.15744752,-0.02072057
2024-11-04,quality_momentum,9,300521.SZ,,0.99121845,0.09862561,0.11439433,0.10059678,0.04934836
2024-11-04,quality_momentum,10,600909.SH,,0.99012077,0.02198062,0.05183133,-0.0019,-0.09294474
2024-11-04,quality_momentum,11,003010.SZ,,0.98902303,0.01479758,0.10075933,0.06736406,0.29680135
2024-11-04,quality_momentum,12,600879.SH,,0.98792535,0.06228223,0.05193026,0.14820351,0.00327599
2024-11-04,quality_momentum,13,000987.SZ,,0.98682767,0.05331472,0.14656629,0.06067668,-0.05097973
2024-11-04,quality_momentum,14,600248.SH,,0.98572999,0.03236123,0.07518777,0.04735054,-0.0040413
2024-11-04,quality_momentum,15,000962.SZ,,0.98463225,0.05524288,0.04697215,0.16351356,-0.02370454
2024-11-04,quality_momentum,16,688596.SH,,0.98353457,0.02439539,0.00480271,0.1014771,-0.05165512
2024-11-04,quality_momentum,17,600862.SH,,0.9824369,0.11491132,0.05137544,0.11175427,-0.02044778
2024-11-04,quality_momentum,18,600517.SH,,0.98133922,-0.00996447,0.01422901,-0.01640675,-0.08610442
2024-11-04,quality_momentum,19,000034.SZ,,0.98024148,0.0369889,0.00865553,0.09198886,-0.04912224
2024-11-04,quality_momentum,20,600569.SH,,0.9791438,0.058706,0.068807,0.0233525,-0.04230406
2024-11-05,quality_momentum,1,600605.SH,,1.0,-0.01865363,0.0280369,0.12965732,0.02666366
2024-11-05,quality_momentum,2,601800.SH,,0.99832773,0.01832866,-0.00014099,-0.03532129,-0.03444179
2024-11-05,quality_momentum,3,603816.SH,,0.99665552,0.02024808,-0.00068643,-0.03709417,-0.13842913
2024-11-05,quality_momentum,4,002600.SZ,,0.99498326,-0.05014567,-0.06549646,-0.02054034,-0.09290883
2024-11-05,quality_momentum,5,002837.SZ,,0.99331105,-0.05800754,0.02060147,0.05800641,0.04719408
2024-11-05,quality_momentum,6,001323.SZ,,0.99163878,0.03239503,0.01225351,0.00517679,-0.03020702
2024-11-05,quality_momentum,7,000525.SZ,,0.98996657,-0.00990003,,,
2024-11-05,quality_momentum,8,600764.SH,,0.9882943,-0.02729686,0.0133381,-0.04602701,-0.14031268
2024-11-05,quality_momentum,9,002897.SZ,,0.9866221,-0.01074212,-0.0172684,-0.02547897,-0.12400524
2024-11-05,quality_momentum,10,002438.SZ,,0.98494983,-0.00047954,-0.00047954,0.00946365,-0.0359909
2024-11-05,quality_momentum,11,001270.SZ,,0.98327762,0.0222041,0.15594988,0.04225529,-0.0377362
2024-11-05,quality_momentum,12,603317.SH,,0.98160535,-0.03027844,0.03864052,0.03188372,-0.0437919
2024-11-05,quality_momentum,13,601963.SH,,0.97993308,-0.03200747,0.0088527,-0.04168486,-0.00512572
2024-11-05,quality_momentum,14,600570.SH,,0.97826087,-0.02812952,0.02072295,0.10629677,-0.01927703
2024-11-05,quality_momentum,15,600702.SH,,0.97658861,0.00752862,0.09810009,0.13524287,0.06381434
2024-11-05,quality_momentum,16,002351.SZ,,0.9749164,-0.04865328,-0.06813376,0.00459349,0.03121685
2024-11-05,quality_momentum,17,002510.SZ,,0.97324413,,,,
2024-11-05,quality_momentum,18,600458.SH,,0.97157192,0.03092448,0.02481757,0.01565728,-0.00953353
2024-11-05,quality_momentum,19,600391.SH,,0.96989965,-0.03698773,-0.01298032,-0.03791111,-0.11732013
2024-11-05,quality_momentum,20,300151.SZ,,0.96822745,-0.05378473,-0.04801977,-0.02629023,-0.03294217
2024-11-06,quality_momentum,1,600048.SH,,1.0,0.05455154,-0.02878174,-0.03146989,-0.09598605
2024-11-06,quality_momentum,2,002532.SZ,,0.99937963,0.05365552,0.00365551,-0.0330112,-0.03525733
2024-11-06,quality_momentum,3,300699.SZ,,0.99875933,0.0062081,0.06647844,0.0043163,-0.04325131
2024-11-06,quality_momentum,4,300898.SZ,,0.99813896,0.05288847,0.04442519,0.03596191,-0.01704471
2024-11-06,quality_momentum,5,000408.SZ,,0.9975186,0.06117852,0.0375241,0.0430092,0.00289949
2024-11-06,quality_momentum,6,600391.SH,,0.99689823,-0.00237848,0.02489423,-0.00285696,-0.07558416
2024-11-06,quality_momentum,7,002271.SZ,,0.99627793,0.03796929,-0.0169327,-0.01497188,-0.08621374
2024-11-06,quality_momentum,8,603227.SH,,0.99565756,0.00918645,-0.01742103,0.02359883,0.07016212
2024-11-06,quality_momentum,9,601606.SH,,0.9950372,0.01160279,0.11088793,0.06243673,-0.00904854
2024-11-06,quality_momentum,10,301007.SZ,,0.99441689,0.02054391,0.067302,0.0697958,0.05795036
2024-11-06,quality_momentum,11,300697.SZ,,0.99379653,0.03263449,0.01912098,-0.00865675,-0.09724535
2024-11-06,quality_momentum,12,688093.SH,,0.99317616,0.01480647,0.05490194,0.00955585,-0.04056347
2024-11-06,quality_momentum,13,002195.SZ,,0.99255586,-0.03862313,0.00092486,-0.06122204,-0.11206946
2024-11-06,quality_momentum,14,600152.SH,,0.99193549,0.0216988,0.03644805,0.04087286,0.06889646
2024-11-06,quality_momentum,15,002445.SZ,,0.99131513,0.05717178,0.06983,0.04029415,-0.00611941
2024-11-06,quality_momentum,16,603816.SH,,0.99069476,0.02956329,-0.04078399,-0.08233934,-0.15446757
2024-11-06,quality_momentum,17,603663.SH,,0.99007446,-0.0135279,0.02294142,-0.00877107,0.02135581
2024-11-06,quality_momentum,18,301132.SZ,,0.98945409,0.04152189,0.08364757,0.03115247,-0.03462848
2024-11-06,quality_momentum,19,300335.SZ,,0.98883373,0.03477958,0.02898808,0.00582207,0.01933554
2024-11-06,quality_momentum,20,002023.SZ,,0.98821342,-0.0019,0.03976667,-0.01690003,-0.05856669
2024-11-07,quality_momentum,1,600048.SH,,1.0,-0.07484313,-0.08926211,-0.12743012,-0.14948269
2024-11-07,quality_momentum,2,688469.SH,,0.99944723,0.11112686,0.09388545,0.05748705,0.01917282
2024-11-07,quality_momentum,3,002532.SZ,,0.99889439,-0.01768944,-0.08611054,-0.09874215,-0.08182373
2024-11-07,quality_momentum,4,300160.SZ,,0.99834162,-0.04531083,-0.06236513,-0.05926437,-0.08407052
2024-11-07,quality_momentum,5,603816.SH,,0.99778885,-0.05225971,-0.08679206,-0.14118056,-0.17110862
2024-11-07,quality_momentum,6,300315.SZ,,0.99723601,-0.02005184,-0.03160294,-0.04150392,-0.02665249
2024-11-07,quality_momentum,7,600556.SH,,0.99668324,-0.051405,-0.03556343,-0.04546441,0.03968412
2024-11-07,quality_momentum,8,000807.SZ,,0.99613047,-0.04983283,-0.09117501,-0.11334394,-0.15228943
2024-11-07,quality_momentum,9,603011.SH,,0.99557769,-0.02503629,-0.0263216,-0.01346814,0.14848554
2024-11-07,quality_momentum,10,002043.SZ,,0.99502486,-0.05363747,-0.06058726,-0.07371469,-0.10846369
2024-11-07,quality_momentum,11,300161.SZ,,0.99447209,0.03703633,-6.5e-07,-0.04431847,-0.08958599
2024-11-07,quality_momentum,12,920982.BJ,,0.99391931,-0.03086971,-0.03896837,-0.05504474,-0.11548228
2024-11-07,quality_momentum,13,300737.SZ,,0.99336648,-0.04662843,-0.06420029,-0.10253896,-0.13928014
2024-11-07,quality_momentum,14,600369.SH,,0.99281371,-0.07217034,-0.0955937,-0.10820632,-0.12262075
2024-11-07,quality_momentum,15,603927.SH,,0.99226093,0.03602414,0.02364893,-0.01866643,-0.05738899
2024-11-07,quality_momentum,16,600117.SH,,0.9917081,-0.0325123,-0.0563218,-0.09713808,-0.1039408
2024-11-07,quality_momentum,17,300346.SZ,,0.99115533,0.00437566,-0.04539707,-0.07785757,-0.13585374
2024-11-07,quality_momentum,18,000544.SZ,,0.99060255,0.00333012,-0.01340628,-0.05524733,-0.06047745
2024-11-07,quality_momentum,19,002373.SZ,,0.99004978,0.0262052,0.00353973,-0.04723093,-0.06808315
2024-11-07,quality_momentum,20,002371.SZ,,0.98949695,0.04140397,0.05024246,0.01283842,-0.01349477
2024-11-08,quality_momentum,1,600703.SH,,1.0,0.06721146,0.03195054,-0.04985486,-0.08582101
2024-11-08,quality_momentum,2,688111.SH,,0.9995997,0.05682376,0.10222691,0.02276256,0.10402885
2024-11-08,quality_momentum,3,300236.SZ,,0.99919933,0.03828912,0.06192978,-0.05627357,-0.09788114
2024-11-08,quality_momentum,4,300207.SZ,,0.99879903,0.09951205,0.06827539,0.02890872,-0.01816015
2024-11-08,quality_momentum,5,300790.SZ,,0.99839872,0.04157827,0.04099854,0.03346235,-0.07320435
2024-11-08,quality_momentum,6,002466.SZ,,0.99799842,0.11366861,0.12004475,0.00261652,0.05548576
2024-11-08,quality_momentum,7,300738.SZ,,0.99759805,0.02624815,0.03069258,-0.03449265,-0.05745555
2024-11-08,quality_momentum,8,688352.SH,,0.99719775,0.09435278,0.02675542,-0.06068027,-0.08432972
2024-11-08,quality_momentum,9,600498.SH,,0.99679744,0.05576316,0.01276867,-0.05147009,-0.08940632
2024-11-08,quality_momentum,10,000672.SZ,,0.99639714,0.00164189,0.00164189,-0.0325966,-0.06919632
2024-11-08,quality_momentum,11,300613.SZ,,0.99599677,0.07669761,0.01909792,-0.06759058,-0.12519029
2024-11-08,quality_momentum,12,300263.SZ,,0.99559647,0.04584533,-0.00853132,-0.05362415,-0.00985758
2024-11-08,quality_momentum,13,300383.SZ,,0.99519616,0.03115781,0.012976,-0.0531397,-0.09280906
2024-11-08,quality_momentum,14,600588.SH,,0.99479586,,,,
2024-11-08,quality_momentum,15,300327.SZ,,0.99439549,0.03920076,-0.0179829,-0.07766838,-0.12448754
2024-11-08,quality_momentum,16,300253.SZ,,0.99399519,0.06099303,0.04212518,0.03835149,-0.01070504
2024-11-08,quality_momentum,17,002812.SZ,,0.99359488,,,,
2024-11-08,quality_momentum,18,300329.SZ,,0.99319458,0.03643864,0.01726932,-0.02266675,-0.04503101
2024-11-08,quality_momentum,19,688061.SH,,0.99279422,0.0817431,0.03465516,-0.05363487,-0.10908713
2024-11-08,quality_momentum,20,688401.SH,,0.99239391,0.05216329,0.07528467,-0.02672146,-0.07840457
2024-11-11,quality_momentum,1,300673.SZ,,1.0,-0.02844864,-0.04732774,-0.08154599,-0.11281447
2024-11-11,quality_momentum,2,002600.SZ,,0.99961507,0.00371802,0.00596518,-0.10189999,-0.10527079
2024-11-11,quality_momentum,3,002579.SZ,,0.99923021,-0.00851516,-0.06805209,-0.1198713,-0.09671805
2024-11-11,quality_momentum,4,000733.SZ,,0.99884528,-0.04674895,-0.09272378,-0.12293579,-0.18523647
2024-11-11,quality_momentum,5,601012.SH,,0.99846035,-0.01535294,-0.0457465,-0.08809829,-0.10553727
2024-11-11,quality_momentum,6,301025.SZ,,0.99807543,-0.03671288,-0.06021159,-0.11243088,-0.06630382
2024-11-11,quality_momentum,7,600633.SH,,0.99769056,-0.04589327,-0.05858362,-0.11526716,-0.10088479
2024-11-11,quality_momentum,8,300207.SZ,,0.99730563,-0.039196,-0.05784403,-0.08503905,-0.09669409
2024-11-11,quality_momentum,9,600877.SH,,0.9969207,-0.05694591,-0.08324556,-0.14012632,-0.19394895
2024-11-11,quality_momentum,10,002935.SZ,,0.99653578,-0.04078888,-0.08023327,-0.13467775,-0.16189998
2024-11-11,quality_momentum,11,600135.SH,,0.99615091,0.05552301,-0.03551341,-0.08453301,0.02050901
2024-11-11,quality_momentum,12,600186.SH,,0.99576598,-0.01225191,-0.00397034,-0.00397034,0.00224078
2024-11-11,quality_momentum,13,603220.SH,,0.99538106,-0.06458883,-0.10688486,-0.17372779,-0.18316886
2024-11-11,quality_momentum,14,300031.SZ,,0.99499613,-0.02596154,-0.05627915,-0.10728977,0.02264281
2024-11-11,quality_momentum,15,600640.SH,,0.99461126,-0.02945026,-0.02572719,-0.0704033,-0.04210847
2024-11-11,quality_momentum,16,002632.SZ,,0.99422634,-0.03412221,-0.07412213,-0.11301107,-0.05189993
2024-11-11,quality_momentum,17,002205.SZ,,0.99384141,0.01063917,-0.0353378,-0.0875844,-0.06982055
2024-11-11,quality_momentum,18,600435.SH,,0.99345648,-0.05376384,-0.08698912,-0.15343968,-0.17045757
2024-11-11,quality_momentum,19,300143.SZ,,0.99307162,-0.0403615,-0.0985011,-0.12533474,-0.13427925
2024-11-11,quality_momentum,20,002230.SZ,,0.99268669,-0.04758627,0.03692354,-0.07444901,-0.06052745
2024-11-12,quality_momentum,1,300738.SZ,,1.0,0.06222215,-0.00495347,-0.08892291,-0.0812893
2024-11-12,quality_momentum,2,300534.SZ,,0.99965179,-0.01659147,-0.09200773,-0.10278145,-0.09102832
2024-11-12,quality_momentum,3,600526.SH,,0.99930364,-0.01186022,-0.0517008,-0.0437327,-0.03576451
2024-11-12,quality_momentum,4,300644.SZ,,0.99895543,0.00876097,-0.04027956,-0.07013027,-0.04667614
2024-11-12,quality_momentum,5,002138.SZ,,0.99860722,-0.00251483,-0.04063347,-0.03202606,-0.06430394
2024-11-12,quality_momentum,6,002409.SZ,,0.99825907,-0.01387182,-0.08063242,-0.10049155,-0.13035074
2024-11-12,quality_momentum,7,300207.SZ,,0.99791086,0.00738161,-0.02974508,-0.02934149,-0.10077008
2024-11-12,quality_momentum,8,600338.SH,,0.99756265,0.00975697,0.09635148,0.10800836,-0.03020975
2024-11-12,quality_momentum,9,601012.SH,,0.9972145,0.02335253,-0.0680616,-0.05998079,-0.09028384
2024-11-12,quality_momentum,10,300253.SZ,,0.99686629,-0.04567871,-0.04913502,-0.11134698,-0.14360501
2024-11-12,quality_momentum,11,600399.SH,,0.99651814,0.00352003,-0.06423061,-0.09946101,-0.15230652
2024-11-12,quality_momentum,12,002579.SZ,,0.99616992,-0.01854823,-0.07515193,-0.08292114,-0.10400878
2024-11-12,quality_momentum,13,603220.SH,,0.99582171,0.00575516,-0.05790317,-0.09899912,-0.12881379
2024-11-12,quality_momentum,14,300316.SZ,,0.99547356,0.06310001,-0.0387421,-0.0576895,-0.11900525
2024-11-12,quality_momentum,15,000733.SZ,,0.99512535,-0.00936557,-0.07459156,-0.07007286,-0.15101586
2024-11-12,quality_momentum,16,300505.SZ,,0.99477714,0.01323313,-0.06727535,-0.06485402,-0.02974505
2024-11-12,quality_momentum,17,000063.SZ,,0.99442899,0.01841923,-0.03412063,-0.06692183,-0.12526724
2024-11-12,quality_momentum,18,300381.SZ,,0.99408078,-0.01430699,-0.075101,-0.08254517,-0.04284297
2024-11-12,quality_momentum,19,603259.SH,,0.99373257,-0.02587077,-0.09048781,-0.10212581,-0.15058851
2024-11-12,quality_momentum,20,300684.SZ,,0.99338442,0.06255751,0.09206277,0.01716488,-0.05500944
2024-11-13,quality_momentum,1,002888.SZ,,1.0,-0.07593798,-0.12416004,-0.03599638,-0.01651275
2024-11-13,quality_momentum,2,600640.SH,,0.99965686,-0.0365097,-0.08069233,-0.03209148,-0.01220927
2024-11-13,quality_momentum,3,300928.SZ,,0.99931365,-0.01921705,-0.09799753,-0.0840951,-0.14580248
2024-11-13,quality_momentum,4,300405.SZ,,0.99897051,-0.03914391,-0.03914391,0.01299757,-0.02238411
2024-11-13,quality_momentum,5,600399.SH,,0.99862731,-0.03963582,-0.1124121,-0.09758734,-0.12993234
2024-11-13,quality_momentum,6,002600.SZ,,0.99828416,-0.05768951,-0.15874214,-0.12821579,-0.12505793
2024-11-13,quality_momentum,7,300738.SZ,,0.99794096,-0.06717977,-0.16832758,-0.06933188,-0.08654853
2024-11-13,quality_momentum,8,688382.SH,,0.99759781,-0.02355721,-0.12336892,0.01034107,-0.03014861
2024-11-13,quality_momentum,9,301042.SZ,,0.99725461,-0.03933589,-0.07702821,-0.00497692,-0.02765861
2024-11-13,quality_momentum,10,002362.SZ,,0.99691147,-0.02017551,-0.10124399,-0.04079409,0.08104285
2024-11-13,quality_momentum,11,601995.SH,,0.99656826,0.00144361,-0.07365922,-0.07365922,-0.09860775
2024-11-13,quality_momentum,12,002162.SZ,,0.99622512,-0.04977236,-0.08966594,-0.06572979,-0.04445322
2024-11-13,quality_momentum,13,301396.SZ,,0.99588197,0.0909771,-0.08011223,0.12065585,-0.01726307
2024-11-13,quality_momentum,14,600906.SH,,0.99553877,-0.02431596,-0.08284644,-0.06665716,-0.07039312
2024-11-13,quality_momentum,15,688019.SH,,0.99519563,-0.03628554,-0.05025273,-0.00791275,-0.04142146
2024-11-13,quality_momentum,16,300402.SZ,,0.99485242,-0.04151586,-0.08953506,-0.0235086,-0.04151586
2024-11-13,quality_momentum,17,603100.SH,,0.99450928,0.02086863,-0.01009672,0.06595063,0.02997611
2024-11-13,quality_momentum,18,000532.SZ,,0.99416608,-0.05453153,-0.10716314,-0.08545258,-0.09334733
2024-11-13,quality_momentum,19,300444.SZ,,0.99382293,-0.03497884,-0.10113665,-0.03752342,-0.06424095
2024-11-13,quality_momentum,20,601798.SH,,0.99347973,-0.03458942,-0.09848248,-0.02121651,-0.04350479
2024-11-14,quality_momentum,1,300505.SZ,,1.0,-0.03810476,-0.03560786,0.10609006,0.02931102
2024-11-14,quality_momentum,2,002517.SZ,,0.99957895,-0.0194824,-0.02241281,0.00176303,-0.06710146
2024-11-14,quality_momentum,3,300928.SZ,,0.99915791,-0.04632792,-0.07114798,-0.08380616,-0.13319811
2024-11-14,quality_momentum,4,603616.SH,,0.99873686,-0.01944384,-0.04450654,0.00311259,0.0256689
2024-11-14,quality_momentum,5,688550.SH,,0.99831581,-0.02659134,-0.03029507,-0.02813454,-0.02041853
2024-11-14,quality_momentum,6,002591.SZ,,0.99789476,-3.08e-05,-0.03367572,0.03735234,0.06352055
2024-11-14,quality_momentum,7,002045.SZ,,0.99747366,,,,
2024-11-14,quality_momentum,8,002806.SZ,,0.99705261,0.07690221,0.03828914,0.09266271,0.02252872
2024-11-14,quality_momentum,9,300644.SZ,,0.99663156,-0.07353445,-0.10235286,-0.0228963,-0.04842124
2024-11-14,quality_momentum,10,688288.SH,,0.99621052,-0.02738479,-0.05009944,-0.03624897,-0.03680306
2024-11-14,quality_momentum,11,002600.SZ,,0.99578947,-0.00524444,-0.0777083,-0.08216756,-0.08997136
2024-11-14,quality_momentum,12,603100.SH,,0.99536842,0.01813566,0.03549985,0.05063785,-0.02905933
2024-11-14,quality_momentum,13,601881.SH,,0.99494737,-0.06234278,-0.06952411,-0.05097239,-0.09106812
2024-11-14,quality_momentum,14,601995.SH,,0.99452633,-0.04881101,-0.0813668,-0.07393275,-0.10930834
2024-11-14,quality_momentum,15,002103.SZ,,0.99410528,,,,
2024-11-14,quality_momentum,16,002230.SZ,,0.99368423,0.01697503,-0.09986148,-0.06381014,-0.10533531
2024-11-14,quality_momentum,17,600748.SH,,0.99326319,0.00086249,-0.01018729,0.03124921,-0.0019
2024-11-14,quality_momentum,18,600584.SH,,0.99284208,-0.03813518,-0.04565566,-0.06639406,-0.12906497
2024-11-14,quality_momentum,19,688190.SH,,0.99242103,-0.02933175,-0.01915911,-0.06887915,-0.12019929
2024-11-14,quality_momentum,20,300448.SZ,,0.99199998,-0.03102617,-0.11979179,-0.10176127,0.00919572
2024-11-15,quality_momentum,1,002292.SZ,,1.0,-0.1043259,-0.02076791,0.07761485,0.211038
2024-11-15,quality_momentum,2,000928.SZ,,0.99923897,-0.09221419,-0.09221419,-0.07258066,-0.07519848
2024-11-15,quality_momentum,3,601615.SH,,0.99847794,0.00613213,0.01416427,0.00854177,0.13866225
2024-11-15,quality_momentum,4,000037.SZ,,0.9977169,-0.04564997,-0.03731664,-0.0477333,-0.01231666
2024-11-15,quality_momentum,5,688012.SH,,0.99695587,-0.00503087,-0.01582522,-0.02909628,0.0334271
2024-11-15,quality_momentum,6,002008.SZ,,0.99619484,-0.07895904,-0.00508136,-0.0644663,-0.06481979
2024-11-15,quality_momentum,7,603011.SH,,0.99543381,-0.0434584,0.08251566,0.0643338,0.01108706
2024-11-15,quality_momentum,8,688049.SH,,0.99467278,-0.05770736,0.01283088,-0.01549774,0.1306779
2024-11-15,quality_momentum,9,002779.SZ,,0.99391174,-0.03764937,0.02029611,0.17665048,0.25129198
2024-11-15,quality_momentum,10,300413.SZ,,0.99315071,-0.04711183,0.00094799,-0.01364801,0.01625587
2024-11-15,quality_momentum,11,603100.SH,,0.99238968,-0.05122344,0.02167049,-0.03376386,-0.05515189
2024-11-15,quality_momentum,12,600326.SH,,0.99162859,-0.08919137,-0.05709895,-0.06865225,-0.01345329
2024-11-15,quality_momentum,13,600571.SH,,0.99086756,-0.12635413,-0.06449097,-0.07395236,-0.03028423
2024-11-15,quality_momentum,14,000997.SZ,,0.99010652,-0.05240748,0.01523708,-0.01191946,0.03992484
2024-11-15,quality_momentum,15,301303.SZ,,0.98934549,-0.02485086,0.00990329,-0.04489082,-0.02179056
2024-11-15,quality_momentum,16,002241.SZ,,0.98858446,-0.08831505,-0.06793769,-0.07095658,-0.03577021
2024-11-15,quality_momentum,17,002806.SZ,,0.98782343,-0.10343393,0.02877933,-0.03623158,-0.05230172
2024-11-15,quality_momentum,18,002106.SZ,,0.98706239,-0.04628645,0.04248645,-0.01408455,-0.02191745
2024-11-15,quality_momentum,19,002362.SZ,,0.98630136,-0.09572366,-0.03490325,0.03204631,0.11314011
2024-11-15,quality_momentum,20,300018.SZ,,0.98554033,-0.07220132,0.00240411,0.00670829,0.02392493
2024-11-18,quality_momentum,1,600152.SH,,1.0,0.02309994,0.03927643,0.04957057,0.0054529
2024-11-18,quality_momentum,2,301303.SZ,,0.99806952,0.0383685,0.03500769,-0.00417193,0.0120403
2024-11-18,quality_momentum,3,000679.SZ,,0.99613899,0.0398633,0.23707918,0.16051306,0.32060577
2024-11-18,quality_momentum,4,000050.SZ,,0.99420851,0.02117693,-0.00409785,-0.05025171,0.01788015
2024-11-18,quality_momentum,5,002351.SZ,,0.99227798,0.01018651,0.00764196,-0.0477015,0.06171321
2024-11-18,quality_momentum,6,603227.SH,,0.9903475,-0.01760677,0.01799534,0.03265499,-0.03540787
2024-11-18,quality_momentum,7,300572.SZ,,0.98841697,0.0124885,0.01082825,0.06893568,0.13257705
2024-11-18,quality_momentum,8,600338.SH,,0.98648649,0.08183981,0.03793738,-0.02222521,-0.03116829
2024-11-18,quality_momentum,9,002245.SZ,,0.98455596,0.05977845,0.24986948,,0.14572388
2024-11-18,quality_momentum,10,600742.SH,,0.98262548,-0.00087965,0.03483463,-0.0151653,-0.02026737
2024-11-18,quality_momentum,11,300174.SZ,,0.98069501,0.07488889,0.10630255,0.06092733,0.05278301
2024-11-18,quality_momentum,12,603153.SH,,0.97876447,-0.02929723,-0.03213146,-0.07558918,-0.07039308
2024-11-18,quality_momentum,13,688707.SH,,0.976834,0.00677505,0.01860467,-0.0089978,0.03595485
2024-11-18,quality_momentum,14,000623.SZ,,0.97490346,0.01627208,0.02215126,-0.02702023,-0.01205506
2024-11-18,quality_momentum,15,600050.SH,,0.97297299,-0.04445312,-0.04799926,-0.09409852,-0.09055248
2024-11-18,quality_momentum,16,603032.SH,,0.97104245,0.04007382,0.01908691,-0.0506805,-0.06883145
2024-11-18,quality_momentum,17,600186.SH,,0.96911198,0.00432401,0.00639875,0.00432401,0.0769381
2024-11-18,quality_momentum,18,000812.SZ,,0.96718144,,,,
2024-11-18,quality_momentum,19,603385.SH,,0.96525097,-0.01053304,-0.01628849,-0.01916615,0.05709287
2024-11-18,quality_momentum,20,301127.SZ,,0.96332043,0.04006358,0.09944598,0.1461602,0.24117205
2024-11-19,quality_momentum,1,002467.SZ,,1.0,,,,
2024-11-19,quality_momentum,2,002245.SZ,,0.99779737,0.06476667,0.20476677,-0.01142376,0.06762382
2024-11-19,quality_momentum,3,300890.SZ,,0.99559474,0.07006101,0.0018271,-0.05923946,-0.02139535
2024-11-19,quality_momentum,4,600704.SH,,0.99339205,-0.00921256,-0.05126009,-0.05126009,0.00541265
2024-11-19,quality_momentum,5,603227.SH,,0.99118942,0.02682344,0.01299358,-0.01679358,0.01831272
2024-11-19,quality_momentum,6,002846.SZ,,0.98898679,0.0273464,0.02172206,0.11058595,0.06896617
2024-11-19,quality_momentum,7,603011.SH,,0.98678416,0.01639275,-0.00068046,-0.07507072,-0.02141218
2024-11-19,quality_momentum,8,301303.SZ,,0.98458147,-0.00641612,-0.06032645,-0.04409239,-0.02720905
2024-11-19,quality_momentum,9,603222.SH,,0.98237884,0.02652381,-0.05745553,-0.04582761,0.03169176
2024-11-19,quality_momentum,10,002434.SZ,,0.98017621,0.02835722,-0.00795139,-0.02610576,0.02079288
2024-11-19,quality_momentum,11,600152.SH,,0.97797358,0.03970695,0.0110125,-0.01768187,-0.02915963
2024-11-19,quality_momentum,12,002092.SZ,,0.97577095,0.04518521,0.07433322,0.0294901,0.05191161
2024-11-19,quality_momentum,13,603100.SH,,0.97356826,0.00453778,-0.0499687,-0.04739354,-0.06756527
2024-11-19,quality_momentum,14,002110.SZ,,0.97136563,0.00081004,-0.06152062,-0.05068051,-0.01274011
2024-11-19,quality_momentum,15,600186.SH,,0.969163,0.01253303,-0.00602371,0.01253303,0.04552268
2024-11-19,quality_momentum,16,002738.SZ,,0.96696037,-0.01308169,-0.02045141,-0.05399659,-0.02858354
2024-11-19,quality_momentum,17,600742.SH,,0.96475768,0.0205261,-0.00699676,-0.04573279,-0.01209363
2024-11-19,quality_momentum,18,920185.BJ,,0.96255505,0.0400708,-0.03657152,-0.07525763,-0.0723379
2024-11-19,quality_momentum,19,000623.SZ,,0.96035242,-0.00085011,-0.03339603,-0.05859292,-0.02132253
2024-11-19,quality_momentum,20,002806.SZ,,0.95814979,0.06703938,-0.00038481,-0.0019,0.03597879
2024-11-20,quality_momentum,1,688271.SH,,1.0,-0.03246948,-0.09060739,-0.07406639,-0.02772356
2024-11-20,quality_momentum,2,600810.SH,,0.99694192,-0.00697611,-0.02601165,-0.01459032,0.03870916
2024-11-20,quality_momentum,3,002092.SZ,,0.99388379,0.03450259,-0.0190306,-0.01474795,-0.01474795
2024-11-20,quality_momentum,4,600884.SH,,0.99082571,0.006373,-0.07118646,-0.10841497,-0.11875627
2024-11-20,quality_momentum,5,300888.SZ,,0.98776758,-0.00923437,-0.03010877,-0.01177312,0.0136148
2024-11-20,quality_momentum,6,600163.SH,,0.9847095,-0.03430747,0.00272961,-0.0404803,-0.07134446
2024-11-20,quality_momentum,7,002245.SZ,,0.98165137,,,,
2024-11-20,quality_momentum,8,600742.SH,,0.97859329,0.01106111,-0.03779226,-0.06471154,-0.05274739
2024-11-20,quality_momentum,9,603373.SH,,0.97553515,-0.00523236,-0.06309363,-0.07066703,-0.03552622
2024-11-20,quality_momentum,10,002644.SZ,,0.97247708,0.09821643,0.0318602,0.06212797,0.05048658
2024-11-20,quality_momentum,11,688737.SH,,0.96941894,-0.012544,-0.04394369,-0.03329969,0.09496001
2024-11-20,quality_momentum,12,002091.SZ,,0.96636087,0.00934994,-0.02690004,-0.03815005,-0.04815005
2024-11-20,quality_momentum,13,600616.SH,,0.96330273,-0.01004335,-0.05401731,-0.06378927,-0.01655802
2024-11-20,quality_momentum,14,300780.SZ,,0.96024466,-0.03249071,0.03765697,-0.03196328,-0.04409405
2024-11-20,quality_momentum,15,603011.SH,,0.95718652,0.06995622,-0.0390258,-0.08333716,-0.01387609
2024-11-20,quality_momentum,16,603227.SH,,0.95412844,0.00533886,0.01981659,-0.04636752,-0.03809443
2024-11-20,quality_momentum,17,000990.SZ,,0.95107031,-0.01942464,-0.07966562,-0.10266675,-0.08733266
2024-11-20,quality_momentum,18,605580.SH,,0.94801223,-0.00289895,-0.03886303,-0.04385808,-0.00289895
2024-11-20,quality_momentum,19,002324.SZ,,0.94495416,,,,
2024-11-20,quality_momentum,20,002738.SZ,,0.94189602,0.00992216,0.00041301,-0.01680621,-0.02554433
2024-11-21,quality_momentum,1,688271.SH,,1.0,-0.03364952,-0.07490226,-0.06741482,0.03841675
2024-11-21,quality_momentum,2,002139.SZ,,0.99760765,-0.03775353,-0.11335756,-0.08062178,-0.01203256
2024-11-21,quality_momentum,3,301125.SZ,,0.9952153,-0.05340207,-0.03880984,-0.0190673,0.02385112
2024-11-21,quality_momentum,4,603687.SH,,0.99282295,-0.00811889,-0.03796963,0.00431895,0.01551297
2024-11-21,quality_momentum,5,600742.SH,,0.99043059,-0.04127,-0.07867162,-0.07276613,-0.06390785
2024-11-21,quality_momentum,6,600303.SH,,0.9880383,-0.03295594,0.0229447,0.0229447,-0.01121676
2024-11-21,quality_momentum,7,603583.SH,,0.98564595,-0.0523014,-0.08664573,-0.08887594,0.18454071
2024-11-21,quality_momentum,8,601121.SH,,0.9832536,-0.04097381,-0.04531538,-0.04097381,-0.02650202
2024-11-21,quality_momentum,9,002774.SZ,,0.98086125,-0.01424564,0.0269066,0.09000675,0.0529697
2024-11-21,quality_momentum,10,002390.SZ,,0.97846889,-0.04493798,-0.02215312,-0.0196215,-0.01455821
2024-11-21,quality_momentum,11,002580.SZ,,0.97607654,-0.03987461,0.1258331,0.00500452,0.02571795
2024-11-21,quality_momentum,12,002530.SZ,,0.97368419,0.00604552,-0.09157085,-0.0030351,0.18992742
2024-11-21,quality_momentum,13,002955.SZ,,0.97129184,-0.03584836,-0.03843137,-0.0244092,-0.01739816
2024-11-21,quality_momentum,14,600884.SH,,0.96889955,-0.06856663,-0.11984868,-0.11984868,-0.11472055
2024-11-21,quality_momentum,15,002998.SZ,,0.9665072,-0.02837063,-0.01954703,-0.02395887,0.00251176
2024-11-21,quality_momentum,16,002842.SZ,,0.96411484,-0.03816219,-0.05210921,-0.02560991,0.00925762
2024-11-21,quality_momentum,17,600152.SH,,0.96172249,-0.00472486,-0.03297342,-0.06122204,-0.04003559
2024-11-21,quality_momentum,18,002008.SZ,,0.95933014,-0.0438075,-0.09872076,-0.08860521,-0.04705891
2024-11-21,quality_momentum,19,603001.SH,,0.95693779,0.00315049,0.04692153,0.12604609,0.04355451
2024-11-21,quality_momentum,20,002660.SZ,,0.95454544,-0.04424526,-0.01927233,-0.04641683,-0.03230174
2024-11-22,quality_momentum,1,603350.SH,,1.0,0.00643334,-0.02690002,-0.01634441,-0.04328883
2024-11-22,quality_momentum,2,000421.SZ,,0.99755502,,,,
2024-11-22,quality_momentum,3,301119.SZ,,0.99511003,-0.01741014,0.042998,0.21483469,0.27973269
2024-11-22,quality_momentum,4,300494.SZ,,0.99266505,-0.02773029,0.07559078,-0.00559005,0.11249116
2024-11-22,quality_momentum,5,002176.SZ,,0.99022007,-0.0140145,-0.05586473,-0.04705417,-0.04925686
2024-11-22,quality_momentum,6,601226.SH,,0.98777509,-0.00036624,-0.02030488,0.02570736,0.03337608
2024-11-22,quality_momentum,7,301290.SZ,,0.98533005,-0.00703766,-0.02171651,-0.01511103,-0.02134956
2024-11-22,quality_momentum,8,002092.SZ,,0.98288506,-0.04565001,-0.04148334,-0.04148334,-0.04565001
2024-11-22,quality_momentum,9,002184.SZ,,0.98044008,-0.01472048,-0.04805384,-0.02497688,0.02545048
2024-11-22,quality_momentum,10,603278.SH,,0.9779951,-0.0186832,-0.00889303,0.21348454,
2024-11-22,quality_momentum,11,002846.SZ,,0.97555012,0.02667148,0.19370447,,0.05304506
2024-11-22,quality_momentum,12,002962.SZ,,0.97310513,,,,
2024-11-22,quality_momentum,13,603227.SH,,0.97066015,0.03373943,-0.03334656,-0.06898589,-0.02076788
2024-11-22,quality_momentum,14,603341.SH,,0.96821517,-0.02892702,-0.03121392,-0.00397903,-0.02456109
2024-11-22,quality_momentum,15,600152.SH,,0.96577018,0.0108479,-0.0358943,-0.03022858,-0.04156002
2024-11-22,quality_momentum,16,002644.SZ,,0.9633252,0.03065812,0.06089068,0.05158838,0.0655419
2024-11-22,quality_momentum,17,002806.SZ,,0.96088022,0.01398503,0.00415143,-0.01854147,0.10097441
2024-11-22,quality_momentum,18,603078.SH,,0.95843524,0.06254185,0.15460174,0.13503899,0.08613219
2024-11-22,quality_momentum,19,603687.SH,,0.9559902,-0.00815786,0.02438281,0.03189227,0.03064062
2024-11-22,quality_momentum,20,002006.SZ,,0.95354521,0.08698895,0.16542022,0.21640072,0.21051832
2024-11-25,quality_momentum,1,002264.SZ,,1.0,0.0028022,0.0498241,0.14386797,0.10154828
2024-11-25,quality_momentum,2,603703.SH,,0.99849397,0.01014824,0.02460602,0.02139317,0.00532893
2024-11-25,quality_momentum,3,000700.SZ,,0.99698794,0.00069741,-0.03956236,-0.02657532,0.03056748
2024-11-25,quality_momentum,4,002955.SZ,,0.99548191,-0.05279064,-0.03897745,-0.00953362,-0.00626211
2024-11-25,quality_momentum,5,600179.SH,,0.99397588,-0.02433588,-0.02113075,-0.0019,0.04297183
2024-11-25,quality_momentum,6,600933.SH,,0.99246991,-0.056221,-0.05066547,-0.00128272,0.01353208
2024-11-25,quality_momentum,7,002295.SZ,,0.99096388,0.00928881,0.02047768,0.04005807,0.09460353
2024-11-25,quality_momentum,8,000957.SZ,,0.98945785,-0.04690822,0.04801815,0.09220801,0.06274811
2024-11-25,quality_momentum,9,603311.SH,,0.98795182,0.00075253,0.02374108,0.05910801,0.12984185
2024-11-25,quality_momentum,10,603227.SH,,0.98644578,-0.06465298,-0.09501738,-0.06768951,-0.05250726
2024-11-25,quality_momentum,11,002497.SZ,,0.98493975,-0.05082203,-0.05330961,0.00970859,0.0735561
2024-11-25,quality_momentum,12,002246.SZ,,0.98343372,-0.01713653,-0.03076928,-0.01633464,-0.01954228
2024-11-25,quality_momentum,13,601113.SH,,0.98192769,-0.03175072,-0.03672584,0.00058762,0.00307512
2024-11-25,quality_momentum,14,002587.SZ,,0.98042166,-0.02427763,-0.01448743,-0.0116902,0.11977835
2024-11-25,quality_momentum,15,605088.SH,,0.97891569,,,,
2024-11-25,quality_momentum,16,600935.SH,,0.97740966,-0.0823195,-0.07532651,0.11698117,0.06803009
2024-11-25,quality_momentum,17,600425.SH,,0.97590363,-0.02748145,-0.06003956,-0.02748145,-0.02515583
2024-11-25,quality_momentum,18,600860.SH,,0.9743976,-0.03824664,-0.02519916,0.00462383,0.1052762
2024-11-25,quality_momentum,19,000893.SZ,,0.97289157,-0.0338052,-0.05112511,-0.03471677,0.00995058
2024-11-25,quality_momentum,20,002196.SZ,,0.97138554,-0.01870671,0.00482268,0.07204959,0.12415043
2024-11-26,quality_momentum,1,601788.SH,,1.0,-0.00036941,-0.01720613,-0.00649178,0.03825806
2024-11-26,quality_momentum,2,002962.SZ,,0.99876541,0.00439649,0.01069299,-0.01277586,0.02843768
2024-11-26,quality_momentum,3,001314.SZ,,0.99753088,0.17042433,0.09431625,0.06426212,0.04328922
2024-11-26,quality_momentum,4,603908.SH,,0.99629629,0.03908361,0.0292475,0.01900158,0.02555896
2024-11-26,quality_momentum,5,000700.SZ,,0.99506176,-0.01355806,-0.03557877,-0.03687411,-0.00449068
2024-11-26,quality_momentum,6,000533.SZ,,0.99382716,-0.0019,0.0501362,0.03882394,0.04334883
2024-11-26,quality_momentum,7,002127.SZ,,0.99259257,,,,
2024-11-26,quality_momentum,8,000546.SZ,,0.99135804,0.00619065,-0.07795175,-0.06500678,-0.06338862
2024-11-26,quality_momentum,9,000421.SZ,,0.99012345,,,,
2024-11-26,quality_momentum,10,002196.SZ,,0.98888886,0.03741624,0.03228808,0.07331369,0.10579233
2024-11-26,quality_momentum,11,000969.SZ,,0.98765433,0.03329313,0.04874377,0.04187682,0.04359355
2024-11-26,quality_momentum,12,300413.SZ,,0.98641974,0.0407808,0.00691833,0.01150388,0.06688307
2024-11-26,quality_momentum,13,600794.SH,,0.98518521,0.01118902,0.00071784,0.05045604,0.01642465
2024-11-26,quality_momentum,14,001259.SZ,,0.98395061,-0.0091289,-0.07258267,-0.0484863,-0.02519315
2024-11-26,quality_momentum,15,605198.SH,,0.98271602,0.03010004,0.05264545,0.14391817,0.23809999
2024-11-26,quality_momentum,16,002858.SZ,,0.98148149,0.01733077,0.01963844,0.0150231,0.05579231
2024-11-26,quality_momentum,17,603311.SH,,0.9802469,0.00074551,0.03866438,0.06247396,0.08981079
2024-11-26,quality_momentum,18,300664.SZ,,0.97901237,0.03586978,0.10421515,0.07543817,0.06284824
2024-11-26,quality_momentum,19,002090.SZ,,0.97777778,0.00870438,0.01824837,-0.0050814,-0.01250448
2024-11-26,quality_momentum,20,688529.SH,,0.97654319,0.00668377,0.0465366,0.15689829,0.1998168
2024-11-27,quality_momentum,1,601788.SH,,1.0,-0.01310726,0.00370373,-0.02839,0.03308713
2024-11-27,quality_momentum,2,002999.SZ,,0.99874997,,,,
2024-11-27,quality_momentum,3,002264.SZ,,0.9975,0.02096583,0.11242923,0.05450242,0.09108779
2024-11-27,quality_momentum,4,603275.SH,,0.99624997,-0.01428127,0.13285376,0.06346136,0.11269824
2024-11-27,quality_momentum,5,601111.SH,,0.995,0.00413139,-0.02361294,-0.054976,0.07288889
2024-11-27,quality_momentum,6,603569.SH,,0.99374998,-0.06570639,-0.05580537,-0.01510132,-0.0019
2024-11-27,quality_momentum,7,002639.SZ,,0.99250001,-0.02662532,-0.01563632,-0.01838357,-0.01288907
2024-11-27,quality_momentum,8,002857.SZ,,0.99124998,0.02664935,0.05674196,0.0613716,0.07063089
2024-11-27,quality_momentum,9,605080.SH,,0.99000001,-0.02891417,-0.02038337,-0.05166304,0.019427
2024-11-27,quality_momentum,10,002614.SZ,,0.98874998,0.02180995,0.0162311,0.06783504,0.06644035
2024-11-27,quality_momentum,11,002576.SZ,,0.98750001,-0.02980702,-0.02781361,0.00540897,-0.01851129
2024-11-27,quality_momentum,12,002196.SZ,,0.98624998,-0.01670266,0.04908683,0.03428426,0.07046843
2024-11-27,quality_momentum,13,002723.SZ,,0.98500001,0.00684635,0.04620495,0.06952854,0.2094703
2024-11-27,quality_momentum,14,688469.SH,,0.98374999,0.02662047,0.07118375,0.03375059,0.04266328
2024-11-27,quality_momentum,15,002117.SZ,,0.98250002,-0.02810093,0.05268508,0.05050175,0.12473755
2024-11-27,quality_momentum,16,300664.SZ,,0.98124999,,,,
2024-11-27,quality_momentum,17,603687.SH,,0.98000002,-0.01531457,0.0090756,-0.0238512,0.00785612
2024-11-27,quality_momentum,18,600903.SH,,0.97874999,0.01361311,-0.00428663,-0.02815296,-0.03650618
2024-11-27,quality_momentum,19,605198.SH,,0.97750002,0.03016483,0.05412537,0.11015074,0.08301895
2024-11-27,quality_momentum,20,000700.SZ,,0.97624999,-0.03073356,-0.01762736,-0.03597603,0.02038046
2024-11-28,quality_momentum,1,603338.SH,,1.0,-0.01875482,-0.01990032,0.01839133,0.03230063
2024-11-28,quality_momentum,2,002580.SZ,,0.99862069,0.00267145,0.00838575,0.0186714,0.01295709
2024-11-28,quality_momentum,3,002697.SZ,,0.99724138,0.0598284,0.03866442,0.07393775,0.24854096
2024-11-28,quality_momentum,4,002195.SZ,,0.99586207,0.06952857,0.4009571,0.6838143,0.3066714
2024-11-28,quality_momentum,5,600556.SH,,0.99448276,0.03143339,0.0573593,0.0906926,0.22402592
2024-11-28,quality_momentum,6,600903.SH,,0.99310344,-0.03010209,-0.03245227,-0.05712915,-0.05477892
2024-11-28,quality_momentum,7,002857.SZ,,0.99172413,0.00110078,0.03185847,0.0483626,0.085872
2024-11-28,quality_momentum,8,300559.SZ,,0.99034482,-0.02856663,-0.01131173,0.06319805,0.02398238
2024-11-28,quality_momentum,9,002678.SZ,,0.98896551,-0.01551862,0.02533742,0.02144637,0.10315836
2024-11-28,quality_momentum,10,002669.SZ,,0.9875862,0.00389706,0.04737539,0.02225461,0.03964588
2024-11-28,quality_momentum,11,300240.SZ,,0.98620689,0.0082911,0.04905544,-0.01081722,0.02230384
2024-11-28,quality_momentum,12,603161.SH,,0.98482758,-0.01316516,0.00329929,-0.01143207,0.01716413
2024-11-28,quality_momentum,13,688469.SH,,0.98344827,0.02929581,0.0050324,0.04489376,0.00329934
2024-11-28,quality_momentum,14,002293.SZ,,0.98206896,0.03270204,-0.03419528,-0.03534872,0.02924183
2024-11-28,quality_momentum,15,002723.SZ,,0.98068964,0.00966068,0.05012314,0.13827338,0.1570596
2024-11-28,quality_momentum,16,603520.SH,,0.97931033,0.02806255,-0.01688127,-0.02062659,-0.07961533
2024-11-28,quality_momentum,17,600857.SH,,0.97793102,0.01507127,0.02943156,0.06990154,0.19653343
2024-11-28,quality_momentum,18,002867.SZ,,0.97655171,0.01366427,0.0097732,0.02611557,0.11794442
2024-11-28,quality_momentum,19,002796.SZ,,0.9751724,-0.00582767,-0.0073988,0.02716527,0.08372452
2024-11-28,quality_momentum,20,605198.SH,,0.97379309,-0.01180102,0.07389376,0.06706552,-0.00565557
2024-11-29,quality_momentum,1,002251.SZ,,1.0,0.07342467,0.03706106,0.03706106,0.1253728
2024-11-29,quality_momentum,2,001267.SZ,,0.99875623,0.02604647,0.0989505,0.11960665,
2024-11-29,quality_momentum,3,002698.SZ,,0.99751246,0.00167136,0.03202858,0.03440948,0.09214757
2024-11-29,quality_momentum,4,002631.SZ,,0.99626863,0.01996872,0.04382565,0.05376595,0.01996872
2024-11-29,quality_momentum,5,002170.SZ,,0.99502486,0.01491618,-0.00638426,-0.01086864,-0.03104798
2024-11-29,quality_momentum,6,002026.SZ,,0.99378109,-0.02317657,-0.0019,-0.00560029,-0.03516864
2024-11-29,quality_momentum,7,002910.SZ,,0.99253732,0.0127727,0.01954476,0.0274454,0.05001874
2024-11-29,quality_momentum,8,601339.SH,,0.99129355,-0.0052898,-0.06800166,-0.05783217,-0.03410338
2024-11-29,quality_momentum,9,603330.SH,,0.99004978,-0.0019,-0.02828883,-0.02689998,0.25504451
2024-11-29,quality_momentum,10,601788.SH,,0.98880595,0.02089798,-0.01174451,0.0499135,0.01279768
2024-11-29,quality_momentum,11,600882.SH,,0.98756218,0.00609998,-0.0136333,-0.00509997,0.12770002
2024-11-29,quality_momentum,12,002054.SZ,,0.98631841,-0.00030005,-0.02430005,0.0221,0.07809996
2024-11-29,quality_momentum,13,301081.SZ,,0.98507464,0.01422899,-0.01265266,0.01853014,0.02498176
2024-11-29,quality_momentum,14,301533.SZ,,0.98383087,0.03876606,0.00610512,0.02883967,0.07398858
2024-11-29,quality_momentum,15,002801.SZ,,0.98258704,0.04991563,0.00789195,0.03441172,0.05317958
2024-11-29,quality_momentum,16,002144.SZ,,0.98134327,-0.01074961,-0.02844874,0.08925037,0.02907338
2024-11-29,quality_momentum,17,603018.SH,,0.9800995,-0.00490607,-0.06001628,-0.04097821,-0.08506636
2024-11-29,quality_momentum,18,603139.SH,,0.97885573,0.02017239,-0.037461,-0.03194291,0.02875604
2024-11-29,quality_momentum,19,002449.SZ,,0.97761196,0.00139661,-0.04255934,-0.01838356,0.01018784
2024-11-29,quality_momentum,20,605198.SH,,0.97636819,0.03154832,0.0863759,0.1525828,-0.00224484
2024-12-02,quality_momentum,1,002697.SZ,,1.0,-0.0119671,0.02158992,0.03165709,
2024-12-02,quality_momentum,2,002698.SZ,,0.99895614,0.02775609,0.06571568,0.06334324,0.02775609
2024-12-02,quality_momentum,3,600694.SH,,0.99791229,0.0382306,0.01069912,0.0153655,0.19642012
2024-12-02,quality_momentum,4,002026.SZ,,0.99686849,0.00566146,0.0680433,0.03307165,-0.02746214
2024-12-02,quality_momentum,5,603161.SH,,0.99582464,-0.01129368,-0.02581117,0.00578575,-0.02837312
2024-12-02,quality_momentum,6,002330.SZ,,0.99478078,-0.00394923,-0.0162443,0.0124442,0.03498521
2024-12-02,quality_momentum,7,002042.SZ,,0.99373692,-0.02181148,0.05119729,0.09323276,0.21491416
2024-12-02,quality_momentum,8,600278.SH,,0.99269313,-0.03085052,-0.05980103,-0.04894459,-0.02602541
2024-12-02,quality_momentum,9,002644.SZ,,0.99164927,0.00576708,-0.03037745,0.03972106,-0.08514202
2024-12-02,quality_momentum,10,000731.SZ,,0.99060541,-0.0199723,-0.04406866,-0.04045426,-0.04647832
2024-12-02,quality_momentum,11,603296.SH,,0.98956156,-0.02946503,-0.03712202,0.00039715,-0.05366108
2024-12-02,quality_momentum,12,002196.SZ,,0.98851776,-0.01754944,-0.00033502,0.04661329,-0.0269391
2024-12-02,quality_momentum,13,002687.SZ,,0.98747391,-0.02619156,-0.0302401,0.00012432,0.01834292
2024-12-02,quality_momentum,14,300126.SZ,,0.98643005,0.00448977,0.01247694,0.03643862,0.00448977
2024-12-02,quality_momentum,15,002803.SZ,,0.98538619,-0.08419729,-0.05518599,-0.0711718,-0.08534918
2024-12-02,quality_momentum,16,301083.SZ,,0.9843424,0.02959608,0.01869363,0.01505944,-0.04308714
2024-12-02,quality_momentum,17,688484.SH,,0.98329854,-0.0187282,0.00498421,0.04144522,-0.01260885
2024-12-02,quality_momentum,18,301533.SZ,,0.98225468,-0.0308231,-0.03666922,0.02702304,0.03533071
2024-12-02,quality_momentum,19,603275.SH,,0.98121083,-0.04199135,-0.0351403,-0.00976598,-0.07573912
2024-12-02,quality_momentum,20,002801.SZ,,0.98016703,-0.03293181,-0.01276112,0.02602864,-0.01004588
2024-12-03,quality_momentum,1,000957.SZ,,1.0,-0.0303585,-0.0137577,-0.02166283,-0.07304626
2024-12-03,quality_momentum,2,600794.SH,,0.99914604,-0.0292632,-0.00438754,-0.03423828,-0.06906417
2024-12-03,quality_momentum,3,002587.SZ,,0.99829203,-0.05932821,0.00059689,-0.02811721,-0.07555791
2024-12-03,quality_momentum,4,300556.SZ,,0.99743807,-0.0190534,0.07876759,0.12234666,0.05141477
2024-12-03,quality_momentum,5,002026.SZ,,0.99658412,0.01217124,0.00841889,0.00654271,-0.06968587
2024-12-03,quality_momentum,6,603222.SH,,0.99573016,-0.02189998,-0.02315001,-0.03440003,-0.05064998
2024-12-03,quality_momentum,7,600055.SH,,0.99487615,-0.018605,0.04015071,0.01077286,-0.06007972
2024-12-03,quality_momentum,8,001217.SZ,,0.99402219,0.00666898,0.0375173,0.11121053,0.19775725
2024-12-03,quality_momentum,9,688469.SH,,0.99316823,-0.0019,0.02219636,0.01531169,-0.04148692
2024-12-03,quality_momentum,10,001339.SZ,,0.99231428,-0.02997774,-0.05685563,-0.02997774,-0.08757315
2024-12-03,quality_momentum,11,688767.SH,,0.99146026,-0.01435552,-0.00071377,-0.01761767,-0.02295574
2024-12-03,quality_momentum,12,002545.SZ,,0.99060631,-0.01693762,-0.01443136,-0.03824083,-0.06079722
2024-12-03,quality_momentum,13,002152.SZ,,0.98975235,-0.036307,-0.01361303,-0.05607273,-0.10585315
2024-12-03,quality_momentum,14,300398.SZ,,0.9888984,-0.08791036,-0.08013838,-0.08117467,-0.14697776
2024-12-03,quality_momentum,15,600810.SH,,0.98804438,-0.00554517,-0.00919033,-0.01648078,0.00417532
2024-12-03,quality_momentum,16,300230.SZ,,0.98719043,-0.01578889,0.04175071,0.01794128,-0.07332859
2024-12-03,quality_momentum,17,002681.SZ,,0.98633647,,,,
2024-12-03,quality_momentum,18,002492.SZ,,0.98548251,-0.03359018,-0.01422397,-0.00718174,-0.0635197
2024-12-03,quality_momentum,19,605108.SH,,0.9846285,-0.02283398,0.0049438,0.07378441,0.04359114
2024-12-03,quality_momentum,20,605337.SH,,0.98377454,-0.01044699,-0.01642993,0.09809999,0.10237353
2024-12-04,quality_momentum,1,002587.SZ,,1.0,0.03651058,0.06035166,0.04445759,0.00472249
2024-12-04,quality_momentum,2,001306.SZ,,0.99904764,-0.00268678,0.00518105,0.03035812,-0.07333979
2024-12-04,quality_momentum,3,002956.SZ,,0.99809521,-0.03284146,0.01192483,0.0461579,0.06459107
2024-12-04,quality_momentum,4,002806.SZ,,0.99714285,0.00921882,-0.00120512,-0.03734129,-0.13046153
2024-12-04,quality_momentum,5,688469.SH,,0.99619049,0.03768692,0.0635045,0.00670589,-0.05525627
2024-12-04,quality_momentum,6,002614.SZ,,0.99523807,-0.02927943,-0.01754539,-0.00320376,-0.05274744
2024-12-04,quality_momentum,7,605337.SH,,0.9942857,0.01792759,0.01706547,0.23689313,0.07654823
2024-12-04,quality_momentum,8,002698.SZ,,0.99333334,0.03436937,0.03206659,0.09021276,-0.04047225
2024-12-04,quality_momentum,9,601789.SH,,0.99238098,0.00426017,0.02274068,0.01452716,-0.05323463
2024-12-04,quality_momentum,10,002644.SZ,,0.99142855,-0.0207053,0.05009109,-0.05167884,-0.11473188
2024-12-04,quality_momentum,11,605286.SH,,0.99047619,0.0161209,0.04331032,0.0271863,-0.00885538
2024-12-04,quality_momentum,12,002067.SZ,,0.98952383,0.02682067,0.03726452,0.0503194,-0.04889735
2024-12-04,quality_momentum,13,603912.SH,,0.98857141,0.01463947,0.01591171,-0.0044445,0.13041549
2024-12-04,quality_momentum,14,003042.SZ,,0.98761904,0.02829324,0.01863141,0.00353479,-0.0200159
2024-12-04,quality_momentum,15,002251.SZ,,0.98666668,-0.0019,0.03560002,0.02060004,0.03309997
2024-12-04,quality_momentum,16,603130.SH,,0.98571426,0.01201385,0.02592762,0.00707665,-0.00638833
2024-12-04,quality_momentum,17,605319.SH,,0.98476189,-0.0077585,0.01567549,-0.00325193,-0.00820916
2024-12-04,quality_momentum,18,002631.SZ,,0.98380953,0.01330911,-0.00380118,-0.01140574,0.01711139
2024-12-04,quality_momentum,19,600055.SH,,0.98285717,0.04848073,0.03910755,0.03032027,-0.05286661
2024-12-04,quality_momentum,20,300078.SZ,,0.98190475,0.03666037,0.11378125,0.05722591,-0.0507432
2024-12-05,quality_momentum,1,002796.SZ,,1.0,-0.02632753,-0.04388474,0.05306178,0.0515351
2024-12-05,quality_momentum,2,600055.SH,,0.99897224,0.00702359,-0.02142033,-0.03257485,-0.10061721
2024-12-05,quality_momentum,3,002806.SZ,,0.99794447,0.00016184,-0.04313714,-0.040388,-0.13385877
2024-12-05,quality_momentum,4,688506.SH,,0.99691677,-0.00369474,-0.03810942,-0.0613517,-0.10675931
2024-12-05,quality_momentum,5,603633.SH,,0.99588901,-0.02809041,-0.02809041,-0.01856667,-0.04951906
2024-12-05,quality_momentum,6,603275.SH,,0.99486125,-0.00111258,0.00308685,0.0217221,-0.05649321
2024-12-05,quality_momentum,7,002576.SZ,,0.99383348,-0.00847461,-0.03082835,-0.03543058,0.06516122
2024-12-05,quality_momentum,8,000822.SZ,,0.99280578,-0.01255452,-0.03234144,0.00571031,-0.07191522
2024-12-05,quality_momentum,9,002497.SZ,,0.99177802,-0.00588406,0.00527136,0.08335904,-0.00827444
2024-12-05,quality_momentum,10,601238.SH,,0.99075025,-0.01215642,-0.00805381,0.0001513,-0.03882309
2024-12-05,quality_momentum,11,600356.SH,,0.98972249,0.00532029,-0.00310337,0.01976064,-0.05725495
2024-12-05,quality_momentum,12,603255.SH,,0.98869479,0.01247121,0.04630348,-0.00639109,0.01247121
2024-12-05,quality_momentum,13,002238.SZ,,0.98766702,0.01645745,-0.0047985,-0.00673093,-0.05697246
2024-12-05,quality_momentum,14,600548.SH,,0.98663926,0.02168893,0.01916149,0.02674371,0.05201745
2024-12-05,quality_momentum,15,001217.SZ,,0.9856115,0.02606614,0.09894751,0.25233729,0.08369323
2024-12-05,quality_momentum,16,600694.SH,,0.98458374,-0.00881242,0.02206321,0.30639495,0.11330738
2024-12-05,quality_momentum,17,002614.SZ,,0.98355603,0.00882389,0.00346198,0.03161208,-0.03541208
2024-12-05,quality_momentum,18,300163.SZ,,0.98252827,0.0596385,0.0904077,0.06733079,0.02502314
2024-12-05,quality_momentum,19,301138.SZ,,0.98150051,-0.04291618,-0.04750756,-0.07505576,-0.13137656
2024-12-05,quality_momentum,20,600857.SH,,0.98047274,0.01758845,0.01758845,0.11624863,-0.01773428
2024-12-06,quality_momentum,1,002857.SZ,,1.0,0.02658796,0.01343971,0.07991153,0.02074429
2024-12-06,quality_momentum,2,605577.SH,,0.99918234,-0.00017576,-0.02029077,0.02683565,-0.06684246
2024-12-06,quality_momentum,3,001217.SZ,,0.99836469,,,,
2024-12-06,quality_momentum,4,002357.SZ,,0.99754703,0.03066449,0.05373094,0.16092232,0.05915836
2024-12-06,quality_momentum,5,605319.SH,,0.99672937,0.00165557,-0.01701107,0.00432223,-0.00278885
2024-12-06,quality_momentum,6,002981.SZ,,0.99591172,0.02566051,0.05061398,0.02975735,-0.04510299
2024-12-06,quality_momentum,7,301286.SZ,,0.995094,-0.00617118,-0.02832814,-0.07104042,-0.04220965
2024-12-06,quality_momentum,8,300887.SZ,,0.99427634,0.02670059,-0.03152206,-0.07442299,-0.08872333
2024-12-06,quality_momentum,9,605228.SH,,0.99345869,0.05911044,0.07531639,0.14204659,0.11821439
2024-12-06,quality_momentum,10,300805.SZ,,0.99264103,0.01194772,-0.0009108,0.27999921,0.60047408
2024-12-06,quality_momentum,11,600728.SH,,0.99182338,0.00877617,-0.01969358,-0.01079679,-0.03748716
2024-12-06,quality_momentum,12,002345.SZ,,0.99100572,0.00327246,0.02051381,0.01016898,-0.05707244
2024-12-06,quality_momentum,13,002303.SZ,,0.99018806,0.05870605,0.04607981,0.01577675,-0.04735456
2024-12-06,quality_momentum,14,003004.SZ,,0.98937041,0.00895481,0.01573909,0.0594976,0.00929403
2024-12-06,quality_momentum,15,300315.SZ,,0.98855275,-0.00044859,-0.0236707,-0.02657345,-0.0875313
2024-12-06,quality_momentum,16,601788.SH,,0.98773509,0.09787228,-0.00107258,-0.03718746,-0.06439734
2024-12-06,quality_momentum,17,603657.SH,,0.98691744,0.05735927,0.11661854,0.12267912,0.15365555
2024-12-06,quality_momentum,18,000607.SZ,,0.98609978,0.00693001,0.02459004,0.08198513,
2024-12-06,quality_momentum,19,002067.SZ,,0.98528206,-0.01918399,-0.00683827,-0.0414062,-0.08831979
2024-12-06,quality_momentum,20,600229.SH,,0.98446441,0.01001894,-0.01381894,-0.01858651,-0.06626238
2024-12-09,quality_momentum,1,605319.SH,,1.0,-0.01872905,-0.00101424,-0.02138627,-0.04485839
2024-12-09,quality_momentum,2,600029.SH,,0.99898273,-0.01148906,-0.01422879,-0.07176304,-0.07724249
2024-12-09,quality_momentum,3,601111.SH,,0.9979654,0.00034724,-0.01313589,-0.09178756,-0.0884168
2024-12-09,quality_momentum,4,002357.SZ,,0.99694812,-0.02292497,0.07168737,0.08614207,0.0033562
2024-12-09,quality_momentum,5,601788.SH,,0.99593085,-0.08871957,-0.09816628,-0.13820232,-0.16519286
2024-12-09,quality_momentum,6,605136.SH,,0.99491352,-0.04687911,-0.00085405,,-0.12323899
2024-12-09,quality_momentum,7,300932.SZ,,0.99389625,-0.00990979,0.01596823,-0.03578781,-0.04995909
2024-12-09,quality_momentum,8,002761.SZ,,0.99287891,-0.05993578,-0.0644,-0.10457857,-0.17065005
2024-12-09,quality_momentum,9,605228.SH,,0.99186164,0.00618625,-0.00729078,0.02864814,0.0043893
2024-12-09,quality_momentum,10,300880.SZ,,0.99084437,-0.04305384,-0.05766923,-0.08843844,-0.13651535
2024-12-09,quality_momentum,11,002171.SZ,,0.98982704,-0.02737065,0.05014874,-0.0019,-0.01851129
2024-12-09,quality_momentum,12,603002.SH,,0.98880976,-0.06241436,-0.04426004,-0.05182439,-0.13654448
2024-12-09,quality_momentum,13,002390.SZ,,0.98779249,0.00263521,0.04345151,-0.02004049,-0.09487046
2024-12-09,quality_momentum,14,603037.SH,,0.98677516,-0.06216917,-0.0750422,-0.0990328,-0.15403576
2024-12-09,quality_momentum,15,300195.SZ,,0.98575789,-0.02810691,-0.03914142,-0.08190003,-0.17707245
2024-12-09,quality_momentum,16,002303.SZ,,0.98474061,-0.05428095,-0.0257095,-0.0519,-0.14951905
2024-12-09,quality_momentum,17,300654.SZ,,0.98372328,-0.00959226,-0.01651535,0.00810003,-0.13190001
2024-12-09,quality_momentum,18,002524.SZ,,0.98270601,-0.03475418,-0.00395334,-0.06144825,-0.20723882
2024-12-09,quality_momentum,19,300679.SZ,,0.98168868,-0.02441792,-0.00019412,-0.05051823,-0.02561205
2024-12-09,quality_momentum,20,688506.SH,,0.98067141,-0.06798694,-0.09050872,-0.1140304,-0.17994347
2024-12-10,quality_momentum,1,003028.SZ,,1.0,0.0036837,-0.03794062,-0.08108782,-0.06738227
2024-12-10,quality_momentum,2,601788.SH,,0.99905211,-0.00534831,-0.0413089,-0.05608726,-0.07332862
2024-12-10,quality_momentum,3,300556.SZ,,0.99810427,0.10407937,0.10036803,-0.06499281,-0.15736393
2024-12-10,quality_momentum,4,601111.SH,,0.99715638,-0.0030211,-0.02768481,-0.09046501,-0.08149642
2024-12-10,quality_momentum,5,603037.SH,,0.99620855,-0.00252265,-0.01622129,-0.09529973,-0.09280903
2024-12-10,quality_momentum,6,002215.SZ,,0.99526066,0.05763491,0.05484424,0.03996052,0.06135579
2024-12-10,quality_momentum,7,603999.SH,,0.99431282,0.03360296,0.18744913,0.0409994,-0.06846809
2024-12-10,quality_momentum,8,603759.SH,,0.99336493,0.00968297,-0.022492,-0.05080607,0.06759808
2024-12-10,quality_momentum,9,002801.SZ,,0.99241704,-0.00682608,-0.02198333,-0.05457145,-0.06631831
2024-12-10,quality_momentum,10,603311.SH,,0.9914692,0.00698532,-0.00916981,-0.12387095,-0.19333783
2024-12-10,quality_momentum,11,300888.SZ,,0.99052131,0.06569658,0.13838978,0.09252064,0.11666222
2024-12-10,quality_momentum,12,300932.SZ,,0.98957348,0.0167335,0.01300682,-0.04662053,-0.04848387
2024-12-10,quality_momentum,13,603103.SH,,0.98862559,0.00245054,0.02233866,-0.05721386,-0.05845689
2024-12-10,quality_momentum,14,605228.SH,,0.98767775,0.00523016,0.06761874,0.03820695,-0.02418163
2024-12-10,quality_momentum,15,688360.SH,,0.98672986,0.01325154,-0.05189996,-0.09684946,-0.04735449
2024-12-10,quality_momentum,16,002398.SZ,,0.98578197,0.0101967,-0.0039162,-0.07044841,-0.09665812
2024-12-10,quality_momentum,17,300612.SZ,,0.98483413,0.0993592,0.05633718,-0.04754527,-0.02970686
2024-12-10,quality_momentum,18,002005.SZ,,0.98388624,0.0032282,0.07502301,0.0032282,-0.13010512
2024-12-10,quality_momentum,19,002392.SZ,,0.98293841,-0.0019,0.06072625,0.048605,0.01830196
2024-12-10,quality_momentum,20,601229.SH,,0.98199052,-0.01222112,-0.03745045,-0.01222112,0.02332933
2024-12-11,quality_momentum,1,002234.SZ,,1.0,-0.0028515,-0.03615315,-0.10085337,-0.152233
2024-12-11,quality_momentum,2,603877.SH,,0.99922663,0.0122026,0.02502313,-0.05895123,-0.0922846
2024-12-11,quality_momentum,3,002867.SZ,,0.9984532,0.02816442,0.02100619,0.00955306,0.01671128
2024-12-11,quality_momentum,4,002981.SZ,,0.99767983,-0.01782359,-0.07196369,-0.13848884,-0.15512012
2024-12-11,quality_momentum,5,603170.SH,,0.9969064,0.03300511,0.03361748,-0.01965871,-0.0049618
2024-12-11,quality_momentum,6,600790.SH,,0.99613303,0.01670473,0.00275121,-0.04841164,-0.10887673
2024-12-11,quality_momentum,7,688578.SH,,0.9953596,-0.0272224,-0.00850586,-0.02675058,-0.03697394
2024-12-11,quality_momentum,8,002953.SZ,,0.99458623,,,,
2024-12-11,quality_momentum,9,300860.SZ,,0.99381286,0.01084094,0.19444101,0.10133428,-0.04077617
2024-12-11,quality_momentum,10,002829.SZ,,0.99303943,-0.00065524,-0.04131912,-0.10065523,-0.17658883
2024-12-11,quality_momentum,11,000910.SZ,,0.99226606,0.00256431,-0.00971252,-0.07109643,-0.1157393
2024-12-11,quality_momentum,12,603895.SH,,0.99149263,0.02297995,0.00421084,0.04567749,-0.08046828
2024-12-11,quality_momentum,13,600108.SH,,0.99071926,-0.0019,-0.008035,-0.05404723,-0.12766689
2024-12-11,quality_momentum,14,603848.SH,,0.98994589,0.06130132,0.01345733,0.01995461,-0.03320546
2024-12-11,quality_momentum,15,603518.SH,,0.98917246,-0.00840757,0.02087666,-0.07456805,0.06751433
2024-12-11,quality_momentum,16,003028.SZ,,0.98839909,-0.02259656,-0.04329319,-0.07862887,-0.0763573
2024-12-11,quality_momentum,17,002330.SZ,,0.98762566,0.02555095,-0.00974313,-0.08033139,-0.10582152
2024-12-11,quality_momentum,18,002105.SZ,,0.98685229,0.00970857,0.19544652,-0.06325993,-0.18100454
2024-12-11,quality_momentum,19,002367.SZ,,0.98607886,-0.0145904,-0.05900663,-0.10342286,-0.12753457
2024-12-11,quality_momentum,20,300131.SZ,,0.98530549,0.00993437,-0.04805378,-0.07172245,-0.09539112
2024-12-12,quality_momentum,1,605198.SH,,1.0,-0.00841133,-0.06118716,-0.03445657,-0.02931601
2024-12-12,quality_momentum,2,002293.SZ,,0.99948454,-0.02427134,-0.08802972,-0.09585975,-0.11263823
2024-12-12,quality_momentum,3,600548.SH,,0.99896908,-0.02073703,0.034136,0.02266997,0.05461101
2024-12-12,quality_momentum,4,603878.SH,,0.99845362,-0.03842965,-0.08713591,-0.1038787,-0.11757732
2024-12-12,quality_momentum,5,601816.SH,,0.99793816,-0.02412226,-0.01618571,-0.02412226,-0.01618571
2024-12-12,quality_momentum,6,002613.SZ,,0.9974227,-0.01500041,-0.06521877,-0.06740218,-0.13945457
2024-12-12,quality_momentum,7,601579.SH,,0.99690723,-0.01153853,-0.04366708,-0.06936992,-0.11194014
2024-12-12,quality_momentum,8,600854.SH,,0.99639177,-0.0110743,-0.06978988,-0.08263394,-0.14501928
2024-12-12,quality_momentum,9,002867.SZ,,0.99587631,-0.0171884,-0.0019,-0.00745943,-0.01162898
2024-12-12,quality_momentum,10,002442.SZ,,0.99536085,0.00333561,-0.03680401,-0.01062607,-0.05949166
2024-12-12,quality_momentum,11,000507.SZ,,0.99484539,0.00492597,-0.07015931,-0.07869179,-0.12135386
2024-12-12,quality_momentum,12,600846.SH,,0.99432987,0.0139731,-0.00507458,-0.03364599,-0.08338142
2024-12-12,quality_momentum,13,600128.SH,,0.99381441,-0.02486445,-0.0979334,-0.09062651,-0.15847614
2024-12-12,quality_momentum,14,603102.SH,,0.99329895,-0.00523328,-0.04805385,-0.06010508,-0.09061796
2024-12-12,quality_momentum,15,600790.SH,,0.99278349,-0.01788184,-0.05669456,-0.07724249,-0.12062153
2024-12-12,quality_momentum,16,600232.SH,,0.99226803,-0.00842533,-0.04920837,-0.0508397,-0.14056237
2024-12-12,quality_momentum,17,300543.SZ,,0.99175256,-0.01423483,-0.10234049,-0.08119516,0.03950966
2024-12-12,quality_momentum,18,300860.SZ,,0.9912371,,,,
2024-12-12,quality_momentum,19,003017.SZ,,0.99072164,0.00132588,-0.0438355,-0.07378936,-0.12309813
2024-12-12,quality_momentum,20,002772.SZ,,0.99020618,-0.00440942,-0.03452237,-0.02322999,-0.06588997
2024-12-13,quality_momentum,1,002587.SZ,,1.0,-0.04832414,-0.04832414,0.02821293,-0.18383224
2024-12-13,quality_momentum,2,002840.SZ,,0.99946696,-0.01589579,-0.05228491,-0.05788322,-0.05998257
2024-12-13,quality_momentum,3,603066.SH,,0.99893391,-0.02314182,-0.08850124,-0.06154047,-0.10320718
2024-12-13,quality_momentum,4,600682.SH,,0.99840087,0.0094924,-0.06519109,-0.06898862,-0.1044316
2024-12-13,quality_momentum,5,300592.SZ,,0.99786782,-0.0529083,-0.11044094,-0.06002575,-0.13594509
2024-12-13,quality_momentum,6,300240.SZ,,0.99733478,-0.04553641,-0.11826366,-0.09159699,-0.17402123
2024-12-13,quality_momentum,7,600790.SH,,0.99680173,0.00042027,-0.05062388,-0.06454496,-0.10398811
2024-12-13,quality_momentum,8,600846.SH,,0.99626863,0.03351662,-0.04356667,-0.03523334,-0.0779417
2024-12-13,quality_momentum,9,603648.SH,,0.99573559,-0.01894548,-0.07008185,0.0568121,0.03976661
2024-12-13,quality_momentum,10,300315.SZ,,0.99520254,-0.04505476,-0.09416189,-0.06439994,-0.1492214
2024-12-13,quality_momentum,11,301533.SZ,,0.9946695,0.00137377,-0.07481668,-0.06053094,-0.10666188
2024-12-13,quality_momentum,12,600728.SH,,0.99413645,0.00528131,-0.06473657,-0.02882996,-0.13116392
2024-12-13,quality_momentum,13,301376.SZ,,0.99360341,-0.03075933,-0.08527145,-0.06419955,-0.09260089
2024-12-13,quality_momentum,14,600202.SH,,0.99307036,0.00931496,-0.07853552,,-0.16451688
2024-12-13,quality_momentum,15,600006.SH,,0.99253732,-0.00559455,-0.04007733,-0.05978175,-0.05855025
2024-12-13,quality_momentum,16,603908.SH,,0.99200428,0.07050339,-0.08415928,-0.07581963,-0.15239277
2024-12-13,quality_momentum,17,600655.SH,,0.99147123,-0.00042072,-0.02556861,-0.04332011,-0.03296508
2024-12-13,quality_momentum,18,605299.SH,,0.99093819,0.03748731,-0.06863961,-0.07082771,-0.11349732
2024-12-13,quality_momentum,19,600182.SH,,0.99040514,-0.02791156,-0.03542601,-0.0215532,0.02989189
2024-12-13,quality_momentum,20,002867.SZ,,0.9898721,0.00656857,-0.00472291,0.03409151,0.0016286
2024-12-16,quality_momentum,1,600790.SH,,1.0,-0.04356669,-0.0644,-0.10606669,-0.11764076
2024-12-16,quality_momentum,2,603338.SH,,0.99947339,-0.00254706,-0.00092942,0.02042285,0.06571568
2024-12-16,quality_momentum,3,002669.SZ,,0.99894679,-0.03491891,-0.06510756,-0.06322078,-0.06416417
2024-12-16,quality_momentum,4,002392.SZ,,0.99842024,0.00585193,0.01166591,-0.03872171,-0.06972945
2024-12-16,quality_momentum,5,603012.SH,,0.99789363,-0.03377916,-0.06062483,-0.09585966,-0.08075899
2024-12-16,quality_momentum,6,002492.SZ,,0.99736702,-0.06186469,-0.07950137,-0.13417509,-0.14299343
2024-12-16,quality_momentum,7,301558.SZ,,0.99684042,-0.0741222,-0.0667148,-0.12597409,-0.15282593
2024-12-16,quality_momentum,8,300756.SZ,,0.99631387,-0.06210468,-0.05126779,-0.08016608,-0.08377838
2024-12-16,quality_momentum,9,605389.SH,,0.99578726,-0.04983264,-0.05129624,-0.00921791,-0.00958384
2024-12-16,quality_momentum,10,600229.SH,,0.99526066,-0.03924942,-0.05009284,-0.11635788,-0.13202052
2024-12-16,quality_momentum,11,603365.SH,,0.99473405,-0.0628107,-0.03265103,-0.0119532,-0.05689708
2024-12-16,quality_momentum,12,301220.SZ,,0.9942075,-0.02665928,-0.08498116,-0.10231267,0.02561032
2024-12-16,quality_momentum,13,002999.SZ,,0.99368089,-0.05876546,-0.09898736,-0.15585282,-0.16694857
2024-12-16,quality_momentum,14,603579.SH,,0.99315429,-0.05711472,-0.06999816,-0.10619447,-0.08656256
2024-12-16,quality_momentum,15,300335.SZ,,0.99262768,-0.0633035,-0.06856666,-0.1282158,-0.14049646
2024-12-16,quality_momentum,16,603102.SH,,0.99210113,-0.06321724,-0.07507689,-0.10687098,-0.10611403
2024-12-16,quality_momentum,17,301498.SZ,,0.99157453,-0.0124866,0.01355062,0.06018865,0.1136937
2024-12-16,quality_momentum,18,601218.SH,,0.99104792,-0.06323338,-0.04456668,-0.11123339,-0.10590005
2024-12-16,quality_momentum,19,300571.SZ,,0.99052131,-0.00500345,0.10706551,-0.04327934,-0.0932793
2024-12-16,quality_momentum,20,603610.SH,,0.9899947,-0.02477287,0.15272029,0.03103681,0.1691887
2024-12-17,quality_momentum,1,002614.SZ,,1.0,-0.03252582,-0.0365205,-0.08978285,-0.12040867
2024-12-17,quality_momentum,2,601999.SH,,0.99879515,-0.0187831,-0.06683504,-0.13436751,-0.18891302
2024-12-17,quality_momentum,3,300387.SZ,,0.99759036,-0.01948243,-0.02827359,-0.09420766,-0.0953066
2024-12-17,quality_momentum,4,000419.SZ,,0.99638551,-0.01816017,-0.01490809,-0.08482682,-0.07181865
2024-12-17,quality_momentum,5,002489.SZ,,0.99518073,-0.02118378,-0.02944824,-0.07352534,-0.11209283
2024-12-17,quality_momentum,6,601599.SH,,0.99397588,0.03637759,0.01484645,-0.07367027,-0.15022534
2024-12-17,quality_momentum,7,002418.SZ,,0.99277109,-0.03006899,0.04387469,-0.06880135,-0.12866053
2024-12-17,quality_momentum,8,603012.SH,,0.99156624,-0.02962966,-0.02443033,-0.05215999,-0.08162274
2024-12-17,quality_momentum,9,002678.SZ,,0.99036145,-0.01493533,-0.01679757,-0.1080452,-0.17508434
2024-12-17,quality_momentum,10,000607.SZ,,0.9891566,0.01140376,,-0.13715501,-0.17928363
2024-12-17,quality_momentum,11,600857.SH,,0.98795182,0.01259277,-0.04900141,-0.13354251,0.08505661
2024-12-17,quality_momentum,12,603103.SH,,0.98674697,0.01125787,0.03296839,-0.00321581,-0.0538737
2024-12-17,quality_momentum,13,002905.SZ,,0.98554218,-0.01425951,-0.03336065,-0.13560782,-0.10751793
2024-12-17,quality_momentum,14,301025.SZ,,0.98433733,-0.00545551,0.03098888,-0.07567779,-0.15478886
2024-12-17,quality_momentum,15,600933.SH,,0.98313254,0.00939937,0.01504906,-0.03014866,-0.08777574
2024-12-17,quality_momentum,16,600561.SH,,0.98192769,-0.00835161,0.0013258,-0.03415803,-0.13899676
2024-12-17,quality_momentum,17,600103.SH,,0.9807229,-0.00983647,0.01397304,-0.03761428,-0.0019
2024-12-17,quality_momentum,18,300488.SZ,,0.97951806,-0.01052715,0.06336633,0.04011046,0.01085315
2024-12-17,quality_momentum,19,000417.SZ,,0.97831327,-0.03882309,-0.04036153,-0.07574618,-0.0357462
2024-12-17,quality_momentum,20,600386.SH,,0.97710842,-0.00398333,0.08559999,0.05643329,-0.07898335
2024-12-18,quality_momentum,1,600177.SH,,1.0,-0.01479565,0.001617,0.01451271,0.01334038
2024-12-18,quality_momentum,2,002631.SZ,,0.99860138,-3.437e-05,-0.11384028,-0.18660153,-0.17540751
2024-12-18,quality_momentum,3,300612.SZ,,0.99720281,0.0207131,-0.07978941,-0.1204929,-0.20039245
2024-12-18,quality_momentum,4,603587.SH,,0.99580419,-0.03109703,-0.07416279,-0.06905328,-0.0756226
2024-12-18,quality_momentum,5,002997.SZ,,0.99440557,-0.00138243,-0.04874271,-0.07281102,-0.12457081
2024-12-18,quality_momentum,6,600158.SH,,0.993007,-0.02923971,-0.09758878,-0.11441313,-0.14070131
2024-12-18,quality_momentum,7,603682.SH,,0.99160838,,,,
2024-12-18,quality_momentum,8,601229.SH,,0.99020982,-0.01432931,-0.0041598,0.01165938,0.0161791
2024-12-18,quality_momentum,9,002121.SZ,,0.98881119,-0.03781684,-0.10586979,-0.14745766,-0.18526479
2024-12-18,quality_momentum,10,002331.SZ,,0.98741257,0.01472969,-0.07617938,-0.13715498,-0.1870441
2024-12-18,quality_momentum,11,002105.SZ,,0.98601401,-0.00720031,-0.09023922,-0.1273417,-0.10614023
2024-12-18,quality_momentum,12,600716.SH,,0.98461539,-0.03579833,-0.06485405,-0.06727535,-0.11085885
2024-12-18,quality_momentum,13,601969.SH,,0.98321676,-0.02946888,-0.06956916,-0.08464063,-0.13867093
2024-12-18,quality_momentum,14,002162.SZ,,0.9818182,-0.00432712,-0.11112325,-0.13296796,-0.14510387
2024-12-18,quality_momentum,15,603001.SH,,0.98041958,-0.00038258,,,
2024-12-18,quality_momentum,16,002154.SZ,,0.97902095,-0.00619186,0.04745619,0.02170513,-0.03838071
2024-12-18,quality_momentum,17,600126.SH,,0.97762239,-0.01030345,-0.0901353,-0.10694201,-0.00820256
2024-12-18,quality_momentum,18,000532.SZ,,0.97622377,-0.02087535,-0.11891452,-0.14358248,-0.18975577
2024-12-18,quality_momentum,19,603081.SH,,0.9748252,0.00518104,-0.0365184,-0.06798972,-0.11362304
2024-12-18,quality_momentum,20,002540.SZ,,0.97342658,-0.02285805,-0.0483072,-0.04980419,-0.08872631
2024-12-19,quality_momentum,1,605228.SH,,1.0,0.03792301,-0.03110357,-0.08597077,-0.09570529
2024-12-19,quality_momentum,2,601599.SH,,0.99809885,-0.01352795,-0.09957443,-0.12980702,-0.20887676
2024-12-19,quality_momentum,3,600103.SH,,0.9961977,-0.01728455,-0.06728457,-0.0595923,-0.15189998
2024-12-19,quality_momentum,4,002404.SZ,,0.99429655,-0.07399611,-0.06598545,-0.06331523,-0.20884263
2024-12-19,quality_momentum,5,600088.SH,,0.99239546,-0.0034045,0.01866168,-0.01393613,-0.10922193
2024-12-19,quality_momentum,6,002162.SZ,,0.99049431,-0.01893167,-0.12355456,-0.13328691,-0.20141342
2024-12-19,quality_momentum,7,600158.SH,,0.98859316,-0.02784589,-0.06892697,-0.06568379,-0.16081887
2024-12-19,quality_momentum,8,002419.SZ,,0.98669201,-0.01362527,0.00312511,0.04332611,
2024-12-19,quality_momentum,9,002997.SZ,,0.98479086,-0.02207593,-0.0414758,-0.05259841,-0.15192584
2024-12-19,quality_momentum,10,003007.SZ,,0.98288971,0.0295484,-0.0106693,-0.04302493,-0.20964117
2024-12-19,quality_momentum,11,300199.SZ,,0.98098862,0.09455388,0.08107873,-0.04658086,-0.05367308
2024-12-19,quality_momentum,12,002576.SZ,,0.97908747,-0.00436464,0.07450162,0.0449268,
2024-12-19,quality_momentum,13,603232.SH,,0.97718632,0.00457255,-0.09251485,-0.10675435,-0.23296791
2024-12-19,quality_momentum,14,300935.SZ,,0.97528517,-0.00506455,-0.10514369,-0.10000132,-0.16131457
2024-12-19,quality_momentum,15,603213.SH,,0.97338402,-0.03473589,-0.09045725,-0.12229806,-0.14120351
2024-12-19,quality_momentum,16,600620.SH,,0.97148287,-0.01784204,-0.085958,-0.11204494,-0.25842176
2024-12-19,quality_momentum,17,600126.SH,,0.96958172,-0.04851013,-0.08664568,0.01928652,-0.07605252
2024-12-19,quality_momentum,18,002235.SZ,,0.96768063,,-0.14541146,-0.16373212,-0.25991528
2024-12-19,quality_momentum,19,600560.SH,,0.96577948,-0.02190008,-0.08131178,-0.09131182,-0.20190002
2024-12-19,quality_momentum,20,002867.SZ,,0.96387833,0.02395602,-0.01308101,-0.00609286,-0.06549192
2024-12-20,quality_momentum,1,002241.SZ,,1.0,-0.0506633,-0.05136996,-0.04748305,-0.1390025
2024-12-20,quality_momentum,2,002239.SZ,,0.99792528,-0.06072353,-0.07542947,-0.07248827,-0.16366474
2024-12-20,quality_momentum,3,002925.SZ,,0.99585062,-0.0526201,-0.03759195,0.01563289,-0.15593882
2024-12-20,quality_momentum,4,603128.SH,,0.9937759,-0.02020986,-0.00753379,-0.02302676,-0.13570283
2024-12-20,quality_momentum,5,600626.SH,,0.99170125,-0.11903663,-0.18194338,-0.17543582,-0.26871125
2024-12-20,quality_momentum,6,002602.SZ,,0.98962653,-0.03196012,-0.01993611,0.01814008,-0.04999622
2024-12-20,quality_momentum,7,300866.SZ,,0.98755187,0.01990163,0.00309848,0.02128411,0.00299211
2024-12-20,quality_momentum,8,002339.SZ,,0.98547715,-0.10614241,-0.12068788,-0.1073545,-0.22493028
2024-12-20,quality_momentum,9,000665.SZ,,0.98340249,-0.079293,-0.15872282,-0.11798955,-0.23204255
2024-12-20,quality_momentum,10,301088.SZ,,0.98132777,-0.09049934,-0.07681855,-0.0644407,-0.07676353
2024-12-20,quality_momentum,11,688578.SH,,0.97925311,-0.01116834,-0.00433906,-0.00645285,-0.06612766
2024-12-20,quality_momentum,12,002631.SZ,,0.97717839,-0.12850544,-0.20006513,-0.15786329,-0.26245038
2024-12-20,quality_momentum,13,605277.SH,,0.97510374,-0.02660738,0.00330159,0.0273588,-0.07667241
2024-12-20,quality_momentum,14,603048.SH,,0.97302902,-0.0988697,-0.11705149,-0.0891727,-0.19765758
2024-12-20,quality_momentum,15,002419.SZ,,0.97095436,-0.02732375,0.04216778,0.02860849,-0.18664576
2024-12-20,quality_momentum,16,002918.SZ,,0.96887964,,,,
2024-12-20,quality_momentum,17,300571.SZ,,0.96680498,-0.0931063,-0.14671857,-0.13723832,-0.22942537
2024-12-20,quality_momentum,18,301446.SZ,,0.96473026,-0.06746016,-0.00646431,-0.00231495,-0.17243942
2024-12-20,quality_momentum,19,600422.SH,,0.9626556,-0.03070178,-0.04798291,-0.0462548,-0.07908889
2024-12-20,quality_momentum,20,001328.SZ,,0.96058089,-0.05099092,-0.06886972,-0.03280913,0.0841606
2024-12-23,quality_momentum,1,002867.SZ,,1.0,0.00809286,0.01523065,0.02094087,-0.02545462
2024-12-23,quality_momentum,2,002241.SZ,,0.99679488,0.00144329,0.0456483,0.01258743,-0.06579296
2024-12-23,quality_momentum,3,002203.SZ,,0.99358976,0.01465932,-6.015e-05,0.01097943,0.00729963
2024-12-23,quality_momentum,4,603610.SH,,0.99038464,0.01227185,0.11324621,0.1318467,-0.03732953
2024-12-23,quality_momentum,5,000100.SZ,,0.98717946,0.00780877,0.00198349,0.00586698,-0.02714273
2024-12-23,quality_momentum,6,601229.SH,,0.98397434,0.01055746,0.01961748,0.04340011,-0.01096002
2024-12-23,quality_momentum,7,300866.SZ,,0.98076922,-0.00356528,0.00601001,0.02849134,0.04191763
2024-12-23,quality_momentum,8,600973.SH,,0.9775641,,,,
2024-12-23,quality_momentum,9,000823.SZ,,0.97435898,0.00731662,-0.00650827,0.01653316,-0.11249912
2024-12-23,quality_momentum,10,600422.SH,,0.97115386,-0.02028673,-0.03155605,-0.03392852,-0.04341842
2024-12-23,quality_momentum,11,600673.SH,,0.96794873,0.03583581,0.18468279,0.23080443,0.32409577
2024-12-23,quality_momentum,12,000950.SZ,,0.96474361,-0.00681796,-0.05927701,-0.08058852,-0.15271966
2024-12-23,quality_momentum,13,605158.SH,,0.96153843,0.01050459,0.14313814,0.23760379,0.07061912
2024-12-23,quality_momentum,14,002215.SZ,,0.95833331,0.00960437,0.00783448,0.01579908,-0.09039557
2024-12-23,quality_momentum,15,605499.SH,,0.95512819,-0.00512352,-0.00268525,0.0110355,0.06674491
2024-12-23,quality_momentum,16,300727.SZ,,0.95192307,0.06541679,0.19061338,0.11102864,-0.04688271
2024-12-23,quality_momentum,17,002210.SZ,,0.94871795,,,,
2024-12-23,quality_momentum,18,002632.SZ,,0.94551283,-0.014585,0.00232826,0.010785,-0.1594053
2024-12-23,quality_momentum,19,002404.SZ,,0.94230771,0.00096122,0.00382245,-0.05769402,-0.13637784
2024-12-23,quality_momentum,20,600177.SH,,0.93910259,-0.0019,0.00627757,0.04015611,-0.01124579
2024-12-24,quality_momentum,1,605277.SH,,1.0,0.00330159,0.0273588,-0.08642535,-0.0526152
2024-12-24,quality_momentum,2,000534.SZ,,0.9975,-0.02888653,-0.01614288,-0.03488351,-0.03788204
2024-12-24,quality_momentum,3,600548.SH,,0.995,0.00353479,0.02061548,0.04002542,0.02139187
2024-12-24,quality_momentum,4,603648.SH,,0.99250001,-0.0357828,0.00542598,-0.0687498,-0.15940913
2024-12-24,quality_momentum,5,001896.SZ,,0.99000001,-0.00614628,-0.02950087,-0.12079596,-0.1632588
2024-12-24,quality_momentum,6,002867.SZ,,0.98750001,0.00375372,0.00304703,0.02000812,-0.0435961
2024-12-24,quality_momentum,7,601113.SH,,0.98500001,-0.06856671,-0.06634444,-0.13745554,-0.16856667
2024-12-24,quality_momentum,8,601798.SH,,0.98250002,-0.0791358,0.04146039,-0.00461002,-0.198377
2024-12-24,quality_momentum,9,603518.SH,,0.98000002,-0.02469488,-0.03361462,-0.04947188,-0.07623101
2024-12-24,quality_momentum,10,603335.SH,,0.97750002,-0.04311864,0.04290287,-0.00906845,-0.24025124
2024-12-24,quality_momentum,11,002404.SZ,,0.97500002,-0.03471027,-0.02757762,-0.11887579,-0.14170028
2024-12-24,quality_momentum,12,002643.SZ,,0.97250003,-0.01344738,-0.03654207,-0.08273145,-0.24208477
2024-12-24,quality_momentum,13,300113.SZ,,0.97000003,-0.04910779,-0.01514119,-0.04565361,-0.18497425
2024-12-24,quality_momentum,14,002203.SZ,,0.96749997,-0.01818957,-0.01728459,-0.0371941,-0.00642493
2024-12-24,quality_momentum,15,000788.SZ,,0.96499997,-0.04407687,-0.06176397,-0.18693404,-0.15836257
2024-12-24,quality_momentum,16,600183.SH,,0.96249998,0.00473902,0.04415811,-0.00646429,0.02382613
2024-12-24,quality_momentum,17,002241.SZ,,0.95999998,-0.00597255,-0.0019,-0.05188153,-0.07816809
2024-12-24,quality_momentum,18,603128.SH,,0.95749998,-0.01724171,-0.03258342,-0.10510783,-0.15671175
2024-12-24,quality_momentum,19,002239.SZ,,0.95499998,-0.05023842,-0.04721724,-0.08347104,-0.143894
2024-12-24,quality_momentum,20,001212.SZ,,0.95249999,-0.02207848,-0.03139167,-0.0946435,-0.19165553
2024-12-25,quality_momentum,1,002276.SZ,,1.0,0.00241963,-0.02997774,-0.10341184,-0.12177038
2024-12-25,quality_momentum,2,605277.SH,,0.99746835,0.07636646,-0.00707468,-0.10345243,-0.05558692
2024-12-25,quality_momentum,3,605168.SH,,0.9949367,0.01359581,-0.0264351,-0.11088766,-0.21109421
2024-12-25,quality_momentum,4,300199.SZ,,0.99240506,-0.02368651,-0.06072356,-0.07016438,-0.1079276
2024-12-25,quality_momentum,5,603759.SH,,0.98987341,0.00056609,0.19415431,,-0.13630195
2024-12-25,quality_momentum,6,603109.SH,,0.98734176,,,,
2024-12-25,quality_momentum,7,600548.SH,,0.98481011,-0.00576103,0.01586055,0.02203816,-0.00267219
2024-12-25,quality_momentum,8,000600.SZ,,0.98227847,-0.01380472,0.00320206,-0.10053941,-0.14815847
2024-12-25,quality_momentum,9,002616.SZ,,0.97974682,-0.01660585,-0.06439995,-0.11219413,-0.15631179
2024-12-25,quality_momentum,10,600326.SH,,0.97721517,-0.03315,-0.08206306,-0.12418262,-0.15679134
2024-12-25,quality_momentum,11,002796.SZ,,0.97468352,0.00827437,,-0.20102788,-0.20102788
2024-12-25,quality_momentum,12,600183.SH,,0.97215188,0.05745692,0.03602246,-0.03322731,0.07147178
2024-12-25,quality_momentum,13,603868.SH,,0.96962023,-0.02442626,-0.07979469,-0.11032103,-0.15663679
2024-12-25,quality_momentum,14,002215.SZ,,0.96708858,0.01776035,0.02580324,-0.0144112,-0.09215922
2024-12-25,quality_momentum,15,002881.SZ,,0.96455693,0.05315898,0.09606207,0.13717754,0.08605136
2024-12-25,quality_momentum,16,002576.SZ,,0.96202534,0.01546527,0.04001613,,-0.17675029
2024-12-25,quality_momentum,17,002708.SZ,,0.9594937,0.03964583,0.06669904,0.03288257,-0.07243144
2024-12-25,quality_momentum,18,002384.SZ,,0.95696205,0.03473726,0.00758645,-0.03493893,0.01216609
2024-12-25,quality_momentum,19,300145.SZ,,0.9544304,0.10350532,0.07377564,-0.06406219,-0.06135948
2024-12-25,quality_momentum,20,002419.SZ,,0.95189875,0.01108698,-0.03274417,,-0.20806885
2024-12-26,quality_momentum,1,002276.SZ,,1.0,-0.02233006,-0.08577093,-0.11802895,-0.17609353
2024-12-26,quality_momentum,2,600183.SH,,0.9975186,-0.0209661,-0.06843692,-0.11551865,-0.02835908
2024-12-26,quality_momentum,3,300679.SZ,,0.9950372,0.00436853,-0.02680927,-0.12215733,-0.0706892
2024-12-26,quality_momentum,4,300990.SZ,,0.99255586,-1.406e-05,-0.04197539,-0.12966984,-0.10615828
2024-12-26,quality_momentum,5,002241.SZ,,0.99007446,-0.04409854,-0.09197093,-0.12388577,-0.14019786
2024-12-26,quality_momentum,6,000936.SZ,,0.98759305,,,,
2024-12-26,quality_momentum,7,002576.SZ,,0.98511165,-0.01014013,-0.01661459,,-0.23674404
2024-12-26,quality_momentum,8,002350.SZ,,0.98263025,,-0.01102648,,-0.2952507
2024-12-26,quality_momentum,9,603335.SH,,0.98014891,-0.03023335,-0.07856668,,-0.34023334
2024-12-26,quality_momentum,10,301162.SZ,,0.97766751,-0.01434728,-0.05253293,-0.12236415,-0.11371436
2024-12-26,quality_momentum,11,000988.SZ,,0.97518611,-0.0019,-0.00375191,-0.08523335,-0.11532594
2024-12-26,quality_momentum,12,601908.SH,,0.97270471,-0.00756572,-0.14920878,-0.22003031,-0.26252325
2024-12-26,quality_momentum,13,601500.SH,,0.97022331,-0.008893,-0.07532651,-0.12078109,-0.16798389
2024-12-26,quality_momentum,14,002568.SZ,,0.96774191,-0.00905308,-0.01012606,-0.10776554,-0.17750801
2024-12-26,quality_momentum,15,300738.SZ,,0.96526057,0.00548754,-0.04421023,-0.17181267,-0.22419683
2024-12-26,quality_momentum,16,603207.SH,,0.96277916,-0.00086549,-0.04638278,0.02741035,-0.08293448
2024-12-26,quality_momentum,17,603617.SH,,0.96029776,-0.02049799,0.15117577,0.39438041,-0.00619189
2024-12-26,quality_momentum,18,603759.SH,,0.95781636,-0.01420011,0.08666093,-0.07816076,-0.18640181
2024-12-26,quality_momentum,19,002881.SZ,,0.95533496,0.01063815,0.01334908,,-0.00088338
2024-12-26,quality_momentum,20,600864.SH,,0.95285362,-0.01360351,-0.07212103,-0.18395459,-0.23076868
2024-12-27,quality_momentum,1,002881.SZ,,1.0,0.02587774,0.06436502,-0.11100308,0.00880948
2024-12-27,quality_momentum,2,688696.SH,,0.9975186,-0.01295904,-0.06626183,-0.05918799,0.02430303
2024-12-27,quality_momentum,3,002576.SZ,,0.9950372,0.0307409,,-0.17103946,-0.22801278
2024-12-27,quality_momentum,4,002896.SZ,,0.99255586,-0.01995492,-0.07869344,-0.16439402,-0.07436032
2024-12-27,quality_momentum,5,301498.SZ,,0.99007446,-0.00636829,0.00218525,-0.02462437,0.05018729
2024-12-27,quality_momentum,6,002139.SZ,,0.98759305,0.02390643,-0.07573512,-0.11731221,-0.08362045
2024-12-27,quality_momentum,7,300811.SZ,,0.98511165,-0.00366031,-0.08058335,-0.12388556,-0.09308117
2024-12-27,quality_momentum,8,603881.SH,,0.98263025,,,,
2024-12-27,quality_momentum,9,600694.SH,,0.98014891,0.0540845,0.00196102,-0.03278809,-0.11386909
2024-12-27,quality_momentum,10,688110.SH,,0.97766751,0.0052268,-0.07166747,-0.12493078,-0.07129236
2024-12-27,quality_momentum,11,000988.SZ,,0.97518611,0.02309998,-0.04449259,-0.09379814,-0.1130111
2024-12-27,quality_momentum,12,002396.SZ,,0.97270471,-0.02746537,-0.11055289,-0.17594127,-0.11841918
2024-12-27,quality_momentum,13,300738.SZ,,0.97022331,0.04609997,-0.1005667,-0.19590002,-0.20123337
2024-12-27,quality_momentum,14,603335.SH,,0.96774191,-0.01905264,,-0.25061352,-0.30378677
2024-12-27,quality_momentum,15,600548.SH,,0.96526057,-0.00114071,0.0049337,0.00265583,-0.03758711
2024-12-27,quality_momentum,16,000938.SZ,,0.96277916,-0.01374837,-0.12038347,-0.16540716,-0.17725546
2024-12-27,quality_momentum,17,002384.SZ,,0.96029776,0.0122308,-0.03049023,-0.04166339,-0.04363515
2024-12-27,quality_momentum,18,002009.SZ,,0.95781636,-0.01388736,,-0.20884004,-0.15458141
2024-12-27,quality_momentum,19,300684.SZ,,0.95533496,-0.03526047,-0.11459322,-0.14958104,0.07173711
2024-12-27,quality_momentum,20,600183.SH,,0.95285362,-0.00309006,-0.06973026,-0.10186034,-0.02371672
2024-12-30,quality_momentum,1,002991.SZ,,1.0,0.046413,0.00336851,-0.02118031,0.01536268
2024-12-30,quality_momentum,2,300738.SZ,,0.99698794,-0.09477528,-0.21564042,-0.21882112,-0.2054623
2024-12-30,quality_momentum,3,301498.SZ,,0.99397588,0.00361419,0.05991073,0.02066983,0.08260878
2024-12-30,quality_momentum,4,002993.SZ,,0.99096388,-0.01285957,-0.09931845,-0.08129605,0.00077896
2024-12-30,quality_momentum,5,002139.SZ,,0.98795182,-0.05850379,-0.13537308,-0.12908378,-0.0186715
2024-12-30,quality_momentum,6,601229.SH,,0.98493975,-0.00515031,-0.04957069,-0.05390433,-0.04523694
2024-12-30,quality_momentum,7,300938.SZ,,0.98192769,-0.03574727,-0.0616969,0.04736668,0.10001806
2024-12-30,quality_momentum,8,605168.SH,,0.97891569,-0.06597204,-0.17823048,-0.18140761,-0.17320002
2024-12-30,quality_momentum,9,603777.SH,,0.97590363,,,,
2024-12-30,quality_momentum,10,000429.SZ,,0.97289157,0.03155196,-0.03392841,-0.03891066,-0.04460457
2024-12-30,quality_momentum,11,688226.SH,,0.96987951,-0.01599008,-0.02812315,-0.01716424,-0.03360257
2024-12-30,quality_momentum,12,000988.SZ,,0.96686745,-0.02809696,-0.10759105,-0.10646186,-0.10555858
2024-12-30,quality_momentum,13,002956.SZ,,0.96385545,-0.03786702,-0.07029626,-0.08444714,-0.04199434
2024-12-30,quality_momentum,14,002384.SZ,,0.96084338,-0.05569133,-0.07448588,-0.00092786,-0.00838088
2024-12-30,quality_momentum,15,688110.SH,,0.95783132,-0.07080132,-0.08532643,-0.11176967,-0.03392982
2024-12-30,quality_momentum,16,688377.SH,,0.95481926,-0.00034319,-0.02732812,0.03079335,0.02197131
2024-12-30,quality_momentum,17,002491.SZ,,0.9518072,,-0.23697467,-0.18660153,-0.16421349
2024-12-30,quality_momentum,18,688696.SH,,0.9487952,-0.01419096,-0.06496672,0.02570422,0.04323398
2024-12-30,quality_momentum,19,300474.SZ,,0.94578314,-0.0795441,-0.15639888,-0.12877451,-0.09424416
2024-12-30,quality_momentum,20,600183.SH,,0.94277108,-0.04915968,-0.09721371,-0.0686196,-0.0003114
2024-12-31,quality_momentum,1,600577.SH,,1.0,-0.01288899,-0.06646041,-0.06233956,-0.08019668
2024-12-31,quality_momentum,2,001283.SZ,,0.99502486,-0.043245,-0.0583419,-0.02128584,0.00341823
2024-12-31,quality_momentum,3,002993.SZ,,0.99004978,-0.02923321,-0.09030189,-0.0814371,0.0143521
2024-12-31,quality_momentum,4,000501.SZ,,0.98507464,,-0.1555984,-0.15655902,-0.16616508
2024-12-31,quality_momentum,5,600183.SH,,0.9800995,-0.02232521,-0.05608925,0.02852931,0.04812086
2024-12-31,quality_momentum,6,002991.SZ,,0.97512436,-0.01045434,-0.08583925,-0.07781958,-0.02927384
2024-12-31,quality_momentum,7,301187.SZ,,0.97014928,0.00745677,-0.0077479,0.19693049,0.15599478
2024-12-31,quality_momentum,8,000886.SZ,,0.96517414,-0.11036563,-0.19634442,-0.20692642,-0.19105342
2024-12-31,quality_momentum,9,000429.SZ,,0.960199,-0.07077051,-0.05424154,-0.06457212,-0.07903498
2024-12-31,quality_momentum,10,600548.SH,,0.95522386,-0.01382251,-0.01605795,-0.01978376,-0.04064811
2024-12-31,quality_momentum,11,300888.SZ,,0.95024878,0.02020073,-0.0596472,-0.05323085,-0.07271753
2024-12-31,quality_momentum,12,002577.SZ,,0.94527364,0.04182507,0.05999666,0.03785008,0.16391488
2024-12-31,quality_momentum,13,688362.SH,,0.9402985,-0.03575802,-0.13495607,0.01532607,0.02453312
2024-12-31,quality_momentum,14,600694.SH,,0.93532336,-0.01217785,-0.04643754,-0.05405073,-0.08640705
2024-12-31,quality_momentum,15,001965.SZ,,0.93034828,-0.04278953,-0.04924574,-0.02700757,-0.05283256
2024-12-31,quality_momentum,16,688256.SH,,0.92537314,-0.02199157,-0.02107271,0.10834333,0.05168264
2024-12-31,quality_momentum,17,002117.SZ,,0.920398,,,,
2024-12-31,quality_momentum,18,000729.SZ,,0.91542286,0.00393329,-0.04023336,-0.03273331,-0.04856667
2024-12-31,quality_momentum,19,600808.SH,,0.91044778,-0.05977776,0.01739266,0.07848586,0.11064025
2024-12-31,quality_momentum,20,600580.SH,,0.90547264,-0.04925062,-0.11971281,-0.05150538,0.06912593
2025-01-02,quality_momentum,1,600548.SH,,1.0,-0.01547464,-0.02452438,-0.02603266,-0.03885324
2025-01-02,quality_momentum,2,002384.SZ,,0.99504948,-0.03369971,0.04309327,0.04681449,-0.02050621
2025-01-02,quality_momentum,3,603759.SH,,0.99009901,-0.12762759,-0.16255191,-0.18467065,-0.17419334
2025-01-02,quality_momentum,4,603969.SH,,0.98514849,-0.08691443,-0.05089132,-0.08979625,-0.02063194
2025-01-02,quality_momentum,5,000501.SZ,,0.98019803,-0.133109,-0.18652975,-0.19121584,-0.17434607
2025-01-02,quality_momentum,6,300888.SZ,,0.9752475,-0.08257891,-0.08350896,-0.09862169,-0.09280911
2025-01-02,quality_momentum,7,301498.SZ,,0.97029704,0.05086545,0.01195882,0.00369434,0.10490225
2025-01-02,quality_momentum,8,603390.SH,,0.96534652,,-0.15602509,-0.16962445,-0.17869057
2025-01-02,quality_momentum,9,603518.SH,,0.96039605,-0.04681017,-0.04880614,-0.07375624,0.09590441
2025-01-02,quality_momentum,10,002956.SZ,,0.95544553,-0.07084523,-0.08498777,-0.05611334,-0.05552407
2025-01-02,quality_momentum,11,002668.SZ,,0.95049506,-0.03386348,-0.01559867,0.03310758,0.0026662
2025-01-02,quality_momentum,12,002991.SZ,,0.94554454,-0.03468685,-0.05830635,-0.0790139,-0.04892325
2025-01-02,quality_momentum,13,301071.SZ,,0.94059408,-0.07211865,-0.04534268,-0.0680203,-0.11036999
2025-01-02,quality_momentum,14,002946.SZ,,0.93564355,0.02082725,0.09176387,0.0628383,0.04424322
2025-01-02,quality_momentum,15,688678.SH,,0.93069309,-0.08055896,-0.0560586,-0.04509791,-0.09151956
2025-01-02,quality_momentum,16,688256.SH,,0.92574257,-0.02401313,0.09360077,0.12329339,-0.10018248
2025-01-02,quality_momentum,17,301121.SZ,,0.9207921,-0.13291698,-0.16156098,-0.12054411,-0.18834072
2025-01-02,quality_momentum,18,002350.SZ,,0.91584158,,-0.14198319,-0.15585288,-0.14891803
2025-01-02,quality_momentum,19,300938.SZ,,0.91089112,-0.04036156,0.0711769,0.0788692,0.13886918
2025-01-02,quality_momentum,20,688127.SH,,0.90594059,-0.02955151,-0.03485453,-0.09280906,-0.05568783
2025-01-03,quality_momentum,1,001314.SZ,,1.0,-0.15896339,-0.14980879,-0.22950725,-0.19378659
2025-01-03,quality_momentum,2,000429.SZ,,0.98989898,0.00986471,-0.00116471,-0.00778239,-0.03425296
2025-01-03,quality_momentum,3,002991.SZ,,0.97979796,-0.04661455,-0.03825147,-0.06702051,0.0208475
2025-01-03,quality_momentum,4,002881.SZ,,0.969697,-0.09025614,0.042963,0.00974384,0.05289454
2025-01-03,quality_momentum,5,002931.SZ,,0.95959598,0.00916335,0.01285101,0.00547557,0.07246999
2025-01-03,quality_momentum,6,300673.SZ,,0.94949496,-0.04640548,-0.03157032,-0.07442742,0.06897916
2025-01-03,quality_momentum,7,002668.SZ,,0.93939394,-0.01290629,0.04212516,-0.0019,0.03976668
2025-01-03,quality_momentum,8,301498.SZ,,0.92929292,-0.07738309,-0.04851836,-0.01059573,0.11718212
2025-01-03,quality_momentum,9,603229.SH,,0.9191919,,-0.09904282,-0.21142375,-0.18094755
2025-01-03,quality_momentum,10,600548.SH,,0.90909094,0.0095679,0.00574524,-0.02101314,-0.04777153
2025-01-03,quality_momentum,11,000063.SZ,,0.89898992,-0.02035638,-0.03741461,0.04424095,0.16728337
2025-01-03,quality_momentum,12,605378.SH,,0.8888889,,,,
2025-01-03,quality_momentum,13,002946.SZ,,0.87878788,0.0512987,0.04927846,0.04793163,0.03042325
2025-01-03,quality_momentum,14,600673.SH,,0.86868685,-0.00370184,0.1467486,0.08819009,0.09089276
2025-01-03,quality_momentum,15,001308.SZ,,0.85858583,-0.03131179,-0.04974311,-0.11954708,-0.08150782
2025-01-03,quality_momentum,16,603518.SH,,0.84848487,-0.02488846,-0.02593337,-0.0896743,0.02526831
2025-01-03,quality_momentum,17,688322.SH,,0.83838385,-0.02948299,0.07617387,0.13531372,0.15868913
2025-01-03,quality_momentum,18,002891.SZ,,0.82828283,-0.0718379,-0.0436372,-0.07155591,0.15715243
2025-01-03,quality_momentum,19,600789.SH,,0.81818181,,,,
2025-01-03,quality_momentum,20,605598.SH,,0.80808079,-0.02692115,0.07740455,-0.06678551,-0.07526723
2025-01-06,quality_momentum,1,301498.SZ,,1.0,0.03977203,0.03128083,0.07465124,0.22592491
2025-01-06,quality_momentum,2,603379.SH,,0.98850572,0.00682602,0.01280957,0.01256026,0.09009701
2025-01-06,quality_momentum,3,002946.SZ,,0.9770115,0.01344521,-0.01340896,-0.03642687,-0.01085143
2025-01-06,quality_momentum,4,605598.SH,,0.96551722,,,,
2025-01-06,quality_momentum,5,002577.SZ,,0.954023,-0.0056434,0.02644218,0.03874162,0.06441014
2025-01-06,quality_momentum,6,301187.SZ,,0.94252872,0.07398235,0.20398237,0.0772176,0.1298647
2025-01-06,quality_momentum,7,300708.SZ,,0.93103451,0.05264552,-0.01426359,-0.06371816,0.00028188
2025-01-06,quality_momentum,8,002847.SZ,,0.91954023,-0.00056937,-0.02069578,-0.04880619,-0.03566585
2025-01-06,quality_momentum,9,300938.SZ,,0.90804595,0.02157761,0.02891436,0.02451233,0.10595035
2025-01-06,quality_momentum,10,605499.SH,,0.89655173,0.0240076,0.07324387,0.0512244,-0.01598445
2025-01-06,quality_momentum,11,600066.SH,,0.88505745,-0.00883432,0.0163482,-0.02817741,0.027662
2025-01-06,quality_momentum,12,301252.SZ,,0.87356323,0.0171287,0.06313835,0.01485654,-0.01269243
2025-01-06,quality_momentum,13,600673.SH,,0.86206895,,,,
2025-01-06,quality_momentum,14,000852.SZ,,0.85057473,0.04743332,-0.0365667,-0.15656665,-0.1365667
2025-01-06,quality_momentum,15,002927.SZ,,0.83908045,,,,
2025-01-06,quality_momentum,16,002068.SZ,,0.82758623,0.0636738,0.07733505,0.03635137,
2025-01-06,quality_momentum,17,000429.SZ,,0.81609195,-0.01861516,-0.01425465,-0.04114423,-0.04187097
2025-01-06,quality_momentum,18,600160.SH,,0.80459768,0.00858383,0.01624515,-0.010771,0.05535804
2025-01-06,quality_momentum,19,301211.SZ,,0.79310346,-0.06146677,-0.09801913,-0.2212141,-0.17834405
2025-01-06,quality_momentum,20,001328.SZ,,0.78160918,0.00340138,-0.02366339,-0.03231301,0.00619154
2025-01-07,quality_momentum,1,603118.SH,,1.0,0.16458638,,0.03269458,0.07918098
2025-01-07,quality_momentum,2,301187.SZ,,0.98795182,,,,
2025-01-07,quality_momentum,3,603121.SH,,0.97590363,0.02125605,0.05984956,0.13017544,0.10787696
2025-01-07,quality_momentum,4,002991.SZ,,0.96385545,-0.01412996,-0.04361913,0.0353614,0.0381045
2025-01-07,quality_momentum,5,600160.SH,,0.9518072,-0.03182813,-0.01826072,-0.00070287,0.04039849
2025-01-07,quality_momentum,6,603379.SH,,0.93975902,-0.02562716,-0.00115855,0.03813953,0.09004264
2025-01-07,quality_momentum,7,002946.SZ,,0.92771083,-0.0189025,-0.02016197,-0.02897805,-0.04283194
2025-01-07,quality_momentum,8,605580.SH,,0.91566265,-0.01189166,-0.02687915,0.00476111,-0.04436459
2025-01-07,quality_momentum,9,605499.SH,,0.90361446,0.0345297,0.06481045,-0.06215219,-0.04246771
2025-01-07,quality_momentum,10,301498.SZ,,0.89156628,-0.01193253,0.02744537,0.05867186,0.18621135
2025-01-07,quality_momentum,11,603016.SH,,0.87951809,0.04686773,0.02091079,-0.00242434,-0.00294868
2025-01-07,quality_momentum,12,001206.SZ,,0.86746991,-0.01477553,-0.08934638,0.05335749,0.16065362
2025-01-07,quality_momentum,13,300956.SZ,,0.85542166,-0.04581585,-0.10071056,-0.04535831,-7.014e-05
2025-01-07,quality_momentum,14,300938.SZ,,0.84337348,0.00275949,0.00060896,0.04827922,0.07336879
2025-01-07,quality_momentum,15,300566.SZ,,0.83132529,-0.0455032,-0.18158372,-0.14948022,-0.12073084
2025-01-07,quality_momentum,16,002444.SZ,,0.81927711,0.0275763,-0.02980843,0.00217653,0.02600843
2025-01-07,quality_momentum,17,000429.SZ,,0.80722892,0.00401282,-0.00263909,-0.00781275,-0.04476765
2025-01-07,quality_momentum,18,301077.SZ,,0.79518074,-0.0015515,-0.12385119,-0.04893833,0.02039972
2025-01-07,quality_momentum,19,600066.SH,,0.78313255,0.04183391,0.01096295,0.01206549,0.04918419
2025-01-07,quality_momentum,20,603229.SH,,0.77108431,0.0410043,-0.08880864,-0.01620143,-0.04920477
2025-01-08,quality_momentum,1,603719.SH,,1.0,0.03247501,-0.07314998,0.00685005,0.02560004
2025-01-08,quality_momentum,2,605499.SH,,0.99038464,0.00925674,-0.01145224,-0.13234773,-0.08398954
2025-01-08,quality_momentum,3,603121.SH,,0.98076922,,,,
2025-01-08,quality_momentum,4,603379.SH,,0.97115386,0.02847977,0.02822661,0.07835319,0.13632781
2025-01-08,quality_momentum,5,603629.SH,,0.96153843,-0.04735454,-0.08871823,0.00173632,0.00400905
2025-01-08,quality_momentum,6,002213.SZ,,0.95192307,0.00512247,-0.03420339,-0.01875399,0.05989773
2025-01-08,quality_momentum,7,300708.SZ,,0.94230771,-0.01065907,-0.06029413,-0.03109701,-0.00481969
2025-01-08,quality_momentum,8,002927.SZ,,0.93269229,,-0.22877499,-0.23565,-0.1894
2025-01-08,quality_momentum,9,301498.SZ,,0.92307693,8e-08,0.0420574,0.06219926,0.16594891
2025-01-08,quality_momentum,10,603016.SH,,0.91346157,-0.01189997,-0.10165,-0.06139995,-0.06264995
2025-01-08,quality_momentum,11,600066.SH,,0.90384614,-0.01950558,-0.0624634,-0.02654788,0.01007184
2025-01-08,quality_momentum,12,600405.SH,,0.89423078,-0.07969579,-0.16559534,-0.13480116,-0.16721605
2025-01-08,quality_momentum,13,002668.SZ,,0.88461536,0.02219636,-0.05009279,-0.01018314,-0.01771329
2025-01-08,quality_momentum,14,002119.SZ,,0.875,-0.01827426,0.00979592,0.06359705,0.06301233
2025-01-08,quality_momentum,15,002245.SZ,,0.86538464,,-0.07843902,-0.04599309,0.05550433
2025-01-08,quality_momentum,16,301291.SZ,,0.85576922,-0.01760685,-0.05143691,-0.0953354,0.05025464
2025-01-08,quality_momentum,17,002885.SZ,,0.84615386,,-0.2011238,-0.19724282,-0.16102031
2025-01-08,quality_momentum,18,002062.SZ,,0.83653843,-0.02831517,-0.01888116,-0.03397549,-0.03020191
2025-01-08,quality_momentum,19,000852.SZ,,0.82692307,-0.02352166,-0.14514324,-0.14919732,-0.10865675
2025-01-08,quality_momentum,20,605598.SH,,0.81730771,,-0.16496485,-0.16339311,-0.13549533
2025-01-09,quality_momentum,1,600789.SH,,1.0,-0.116686,-0.11960422,-0.08166654,-0.1400323
2025-01-09,quality_momentum,2,603379.SH,,0.98989898,-0.00705973,0.03200661,0.02021299,0.02979528
2025-01-09,quality_momentum,3,301498.SZ,,0.97979796,0.03590505,0.06738817,0.09874487,0.18029754
2025-01-09,quality_momentum,4,600160.SH,,0.969697,-0.02566239,-0.00823666,-0.02209802,8.021e-05
2025-01-09,quality_momentum,5,300866.SZ,,0.95959598,-0.02131745,0.0110126,0.00305145,0.00208061
2025-01-09,quality_momentum,6,603629.SH,,0.94949496,-0.01761429,0.06952854,0.07333801,0.00524285
2025-01-09,quality_momentum,7,002668.SZ,,0.93939394,-0.06660586,-0.03719412,-0.03131175,-0.0607235
2025-01-09,quality_momentum,8,002518.SZ,,0.92929292,-0.09004967,-0.00896862,-0.02476899,-0.037243
2025-01-09,quality_momentum,9,603500.SH,,0.9191919,-0.13292596,-0.11438452,-0.13416205,-0.16135613
2025-01-09,quality_momentum,10,002119.SZ,,0.90909094,-0.01081799,0.03971711,0.01950307,0.01177422
2025-01-09,quality_momentum,11,603016.SH,,0.89898992,-0.01679896,-0.03927376,-0.04785961,-0.08775861
2025-01-09,quality_momentum,12,002225.SZ,,0.8888889,-0.06308878,0.00858955,-0.0491028,-0.08581605
2025-01-09,quality_momentum,13,002213.SZ,,0.87878788,-0.0744244,-0.00747884,-0.06745089,-0.01375494
2025-01-09,quality_momentum,14,001328.SZ,,0.86868685,-0.05580758,-0.00931582,-0.02585894,-0.00075913
2025-01-09,quality_momentum,15,301568.SZ,,0.85858583,-0.11885077,-0.07813103,-0.06960832,-0.08191891
2025-01-09,quality_momentum,16,300708.SZ,,0.84848487,-0.08511066,-0.0026364,0.00399098,0.04375537
2025-01-09,quality_momentum,17,002927.SZ,,0.83838385,-0.17108029,-0.16911307,-0.18878521,-0.17042458
2025-01-09,quality_momentum,18,300938.SZ,,0.82828283,-0.00652632,0.04080464,0.053616,0.09276193
2025-01-09,quality_momentum,19,605499.SH,,0.81818181,0.0159604,-0.10518799,-0.13729246,-0.10843534
2025-01-09,quality_momentum,20,002444.SZ,,0.80808079,-0.03916709,-0.00749006,0.01424907,-0.01867018
2025-01-10,quality_momentum,1,600183.SH,,1.0,-0.01628848,0.00489457,0.13159319,0.19714076
2025-01-10,quality_momentum,2,002552.SZ,,0.98901099,0.05927987,0.19984794,0.30909772,0.15541972
2025-01-10,quality_momentum,3,301498.SZ,,0.97802198,0.00212052,0.02149183,0.12699871,0.11310977
2025-01-10,quality_momentum,4,001389.SZ,,0.96703297,0.00633368,0.00947037,0.05279515,0.19708063
2025-01-10,quality_momentum,5,300866.SZ,,0.95604396,0.01443662,0.04166432,0.08691183,0.04265446
2025-01-10,quality_momentum,6,600398.SH,,0.94505495,-0.03985806,-0.0267691,0.02820475,0.12768121
2025-01-10,quality_momentum,7,603121.SH,,0.93406594,0.02152488,0.05625831,0.0497963,0.0885685
2025-01-10,quality_momentum,8,603629.SH,,0.92307693,-0.02996004,0.06631476,0.09872894,0.04696307
2025-01-10,quality_momentum,9,002518.SZ,,0.91208792,0.02409182,0.08701927,0.07425144,0.13353095
2025-01-10,quality_momentum,10,603379.SH,,0.90109891,0.00303953,0.05194048,0.08305925,0.06206641
2025-01-10,quality_momentum,11,600808.SH,,0.8901099,0.04184996,0.07935,0.06372501,0.03247497
2025-01-10,quality_momentum,12,002335.SZ,,0.87912089,0.01529099,0.1283122,0.14184545,0.11770506
2025-01-10,quality_momentum,13,002444.SZ,,0.86813188,0.01261616,0.04035803,0.08939031,0.02874513
2025-01-10,quality_momentum,14,603016.SH,,0.85714287,-0.07880341,-0.0375319,-0.05368159,-0.04599128
2025-01-10,quality_momentum,15,688141.SH,,0.84615386,-0.03533067,0.03282897,0.06658422,0.04646091
2025-01-10,quality_momentum,16,603322.SH,,0.83516484,0.05065285,-0.0517132,-0.10401711,-0.09231099
2025-01-10,quality_momentum,17,002119.SZ,,0.82417583,0.03589249,0.09108141,0.25184928,0.0478901
2025-01-10,quality_momentum,18,605598.SH,,0.81318682,-0.03591356,-0.03409948,-0.01097025,-0.03319252
2025-01-10,quality_momentum,19,605499.SH,,0.80219781,-0.03956811,-0.15703174,-0.12458423,-0.12643323
2025-01-10,quality_momentum,20,605580.SH,,0.7912088,-0.00275401,-0.01727154,-0.0241033,-0.0633859
2025-01-13,quality_momentum,1,002346.SZ,,1.0,,,,
2025-01-13,quality_momentum,2,301498.SZ,,0.98750001,0.02431036,0.05440382,0.13861694,0.18715467
2025-01-13,quality_momentum,3,002577.SZ,,0.97500002,0.07723674,0.01916895,0.02276606,-0.01474687
2025-01-13,quality_momentum,4,600398.SH,,0.96249998,0.03755572,0.06068497,0.10966461,0.19265776
2025-01-13,quality_momentum,5,688141.SH,,0.94999999,0.03906707,-0.00122846,0.13040358,0.08406371
2025-01-13,quality_momentum,6,300866.SZ,,0.9375,0.01446626,0.00647797,0.03882089,0.06385744
2025-01-13,quality_momentum,7,688256.SH,,0.92500001,-0.06474915,-0.19603404,-0.13845026,-0.17368768
2025-01-13,quality_momentum,8,600066.SH,,0.91250002,0.03220801,0.03183317,0.05544633,0.06631593
2025-01-13,quality_momentum,9,603379.SH,,0.89999998,0.0322607,0.02046418,0.07453153,0.06175199
2025-01-13,quality_momentum,10,603322.SH,,0.88749999,,-0.07430884,-0.10270451,-0.05892792
2025-01-13,quality_momentum,11,605080.SH,,0.875,,,,
2025-01-13,quality_momentum,12,605580.SH,,0.86250001,0.03143333,-0.05574612,0.02374107,-0.06172906
2025-01-13,quality_momentum,13,300876.SZ,,0.85000002,0.01685009,0.01207066,-0.0166058,0.00177647
2025-01-13,quality_momentum,14,603986.SH,,0.83749998,,,,
2025-01-13,quality_momentum,15,002119.SZ,,0.82499999,0.01081674,-0.00883644,0.09231964,0.00677056
2025-01-13,quality_momentum,16,002518.SZ,,0.8125,0.05943329,0.04254444,0.08743331,0.0256555
2025-01-13,quality_momentum,17,605499.SH,,0.80000001,-0.0864389,-0.11921464,-0.06571853,-0.0772089
2025-01-13,quality_momentum,18,688041.SH,,0.78750002,-0.01214054,-0.10842916,-0.07681405,-0.06719212
2025-01-13,quality_momentum,19,603121.SH,,0.77499998,0.03993109,0.00836043,0.04308814,0.04229886
2025-01-13,quality_momentum,20,688220.SH,,0.76249999,0.04863191,-0.04255349,0.03248453,0.40767442
2025-01-14,quality_momentum,1,688256.SH,,1.0,0.0234353,-0.12112504,-0.08981357,-0.14347976
2025-01-14,quality_momentum,2,300866.SZ,,0.99159664,0.00835593,0.05215923,0.02350019,0.07247943
2025-01-14,quality_momentum,3,603236.SH,,0.98319328,0.08489252,0.1231874,0.24198543,0.19167099
2025-01-14,quality_momentum,4,600066.SH,,0.97478992,0.00208692,0.00462409,0.03470747,0.01042331
2025-01-14,quality_momentum,5,301498.SZ,,0.96638656,-0.00863996,0.09376048,0.1183554,0.11764594
2025-01-14,quality_momentum,6,688041.SH,,0.9579832,0.02018176,-0.07835302,-0.08043625,-0.03668922
2025-01-14,quality_momentum,7,605580.SH,,0.94957983,-0.04821929,-0.05483632,-0.05070063,-0.10032844
2025-01-14,quality_momentum,8,002444.SZ,,0.94117647,0.0071568,0.05462715,0.02183514,-0.01158146
2025-01-14,quality_momentum,9,002577.SZ,,0.93277311,-0.02428092,-0.02380472,-0.00618572,-0.09094766
2025-01-14,quality_momentum,10,600160.SH,,0.92436975,0.00248423,0.02839099,0.03915221,0.01683256
2025-01-14,quality_momentum,11,002837.SZ,,0.91596639,-0.02919525,-0.02423244,0.04028369,-0.05897195
2025-01-14,quality_momentum,12,001226.SZ,,0.90756303,0.02583969,0.01899041,0.01453835,0.01933288
2025-01-14,quality_momentum,13,603306.SH,,0.89915967,0.0079837,0.10536736,0.13734415,0.0039139
2025-01-14,quality_momentum,14,002552.SZ,,0.89075631,,,,
2025-01-14,quality_momentum,15,002518.SZ,,0.88235295,-0.0019,-0.01362523,0.03285719,-0.04921991
2025-01-14,quality_momentum,16,920245.BJ,,0.87394959,0.02095715,-0.04631556,-0.06683506,-0.04579611
2025-01-14,quality_momentum,17,002062.SZ,,0.86554623,0.0039824,0.00790396,-0.019547,0.02751179
2025-01-14,quality_momentum,18,603629.SH,,0.85714287,-0.02056668,0.00921116,-0.01834446,-0.06856663
2025-01-14,quality_momentum,19,002335.SZ,,0.8487395,-0.00222353,0.00974667,0.01686412,-0.06336882
2025-01-14,quality_momentum,20,603322.SH,,0.84033614,-0.12286774,-0.17125489,-0.13162352,-0.05120883
2025-01-15,quality_momentum,1,301498.SZ,,1.0,0.03440952,0.11702861,0.09559998,0.05214759
2025-01-15,quality_momentum,2,000534.SZ,,0.9894737,-0.02015556,-0.0255646,0.02649759,-0.02826916
2025-01-15,quality_momentum,3,002881.SZ,,0.97894734,-0.03673669,0.04506732,0.06186358,0.66404094
2025-01-15,quality_momentum,4,300866.SZ,,0.96842104,-0.01983168,0.01166738,0.02836564,0.05644914
2025-01-15,quality_momentum,5,688256.SH,,0.95789474,-0.16323717,-0.10330986,-0.05713253,-0.18503952
2025-01-15,quality_momentum,6,688041.SH,,0.94736844,-0.11868775,-0.08743564,-0.09266706,-0.04395452
2025-01-15,quality_momentum,7,002536.SZ,,0.93684208,-0.031827,-0.03036714,-0.04131603,-0.04569561
2025-01-15,quality_momentum,8,002335.SZ,,0.92631578,0.00101261,0.00457249,0.04664365,-0.02487734
2025-01-15,quality_momentum,9,301285.SZ,,0.91578948,-0.08675753,-0.09335426,-0.06966606,-0.07836172
2025-01-15,quality_momentum,10,600618.SH,,0.90526319,-0.02103483,-0.07594328,-0.09258225,-0.06346411
2025-01-15,quality_momentum,11,600673.SH,,0.89473683,0.03440079,0.03440079,0.06119425,-0.0719086
2025-01-15,quality_momentum,12,603719.SH,,0.88421053,-0.02420484,-0.04217266,0.01668734,-0.1530772
2025-01-15,quality_momentum,13,600580.SH,,0.87368423,0.00652111,0.02494214,0.08231059,0.25073163
2025-01-15,quality_momentum,14,600160.SH,,0.86315787,-0.02015396,0.03857619,0.05841746,0.0024651
2025-01-15,quality_momentum,15,300972.SZ,,0.85263157,-0.00291867,0.01908177,0.12844031,0.09985277
2025-01-15,quality_momentum,16,603306.SH,,0.84210527,0.00500847,0.11755879,0.16390307,0.02861236
2025-01-15,quality_momentum,17,002379.SZ,,0.83157897,0.04571899,0.06265023,0.06159198,0.08063961
2025-01-15,quality_momentum,18,001226.SZ,,0.82105261,-0.00789803,-0.01123024,-0.00623189,-0.03688837
2025-01-15,quality_momentum,19,002837.SZ,,0.81052631,-0.01975713,0.05396733,0.15881425,0.00830406
2025-01-15,quality_momentum,20,688141.SH,,0.80000001,-0.06714467,0.0558165,0.0344865,0.05832585
2025-01-16,quality_momentum,1,603236.SH,,1.0,0.07718845,0.19112945,0.11070052,0.19166562
2025-01-16,quality_momentum,2,300866.SZ,,0.99180329,0.06050941,0.03162333,-0.00286605,0.06089585
2025-01-16,quality_momentum,3,688591.SH,,0.98360658,0.0434544,0.14329684,0.11747016,0.22833628
2025-01-16,quality_momentum,4,600618.SH,,0.97540987,-0.04006792,-0.07993218,-0.04346059,-0.06042416
2025-01-16,quality_momentum,5,600808.SH,,0.96721309,-0.01919105,-0.02783657,-0.05665506,-0.0595369
2025-01-16,quality_momentum,6,300938.SZ,,0.95901638,0.00787751,0.00956325,0.035187,0.07699412
2025-01-16,quality_momentum,7,000534.SZ,,0.95081967,-0.01085316,-0.0411562,0.00843062,0.02358211
2025-01-16,quality_momentum,8,002881.SZ,,0.94262296,-0.00931218,0.08124526,0.06416513,0.89690759
2025-01-16,quality_momentum,9,002119.SZ,,0.93442625,,,,
2025-01-16,quality_momentum,10,688322.SH,,0.92622954,0.02861061,0.0659705,0.05891362,0.22267451
2025-01-16,quality_momentum,11,603379.SH,,0.91803277,0.05410962,0.06011923,0.00747498,-0.01992884
2025-01-16,quality_momentum,12,603629.SH,,0.90983605,0.00562887,-0.02182911,-0.06523032,0.04770145
2025-01-16,quality_momentum,13,603306.SH,,0.90163934,0.08700789,0.11845447,0.12502969,0.02954647
2025-01-16,quality_momentum,14,301498.SZ,,0.89344263,0.06254577,0.08644001,0.07219535,0.0435911
2025-01-16,quality_momentum,15,001226.SZ,,0.88524592,-0.00257041,-0.00692844,-0.00525232,-0.03106527
2025-01-16,quality_momentum,16,000807.SZ,,0.87704921,0.01441418,0.00776766,-0.02969456,0.01924798
2025-01-16,quality_momentum,17,603800.SH,,0.86885244,,-0.06240727,-0.10117537,-0.02871162
2025-01-16,quality_momentum,18,603986.SH,,0.86065573,0.04387193,0.00663381,0.00500464,0.07257635
2025-01-16,quality_momentum,19,600160.SH,,0.85245901,0.04296663,0.05388009,0.02073542,-0.00230421
2025-01-16,quality_momentum,20,603119.SH,,0.8442623,-0.01103627,0.06537569,0.0703591,0.17127274
2025-01-17,quality_momentum,1,002444.SZ,,1.0,-0.01904459,-0.04417016,-0.05747199,-0.08378
2025-01-17,quality_momentum,2,688591.SH,,0.99319726,0.00713885,0.10927804,0.099034,0.18520452
2025-01-17,quality_momentum,3,300866.SZ,,0.98639458,-0.03045321,-0.01444888,-0.0425474,-0.02918017
2025-01-17,quality_momentum,4,603629.SH,,0.97959185,-0.02959235,-0.0291528,-0.04893299,0.07502309
2025-01-17,quality_momentum,5,603379.SH,,0.97278911,-0.00485925,0.02154636,-0.02124897,-0.07997878
2025-01-17,quality_momentum,6,002335.SZ,,0.96598637,-0.00733649,0.03423687,-0.02300644,0.11098778
2025-01-17,quality_momentum,7,688300.SH,,0.95918369,-0.00615535,-0.03764475,-0.06955959,-0.12814113
2025-01-17,quality_momentum,8,600191.SH,,0.95238096,0.02884868,-0.00858444,0.00612144,0.14382191
2025-01-17,quality_momentum,9,603228.SH,,0.94557822,,,,
2025-01-17,quality_momentum,10,688322.SH,,0.93877554,-0.01378319,0.05147357,0.08551188,0.17816039
2025-01-17,quality_momentum,11,300938.SZ,,0.9319728,0.00644727,-0.00023058,0.01813337,0.07923524
2025-01-17,quality_momentum,12,002896.SZ,,0.92517006,-0.01439996,0.02537271,0.30832727,0.41855456
2025-01-17,quality_momentum,13,603338.SH,,0.91836733,-0.00905815,-0.01335306,-0.03668885,-0.0354004
2025-01-17,quality_momentum,14,603986.SH,,0.91156465,-0.0076122,0.01442049,-0.04240446,-0.00338364
2025-01-17,quality_momentum,15,002577.SZ,,0.90476191,-0.03111131,0.02146901,-0.01845307,0.14318274
2025-01-17,quality_momentum,16,600160.SH,,0.89795917,0.01241332,0.03175568,-0.00847643,-0.03942417
2025-01-17,quality_momentum,17,603306.SH,,0.89115644,0.0191029,0.06137122,0.0246162,-0.05178181
2025-01-17,quality_momentum,18,300673.SZ,,0.88435376,-0.00600473,-0.04756449,-0.05680002,-0.07373172
2025-01-17,quality_momentum,19,002490.SZ,,0.87755102,-0.02950734,-0.04484482,-0.02950734,0.01036993
2025-01-17,quality_momentum,20,600183.SH,,0.87074828,0.02595613,0.10599844,0.05592794,0.01890397
2025-01-20,quality_momentum,1,300866.SZ,,1.0,-0.00049591,-0.03391346,0.02215692,0.02796052
2025-01-20,quality_momentum,2,600160.SH,,0.99397588,-0.0057139,-0.0369877,-0.02287636,-0.05376878
2025-01-20,quality_momentum,3,002444.SZ,,0.98795182,-0.0160353,-0.04971948,-0.03588494,-0.06806538
2025-01-20,quality_momentum,4,600398.SH,,0.98192769,0.04583559,0.04828356,0.07276335,-0.02882783
2025-01-20,quality_momentum,5,002837.SZ,,0.97590363,0.01283791,0.06768204,-0.06520031,-0.0093897
2025-01-20,quality_momentum,6,603379.SH,,0.96987951,0.00677579,-0.04322423,-0.01377213,-0.05646617
2025-01-20,quality_momentum,7,002119.SZ,,0.96385545,-0.0013717,-0.10121323,-0.08008273,-0.03201096
2025-01-20,quality_momentum,8,603338.SH,,0.95783132,-0.01127281,-0.03304639,-0.02857632,-0.04400529
2025-01-20,quality_momentum,9,002660.SZ,,0.9518072,-0.00559006,-0.06463071,-0.01389261,0.02485269
2025-01-20,quality_momentum,10,002916.SZ,,0.94578314,0.01342857,0.04909414,-0.01161315,0.03012307
2025-01-20,quality_momentum,11,603306.SH,,0.93975902,0.00581409,0.01172823,,-0.07466935
2025-01-20,quality_momentum,12,002518.SZ,,0.93373495,0.00625998,-0.05534754,-0.05861157,0.0344117
2025-01-20,quality_momentum,13,002881.SZ,,0.92771083,-0.00338548,-0.01913107,0.31301381,1.01830216
2025-01-20,quality_momentum,14,603629.SH,,0.92168677,-0.00144793,-0.0457517,-0.06157452,0.09529715
2025-01-20,quality_momentum,15,300938.SZ,,0.91566265,-0.00852257,0.01664301,-0.0158073,0.05803378
2025-01-20,quality_momentum,16,301077.SZ,,0.90963858,-0.01268892,-0.04775297,-0.07944549,-0.06427358
2025-01-20,quality_momentum,17,603950.SH,,0.90361446,0.04554327,0.00811575,-0.04249048,0.0613577
2025-01-20,quality_momentum,18,002896.SZ,,0.89759034,0.00224265,0.13135663,0.32606311,0.49407237
2025-01-20,quality_momentum,19,002577.SZ,,0.89156628,0.0467459,-0.01794813,-0.0385099,0.25687631
2025-01-20,quality_momentum,20,603129.SH,,0.88554215,-0.00537165,-0.01252231,0.06768911,0.08069503
2025-01-21,quality_momentum,1,000063.SZ,,1.0,0.03118127,0.00707916,-0.00355412,-0.02127623
2025-01-21,quality_momentum,2,002916.SZ,,0.9956522,0.04279363,0.02201631,-0.09083868,0.06678467
2025-01-21,quality_momentum,3,002837.SZ,,0.99130434,0.08143327,,-0.09713814,0.00309999
2025-01-21,quality_momentum,4,688141.SH,,0.98695654,-0.00220252,-0.02459289,0.01383375,0.12033906
2025-01-21,quality_momentum,5,300383.SZ,,0.98260868,0.0514423,0.0291601,0.0514423,0.18986231
2025-01-21,quality_momentum,6,600808.SH,,0.97826087,0.00401715,-0.02261011,-0.04332015,-0.07290592
2025-01-21,quality_momentum,7,301383.SZ,,0.97391301,0.02215495,0.0474127,-0.01753577,0.01356391
2025-01-21,quality_momentum,8,600066.SH,,0.96956521,0.00299507,0.01278529,-0.02532656,-0.05994197
2025-01-21,quality_momentum,9,603379.SH,,0.96521741,0.01575502,-0.02679815,-0.03313583,-0.06007113
2025-01-21,quality_momentum,10,300660.SZ,,0.96086955,-0.00631857,0.0771698,0.03065813,0.15856509
2025-01-21,quality_momentum,11,688322.SH,,0.95652175,0.01462086,0.04746834,0.04863447,0.14873168
2025-01-21,quality_momentum,12,603986.SH,,0.95217389,0.05194611,-0.00697699,0.02194616,0.03563846
2025-01-21,quality_momentum,13,603719.SH,,0.94782609,-0.03484119,-0.04542943,-0.19778237,-0.20307651
2025-01-21,quality_momentum,14,301123.SZ,,0.94347829,0.01911861,-0.07142303,-0.11063079,-0.05242543
2025-01-21,quality_momentum,15,300938.SZ,,0.93913043,-0.0019,0.01643334,-0.0182333,0.0481
2025-01-21,quality_momentum,16,002518.SZ,,0.93478262,-0.01889723,0.00578918,-0.08122016,0.03816468
2025-01-21,quality_momentum,17,688591.SH,,0.93043476,0.01240148,0.00305055,-0.00905069,0.14166442
2025-01-21,quality_momentum,18,002213.SZ,,0.92608696,-0.00650829,-0.04600796,-0.02428313,0.10804081
2025-01-21,quality_momentum,19,688608.SH,,0.9217391,0.04488451,0.03699615,0.03254692,0.02989928
2025-01-21,quality_momentum,20,300866.SZ,,0.9173913,0.01314953,-0.01573433,0.04586598,0.04184654
2025-01-22,quality_momentum,1,002916.SZ,,1.0,-0.01105724,-0.06829007,-0.11464859,-0.03795672
2025-01-22,quality_momentum,2,300383.SZ,,0.99553573,-0.03972049,-0.06343843,0.0416898,0.10194617
2025-01-22,quality_momentum,3,002837.SZ,,0.9910714,-0.02893295,-0.14981207,-0.13157032,-0.11728457
2025-01-22,quality_momentum,4,000063.SZ,,0.98660713,-0.0636567,-0.05244897,-0.01836849,-0.10025318
2025-01-22,quality_momentum,5,603379.SH,,0.98214287,-0.06795871,-0.03926649,-0.06462243,-0.08975587
2025-01-22,quality_momentum,6,300938.SZ,,0.9776786,0.02343335,-0.0092333,0.06076668,0.01910003
2025-01-22,quality_momentum,7,603118.SH,,0.97321427,-0.06666196,-0.13999524,-0.04761431,0.00952853
2025-01-22,quality_momentum,8,000534.SZ,,0.96875,-0.03740293,-0.06764623,-0.05515445,-0.0328007
2025-01-22,quality_momentum,9,002335.SZ,,0.96428573,-0.08801112,-0.11239381,-0.07010983,0.08328526
2025-01-22,quality_momentum,10,600066.SH,,0.9598214,-0.01651376,-0.01025072,-0.06174692,-0.07740452
2025-01-22,quality_momentum,11,603296.SH,,0.95535713,-0.02665243,-0.04892968,-0.02677619,0.06258021
2025-01-22,quality_momentum,12,001389.SZ,,0.95089287,-0.00396347,-0.07983648,-0.09872537,-0.11475711
2025-01-22,quality_momentum,13,002851.SZ,,0.9464286,-0.066244,-0.20729483,-0.20532794,-0.17737068
2025-01-22,quality_momentum,14,002245.SZ,,0.94196427,0.01147532,-0.02392983,-0.03809194,-0.00111322
2025-01-22,quality_momentum,15,002518.SZ,,0.9375,-0.04677439,-0.05006797,-0.04718607,0.02568341
2025-01-22,quality_momentum,16,688322.SH,,0.93303573,-0.02465332,-0.00323843,0.06884571,0.07840594
2025-01-22,quality_momentum,17,603583.SH,,0.9285714,-0.01869772,-0.0279901,0.11461181,0.10960825
2025-01-22,quality_momentum,18,300866.SZ,,0.92410713,-0.04960232,0.00555929,0.0253585,0.01209764
2025-01-22,quality_momentum,19,002881.SZ,,0.91964287,-0.03464847,0.29225202,0.56418194,0.7489772
2025-01-22,quality_momentum,20,301061.SZ,,0.9151786,-0.00530275,0.10739626,0.04614679,0.05975778
2025-01-23,quality_momentum,1,002837.SZ,,1.0,,-0.14353092,-0.07915318,-0.05769398
2025-01-23,quality_momentum,2,002851.SZ,,0.9956522,-0.04919725,-0.16105911,-0.13658467,-0.13448252
2025-01-23,quality_momentum,3,600580.SH,,0.99130434,0.08379951,0.15969007,0.39407318,0.27843039
2025-01-23,quality_momentum,4,002518.SZ,,0.98695654,0.07137586,-0.02129658,0.04508271,0.1834448
2025-01-23,quality_momentum,5,002916.SZ,,0.98260868,-0.01273037,-0.12175561,-0.11381341,-0.01273037
2025-01-23,quality_momentum,6,300938.SZ,,0.97826087,-0.00872706,-0.04253717,0.03841206,0.00102586
2025-01-23,quality_momentum,7,603379.SH,,0.97391301,0.02405858,0.01739035,-0.0290493,-0.02547704
2025-01-23,quality_momentum,8,603809.SH,,0.96956521,0.07616686,0.14679888,0.15869473,0.20256095
2025-01-23,quality_momentum,9,603986.SH,,0.96521741,-0.00536719,0.02360275,0.06520836,-0.02108486
2025-01-23,quality_momentum,10,300383.SZ,,0.96086955,0.0154218,0.03740711,0.15066499,0.16598802
2025-01-23,quality_momentum,11,603236.SH,,0.95652175,0.04629274,0.02701567,0.07087105,0.01026866
2025-01-23,quality_momentum,12,688668.SH,,0.95217389,-0.05032101,-0.20225087,-0.15979473,-0.17119825
2025-01-23,quality_momentum,13,002891.SZ,,0.94782609,-0.01025077,-0.05983318,-0.03530296,-0.07288126
2025-01-23,quality_momentum,14,000063.SZ,,0.94347829,0.03905567,0.0280854,0.0414935,-0.0218902
2025-01-23,quality_momentum,15,300708.SZ,,0.93913043,0.01218452,-0.06316762,-0.02584367,-0.0490831
2025-01-23,quality_momentum,16,605555.SH,,0.93478262,0.01542666,-0.02005186,0.1115488,0.05090528
2025-01-23,quality_momentum,17,603121.SH,,0.93043476,0.06698361,0.02818708,0.1540778,0.08281893
2025-01-23,quality_momentum,18,002577.SZ,,0.92608696,0.02766167,-0.0268746,0.22236093,0.18311525
2025-01-23,quality_momentum,19,603296.SH,,0.9217391,0.00609492,-0.01674775,-0.01370205,0.21472436
2025-01-23,quality_momentum,20,688768.SH,,0.9173913,0.03538399,0.08451977,0.14155682,0.22377903
2025-01-24,quality_momentum,1,600580.SH,,1.0,-0.01711635,0.12981661,0.24869435,0.25297396
2025-01-24,quality_momentum,2,603379.SH,,0.99555558,0.00274256,-0.0237199,-0.06178858,-0.04553972
2025-01-24,quality_momentum,3,603986.SH,,0.9911111,0.03397452,0.07665269,0.03876806,-0.01689921
2025-01-24,quality_momentum,4,002518.SZ,,0.98666668,-0.07338599,-0.07057468,0.00050964,0.12099155
2025-01-24,quality_momentum,5,300693.SZ,,0.9822222,-0.06569531,-0.10034559,-0.07702953,0.04926584
2025-01-24,quality_momentum,6,300938.SZ,,0.97777778,-0.02710456,0.04163519,0.05800184,-0.0172846
2025-01-24,quality_momentum,7,600066.SH,,0.97333336,-0.01981868,-0.07081801,-0.07426386,-0.10252029
2025-01-24,quality_momentum,8,002536.SZ,,0.96888888,-0.04832858,-0.06618573,-0.04832858,0.01595709
2025-01-24,quality_momentum,9,300708.SZ,,0.96444446,-0.07759442,-0.03315004,-0.0359278,-0.05884445
2025-01-24,quality_momentum,10,603121.SH,,0.95999998,-0.02190004,-0.00115924,0.07587775,0.00995187
2025-01-24,quality_momentum,11,000807.SZ,,0.95555556,0.0250086,0.02438287,0.04941409,0.00248049
2025-01-24,quality_momentum,12,001226.SZ,,0.95111114,0.01256354,-0.02779978,-0.02309072,0.05696311
2025-01-24,quality_momentum,13,002891.SZ,,0.94666666,0.0052053,-0.04532102,-0.02216316,-0.06689997
2025-01-24,quality_momentum,14,603306.SH,,0.94222224,,-0.08629899,-0.07632455,-0.05560844
2025-01-24,quality_momentum,15,600673.SH,,0.93777776,,-0.12710325,-0.10677805,-0.08807889
2025-01-24,quality_momentum,16,603809.SH,,0.93333334,0.03258276,0.09810005,0.1125828,0.14154829
2025-01-24,quality_momentum,17,603416.SH,,0.92888892,-0.01779372,0.053837,0.02640399,0.02466218
2025-01-24,quality_momentum,18,603236.SH,,0.92444444,0.04407704,0.03832993,0.00959429,-0.02258961
2025-01-24,quality_momentum,19,688768.SH,,0.92000002,-0.00904117,0.10259892,0.1018848,0.11307258
2025-01-24,quality_momentum,20,002472.SZ,,0.91555554,-0.00557964,0.07169181,0.03121632,0.03065021
2025-01-27,quality_momentum,1,688433.SH,,1.0,-0.01764801,0.04140709,0.06857244,0.24219455
2025-01-27,quality_momentum,2,002891.SZ,,0.99450547,-0.05860236,-0.0340401,-0.0233267,-0.09544591
2025-01-27,quality_momentum,3,603228.SH,,0.98901099,-0.03928316,0.00059224,0.02457974,0.18190058
2025-01-27,quality_momentum,4,002490.SZ,,0.98351645,0.02732083,0.07277533,0.07602208,0.21887926
2025-01-27,quality_momentum,5,603766.SH,,0.97802198,-0.03136954,-0.0294049,0.00104691,0.07373849
2025-01-27,quality_momentum,6,001309.SZ,,0.97252744,-0.03482457,-0.0145415,-0.02680572,0.1160245
2025-01-27,quality_momentum,7,603809.SH,,0.96703297,0.02810005,0.03876667,0.13543339,0.05276666
2025-01-27,quality_momentum,8,002353.SZ,,0.96153843,-0.06520341,-0.07539013,-0.08824492,-0.15906706
2025-01-27,quality_momentum,9,300938.SZ,,0.95604396,-0.01096648,0.07264662,0.0729825,-0.03715855
2025-01-27,quality_momentum,10,603306.SH,,0.95054942,-0.10784318,-0.06960031,-0.07011708,-0.05719721
2025-01-27,quality_momentum,11,300866.SZ,,0.94505495,0.02268868,0.00367583,0.00376726,-0.01753074
2025-01-27,quality_momentum,12,605060.SH,,0.93956041,-0.03768946,0.00336314,0.00020526,0.14388944
2025-01-27,quality_momentum,13,603121.SH,,0.93406594,-0.01852884,0.10165255,0.08124442,-0.00114413
2025-01-27,quality_momentum,14,603379.SH,,0.9285714,-0.01299058,-0.05804605,-0.045107,-0.04302759
2025-01-27,quality_momentum,15,603119.SH,,0.92307693,-0.0055927,0.04130535,0.12845451,0.18606159
2025-01-27,quality_momentum,16,600183.SH,,0.91758239,-0.06165275,-0.01872695,-0.00533412,0.13134173
2025-01-27,quality_momentum,17,002245.SZ,,0.91208792,-0.04695233,-0.01959915,-0.03408028,-0.00511803
2025-01-27,quality_momentum,18,689009.SH,,0.90659338,-0.0473546,-0.02511086,-0.02994643,0.0501309
2025-01-27,quality_momentum,19,300509.SZ,,0.90109891,0.02210958,0.00050095,0.00770379,0.09894035
2025-01-27,quality_momentum,20,603166.SH,,0.89560437,0.01942428,0.17655108,0.13278009,0.12043438
2025-02-05,quality_momentum,1,600398.SH,,1.0,-0.04372041,-0.02650023,-0.02281021,-0.07201067
2025-02-05,quality_momentum,2,300866.SZ,,0.99295777,-0.00671761,-0.04757764,-0.0057362,-0.00537934
2025-02-05,quality_momentum,3,002472.SZ,,0.98591548,0.06534822,0.02511188,0.02201676,0.087014
2025-02-05,quality_momentum,4,688200.SH,,0.97887325,0.01490326,-0.03009674,0.0094934,0.05777214
2025-02-05,quality_momentum,5,001206.SZ,,0.97183096,0.02016617,0.02919328,0.05527152,-0.0064135
2025-02-05,quality_momentum,6,300580.SZ,,0.96478873,0.094814,0.06232704,0.09406719,0.17397757
2025-02-05,quality_momentum,7,002843.SZ,,0.95774651,0.02729162,0.00857898,-0.0438162,0.01419278
2025-02-05,quality_momentum,8,605319.SH,,0.95070422,0.06142056,0.03284905,0.0397989,0.01817723
2025-02-05,quality_momentum,9,301220.SZ,,0.94366199,0.03094839,0.41762133,0.68298967,0.63582875
2025-02-05,quality_momentum,10,688235.SH,,0.9366197,0.02149789,-0.02043187,-0.01064825,0.07015722
2025-02-05,quality_momentum,11,688768.SH,,0.92957747,0.05264548,0.05196366,0.09332723,0.04469088
2025-02-05,quality_momentum,12,603121.SH,,0.92253524,0.036532,0.11647047,0.10878407,0.07650123
2025-02-05,quality_momentum,13,603119.SH,,0.91549295,0.08186569,0.15006435,0.16933795,0.32315557
2025-02-05,quality_momentum,14,603129.SH,,0.90845072,0.02353234,0.02190466,0.06325762,0.00369505
2025-02-05,quality_momentum,15,300383.SZ,,0.90140843,0.0416898,0.07245904,0.12951029,0.06220255
2025-02-05,quality_momentum,16,688591.SH,,0.8943662,0.0778784,0.08951277,0.14990059,0.05073161
2025-02-05,quality_momentum,17,688578.SH,,0.88732392,0.02970923,-0.01914133,0.01677821,0.00384718
2025-02-05,quality_momentum,18,688608.SH,,0.88028169,0.05913225,-0.02031781,-0.00445948,-0.01292962
2025-02-05,quality_momentum,19,001309.SZ,,0.87323946,0.03565733,0.01263519,0.05750884,0.18091144
2025-02-05,quality_momentum,20,002379.SZ,,0.86619717,0.00104112,0.00398233,-0.04013536,-0.04503725
2025-02-06,quality_momentum,1,301498.SZ,,1.0,0.02599703,0.05186104,0.0244158,-0.02143919
2025-02-06,quality_momentum,2,300938.SZ,,0.9942857,0.00186409,0.00217784,-0.04110952,-0.08282847
2025-02-06,quality_momentum,3,600183.SH,,0.98857141,0.02795615,0.0419849,0.06320793,0.19594181
2025-02-06,quality_momentum,4,603296.SH,,0.98285717,-0.01357663,0.04671021,0.08973596,0.20383677
2025-02-06,quality_momentum,5,300509.SZ,,0.97714287,-0.01373437,-0.00663382,-0.0267521,0.10697568
2025-02-06,quality_momentum,6,603416.SH,,0.97142857,-0.02726598,-0.03262795,-0.02623484,0.0601747
2025-02-06,quality_momentum,7,300866.SZ,,0.96571428,-0.01570547,-0.01561581,-0.01480897,0.01181588
2025-02-06,quality_momentum,8,002245.SZ,,0.95999998,-0.00516531,-0.01985922,0.03646731,0.14177354
2025-02-06,quality_momentum,9,002472.SZ,,0.95428574,-0.01587309,-0.05304689,-0.07492922,0.01312771
2025-02-06,quality_momentum,10,688200.SH,,0.94857144,0.02099402,-0.03212979,-0.01528169,0.052836
2025-02-06,quality_momentum,11,002698.SZ,,0.94285715,0.03496403,-0.02578362,-0.06212845,0.01834922
2025-02-06,quality_momentum,12,688433.SH,,0.93714285,0.0107098,0.03707586,0.09859669,0.47689249
2025-02-06,quality_momentum,13,301080.SZ,,0.93142855,0.04134735,0.04817587,0.04855521,0.00606663
2025-02-06,quality_momentum,14,002139.SZ,,0.92571431,0.00136798,-0.02281502,-0.05157321,0.08372097
2025-02-06,quality_momentum,15,002315.SZ,,0.92000002,0.00392841,0.01600169,-0.01251621,-0.04852778
2025-02-06,quality_momentum,16,605133.SH,,0.91428572,-0.02938884,-0.03236064,-0.03421802,0.06273595
2025-02-06,quality_momentum,17,605555.SH,,0.90857142,0.00594164,-0.0306528,-0.05716518,0.08249131
2025-02-06,quality_momentum,18,603200.SH,,0.90285712,-0.0019,-0.0012031,0.01935435,-0.01757943
2025-02-06,quality_momentum,19,002112.SZ,,0.89714283,0.017405,0.06991466,0.11161354,0.31084134
2025-02-06,quality_momentum,20,603121.SH,,0.89142859,0.07878094,0.05879577,0.01808517,0.08470252
2025-02-07,quality_momentum,1,000063.SZ,,1.0,-0.02035797,-0.03227382,-0.06264765,0.00090375
2025-02-07,quality_momentum,2,300938.SZ,,0.99519229,0.00997507,-0.01752498,-0.03783749,-0.07689997
2025-02-07,quality_momentum,3,300866.SZ,,0.99038464,-0.02953386,0.0130987,0.00128159,0.0707298
2025-02-07,quality_momentum,4,603296.SH,,0.98557693,-0.00408311,0.14103049,0.22925452,0.32723831
2025-02-07,quality_momentum,5,002139.SZ,,0.98076922,-0.02470133,-0.00646029,-0.04554822,0.10298595
2025-02-07,quality_momentum,6,002490.SZ,,0.97596157,-0.00492115,0.02226923,0.12800938,0.17634778
2025-02-07,quality_momentum,7,688286.SH,,0.97115386,0.00695715,0.04438575,-0.03489998,0.18781427
2025-02-07,quality_momentum,8,688578.SH,,0.96634614,-0.04632576,-0.01139981,-0.04548757,0.04168767
2025-02-07,quality_momentum,9,603200.SH,,0.96153843,-0.01583729,0.00402333,-0.01374666,0.008553
2025-02-07,quality_momentum,10,300509.SZ,,0.95673078,-0.00549279,-0.00908565,0.03163298,0.13582458
2025-02-07,quality_momentum,11,603416.SH,,0.95192307,-0.00253482,0.03322484,-0.00486234,0.09289471
2025-02-07,quality_momentum,12,688433.SH,,0.94711536,-0.00944716,0.10074156,0.18413776,0.59545858
2025-02-07,quality_momentum,13,301383.SZ,,0.94230771,-0.01829346,-0.03304755,-0.12812955,-0.05665415
2025-02-07,quality_momentum,14,300354.SZ,,0.9375,-0.01872105,-0.00555678,-0.04626867,0.18093764
2025-02-07,quality_momentum,15,600191.SH,,0.93269229,-0.00654579,-0.02164452,-0.03093598,-0.10991393
2025-02-07,quality_momentum,16,301007.SZ,,0.92788464,0.02869172,0.10391746,0.00010604,0.12648511
2025-02-07,quality_momentum,17,002698.SZ,,0.92307693,-0.0449646,-0.05247591,-0.08101873,-0.00039778
2025-02-07,quality_momentum,18,603119.SH,,0.91826922,,,,
2025-02-07,quality_momentum,19,000534.SZ,,0.91346157,0.01556138,0.01287505,-0.02137619,0.03436598
2025-02-07,quality_momentum,20,301080.SZ,,0.90865386,0.00119092,0.03628187,0.0242818,-0.01080905
2025-02-10,quality_momentum,1,688578.SH,,1.0,0.00716431,-0.00175383,-0.0032158,0.12587781
2025-02-10,quality_momentum,2,603296.SH,,0.99530518,0.06142045,0.10504977,0.15331234,0.25910385
2025-02-10,quality_momentum,3,300866.SZ,,0.9906103,0.02661269,0.02745407,0.01707732,0.13421294
2025-02-10,quality_momentum,4,688535.SH,,0.98591548,-0.05139855,-0.08472115,-0.04848692,0.04199088
2025-02-10,quality_momentum,5,688608.SH,,0.98122066,0.00078815,-0.04380863,-0.06085165,-0.01829791
2025-02-10,quality_momentum,6,600060.SH,,0.97652584,0.01073614,0.04559458,0.02772966,-0.01889352
2025-02-10,quality_momentum,7,000534.SZ,,0.97183096,0.00140034,-0.02896268,-0.0137812,0.00932114
2025-02-10,quality_momentum,8,002112.SZ,,0.96713614,0.01346209,0.05296467,0.40556155,0.30022137
2025-02-10,quality_momentum,9,688235.SH,,0.96244133,0.00643326,0.00543122,0.05152821,0.14788899
2025-02-10,quality_momentum,10,002119.SZ,,0.95774651,-0.02841121,-0.04007609,-0.04802936,-0.08620545
2025-02-10,quality_momentum,11,002698.SZ,,0.95305163,-0.01812185,-0.05475196,-0.01969178,0.01850816
2025-02-10,quality_momentum,12,000063.SZ,,0.94835681,-0.01380189,-0.06355196,-0.04212847,0.00738356
2025-02-10,quality_momentum,13,300938.SZ,,0.94366199,-0.0133268,-0.05594573,-0.07293153,-0.07200504
2025-02-10,quality_momentum,14,603766.SH,,0.93896711,0.04851152,0.07114534,0.17505476,0.11641276
2025-02-10,quality_momentum,15,603629.SH,,0.93427229,-0.01128776,-0.00679804,0.11769179,0.09524285
2025-02-10,quality_momentum,16,688226.SH,,0.92957747,0.05117557,0.09159738,0.09862729,0.22832844
2025-02-10,quality_momentum,17,600226.SH,,0.92488265,-0.03006899,-0.03711124,-0.01950562,0.00514225
2025-02-10,quality_momentum,18,002379.SZ,,0.92018777,0.00199862,-0.03308913,-0.05160761,-0.02041848
2025-02-10,quality_momentum,19,002139.SZ,,0.91549295,-0.0032333,-0.03256665,-0.00256662,0.11143335
2025-02-10,quality_momentum,20,002938.SZ,,0.91079813,0.00142385,-0.03680029,-0.02540423,0.01305725
2025-02-11,quality_momentum,1,603766.SH,,1.0,0.01670921,0.09212556,0.07057799,0.06666025
2025-02-11,quality_momentum,2,688433.SH,,0.99640286,0.07275986,0.15403971,0.16029205,0.66783156
2025-02-11,quality_momentum,3,002076.SZ,,0.99280578,-0.0019,0.05151249,0.01293685,0.15240275
2025-02-11,quality_momentum,4,603296.SH,,0.98920864,,,,
2025-02-11,quality_momentum,5,300938.SZ,,0.9856115,-0.01783258,-0.03813874,-0.10436799,-0.04813558
2025-02-11,quality_momentum,6,002379.SZ,,0.98201442,-0.04947284,-0.05918153,-0.0931621,-0.03199709
2025-02-11,quality_momentum,7,300753.SZ,,0.97841728,-0.00754438,0.03290719,-0.03341458,0.02444058
2025-02-11,quality_momentum,8,603193.SH,,0.97482014,0.01099399,-0.00440716,-0.02768791,0.02782785
2025-02-11,quality_momentum,9,300866.SZ,,0.971223,0.01300642,0.00119039,-0.02307797,0.06481515
2025-02-11,quality_momentum,10,001283.SZ,,0.96762592,0.02138124,0.01231871,-0.03361875,0.00903753
2025-02-11,quality_momentum,11,600988.SH,,0.96402878,0.00619303,-0.04135373,0.00214651,-0.02213267
2025-02-11,quality_momentum,12,002119.SZ,,0.96043164,0.0247885,-0.04329433,-0.08250998,-0.01388255
2025-02-11,quality_momentum,13,603111.SH,,0.95683455,-0.01457603,-0.0497873,-0.0357028,0.02345214
2025-02-11,quality_momentum,14,600489.SH,,0.95323741,-0.01276171,-0.04679503,-0.0569326,-0.10110349
2025-02-11,quality_momentum,15,002530.SZ,,0.94964027,,,,
2025-02-11,quality_momentum,16,000679.SZ,,0.94604319,0.03685969,-0.06391545,0.03996046,0.12213104
2025-02-11,quality_momentum,17,688535.SH,,0.94244605,0.00899175,-0.03752514,-0.01358595,0.1176824
2025-02-11,quality_momentum,18,002112.SZ,,0.93884891,0.00674552,0.20127008,0.20703376,0.22288388
2025-02-11,quality_momentum,19,603214.SH,,0.93525177,-0.02722171,-0.06001542,-0.12020637,-0.16628358
2025-02-11,quality_momentum,20,000063.SZ,,0.93165469,-0.00214091,-0.03345866,-0.05947648,0.02435873
2025-02-12,quality_momentum,1,688696.SH,,1.0,-0.00730915,-0.02231529,0.05254079,0.1008744
2025-02-12,quality_momentum,2,002076.SZ,,0.99680513,0.01293685,0.10492497,0.06931662,0.13756588
2025-02-12,quality_momentum,3,002536.SZ,,0.9936102,-0.00334405,0.02698086,0.09340688,0.25225167
2025-02-12,quality_momentum,4,001309.SZ,,0.99041533,-0.05806943,0.07544806,0.1145825,0.42535599
2025-02-12,quality_momentum,5,001211.SZ,,0.98722047,-0.00149664,-0.03013718,-0.04102867,-0.10678102
2025-02-12,quality_momentum,6,688433.SH,,0.98402554,-0.01627376,0.07270637,0.15073513,0.55627932
2025-02-12,quality_momentum,7,603950.SH,,0.98083067,-0.03142031,0.00317384,0.08165591,0.21409044
2025-02-12,quality_momentum,8,300938.SZ,,0.9776358,-0.02951902,-0.04697935,-0.08158252,-0.0145984
2025-02-12,quality_momentum,9,688608.SH,,0.97444087,-0.05904134,-0.0758134,-0.01039188,0.00222689
2025-02-12,quality_momentum,10,002490.SZ,,0.971246,0.0334982,0.06594654,0.15739201,0.12789345
2025-02-12,quality_momentum,11,603214.SH,,0.96805114,-0.01680633,-0.02575009,-0.08707887,-0.14159335
2025-02-12,quality_momentum,12,603200.SH,,0.96485621,0.01334074,-0.03723077,-0.03064953,0.07014714
2025-02-12,quality_momentum,13,600601.SH,,0.96166134,-0.08478289,-0.08658473,-0.09739553,-0.09199009
2025-02-12,quality_momentum,14,603986.SH,,0.95846647,-0.05832058,-0.05735675,-0.05661537,0.00640361
2025-02-12,quality_momentum,15,000063.SZ,,0.95527154,-0.05202049,-0.03033372,-0.03346627,0.01255788
2025-02-12,quality_momentum,16,002241.SZ,,0.95207667,-0.04036153,-0.04036153,-0.00499064,0.04480327
2025-02-12,quality_momentum,17,603766.SH,,0.9488818,0.00098467,0.09810002,0.03656156,0.04136932
2025-02-12,quality_momentum,18,688141.SH,,0.94568688,-0.01915531,-0.04234217,-0.0447687,0.00430112
2025-02-12,quality_momentum,19,002611.SZ,,0.94249201,-0.03339603,-0.02315987,0.07290317,-0.0019
2025-02-12,quality_momentum,20,002396.SZ,,0.93929714,-0.02419601,0.05123091,0.02466542,0.10910568
2025-02-13,quality_momentum,1,603129.SH,,1.0,0.01182514,0.00662078,-0.00021625,-0.09113925
2025-02-13,quality_momentum,2,603766.SH,,0.99707603,0.06904921,0.04795614,0.09397728,0.04507986
2025-02-13,quality_momentum,3,603895.SH,,0.99415207,-0.01244768,0.03663958,0.11939816,0.12588904
2025-02-13,quality_momentum,4,688049.SH,,0.99122804,-0.00084585,-0.04238073,0.03541818,0.05312843
2025-02-13,quality_momentum,5,002315.SZ,,0.98830408,0.01535232,-0.0620725,-0.03829798,-0.07827274
2025-02-13,quality_momentum,6,002076.SZ,,0.98538011,0.03611166,-0.0019,-0.0135959,0.07119941
2025-02-13,quality_momentum,7,920403.BJ,,0.98245615,0.02445916,0.15090074,0.14142788,0.04216919
2025-02-13,quality_momentum,8,603200.SH,,0.97953218,-0.03431211,-0.07559494,-0.03806511,0.23931457
2025-02-13,quality_momentum,9,002292.SZ,,0.97660822,-0.00687514,-0.06458658,0.00506514,-0.03473581
2025-02-13,quality_momentum,10,300679.SZ,,0.97368419,-0.00649424,-0.04049114,0.00024395,-0.04646359
2025-02-13,quality_momentum,11,002953.SZ,,0.97076023,0.06736414,-0.02787402,0.01974506,-0.02008177
2025-02-13,quality_momentum,12,603950.SH,,0.96783626,0.0437274,0.01093274,0.21147585,0.2448759
2025-02-13,quality_momentum,13,300432.SZ,,0.9649123,-0.01432598,-0.02734381,0.181532,0.11644321
2025-02-13,quality_momentum,14,688591.SH,,0.96198833,-0.04777874,-0.08536294,-0.01356405,0.01313366
2025-02-13,quality_momentum,15,000534.SZ,,0.9590643,-0.01139802,-0.03310765,0.0503388,0.06322889
2025-02-13,quality_momentum,16,002536.SZ,,0.95614034,-0.024315,0.00243841,0.09571392,0.36830972
2025-02-13,quality_momentum,17,300684.SZ,,0.95321637,0.01594386,-0.03535728,0.02486578,0.04679889
2025-02-13,quality_momentum,18,688208.SH,,0.95029241,0.00158839,-0.03980694,0.01437906,0.03484419
2025-02-13,quality_momentum,19,002611.SZ,,0.94736844,-0.01409514,0.05257153,0.08102677,
2025-02-13,quality_momentum,20,300660.SZ,,0.94444442,0.00856208,0.10991342,0.30564143,0.4333659
2025-02-14,quality_momentum,1,688141.SH,,1.0,-0.0214592,-0.02393855,0.02454626,-0.05066034
2025-02-14,quality_momentum,2,603200.SH,,0.996997,-0.0198831,-0.0131835,0.020667,0.37327631
2025-02-14,quality_momentum,3,603129.SH,,0.993994,-0.00532254,-0.00683256,-0.0355219,-0.09088727
2025-02-14,quality_momentum,4,300679.SZ,,0.990991,-0.0203615,0.00348467,0.01656156,-0.03959227
2025-02-14,quality_momentum,5,002681.SZ,,0.987988,,,,
2025-02-14,quality_momentum,6,001309.SZ,,0.98498499,0.03349819,0.07110881,0.25367518,
2025-02-14,quality_momentum,7,002292.SZ,,0.98198199,0.01110001,-0.00989999,-0.01190004,-0.10790004
2025-02-14,quality_momentum,8,301061.SZ,,0.97897899,-0.00829655,-0.0094254,-0.00390674,-0.0791607
2025-02-14,quality_momentum,9,002953.SZ,,0.97597599,-0.03185954,-0.06829683,-0.0375276,-0.10392434
2025-02-14,quality_momentum,10,600183.SH,,0.97297299,0.10924897,0.15220843,0.15152656,-0.02440259
2025-02-14,quality_momentum,11,300660.SZ,,0.96996999,0.07445889,0.25564961,0.60940279,0.31949778
2025-02-14,quality_momentum,12,002396.SZ,,0.96696699,-0.00280011,-0.02800265,0.05525571,-0.0482546
2025-02-14,quality_momentum,13,002076.SZ,,0.96396399,0.04880424,0.01500139,0.05725494,0.02063526
2025-02-14,quality_momentum,14,688768.SH,,0.96096098,-0.05830613,-0.07422072,-0.02285084,-0.03675094
2025-02-14,quality_momentum,15,001211.SZ,,0.95795798,-0.01013382,-0.02124951,-0.02536647,-0.08835535
2025-02-14,quality_momentum,16,002400.SZ,,0.95495498,0.04531022,-0.00726481,0.01526729,-0.11026914
2025-02-14,quality_momentum,17,688322.SH,,0.95195198,0.00780701,0.18235694,0.23353946,0.16294292
2025-02-14,quality_momentum,18,002126.SZ,,0.94894892,-0.00901295,0.11232598,0.3667192,0.27968998
2025-02-14,quality_momentum,19,001283.SZ,,0.94594592,-0.01422469,-0.03486868,0.01689528,-0.05428022
2025-02-14,quality_momentum,20,600191.SH,,0.94294292,-0.02462726,-0.05931626,-0.08323973,-0.04615837
2025-02-17,quality_momentum,1,002042.SZ,,1.0,-0.02606363,-0.0019,-0.01676987,0.00181747
2025-02-17,quality_momentum,2,002997.SZ,,0.9977169,0.0385819,0.05544943,0.10412415,0.0127988
2025-02-17,quality_momentum,3,300679.SZ,,0.99543381,-0.01788746,0.02380535,-0.00111631,-0.01584982
2025-02-17,quality_momentum,4,001389.SZ,,0.99315071,-0.02874337,-0.01481204,0.02256478,-0.06578043
2025-02-17,quality_momentum,5,688322.SH,,0.99086756,0.00281946,0.19893898,0.20313415,0.14125684
2025-02-17,quality_momentum,6,300580.SZ,,0.98858446,0.00168425,0.14792076,0.18447985,0.1375265
2025-02-17,quality_momentum,7,002811.SZ,,0.98630136,-0.03520488,-0.0411827,-0.02666522,-0.12145599
2025-02-17,quality_momentum,8,002916.SZ,,0.98401827,0.00642823,0.0543665,0.01367314,-0.18938729
2025-02-17,quality_momentum,9,002139.SZ,,0.98173517,-0.0019,0.10617208,0.11217601,0.05613866
2025-02-17,quality_momentum,10,688768.SH,,0.97945207,-0.03712629,0.05467558,0.00151586,0.06086691
2025-02-17,quality_momentum,11,603228.SH,,0.97716898,0.01468638,0.0352857,-0.01206588,-0.13619643
2025-02-17,quality_momentum,12,300476.SZ,,0.97488582,-0.01905207,-0.0335241,-0.06389751,-0.08355089
2025-02-17,quality_momentum,13,605589.SH,,0.97260273,0.01734445,0.05868444,0.06296103,-0.03504326
2025-02-17,quality_momentum,14,002526.SZ,,0.97031963,-0.02515591,0.01437906,-0.01817906,-0.07864424
2025-02-17,quality_momentum,15,688208.SH,,0.96803653,-0.03304754,0.02151915,-0.01712251,-0.04124425
2025-02-17,quality_momentum,16,000534.SZ,,0.96575344,-0.04799219,0.03417218,0.02148012,0.06022427
2025-02-17,quality_momentum,17,601728.SH,,0.96347034,0.00178098,-0.02275889,0.00178098,-0.03748286
2025-02-17,quality_momentum,18,605555.SH,,0.96118724,0.02471592,0.10228246,0.08365129,-0.02205211
2025-02-17,quality_momentum,19,002362.SZ,,0.95890409,-0.03212386,0.00556272,-0.01943729,-0.1272731
2025-02-17,quality_momentum,20,002886.SZ,,0.95662099,-0.00241543,0.06511034,0.04449177,0.0207804
2025-02-18,quality_momentum,1,002042.SZ,,1.0,0.04000481,0.04952862,0.00381437,0.07619526
2025-02-18,quality_momentum,2,300509.SZ,,0.9974227,0.03408692,0.03408692,0.02863428,0.02318175
2025-02-18,quality_momentum,3,600967.SH,,0.99484539,0.03437452,0.02751178,0.01868822,-0.02150785
2025-02-18,quality_momentum,4,002997.SZ,,0.99226803,0.01778506,0.01847987,0.05182861,0.02172209
2025-02-18,quality_momentum,5,605555.SH,,0.98969072,0.05476667,0.1018037,0.08217406,-0.01671483
2025-02-18,quality_momentum,6,603920.SH,,0.98711342,0.07392255,0.11970219,0.079645,-0.09489003
2025-02-18,quality_momentum,7,688141.SH,,0.98453611,0.02381509,0.0746674,0.03248308,-0.02905985
2025-02-18,quality_momentum,8,002815.SZ,,0.98195875,0.06608616,0.07813435,0.03940801,-0.01308761
2025-02-18,quality_momentum,9,301263.SZ,,0.97938144,-0.0019,0.0055286,0.05467148,0.12267141
2025-02-18,quality_momentum,10,301556.SZ,,0.97680414,0.01159137,0.25525452,0.03939191,-0.00026471
2025-02-18,quality_momentum,11,002913.SZ,,0.97422683,,,,
2025-02-18,quality_momentum,12,688235.SH,,0.97164947,0.00358626,0.07481022,0.07107178,0.11957402
2025-02-18,quality_momentum,13,002953.SZ,,0.96907216,0.02298888,0.05676665,0.02298888,0.01232222
2025-02-18,quality_momentum,14,603416.SH,,0.96649486,,,,
2025-02-18,quality_momentum,15,002611.SZ,,0.96391755,0.05052867,0.02200127,-0.01192314,-0.11523846
2025-02-18,quality_momentum,16,300693.SZ,,0.96134019,0.0990875,0.27143546,0.20230514,0.08188461
2025-02-18,quality_momentum,17,603990.SH,,0.95876288,0.061626,0.061626,0.10659389,0.13300359
2025-02-18,quality_momentum,18,002245.SZ,,0.95618558,0.09253096,0.18454072,0.22005318,0.19906847
2025-02-18,quality_momentum,19,301127.SZ,,0.95360827,0.01474682,0.0397171,0.07419986,0.06825454
2025-02-18,quality_momentum,20,002629.SZ,,0.95103091,0.02834196,-0.01399676,-0.02004519,-0.06641616
2025-02-19,quality_momentum,1,002815.SZ,,1.0,-0.00592901,-0.03252047,0.00212901,-0.05024812
2025-02-19,quality_momentum,2,600967.SH,,0.9976247,0.00566865,-0.02271358,0.00566865,-0.03595869
2025-02-19,quality_momentum,3,300296.SZ,,0.99524939,-0.00323151,-0.0019,0.08997753,-0.01388401
2025-02-19,quality_momentum,4,002747.SZ,,0.99287409,0.04740526,0.06488618,0.14601578,0.10388219
2025-02-19,quality_momentum,5,688235.SH,,0.99049884,0.01142687,0.05073155,0.08356594,0.13561808
2025-02-19,quality_momentum,6,002879.SZ,,0.98812354,-0.00742484,-0.04057399,-0.041679,0.0235144
2025-02-19,quality_momentum,7,300503.SZ,,0.98574823,0.00772696,0.16095601,0.14049874,0.10279314
2025-02-19,quality_momentum,8,002611.SZ,,0.98337293,-0.02607585,-0.07003188,-0.07149708,-0.13157034
2025-02-19,quality_momentum,9,605258.SH,,0.98099762,-0.00894013,-0.02976739,-0.01363359,-0.04062099
2025-02-19,quality_momentum,10,002997.SZ,,0.97862232,-0.00530673,0.0405711,0.09984883,0.03557447
2025-02-19,quality_momentum,11,300476.SZ,,0.97624701,-0.01644545,-0.04735454,-0.00917273,0.05991817
2025-02-19,quality_momentum,12,603280.SH,,0.97387171,-0.01397244,0.01017244,-0.02363045,-0.0240328
2025-02-19,quality_momentum,13,002245.SZ,,0.97149646,0.03128591,0.07405876,0.18394079,0.15296726
2025-02-19,quality_momentum,14,002009.SZ,,0.96912116,0.00475864,0.02049713,0.03320892,0.08768838
2025-02-19,quality_momentum,15,600592.SH,,0.96674585,0.00294263,0.00374974,0.22247447,0.54773684
2025-02-19,quality_momentum,16,002536.SZ,,0.96437055,-0.0012408,0.11873287,0.14312311,0.11741448
2025-02-19,quality_momentum,17,300695.SZ,,0.96199524,-0.00437786,-0.00384693,0.01615311,-0.02278501
2025-02-19,quality_momentum,18,002042.SZ,,0.95961994,-0.01835337,-0.03297858,-0.03115043,0.12972702
2025-02-19,quality_momentum,19,605555.SH,,0.95724463,0.01597592,-0.00119897,0.00546064,-0.04886806
2025-02-19,quality_momentum,20,300433.SZ,,0.95486933,-0.00361822,0.00497288,0.00428557,-0.03763885
2025-02-20,quality_momentum,1,002472.SZ,,1.0,0.07290517,0.05264547,0.02225577,-0.01488707
2025-02-20,quality_momentum,2,300509.SZ,,0.99789917,0.01197409,0.00663784,0.01197409,0.04932734
2025-02-20,quality_momentum,3,300503.SZ,,0.99579829,0.08192996,0.16496535,0.13278418,0.07914886
2025-02-20,quality_momentum,4,002747.SZ,,0.99369746,0.00792484,0.03697227,,0.05448615
2025-02-20,quality_momentum,5,688360.SH,,0.99159664,0.06323724,0.0546342,0.12100045,-0.04122821
2025-02-20,quality_momentum,6,002139.SZ,,0.98949581,0.01917155,0.03964122,0.04987594,0.07455985
2025-02-20,quality_momentum,7,603416.SH,,0.98739493,0.00276019,0.02606114,0.04664371,0.00314851
2025-02-20,quality_momentum,8,605277.SH,,0.9852941,0.00792664,-0.02328727,-0.05565722,-0.05218903
2025-02-20,quality_momentum,9,300296.SZ,,0.98319328,0.02609994,0.02476666,0.04743329,0.00476667
2025-02-20,quality_momentum,10,002009.SZ,,0.98109245,0.03838856,0.0185449,0.03417929,0.07446797
2025-02-20,quality_momentum,11,600967.SH,,0.97899157,-0.01598456,-0.02443529,-0.06856675,-0.06011602
2025-02-20,quality_momentum,12,301328.SZ,,0.97689074,0.00080547,-0.01521946,-0.02833084,0.008922
2025-02-20,quality_momentum,13,300433.SZ,,0.97478992,0.04939088,0.02047522,-0.01773473,-0.02083287
2025-02-20,quality_momentum,14,688235.SH,,0.97268909,0.05485214,0.05118301,0.11789415,0.09535533
2025-02-20,quality_momentum,15,002899.SZ,,0.97058821,-0.02104414,-0.05708014,-0.06383691,-0.03680989
2025-02-20,quality_momentum,16,920593.BJ,,0.96848738,0.30453278,0.25560485,0.16866528,0.16086805
2025-02-20,quality_momentum,17,002953.SZ,,0.96638656,0.00742199,-0.02478139,-0.04088304,-0.00020509
2025-02-20,quality_momentum,18,002313.SZ,,0.96428573,-0.0019,-0.00892987,-0.04407931,0.0086448
2025-02-20,quality_momentum,19,300476.SZ,,0.96218485,0.00400404,-0.02385572,-0.05245354,0.07208522
2025-02-20,quality_momentum,20,300124.SZ,,0.96008402,0.02935003,0.03185002,0.05893336,0.06212774
2025-02-21,quality_momentum,1,688578.SH,,1.0,0.030764,0.04227669,0.0473637,0.1078724
2025-02-21,quality_momentum,2,605319.SH,,0.99808061,,,,
2025-02-21,quality_momentum,3,300684.SZ,,0.99616122,-0.04683238,0.00249193,-0.11000807,-0.11710265
2025-02-21,quality_momentum,4,002396.SZ,,0.99424183,-0.02573995,-0.00487999,-0.09981396,-0.06490554
2025-02-21,quality_momentum,5,002139.SZ,,0.99232244,-0.01723016,0.03583583,-0.03727729,0.05588307
2025-02-21,quality_momentum,6,002230.SZ,,0.99040306,0.00060622,-0.00458532,-0.06921112,-0.0466548
2025-02-21,quality_momentum,7,002483.SZ,,0.98848367,-0.0019,0.01040769,-0.0157462,-0.00805385
2025-02-21,quality_momentum,8,001389.SZ,,0.98656428,-0.01077577,0.05266936,-0.08786316,-0.05844178
2025-02-21,quality_momentum,9,688320.SH,,0.98464489,0.00537618,-0.01216118,-0.12708655,-0.07839251
2025-02-21,quality_momentum,10,300476.SZ,,0.9827255,-0.0389506,-0.00043263,-0.04812155,0.13529736
2025-02-21,quality_momentum,11,002042.SZ,,0.98080611,-0.04175503,-0.03994344,0.04701308,0.18831739
2025-02-21,quality_momentum,12,002050.SZ,,0.97888678,-0.04563176,-0.00364932,-0.11268718,-0.0663315
2025-02-21,quality_momentum,13,002698.SZ,,0.97696739,-0.02689998,0.04910004,-0.05189996,-0.00389996
2025-02-21,quality_momentum,14,300866.SZ,,0.97504801,0.02801522,-0.02732373,-0.05478137,-0.14401865
2025-02-21,quality_momentum,15,688123.SH,,0.97312862,-0.02426846,0.04415258,0.02888942,0.01783685
2025-02-21,quality_momentum,16,688582.SH,,0.97120923,0.01732785,0.03519308,-0.06897042,0.0135428
2025-02-21,quality_momentum,17,603912.SH,,0.96928984,-0.02128779,-0.00496128,-0.0937368,0.03993667
2025-02-21,quality_momentum,18,603416.SH,,0.96737045,-0.02354673,0.06941814,-0.05389074,0.0145283
2025-02-21,quality_momentum,19,300433.SZ,,0.96545106,-0.04250246,-0.04315736,-0.11715863,-0.05101589
2025-02-21,quality_momentum,20,688169.SH,,0.96353167,-0.03324638,-0.0314244,-0.1094744,-0.09876528
2025-02-24,quality_momentum,1,688052.SH,,1.0,0.00149608,-0.01833415,-0.00735782,0.02326682
2025-02-24,quality_momentum,2,002050.SZ,,0.99824256,0.02553901,-0.03147319,-0.08421709,-0.07232684
2025-02-24,quality_momentum,3,603259.SH,,0.99648505,0.01916967,0.00117942,-0.02783194,-0.01502805
2025-02-24,quality_momentum,4,600183.SH,,0.99472761,-0.00031065,-0.03305065,-0.14811738,-0.07055857
2025-02-24,quality_momentum,5,300022.SZ,,0.99297011,0.00143333,0.06143335,0.10643335,0.18976668
2025-02-24,quality_momentum,6,603766.SH,,0.99121267,0.00177986,0.00269988,-0.05709778,-0.09297631
2025-02-24,quality_momentum,7,688578.SH,,0.98945516,-0.01278931,0.02221195,0.00885959,0.0098967
2025-02-24,quality_momentum,8,603081.SH,,0.98769772,-0.00116198,0.07485281,0.11987125,0.10511109
2025-02-24,quality_momentum,9,001389.SZ,,0.98594022,-0.01201605,,-0.08813548,-0.04501771
2025-02-24,quality_momentum,10,603800.SH,,0.98418278,0.00487424,-0.09544834,-0.11931933,0.00551941
2025-02-24,quality_momentum,11,603912.SH,,0.98242533,0.01683054,-0.02271168,-0.05705086,0.04908858
2025-02-24,quality_momentum,12,002892.SZ,,0.98066783,0.01671706,0.01192979,-0.11945316,0.01778085
2025-02-24,quality_momentum,13,603530.SH,,0.97891039,-0.01647001,-0.01078416,-0.03601519,-0.01433781
2025-02-24,quality_momentum,14,002396.SZ,,0.97715288,0.00246118,-0.02414153,-0.09915246,-0.07298587
2025-02-24,quality_momentum,15,002230.SZ,,0.97539544,-0.00779282,-0.03797142,-0.08297143,-0.08404285
2025-02-24,quality_momentum,16,603109.SH,,0.97363794,,,,
2025-02-24,quality_momentum,17,688088.SH,,0.9718805,0.11012347,0.05069041,-0.04901634,0.01471778
2025-02-24,quality_momentum,18,301007.SZ,,0.97012305,0.12380359,0.18946959,0.02061406,0.25044523
2025-02-24,quality_momentum,19,301191.SZ,,0.96836555,0.00367219,0.07471693,-0.08986013,-0.02757161
2025-02-24,quality_momentum,20,002708.SZ,,0.96660811,0.05210704,0.05472026,-0.04893833,0.00245542
2025-02-25,quality_momentum,1,002698.SZ,,1.0,0.0004844,-0.09584369,-0.08725998,-0.04577214
2025-02-25,quality_momentum,2,300627.SZ,,0.99872774,-0.00321696,-0.09584205,-0.08750142,-0.08662348
2025-02-25,quality_momentum,3,002403.SZ,,0.99745548,-0.0069251,-0.13054321,-0.14260359,-0.11245277
2025-02-25,quality_momentum,4,603219.SH,,0.99618322,,,,
2025-02-25,quality_momentum,5,603297.SH,,0.99491096,-0.02339532,-0.10003083,-0.10582524,-0.00161959
2025-02-25,quality_momentum,6,002384.SZ,,0.99363869,-0.0070428,-0.08761428,-0.14132859,-0.08904286
2025-02-25,quality_momentum,7,688123.SH,,0.99236643,0.01968827,0.00478208,0.01943131,0.00426806
2025-02-25,quality_momentum,8,301316.SZ,,0.99109417,-0.00497573,-0.06956629,0.03347101,0.03808457
2025-02-25,quality_momentum,9,301263.SZ,,0.98982191,0.01865161,-0.00514504,0.06245904,0.10951158
2025-02-25,quality_momentum,10,600592.SH,,0.98854959,,,,
2025-02-25,quality_momentum,11,300433.SZ,,0.98727733,-0.01604141,-0.09213566,-0.06418958,-0.03860036
2025-02-25,quality_momentum,12,688008.SH,,0.98600507,0.01022124,-0.03010035,-0.02478191,-0.02478191
2025-02-25,quality_momentum,13,301310.SZ,,0.98473281,-0.01450991,0.00601792,0.0687745,0.06437566
2025-02-25,quality_momentum,14,002050.SZ,,0.98346055,0.01412369,-0.0968555,-0.08201872,-0.08795343
2025-02-25,quality_momentum,15,300421.SZ,,0.98218828,,,,
2025-02-25,quality_momentum,16,688195.SH,,0.98091602,,,,
2025-02-25,quality_momentum,17,603081.SH,,0.97964376,0.07922097,0.09692006,0.12199379,0.09692006
2025-02-25,quality_momentum,18,603766.SH,,0.9783715,-0.00739946,-0.02481469,-0.04222991,-0.09447558
2025-02-25,quality_momentum,19,002916.SZ,,0.97709924,-0.00224085,-0.11232947,-0.13857347,-0.14286799
2025-02-25,quality_momentum,20,300145.SZ,,0.97582698,-0.03934495,-0.10762694,-0.04595296,-0.03714235
2025-02-26,quality_momentum,1,688208.SH,,1.0,-0.01035197,-0.08953342,-0.0563929,0.02056444
2025-02-26,quality_momentum,2,601689.SH,,0.99875933,-0.06535219,-0.13551286,-0.12195593,-0.16612081
2025-02-26,quality_momentum,3,002708.SZ,,0.9975186,-0.00436708,-0.10222897,-0.05288683,-0.02986054
2025-02-26,quality_momentum,4,002050.SZ,,0.99627793,-0.07228547,-0.12281117,-0.08104715,-0.11258922
2025-02-26,quality_momentum,5,002698.SZ,,0.9950372,-0.02235676,-0.11512552,-0.05708553,-0.03044431
2025-02-26,quality_momentum,6,300590.SZ,,0.99379653,-0.03980923,-0.13917742,-0.08288795,-0.07656974
2025-02-26,quality_momentum,7,600699.SH,,0.99255586,-0.0170961,-0.10533137,-0.05876272,-0.04944899
2025-02-26,quality_momentum,8,300433.SZ,,0.99131513,-0.02546555,-0.08625789,-0.04356669,-0.04220054
2025-02-26,quality_momentum,9,002892.SZ,,0.99007446,-0.01484662,-0.14275959,-0.07906203,0.02347556
2025-02-26,quality_momentum,10,002472.SZ,,0.98883373,-0.01367947,-0.08260172,-0.0545316,-0.04124831
2025-02-26,quality_momentum,11,688320.SH,,0.98759305,-0.00284249,-0.17249377,-0.0970932,-0.08936465
2025-02-26,quality_momentum,12,688008.SH,,0.98635238,0.01117589,-0.08499915,-0.03037373,-0.04674908
2025-02-26,quality_momentum,13,301568.SZ,,0.98511165,-0.01728458,-0.10453734,-0.05794396,-0.03464723
2025-02-26,quality_momentum,14,603298.SH,,0.98387098,-0.04541603,-0.04367546,-0.03018542,-0.04976763
2025-02-26,quality_momentum,15,002396.SZ,,0.98263025,-0.04459849,-0.11804002,-0.06722876,-0.04801443
2025-02-26,quality_momentum,16,603305.SH,,0.98138958,,-0.1432756,-0.10069916,-0.1634721
2025-02-26,quality_momentum,17,603686.SH,,0.98014891,-0.0127153,0.05633625,0.12122812,0.02389035
2025-02-26,quality_momentum,18,688777.SH,,0.97890818,-0.04173408,-0.10596642,-0.07243942,-0.05418215
2025-02-26,quality_momentum,19,600967.SH,,0.97766751,-0.06856675,-0.09110195,-0.04321464,0.19997786
2025-02-26,quality_momentum,20,603259.SH,,0.97642678,-0.03107649,-0.05915493,-0.0528804,-0.03609607
2025-02-27,quality_momentum,1,600967.SH,,1.0,-0.04113536,0.00413624,0.00715436,
2025-02-27,quality_momentum,2,603686.SH,,0.99886233,0.04099319,0.05697298,0.11668703,-0.001059
2025-02-27,quality_momentum,3,688777.SH,,0.99772471,-0.04909096,-0.05289391,-0.00017137,-0.04355944
2025-02-27,quality_momentum,4,688008.SH,,0.99658704,-0.0541316,-0.04894468,-0.03688199,-0.09430051
2025-02-27,quality_momentum,5,600699.SH,,0.99544936,-0.05615584,-0.05715132,-0.05416479,-0.06113341
2025-02-27,quality_momentum,6,301380.SZ,,0.99431169,-0.07925983,-0.07925983,-0.02478857,-0.08174386
2025-02-27,quality_momentum,7,002241.SZ,,0.99317408,-0.04179184,-0.05497641,-0.03469242,-0.10298182
2025-02-27,quality_momentum,8,000997.SZ,,0.9920364,-0.04851013,-0.03749316,0.07691358,0.16928648
2025-02-27,quality_momentum,9,688093.SH,,0.99089873,-0.0019,0.01935,0.03560002,-0.01648328
2025-02-27,quality_momentum,10,603901.SH,,0.98976111,-0.08005637,-0.06001626,0.02916205,-0.03196011
2025-02-27,quality_momentum,11,688208.SH,,0.98862344,-0.0687461,-0.06134369,-0.00728358,0.00774562
2025-02-27,quality_momentum,12,600576.SH,,0.98748577,-0.02089442,0.02603296,0.02603296,0.06290446
2025-02-27,quality_momentum,13,603259.SH,,0.98634815,-0.00917098,-0.01854243,-0.00012269,-0.01062519
2025-02-27,quality_momentum,14,002850.SZ,,0.98521048,-0.03396505,-0.02081395,-0.02347373,-0.07267947
2025-02-27,quality_momentum,15,300433.SZ,,0.9840728,-0.0568143,-0.02778322,-0.00504799,-0.10088571
2025-02-27,quality_momentum,16,000977.SZ,,0.98293513,-0.03999986,-0.04599858,-0.01033059,-0.06691296
2025-02-27,quality_momentum,17,002517.SZ,,0.98179752,-0.0244847,0.01190177,0.09596705,0.0608352
2025-02-27,quality_momentum,18,688578.SH,,0.98065984,-0.00974808,-0.01367218,0.07075823,-0.05253292
2025-02-27,quality_momentum,19,301099.SZ,,0.97952217,-0.05951401,-0.01940813,0.00807559,0.07485085
2025-02-27,quality_momentum,20,603219.SH,,0.97838455,-0.03024915,0.03756628,0.12428117,0.00754968
2025-02-28,quality_momentum,1,002139.SZ,,1.0,-0.03246238,0.02988478,0.094677,0.04822222
2025-02-28,quality_momentum,2,002997.SZ,,0.99797159,-0.02758255,0.0550181,0.10869698,0.07630454
2025-02-28,quality_momentum,3,603686.SH,,0.99594319,0.02390641,0.08680966,0.00777737,-0.02206131
2025-02-28,quality_momentum,4,603637.SH,,0.99391478,-0.0192293,0.06945574,0.00727428,-0.00291936
2025-02-28,quality_momentum,5,300458.SZ,,0.99188644,-0.10994194,0.10019795,0.04705112,0.00684124
2025-02-28,quality_momentum,6,003033.SZ,,0.98985803,,,,
2025-02-28,quality_momentum,7,688578.SH,,0.98782963,-0.00713095,0.0187685,0.05576777,-0.05790916
2025-02-28,quality_momentum,8,300695.SZ,,0.98580122,-0.03826362,0.00391818,0.01810009,0.37991826
2025-02-28,quality_momentum,9,300124.SZ,,0.98377281,-0.01443442,0.05870611,0.05870611,-0.00713417
2025-02-28,quality_momentum,10,002886.SZ,,0.98174441,-0.07825013,-0.0316952,-0.02564307,-0.03076407
2025-02-28,quality_momentum,11,000425.SZ,,0.979716,-0.00417268,0.04469098,0.0787818,0.04923635
2025-02-28,quality_momentum,12,002245.SZ,,0.9776876,0.02047283,0.05979485,0.03064234,0.03674405
2025-02-28,quality_momentum,13,002042.SZ,,0.97565925,-0.06925753,0.06718456,0.13281498,0.14663188
2025-02-28,quality_momentum,14,601231.SH,,0.97363085,-0.02345882,0.01026148,-0.01903648,-0.03175073
2025-02-28,quality_momentum,15,603638.SH,,0.97160244,-0.0314295,0.00510702,0.04564762,0.00160351
2025-02-28,quality_momentum,16,603296.SH,,0.96957403,-0.07047142,-0.02532854,-0.02658572,-0.05390001
2025-02-28,quality_momentum,17,603070.SH,,0.96754563,-0.05994416,-0.02776754,-0.04480222,-0.02524389
2025-02-28,quality_momentum,18,301263.SZ,,0.96551722,0.05018898,0.05941309,0.1093317,0.08871312
2025-02-28,quality_momentum,19,603219.SH,,0.96348882,0.00954171,0.05816864,0.10793978,0.0656057
2025-02-28,quality_momentum,20,301310.SZ,,0.96146047,0.00770136,0.13281054,0.15899611,0.04610702
2025-03-03,quality_momentum,1,603887.SH,,1.0,,,,
2025-03-03,quality_momentum,2,603686.SH,,0.99799198,-0.01212012,0.0436975,-0.03649119,-0.03020183
2025-03-03,quality_momentum,3,002009.SZ,,0.99598396,0.06163081,0.0915636,0.09767234,0.07323738
2025-03-03,quality_momentum,4,603193.SH,,0.99397588,0.00467212,0.04202945,0.06036221,0.19111277
2025-03-03,quality_momentum,5,301080.SZ,,0.99196786,0.01774291,0.06059999,0.03488573,-0.04654285
2025-03-03,quality_momentum,6,688768.SH,,0.98995984,0.11601879,0.06037395,0.11501442,0.07825259
2025-03-03,quality_momentum,7,688093.SH,,0.98795182,0.06840566,0.08543625,0.07670267,0.03521787
2025-03-03,quality_momentum,8,301316.SZ,,0.98594379,0.0667508,0.10881429,0.05206824,0.1619889
2025-03-03,quality_momentum,9,002886.SZ,,0.98393571,0.01624521,0.03035811,0.02632581,0.04094272
2025-03-03,quality_momentum,10,603929.SH,,0.98192769,0.08492635,0.12115389,0.11486644,0.06696227
2025-03-03,quality_momentum,11,603895.SH,,0.97991967,-0.01190002,0.03661855,0.04884077,0.01624814
2025-03-03,quality_momentum,12,688578.SH,,0.97791165,-0.00061747,0.08492829,-0.00087393,-0.04153057
2025-03-03,quality_momentum,13,600595.SH,,0.97590363,0.02197269,0.0988958,0.11215838,0.10420075
2025-03-03,quality_momentum,14,300507.SZ,,0.97389561,0.02530207,0.03825546,0.03436947,0.20923992
2025-03-03,quality_momentum,15,002195.SZ,,0.97188753,0.03550159,0.3622732,0.20872995,0.24022599
2025-03-03,quality_momentum,16,600366.SH,,0.96987951,0.03479722,0.02906327,0.00727428,0.00498076
2025-03-03,quality_momentum,17,000678.SZ,,0.96787149,,,,
2025-03-03,quality_momentum,18,301263.SZ,,0.96586347,0.01305615,0.03677972,0.11001334,0.03162245
2025-03-03,quality_momentum,19,300296.SZ,,0.96385545,0.03331126,0.06148035,-0.0019,0.13894512
2025-03-03,quality_momentum,20,300458.SZ,,0.96184736,0.25055002,0.19370958,0.14588522,0.1517652
2025-03-04,quality_momentum,1,301316.SZ,,1.0,0.00366995,0.03449065,0.00255595,0.12583854
2025-03-04,quality_momentum,2,002997.SZ,,0.99770117,0.03158416,0.08407288,0.08362033,0.04583753
2025-03-04,quality_momentum,3,688123.SH,,0.99540228,0.01433044,-0.02681191,-0.01674655,0.03836164
2025-03-04,quality_momentum,4,688235.SH,,0.99310344,0.01797097,-0.00025495,-0.05337409,-0.03272389
2025-03-04,quality_momentum,5,688696.SH,,0.99080461,-0.00212719,0.00294742,0.00983981,0.03536427
2025-03-04,quality_momentum,6,002139.SZ,,0.98850572,0.03368284,0.09871356,0.09135156,0.04043127
2025-03-04,quality_momentum,7,000429.SZ,,0.98620689,-0.01967173,-0.0777715,-0.09896084,-0.09485963
2025-03-04,quality_momentum,8,603929.SH,,0.98390806,0.03942227,0.05264541,0.01242504,-0.03798817
2025-03-04,quality_momentum,9,600366.SH,,0.98160917,-0.0019,0.0047372,-0.00853709,-0.03397966
2025-03-04,quality_momentum,10,603037.SH,,0.97931033,-0.02679629,0.04967086,0.00284214,0.07338156
2025-03-04,quality_momentum,11,603686.SH,,0.9770115,0.0703796,-0.00745998,-0.01699131,-0.01778563
2025-03-04,quality_momentum,12,002273.SZ,,0.97471267,0.00768464,0.02645462,0.01607124,-0.03424824
2025-03-04,quality_momentum,13,002195.SZ,,0.97241378,,,,
2025-03-04,quality_momentum,14,301028.SZ,,0.97011495,0.01303711,0.02404339,0.00124471,0.03583586
2025-03-04,quality_momentum,15,603612.SH,,0.96781611,0.06476663,0.0569889,0.10921111,-0.04967783
2025-03-04,quality_momentum,16,002245.SZ,,0.96551722,0.05051937,0.02162156,0.05320755,0.02498178
2025-03-04,quality_momentum,17,688065.SH,,0.96321839,-0.01556788,0.01380787,-0.00434803,0.04012368
2025-03-04,quality_momentum,18,603618.SH,,0.96091956,,,,
2025-03-04,quality_momentum,19,301377.SZ,,0.95862067,0.0430483,0.04344605,0.08998545,0.33421766
2025-03-04,quality_momentum,20,603165.SH,,0.95632184,0.00093684,-0.02459503,-0.04019784,-0.05721919
2025-03-05,quality_momentum,1,605133.SH,,1.0,0.01224615,0.04390665,0.15303429,0.11463759
2025-03-05,quality_momentum,2,301316.SZ,,0.99717516,0.03170418,-0.02110234,-0.02221017,0.09854318
2025-03-05,quality_momentum,3,603081.SH,,0.99435025,0.01668477,0.07029445,0.09817153,0.07386847
2025-03-05,quality_momentum,4,002076.SZ,,0.99152541,-0.00444453,-0.04770154,-0.00444453,0.06680222
2025-03-05,quality_momentum,5,603193.SH,,0.98870057,-0.00256224,0.01498744,0.10306693,0.09412645
2025-03-05,quality_momentum,6,688696.SH,,0.98587573,0.00188785,-0.00689997,0.00984247,0.0132515
2025-03-05,quality_momentum,7,688360.SH,,0.98305082,-0.08516823,-0.08321357,-0.0836045,-0.05272094
2025-03-05,quality_momentum,8,002249.SZ,,0.98022598,-0.01349419,0.01694057,0.0589696,0.05027392
2025-03-05,quality_momentum,9,002195.SZ,,0.97740114,,,,
2025-03-05,quality_momentum,10,603895.SH,,0.97457629,-0.01108722,0.00057355,0.01576784,-0.03582223
2025-03-05,quality_momentum,11,688578.SH,,0.97175139,0.05735003,-0.02627496,-0.03302501,-0.02477501
2025-03-05,quality_momentum,12,002149.SZ,,0.96892655,0.01298836,0.04077988,0.1047997,0.08891888
2025-03-05,quality_momentum,13,000157.SZ,,0.96610171,-0.01042616,0.00297213,-0.004336,-0.01529829
2025-03-05,quality_momentum,14,300223.SZ,,0.96327686,-0.05179994,-0.07513844,-0.10136654,-0.1391527
2025-03-05,quality_momentum,15,688525.SH,,0.96045196,-0.02970398,0.03305749,0.00363388,0.05060378
2025-03-05,quality_momentum,16,603637.SH,,0.95762712,-0.03139572,-0.06850321,-0.01902659,-0.0589885
2025-03-05,quality_momentum,17,002164.SZ,,0.95480227,0.03433188,-0.00045076,0.07201301,0.62418695
2025-03-05,quality_momentum,18,688123.SH,,0.95197737,-0.02418551,-0.04238526,-0.02455691,0.00589991
2025-03-05,quality_momentum,19,300793.SZ,,0.94915253,0.03098847,-0.04193813,-0.0157227,-0.01238614
2025-03-05,quality_momentum,20,300507.SZ,,0.94632769,-0.03092053,-0.03454808,0.08516165,0.08274333
2025-03-06,quality_momentum,1,603895.SH,,1.0,-0.01045926,0.051595,0.02877042,-0.03863326
2025-03-06,quality_momentum,2,603912.SH,,0.99719101,-0.00091962,0.04711962,-0.01758626,0.04221773
2025-03-06,quality_momentum,3,300733.SZ,,0.99438202,0.05110773,0.06123279,0.03621791,0.08267416
2025-03-06,quality_momentum,4,301316.SZ,,0.99157304,-0.00475815,-0.03548347,-0.08014226,0.02203712
2025-03-06,quality_momentum,5,688578.SH,,0.98876405,-0.02361347,-0.07105266,-0.11683982,-0.07435689
2025-03-06,quality_momentum,6,002076.SZ,,0.98595506,-0.04271635,-0.02485922,-0.01210407,0.02871222
2025-03-06,quality_momentum,7,688372.SH,,0.98314607,-0.02635175,-0.02613246,-0.08819388,-0.12459742
2025-03-06,quality_momentum,8,300698.SZ,,0.98033708,-0.01418942,-0.03467193,-0.0321685,-0.07108519
2025-03-06,quality_momentum,9,002009.SZ,,0.9775281,0.02882623,0.07072576,-0.03095026,0.02044639
2025-03-06,quality_momentum,10,300793.SZ,,0.97471911,-0.03743294,-0.04804673,-0.09696224,-0.07896509
2025-03-06,quality_momentum,11,688267.SH,,0.97191012,-0.01819632,-0.01782601,-0.03004815,-0.02486305
2025-03-06,quality_momentum,12,002870.SZ,,0.96910113,0.01712032,0.01112769,-0.02378634,0.00721933
2025-03-06,quality_momentum,13,300507.SZ,,0.96629214,0.00930795,0.00681729,0.05663055,0.11889705
2025-03-06,quality_momentum,14,301603.SZ,,0.96348315,0.042379,0.11487115,0.1011564,0.06471442
2025-03-06,quality_momentum,15,688235.SH,,0.96067417,0.00287696,-0.05040826,-0.06469588,-0.02031319
2025-03-06,quality_momentum,16,000338.SZ,,0.95786518,0.0127789,0.01155567,-0.02758804,0.01706024
2025-03-06,quality_momentum,17,688129.SH,,0.95505619,0.01112604,-0.01743114,-0.05600821,-0.02494613
2025-03-06,quality_momentum,18,002879.SZ,,0.9522472,-0.02096774,-0.02520508,0.03941356,-0.0220271
2025-03-06,quality_momentum,19,300307.SZ,,0.94943821,-0.04285905,-0.04985212,-0.06283908,0.01708094
2025-03-06,quality_momentum,20,603270.SH,,0.94662923,0.053697,0.07571195,0.01451791,0.15854775
2025-03-07,quality_momentum,1,300733.SZ,,1.0,-0.06128911,0.00262491,-0.00699045,-0.01208098
2025-03-07,quality_momentum,2,300432.SZ,,0.99806201,0.12181138,0.08432302,0.06979639,0.00138021
2025-03-07,quality_momentum,3,688525.SH,,0.99612403,-0.00579711,-0.0341161,0.00485504,-0.04126087
2025-03-07,quality_momentum,4,301316.SZ,,0.99418604,-0.05026979,-0.05134468,-0.03450484,0.03858725
2025-03-07,quality_momentum,5,002076.SZ,,0.99224806,-0.00455957,0.04065322,0.06192979,
2025-03-07,quality_momentum,6,300337.SZ,,0.99031007,0.03238155,0.0141467,0.03384039,-0.08796856
2025-03-07,quality_momentum,7,000837.SZ,,0.98837209,0.01842516,0.0387504,-0.00433907,0.01842516
2025-03-07,quality_momentum,8,300250.SZ,,0.9864341,0.00809477,0.024928,-0.00821251,-0.09711302
2025-03-07,quality_momentum,9,603596.SH,,0.98449612,-0.0172847,-0.05759232,-0.07143853,-0.04697699
2025-03-07,quality_momentum,10,000932.SZ,,0.98255813,-0.03237624,-0.02856668,0.00190946,0.01524285
2025-03-07,quality_momentum,11,300137.SZ,,0.98062015,-0.01053313,-0.00909424,-0.03499358,-0.0536986
2025-03-07,quality_momentum,12,603602.SH,,0.97868216,-0.06134394,-0.05319438,-0.11215887,-0.1639326
2025-03-07,quality_momentum,13,301099.SZ,,0.97674417,0.01378627,0.0961392,0.03515884,-0.00386078
2025-03-07,quality_momentum,14,688372.SH,,0.97480619,-0.01280254,-0.02280594,-0.05214169,-0.1266612
2025-03-07,quality_momentum,15,688595.SH,,0.9728682,0.04461163,0.09112326,0.06321626,-0.05887676
2025-03-07,quality_momentum,16,002439.SZ,,0.97093022,-0.06585048,-0.00757296,-0.03748528,-0.09473132
2025-03-07,quality_momentum,17,300926.SZ,,0.96899223,-0.02637087,-0.02141058,-0.03629153,-0.00223066
2025-03-07,quality_momentum,18,600595.SH,,0.96705425,0.00288473,0.02202342,-0.00429237,-0.01864644
2025-03-07,quality_momentum,19,688081.SH,,0.96511626,-0.02660302,0.01947771,0.02422832,-0.02280255
2025-03-07,quality_momentum,20,688235.SH,,0.96317828,-0.06530493,-0.06184725,-0.06400829,-0.04671997
2025-03-10,quality_momentum,1,688578.SH,,1.0,0.00873425,-0.04097754,-0.04251496,-0.00651246
2025-03-10,quality_momentum,2,603358.SH,,0.99828476,0.00774041,-7.62e-05,0.01816248,-0.00268167
2025-03-10,quality_momentum,3,688392.SH,,0.99656945,0.02441583,-0.01496454,0.0985106,-0.05005231
2025-03-10,quality_momentum,4,300124.SZ,,0.99485421,0.00855758,-0.05745554,-0.08137708,-0.09000455
2025-03-10,quality_momentum,5,603226.SH,,0.99313891,0.05433098,0.08168666,0.06041001,-0.03077539
2025-03-10,quality_momentum,6,600031.SH,,0.99142367,0.00944687,-0.01324677,0.00846014,-0.01522013
2025-03-10,quality_momentum,7,300676.SZ,,0.98970842,0.02068067,-0.00819031,-0.01641615,-0.11625484
2025-03-10,quality_momentum,8,688110.SH,,0.98799312,0.02246679,0.00835969,0.0551696,-0.02722866
2025-03-10,quality_momentum,9,688582.SH,,0.98627788,0.00800109,-0.07180697,-0.06610639,-0.11981176
2025-03-10,quality_momentum,10,002723.SZ,,0.98456264,-0.02106574,-0.05601495,-0.03684921,-0.09998341
2025-03-10,quality_momentum,11,600480.SH,,0.98284733,0.03123249,-0.04527349,-0.02117709,0.0691843
2025-03-10,quality_momentum,12,688595.SH,,0.98113209,0.07743333,-0.00590001,0.01832222,-0.11567776
2025-03-10,quality_momentum,13,002149.SZ,,0.97941679,0.09281679,0.1589758,0.10471592,0.0423646
2025-03-10,quality_momentum,14,603809.SH,,0.97770154,0.05421113,-0.05634441,0.00310004,-0.0091222
2025-03-10,quality_momentum,15,000893.SZ,,0.9759863,0.0185167,0.02976665,0.0922667,0.07185
2025-03-10,quality_momentum,16,000766.SZ,,0.974271,-0.03689995,-0.04134439,-0.04356667,-0.01190002
2025-03-10,quality_momentum,17,002997.SZ,,0.97255576,0.02287567,-0.06747028,0.00621618,-0.08199398
2025-03-10,quality_momentum,18,605018.SH,,0.97084045,-0.04629894,-0.11118962,-0.08933173,-0.14465959
2025-03-10,quality_momentum,19,688002.SH,,0.96912521,0.06841627,0.00789295,0.00660858,-0.04877749
2025-03-10,quality_momentum,20,002139.SZ,,0.96740997,0.01290635,-0.04518019,-0.02638748,-0.09187726
2025-03-11,quality_momentum,1,300124.SZ,,1.0,-0.03967495,-0.06761805,-0.08456493,-0.11444859
2025-03-11,quality_momentum,2,002436.SZ,,0.99848253,-0.01613489,-0.01542317,0.00308216,-0.11222033
2025-03-11,quality_momentum,3,002837.SZ,,0.99696511,-0.02424172,0.02375165,-0.00541675,-0.16222268
2025-03-11,quality_momentum,4,301263.SZ,,0.99544764,0.01415837,-0.02379787,-0.0019,-0.04472239
2025-03-11,quality_momentum,5,688686.SH,,0.99393022,-0.04011116,-0.09917336,-0.11606174,-0.1725765
2025-03-11,quality_momentum,6,688110.SH,,0.99241275,0.01719235,0.02282616,-2.214e-05,-0.07263553
2025-03-11,quality_momentum,7,688578.SH,,0.99089527,-0.01926824,-0.06389291,-0.03207246,0.00405842
2025-03-11,quality_momentum,8,301377.SZ,,0.98937786,0.08152437,0.03452987,0.22177932,0.04035861
2025-03-11,quality_momentum,9,300580.SZ,,0.98786038,-0.0238272,-0.0521019,-0.03825306,-0.09855314
2025-03-11,quality_momentum,10,603929.SH,,0.98634297,0.00488978,-0.00624543,-0.05160124,-0.10836383
2025-03-11,quality_momentum,11,002139.SZ,,0.98482549,-0.00695045,-0.03781468,-0.04847692,-0.13433543
2025-03-11,quality_momentum,12,603158.SH,,0.98330802,-0.00860497,-0.03350921,0.00863641,-0.06032908
2025-03-11,quality_momentum,13,688257.SH,,0.9817906,-0.02815412,-0.0126829,0.01638418,-0.01315174
2025-03-11,quality_momentum,14,688392.SH,,0.98027313,-0.01881222,-0.0289959,0.10193706,-0.06645723
2025-03-11,quality_momentum,15,000766.SZ,,0.97875571,0.00558412,-0.00074867,-0.00650564,0.02458239
2025-03-11,quality_momentum,16,000338.SZ,,0.97723824,-0.01638401,-0.02966103,0.05422551,-0.040524
2025-03-11,quality_momentum,17,603912.SH,,0.97572076,-0.01124576,-0.07666635,0.00090379,-0.13741402
2025-03-11,quality_momentum,18,300733.SZ,,0.97420335,-0.00694197,-0.01646576,0.03451462,-0.06016327
2025-03-11,quality_momentum,19,603358.SH,,0.97268587,-0.00628707,0.01513226,0.0055839,-0.03544838
2025-03-11,quality_momentum,20,688071.SH,,0.97116846,-0.02549549,-0.0443719,-0.03673144,-0.14122586
2025-03-12,quality_momentum,1,688041.SH,,1.0,-0.05495655,-0.06048075,-0.08518782,-0.14115818
2025-03-12,quality_momentum,2,600718.SH,,0.9986825,-0.0132122,-0.04413229,-0.04714886,-0.11954708
2025-03-12,quality_momentum,3,300733.SZ,,0.99736494,-0.02048111,-0.02048111,0.00035226,-0.06383691
2025-03-12,quality_momentum,4,603109.SH,,0.99604744,-0.01067193,0.02002983,0.07266141,-0.00672457
2025-03-12,quality_momentum,5,603127.SH,,0.99472994,-0.01309404,0.03587984,0.03961118,-0.02941866
2025-03-12,quality_momentum,6,603081.SH,,0.99341238,0.01564386,-0.04803385,-0.02399225,
2025-03-12,quality_momentum,7,300296.SZ,,0.99209487,-0.04665703,0.03390566,-0.0019,-0.09141405
2025-03-12,quality_momentum,8,603637.SH,,0.99077731,-0.04739851,-0.04933461,-0.04255825,-0.05901512
2025-03-12,quality_momentum,9,002886.SZ,,0.98945981,-0.06371813,-0.06144546,-0.00780908,-0.11917267
2025-03-12,quality_momentum,10,600933.SH,,0.98814231,-0.02840005,0.02259997,-0.0019,-0.11689996
2025-03-12,quality_momentum,11,603322.SH,,0.98682475,-0.05158939,-0.05158939,0.00017044,-0.02674474
2025-03-12,quality_momentum,12,603912.SH,,0.98550725,-0.05473022,-0.04812644,-0.00473024,-0.11133396
2025-03-12,quality_momentum,13,002009.SZ,,0.98418975,-0.06749141,-0.05566349,-0.02663118,-0.15405056
2025-03-12,quality_momentum,14,688219.SH,,0.98287219,-0.05602907,-0.06852041,0.01475514,-0.11709779
2025-03-12,quality_momentum,15,688093.SH,,0.98155469,-0.03973559,-0.03566731,-0.02590324,-0.0348536
2025-03-12,quality_momentum,16,300250.SZ,,0.98023713,-0.03776069,-0.04288367,-0.08847789,-0.17505578
2025-03-12,quality_momentum,17,002436.SZ,,0.97891963,0.00026605,0.02264872,-0.02572673,-0.09504078
2025-03-12,quality_momentum,18,920496.BJ,,0.97760212,-0.08081246,0.02130953,-0.12258966,-0.18227134
2025-03-12,quality_momentum,19,300617.SZ,,0.97628456,-0.01946866,-0.05432278,-0.07585859,-0.10816236
2025-03-12,quality_momentum,20,002919.SZ,,0.97496706,-0.08199949,-0.09891492,-0.11881543,-0.16359156
2025-03-13,quality_momentum,1,688200.SH,,1.0,0.037704,-0.01180102,-0.02184047,-0.01373968
2025-03-13,quality_momentum,2,002733.SZ,,0.99836063,0.06476657,0.05356666,0.10209997,-0.10536669
2025-03-13,quality_momentum,3,600797.SH,,0.99672133,0.04125195,0.18946961,0.26451652,-0.00752849
2025-03-13,quality_momentum,4,603486.SH,,0.99508196,0.01958758,0.06405039,0.05512479,0.0253727
2025-03-13,quality_momentum,5,002879.SZ,,0.9934426,-0.0237718,-0.03903125,-0.06090304,-0.11685419
2025-03-13,quality_momentum,6,603929.SH,,0.99180329,0.01643328,-0.02995563,-0.0410667,-0.08356675
2025-03-13,quality_momentum,7,603150.SH,,0.99016392,0.00413036,-0.05014336,-0.02418634,-0.09602695
2025-03-13,quality_momentum,8,002402.SZ,,0.98852462,0.00825452,-0.01823549,-0.04560862,-0.10565273
2025-03-13,quality_momentum,9,002536.SZ,,0.98688525,0.03848572,0.07103548,0.00352486,-0.06639675
2025-03-13,quality_momentum,10,000997.SZ,,0.98524588,-0.00407074,0.04730403,-0.01781896,0.04151533
2025-03-13,quality_momentum,11,000970.SZ,,0.98360658,-0.00872334,-0.01630483,-0.02009558,-0.02161188
2025-03-13,quality_momentum,12,920046.BJ,,0.98196721,0.0251563,-0.01705151,-0.11445415,-0.08848005
2025-03-13,quality_momentum,13,002436.SZ,,0.98032784,-0.00334094,0.01539104,-0.05809594,-0.09051672
2025-03-13,quality_momentum,14,688256.SH,,0.97868854,0.01001689,-0.00695362,-0.04990269,-0.15069358
2025-03-13,quality_momentum,15,688110.SH,,0.97704917,0.03713527,0.01396792,-0.00475624,-0.04918657
2025-03-13,quality_momentum,16,002518.SZ,,0.97540987,-0.00256805,-0.03329612,-0.05467221,-0.13817256
2025-03-13,quality_momentum,17,920701.BJ,,0.9737705,0.05706104,0.08277534,-0.07566625,-0.13852334
2025-03-13,quality_momentum,18,688392.SH,,0.97213113,0.0098246,0.14598198,0.06939344,-0.07262619
2025-03-13,quality_momentum,19,603081.SH,,0.97049183,-0.03191279,-0.03829849,-0.05809412,
2025-03-13,quality_momentum,20,300258.SZ,,0.96885246,0.09667038,0.21555673,0.22533855,0.09817526
2025-03-14,quality_momentum,1,603929.SH,,1.0,-0.02808659,-0.0575465,-0.08455138,-0.11401129
2025-03-14,quality_momentum,2,600797.SH,,0.99843508,0.12220074,0.14558202,0.27507849,-0.06574888
2025-03-14,quality_momentum,3,688110.SH,,0.9968701,0.00512503,-0.03519267,-0.08070274,-0.05535149
2025-03-14,quality_momentum,4,603615.SH,,0.99530518,0.00596271,-0.00547399,-0.05836892,-0.11984144
2025-03-14,quality_momentum,5,002879.SZ,,0.9937402,-0.02374093,-0.00970038,-0.10070397,-0.13554537
2025-03-14,quality_momentum,6,002733.SZ,,0.99217528,-0.0279,-0.05190001,-0.00839993,-0.18139997
2025-03-14,quality_momentum,7,603150.SH,,0.9906103,-0.00450623,-0.06835814,-0.02848327,-0.12100345
2025-03-14,quality_momentum,8,688041.SH,,0.98904538,-0.02446402,-0.05011634,-0.08295382,-0.12064451
2025-03-14,quality_momentum,9,002517.SZ,,0.98748046,-0.04646527,-0.07744353,-0.12798697,-0.11983483
2025-03-14,quality_momentum,10,603127.SH,,0.98591548,0.01687287,0.02053588,-0.03120404,-0.04951907
2025-03-14,quality_momentum,11,600809.SH,,0.98435056,0.00117962,-0.02574512,-0.06630825,-0.04624671
2025-03-14,quality_momentum,12,603081.SH,,0.98278558,-0.0354747,-0.01111656,-0.04205799,-0.23165643
2025-03-14,quality_momentum,13,688676.SH,,0.98122066,-0.02211939,-0.04793138,-0.08837016,-0.14193015
2025-03-14,quality_momentum,14,688256.SH,,0.97965568,-0.0097025,-0.07461261,-0.10243122,-0.17318327
2025-03-14,quality_momentum,15,600031.SH,,0.97809076,-0.0019,-0.01068909,-0.03998591,-0.06293515
2025-03-14,quality_momentum,16,689009.SH,,0.97652584,-0.00515631,-0.00965312,-0.04624798,0.00290694
2025-03-14,quality_momentum,17,603895.SH,,0.97496086,-0.04771742,-0.05292393,-0.08902254,-0.13206313
2025-03-14,quality_momentum,18,002997.SZ,,0.97339594,0.01097556,-0.02464676,-0.06241504,-0.14353089
2025-03-14,quality_momentum,19,300047.SZ,,0.97183096,-0.02169049,-0.0473017,-0.15207466,-0.25335525
2025-03-14,quality_momentum,20,002245.SZ,,0.97026604,-0.00124726,-0.02996794,-0.06717419,-0.09393655
2025-03-17,quality_momentum,1,002733.SZ,,1.0,0.01401385,0.0607284,-0.02448719,-0.14769052
2025-03-17,quality_momentum,2,688696.SH,,0.9982639,0.04033746,-0.00136718,-0.0087493,0.01788693
2025-03-17,quality_momentum,3,002387.SZ,,0.99652779,-0.01968813,-0.19060847,-0.22541123,-0.26253418
2025-03-17,quality_momentum,4,600797.SH,,0.99479169,,,,
2025-03-17,quality_momentum,5,002536.SZ,,0.99305558,-0.01847455,-0.08035308,-0.10410993,-0.17427568
2025-03-17,quality_momentum,6,688258.SH,,0.99131942,-0.00149316,-0.06617992,-0.09852326,-0.15588699
2025-03-17,quality_momentum,7,603315.SH,,0.98958331,,,,
2025-03-17,quality_momentum,8,603081.SH,,0.98784721,0.02602913,0.004912,0.12344064,-0.21443406
2025-03-17,quality_momentum,9,002602.SZ,,0.9861111,-0.01809434,-0.05992967,-0.06127924,-0.12605654
2025-03-17,quality_momentum,10,601059.SH,,0.984375,0.00484156,-0.01763041,-0.02998988,-0.08616973
2025-03-17,quality_momentum,11,603109.SH,,0.9826389,,,,
2025-03-17,quality_momentum,12,301009.SZ,,0.98090279,-0.01598452,-0.05510813,0.00435977,-0.14665742
2025-03-17,quality_momentum,13,689009.SH,,0.97916669,-0.02103505,-0.01278989,-0.02352416,0.01334576
2025-03-17,quality_momentum,14,301308.SZ,,0.97743058,-0.02787522,-0.06569072,-0.11066551,-0.14838922
2025-03-17,quality_momentum,15,600809.SH,,0.97569442,-0.02514563,-0.04575966,-0.06681224,-0.06247014
2025-03-17,quality_momentum,16,920395.BJ,,0.97395831,0.06213944,-0.13983105,-0.13983105,-0.12603798
2025-03-17,quality_momentum,17,002483.SZ,,0.97222221,0.00936761,0.04035353,0.09809998,-0.02161831
2025-03-17,quality_momentum,18,300602.SZ,,0.9704861,-0.01433265,-0.07276611,-0.11089293,-0.13368612
2025-03-17,quality_momentum,19,300779.SZ,,0.96875,0.04795167,0.04831341,0.072769,0.03999276
2025-03-17,quality_momentum,20,688525.SH,,0.9670139,0.00918171,-0.05491597,-0.08262034,-0.10087996
2025-03-18,quality_momentum,1,689009.SH,,1.0,0.01300883,-0.02442182,-0.01062322,0.01126419
2025-03-18,quality_momentum,2,688696.SH,,0.99853802,-0.02344071,-0.06228698,-0.04213368,-0.03804457
2025-03-18,quality_momentum,3,600595.SH,,0.99707603,0.01235179,-0.02565306,-0.00902595,-0.04465537
2025-03-18,quality_momentum,4,603912.SH,,0.99561405,-0.01681153,0.0297868,-0.13983109,-0.1454229
2025-03-18,quality_momentum,5,300145.SZ,,0.99415207,-0.02163678,-0.06768947,-0.07865438,-0.1466368
2025-03-18,quality_momentum,6,605133.SH,,0.99269009,-0.02918869,0.01189108,-0.02625444,-0.04151268
2025-03-18,quality_momentum,7,600031.SH,,0.99122804,0.02594802,-0.00443167,-0.009495,-0.04544436
2025-03-18,quality_momentum,8,002886.SZ,,0.98976606,0.00500609,-0.09398103,-0.11976371,-0.14278397
2025-03-18,quality_momentum,9,603486.SH,,0.98830408,0.00445758,0.0015114,-0.02484929,-0.08687442
2025-03-18,quality_momentum,10,002236.SZ,,0.9868421,-0.03878525,-0.08899016,-0.11409263,-0.13714595
2025-03-18,quality_momentum,11,002387.SZ,,0.98538011,-0.03497087,-0.21528584,-0.24599445,-0.27749057
2025-03-18,quality_momentum,12,688525.SH,,0.98391813,-0.03067063,-0.08086374,-0.1347932,-0.13217775
2025-03-18,quality_momentum,13,603088.SH,,0.98245615,0.02470947,-0.00790859,-0.07056957,0.03071805
2025-03-18,quality_momentum,14,688028.SH,,0.98099416,0.01287447,-0.0361146,-0.07071805,0.00898647
2025-03-18,quality_momentum,15,603127.SH,,0.97953218,-0.00055472,-0.05122736,-0.06871611,-0.0422587
2025-03-18,quality_momentum,16,920046.BJ,,0.9780702,0.00689116,-0.09695498,-0.04255935,-0.09310883
2025-03-18,quality_momentum,17,301078.SZ,,0.97660822,-0.01303298,-0.08834404,-0.08506966,-0.18657586
2025-03-18,quality_momentum,18,301308.SZ,,0.97514617,-0.01245409,-0.07361127,-0.1113987,-0.13439156
2025-03-18,quality_momentum,19,000534.SZ,,0.97368419,0.01898444,-0.01234228,-0.05841114,-0.02217032
2025-03-18,quality_momentum,20,000932.SZ,,0.97222221,0.00981874,0.04106879,0.02739686,-0.00580628
2025-03-19,quality_momentum,1,920870.BJ,,1.0,-0.06869296,-0.08764134,-0.05448176,-0.0805357
2025-03-19,quality_momentum,2,002733.SZ,,0.99853158,0.08757376,0.00020536,-0.06768939,-0.11768946
2025-03-19,quality_momentum,3,002536.SZ,,0.99706316,-0.02873782,-0.05382528,-0.09874941,-0.15009132
2025-03-19,quality_momentum,4,688257.SH,,0.99559474,-0.01347615,-0.0633426,-0.04197123,-0.06556878
2025-03-19,quality_momentum,5,920046.BJ,,0.99412626,-0.1086538,-0.07597405,-0.0912246,-0.10974309
2025-03-19,quality_momentum,6,688722.SH,,0.99265784,0.05427984,-0.01425947,0.00259444,-0.09178756
2025-03-19,quality_momentum,7,605133.SH,,0.99118942,0.02374096,0.05873346,0.07441975,-0.03960743
2025-03-19,quality_momentum,8,600595.SH,,0.989721,-0.00658388,-0.00424194,-0.04873847,-0.06044806
2025-03-19,quality_momentum,9,920718.BJ,,0.98825258,-0.04812739,-0.07044406,-0.04068846,-0.10445051
2025-03-19,quality_momentum,10,920300.BJ,,0.98678416,-0.05355845,-0.12642415,-0.08020335,-0.02256336
2025-03-19,quality_momentum,11,603109.SH,,0.98531574,0.06054901,-0.04271633,-0.07577757,-0.11659389
2025-03-19,quality_momentum,12,301293.SZ,,0.98384726,0.01222786,-0.1324923,-0.13611482,-0.12289259
2025-03-19,quality_momentum,13,300777.SZ,,0.98237884,-0.01779073,-0.03089365,-0.03507535,-0.04566917
2025-03-19,quality_momentum,14,600031.SH,,0.98091042,-0.02406747,-0.01667825,-0.05608713,-0.05608713
2025-03-19,quality_momentum,15,603626.SH,,0.979442,-0.06149588,-0.14836463,-0.15644543,-0.20493029
2025-03-19,quality_momentum,16,000534.SZ,,0.97797358,-0.02656911,-0.07891563,-0.09034765,-0.07410217
2025-03-19,quality_momentum,17,603486.SH,,0.97650516,-0.01653789,-0.01884912,-0.05151474,-0.10236221
2025-03-19,quality_momentum,18,603683.SH,,0.97503674,-0.00440003,-0.07856662,-0.06106662,-0.0602333
2025-03-19,quality_momentum,19,002026.SZ,,0.97356826,0.00520898,-0.02954618,-0.05245294,-0.09510699
2025-03-19,quality_momentum,20,300857.SZ,,0.97209984,-0.02402599,-0.04993153,-0.10426222,-0.0775693
2025-03-20,quality_momentum,1,002992.SZ,,1.0,-0.02378481,0.0064436,-0.07015329,
2025-03-20,quality_momentum,2,002616.SZ,,0.99872774,-0.00853344,-0.01516697,-0.03175075,
2025-03-20,quality_momentum,3,301525.SZ,,0.99745548,-0.00680141,-0.08954151,-0.06538465,-0.19655518
2025-03-20,quality_momentum,4,002026.SZ,,0.99618322,0.00202157,-0.08660586,-0.06072356,-0.17837059
2025-03-20,quality_momentum,5,603158.SH,,0.99491096,-0.04982624,-0.09590915,-0.09406583,
2025-03-20,quality_momentum,6,603686.SH,,0.99363869,0.12111588,0.04254439,0.11159204,
2025-03-20,quality_momentum,7,300337.SZ,,0.99236643,-0.05979475,-0.0567872,-0.09964432,
2025-03-20,quality_momentum,8,300014.SZ,,0.99109417,-0.02671584,-0.05269489,-0.07188836,-0.17270261
2025-03-20,quality_momentum,9,603638.SH,,0.98982191,0.02168273,-0.04498396,-0.05405421,
2025-03-20,quality_momentum,10,920906.BJ,,0.98854959,-0.08661078,-0.07283666,-0.11347028,-0.21746479
2025-03-20,quality_momentum,11,002296.SZ,,0.98727733,-0.0352069,-0.08278825,-0.10578586,
2025-03-20,quality_momentum,12,002249.SZ,,0.98600507,-0.03500341,-0.05983099,0.03534138,
2025-03-20,quality_momentum,13,300421.SZ,,0.98473281,-0.06982676,-0.07927742,0.00873207,
2025-03-20,quality_momentum,14,603089.SH,,0.98346055,-0.0240631,-0.06129713,-0.07725461,
2025-03-20,quality_momentum,15,300733.SZ,,0.98218828,-0.04088957,-0.07878083,-0.09360786,
2025-03-20,quality_momentum,16,300221.SZ,,0.98091602,-0.03663053,-0.04501379,-0.04381621,-0.04381621
2025-03-20,quality_momentum,17,002149.SZ,,0.97964376,-0.00856672,-0.01434447,-0.09523339,
2025-03-20,quality_momentum,18,300320.SZ,,0.9783715,-0.0317245,-0.00453154,0.04195969,-0.16768941
2025-03-20,quality_momentum,19,300926.SZ,,0.97709924,-0.04130259,-0.07593876,-0.05623746,-0.22846496
2025-03-20,quality_momentum,20,003025.SZ,,0.97582698,-0.05484114,-0.07837058,-0.05644547,
2025-03-21,quality_momentum,1,002046.SZ,,1.0,-0.06687169,-0.05105251,-0.10302988,-0.24992256
2025-03-21,quality_momentum,2,603638.SH,,0.99818838,-0.05506791,-0.07190446,-0.05772633,-0.19551986
2025-03-21,quality_momentum,3,920982.BJ,,0.99637681,0.00461078,0.05658462,0.1075481,0.07200086
2025-03-21,quality_momentum,4,603158.SH,,0.99456519,-0.03384581,-0.02416522,-0.07934435,-0.23713718
2025-03-21,quality_momentum,5,002891.SZ,,0.99275362,0.01543824,-0.01337734,0.02618304,-0.09152146
2025-03-21,quality_momentum,6,688191.SH,,0.990942,0.00588212,0.00121287,0.03662138,-0.21979885
2025-03-21,quality_momentum,7,000837.SZ,,0.98913044,-0.01783619,0.08734305,0.12160599,
2025-03-21,quality_momentum,8,300873.SZ,,0.98731881,-0.02475715,-0.04673512,-0.05992194,-0.2383835
2025-03-21,quality_momentum,9,002358.SZ,,0.98550725,-0.04822589,-0.05621306,-0.09774665,-0.23193194
2025-03-21,quality_momentum,10,605008.SH,,0.98369563,0.00063164,-0.0019,-0.01582407,-0.12405192
2025-03-21,quality_momentum,11,603615.SH,,0.98188406,0.01893332,-0.01894543,-0.06705155,-0.14318791
2025-03-21,quality_momentum,12,003038.SZ,,0.98007244,-0.02235458,0.0108273,-0.02553638,-0.20099087
2025-03-21,quality_momentum,13,300926.SZ,,0.97826087,0.03978045,-0.01281632,-0.03861852,-0.24768232
2025-03-21,quality_momentum,14,002026.SZ,,0.97644925,-0.04018128,-0.06283749,-0.06908753,-0.22377503
2025-03-21,quality_momentum,15,688636.SH,,0.97463769,-0.02653912,-0.0086198,-0.08801254,-0.07830623
2025-03-21,quality_momentum,16,300307.SZ,,0.97282606,-0.0680696,0.00182785,-0.07925323,-0.30199323
2025-03-21,quality_momentum,17,002708.SZ,,0.9710145,-0.08004876,0.0072047,-0.04514739,-0.23634614
2025-03-21,quality_momentum,18,002559.SZ,,0.96920288,-0.094337,-0.12795038,-0.13635379,-0.27500926
2025-03-21,quality_momentum,19,603270.SH,,0.96739131,-0.05785116,0.01539402,,-0.32370396
2025-03-21,quality_momentum,20,300715.SZ,,0.96557969,-0.0188972,-0.02928432,-0.0443929,-0.13221162
2025-03-24,quality_momentum,1,300850.SZ,,1.0,-0.06299326,-0.02690895,-0.05977786,-0.14409369
2025-03-24,quality_momentum,2,002488.SZ,,0.99760193,-0.04148941,-0.03049237,-0.08767713,-0.19544838
2025-03-24,quality_momentum,3,688266.SH,,0.99520385,-0.02275681,0.08941912,0.1225645,0.07138072
2025-03-24,quality_momentum,4,600595.SH,,0.99280578,-0.02067939,-0.05354324,-0.02772159,-0.26481084
2025-03-24,quality_momentum,5,600363.SH,,0.99040765,-0.01530901,-0.02919131,0.00535672,-0.18347434
2025-03-24,quality_momentum,6,000932.SZ,,0.98800957,0.00574815,0.01148428,-0.04970119,-0.10897454
2025-03-24,quality_momentum,7,300926.SZ,,0.9856115,-0.07652687,-0.05683809,-0.07208102,-0.29056309
2025-03-24,quality_momentum,8,688186.SH,,0.98321342,0.00798315,0.00798315,0.10771367,-0.04188207
2025-03-24,quality_momentum,9,002110.SZ,,0.98081535,-0.01582119,-0.02974228,-0.10166805,-0.21071674
2025-03-24,quality_momentum,10,603727.SH,,0.97841728,-0.03609356,-0.08254517,-0.07415808,-0.22770647
2025-03-24,quality_momentum,11,002255.SZ,,0.9760192,,,,
2025-03-24,quality_momentum,12,605198.SH,,0.97362113,-0.01463711,-0.01382408,-2.94e-06,-0.02629018
2025-03-24,quality_momentum,13,605008.SH,,0.971223,-0.00316266,-0.00505658,-0.01073841,-0.15594044
2025-03-24,quality_momentum,14,688336.SH,,0.96882492,-0.03760155,-0.02617702,-0.01189638,-0.11650191
2025-03-24,quality_momentum,15,000733.SZ,,0.96642685,0.03713171,0.05645995,0.01705292,0.00504319
2025-03-24,quality_momentum,16,603579.SH,,0.96402878,-0.04805384,0.13861287,0.48527958,-0.11779739
2025-03-24,quality_momentum,17,603993.SH,,0.9616307,0.02176126,-0.03801458,-0.05420387,-0.24598472
2025-03-24,quality_momentum,18,000997.SZ,,0.95923263,-0.01821442,0.06743628,0.10599763,-0.06827006
2025-03-24,quality_momentum,19,000893.SZ,,0.95683455,-0.00733263,0.01206977,-0.05118212,-0.09464345
2025-03-24,quality_momentum,20,002170.SZ,,0.95443642,0.01055211,0.03258282,1.574e-05,-0.07278117
2025-03-25,quality_momentum,1,002483.SZ,,1.0,-0.03289734,-0.04772211,-0.07332862,-0.19462237
2025-03-25,quality_momentum,2,600363.SH,,0.99706745,-0.00094062,0.01488922,0.03903385,-0.11142993
2025-03-25,quality_momentum,3,603686.SH,,0.9941349,0.01253774,0.02849514,0.12196024,-0.1196811
2025-03-25,quality_momentum,4,688191.SH,,0.99120235,-0.0107427,0.02424381,-0.00920485,-0.13684805
2025-03-25,quality_momentum,5,688636.SH,,0.98826981,-0.02801033,-0.10585318,-0.09023581,-0.03313481
2025-03-25,quality_momentum,6,002838.SZ,,0.98533726,-0.01000983,0.04363954,0.08356474,-0.07239285
2025-03-25,quality_momentum,7,603045.SH,,0.98240471,,,,
2025-03-25,quality_momentum,8,603659.SH,,0.97947216,-0.00611058,-0.03874217,-0.05453165,-0.11347896
2025-03-25,quality_momentum,9,300320.SZ,,0.97653961,0.03591881,0.00513607,-0.06346549,-0.15581381
2025-03-25,quality_momentum,10,002110.SZ,,0.97360706,-0.0042529,-0.05837058,-0.09131172,-0.1807235
2025-03-25,quality_momentum,11,688550.SH,,0.97067451,-0.0003379,0.02257284,0.019709,-0.0849513
2025-03-25,quality_momentum,12,000039.SZ,,0.96774191,-0.02421663,-0.04547066,-0.08372785,-0.18787232
2025-03-25,quality_momentum,13,603993.SH,,0.96480936,-0.05177834,-0.07124308,-0.08219195,-0.21601191
2025-03-25,quality_momentum,14,603355.SH,,0.96187681,-0.01770052,-0.03314998,-0.08511626,-0.25295336
2025-03-25,quality_momentum,15,920982.BJ,,0.95894426,-0.00933858,0.03845085,0.11111754,0.05073155
2025-03-25,quality_momentum,16,603270.SH,,0.95601171,0.06155271,,-0.10895422,-0.22309813
2025-03-25,quality_momentum,17,000932.SZ,,0.95307916,-0.005695,-0.03226048,-0.03415808,-0.14041991
2025-03-25,quality_momentum,18,300808.SZ,,0.95014662,-0.02133987,-0.08328389,-0.09909937,-0.19959357
2025-03-25,quality_momentum,19,603737.SH,,0.94721407,-0.01341252,0.03045409,0.00901702,0.07352675
2025-03-25,quality_momentum,20,605162.SH,,0.94428152,-0.00811891,-0.06035769,-0.03175075,-0.13000946
2025-03-26,quality_momentum,1,003038.SZ,,1.0,0.01560446,-0.02613702,-0.03421603,-0.19265403
2025-03-26,quality_momentum,2,301320.SZ,,0.99790359,-0.02705398,-0.08044208,-0.11637635,-0.27089382
2025-03-26,quality_momentum,3,603993.SH,,0.99580711,-0.01086287,-0.02750819,-0.06207925,-0.16195123
2025-03-26,quality_momentum,4,601899.SH,,0.9937107,0.00647993,0.01485985,-0.03262617,-0.04379941
2025-03-26,quality_momentum,5,000603.SZ,,0.99161428,0.02362648,0.0051198,-0.025512,-0.13208507
2025-03-26,quality_momentum,6,300320.SZ,,0.98951781,0.00657458,-0.0620695,-0.08325592,-0.17901867
2025-03-26,quality_momentum,7,001331.SZ,,0.98742139,-0.05425986,-0.03951056,-0.06605924,-0.04688521
2025-03-26,quality_momentum,8,002734.SZ,,0.98532492,0.02124815,-0.02597404,0.00828519,0.0814334
2025-03-26,quality_momentum,9,300940.SZ,,0.9832285,-0.01524073,-0.05859819,-0.0630451,-0.21424018
2025-03-26,quality_momentum,10,603686.SH,,0.98113209,0.04903631,0.12319359,0.05802511,-0.13673149
2025-03-26,quality_momentum,11,605198.SH,,0.97903562,-0.01113913,0.00271957,0.01168696,0.02364344
2025-03-26,quality_momentum,12,605011.SH,,0.9769392,-0.05272151,-0.0160383,-0.01985949,-0.06609565
2025-03-26,quality_momentum,13,002442.SZ,,0.97484279,-0.01944387,-0.06768945,-0.05891751,-0.19342044
2025-03-26,quality_momentum,14,688636.SH,,0.97274631,-0.00766295,-0.08483663,-0.06228583,-0.00064715
2025-03-26,quality_momentum,15,300850.SZ,,0.9706499,-0.02586277,-0.05876694,-0.02371687,-0.10240068
2025-03-26,quality_momentum,16,300501.SZ,,0.96855348,-0.02732374,-0.05759008,-0.03640364,-0.19318327
2025-03-26,quality_momentum,17,603088.SH,,0.96645701,-0.02606665,-0.03690002,0.01476661,-0.19273337
2025-03-26,quality_momentum,18,000837.SZ,,0.96436059,0.03175037,0.04345481,0.05735382,-0.17380929
2025-03-26,quality_momentum,19,300841.SZ,,0.96226418,-0.00867909,-0.03106601,-0.02444454,-0.07946583
2025-03-26,quality_momentum,20,301500.SZ,,0.96016771,-0.02272386,-0.047622,-0.08293213,-0.14630924
2025-03-27,quality_momentum,1,603045.SH,,1.0,-0.05511636,-0.04809873,,-0.1574555
2025-03-27,quality_momentum,2,300779.SZ,,0.99717516,-0.00476896,0.03294709,,0.0372855
2025-03-27,quality_momentum,3,603686.SH,,0.99435025,-0.03539966,0.05226966,,-0.12948376
2025-03-27,quality_momentum,4,300956.SZ,,0.99152541,-0.01767753,-0.07853406,,
2025-03-27,quality_momentum,5,600711.SH,,0.98870057,0.00335399,-0.01240781,-0.0369262,-0.06319597
2025-03-27,quality_momentum,6,002571.SZ,,0.98587573,-0.00688342,-0.01020568,0.03298373,0.2356415
2025-03-27,quality_momentum,7,600367.SH,,0.98305082,-0.0820223,-0.10832201,,-0.21596724
2025-03-27,quality_momentum,8,002755.SZ,,0.98022598,-0.00406217,0.02512705,,-0.01541353
2025-03-27,quality_momentum,9,300505.SZ,,0.97740114,-0.05665507,-0.0866263,-0.13734676,-0.09181361
2025-03-27,quality_momentum,10,603169.SH,,0.97457629,0.02934997,0.39653744,0.451225,0.46997498
2025-03-27,quality_momentum,11,000753.SZ,,0.97175139,-0.04220715,-0.0114969,,0.01921326
2025-03-27,quality_momentum,12,002115.SZ,,0.96892655,-0.04064344,-0.06158593,,-0.21551256
2025-03-27,quality_momentum,13,600558.SH,,0.96610171,-0.04230404,-0.0019,,-0.09280906
2025-03-27,quality_momentum,14,002682.SZ,,0.96327686,,-0.1371381,,-0.2114238
2025-03-27,quality_momentum,15,603062.SH,,0.96045196,,,,
2025-03-27,quality_momentum,16,603112.SH,,0.95762712,-0.00317631,-0.01274874,-0.14038114,-0.03508442
2025-03-27,quality_momentum,17,002695.SZ,,0.95480227,0.00643329,0.00087776,,-0.09449263
2025-03-27,quality_momentum,18,002801.SZ,,0.95197737,-0.04040963,-0.05641365,,-0.22370544
2025-03-27,quality_momentum,19,002483.SZ,,0.94915253,-0.03203699,-0.05806442,-0.13888632,-0.15532468
2025-03-27,quality_momentum,20,300940.SZ,,0.94632769,-0.00077321,-0.02668876,,-0.15739298
2025-03-28,quality_momentum,1,002249.SZ,,1.0,-0.03437628,0.00215952,-0.14804345,-0.14533706
2025-03-28,quality_momentum,2,002170.SZ,,0.99688476,0.02864185,0.024701,-0.07382121,0.00795217
2025-03-28,quality_momentum,3,600367.SH,,0.99376947,-0.0245064,-0.039134,-0.18208617,-0.11094256
2025-03-28,quality_momentum,4,002734.SZ,,0.99065423,-0.00849759,0.02637514,0.05088039,0.09894822
2025-03-28,quality_momentum,5,600988.SH,,0.98753893,0.06341733,0.03121868,-0.02995885,0.24373015
2025-03-28,quality_momentum,6,301277.SZ,,0.9844237,0.01191385,0.07617806,-0.0337318,0.02212402
2025-03-28,quality_momentum,7,300445.SZ,,0.9813084,0.0009275,-0.01179637,-0.22433169,-0.17390755
2025-03-28,quality_momentum,8,603193.SH,,0.97819316,-0.01982944,0.02007801,-0.04527761,0.03019951
2025-03-28,quality_momentum,9,300779.SZ,,0.97507787,0.00862631,0.02160878,-0.21593506,0.03810001
2025-03-28,quality_momentum,10,920599.BJ,,0.97196263,-0.01904893,0.00667457,-0.09729118,0.02489531
2025-03-28,quality_momentum,11,002653.SZ,,0.96884733,-0.03593609,0.03010407,0.06312409,0.14364228
2025-03-28,quality_momentum,12,002838.SZ,,0.9657321,-0.0007067,-0.01741308,-0.24295006,0.00525994
2025-03-28,quality_momentum,13,688191.SH,,0.9626168,-0.02587898,-0.06072348,-0.24880896,0.02844843
2025-03-28,quality_momentum,14,688717.SH,,0.95950156,-0.05644547,-0.00517272,-0.21553635,-0.12008179
2025-03-28,quality_momentum,15,688196.SH,,0.95638627,0.00138868,0.01169348,-0.20075996,0.00160797
2025-03-28,quality_momentum,16,000803.SZ,,0.95327103,-0.02892704,-0.0091072,-0.13703513,-0.06316129
2025-03-28,quality_momentum,17,002535.SZ,,0.95015574,-0.03807013,0.03639794,-0.0848787,-0.1401978
2025-03-28,quality_momentum,18,300421.SZ,,0.9470405,0.04109827,0.00100522,-0.20468908,-0.14658335
2025-03-28,quality_momentum,19,002255.SZ,,0.94392526,0.0131892,0.16682433,0.06394366,0.13664593
2025-03-28,quality_momentum,20,000852.SZ,,0.94080997,-0.08241947,-0.11618567,-0.2226792,-0.17982207
2025-03-31,quality_momentum,1,603193.SH,,1.0,-0.0036667,0.0237184,0.0257797,0.05669843
2025-03-31,quality_momentum,2,002695.SZ,,0.99607843,-0.05189998,,-0.2027772,-0.11067194
2025-03-31,quality_momentum,3,689009.SH,,0.99215686,-0.02304614,-0.12065572,-0.20079669,-0.11805077
2025-03-31,quality_momentum,4,002595.SZ,,0.98823529,0.01734062,-0.12858139,-0.12926253,-0.05519471
2025-03-31,quality_momentum,5,002639.SZ,,0.98431373,0.05834096,,-0.1633458,-0.00792412
2025-03-31,quality_momentum,6,001328.SZ,,0.98039216,-0.02095219,,-0.02785861,0.06978373
2025-03-31,quality_momentum,7,600063.SH,,0.97647059,0.00241962,-0.06669485,-0.10773156,-0.04509653
2025-03-31,quality_momentum,8,600202.SH,,0.97254902,,,,
2025-03-31,quality_momentum,9,003025.SZ,,0.96862745,-0.01222054,,-0.2148278,-0.12954806
2025-03-31,quality_momentum,10,603325.SH,,0.96470588,-0.02633715,-0.02761765,-0.08417513,-0.06486026
2025-03-31,quality_momentum,11,002255.SZ,,0.96078432,,,,
2025-03-31,quality_momentum,12,603686.SH,,0.95686275,-0.01721288,,-0.30416362,-0.21960972
2025-03-31,quality_momentum,13,002734.SZ,,0.95294118,0.02656302,,0.07305253,0.11764457
2025-03-31,quality_momentum,14,300445.SZ,,0.94901961,0.01360752,-0.15603535,-0.27116693,-0.19033989
2025-03-31,quality_momentum,15,300004.SZ,,0.94509804,0.04507992,,-0.15626237,-0.03545705
2025-03-31,quality_momentum,16,000571.SZ,,0.94117647,-0.02181154,,-0.20765222,-0.08375838
2025-03-31,quality_momentum,17,300446.SZ,,0.93725491,0.01538391,-0.0581963,-0.15745559,-0.11548032
2025-03-31,quality_momentum,18,688359.SH,,0.93333334,-0.0212604,-0.18081096,-0.24718952,-0.19844277
2025-03-31,quality_momentum,19,000737.SZ,,0.92941177,-0.02737174,,-0.26039062,-0.15567365
2025-03-31,quality_momentum,20,301277.SZ,,0.9254902,0.09110949,-0.02026495,-0.0552176,-0.00011937
2025-04-01,quality_momentum,1,603638.SH,,1.0,-0.0388053,-0.19265148,-0.2028782,-0.20154427
2025-04-01,quality_momentum,2,600988.SH,,0.99674267,-0.00809468,-0.06694422,-0.01428936,0.36093186
2025-04-01,quality_momentum,3,300445.SZ,,0.99348533,-0.02966494,-0.2383646,-0.21291339,-0.22957238
2025-04-01,quality_momentum,4,603193.SH,,0.990228,0.04057778,-0.02608881,0.02995836,0.03969286
2025-04-01,quality_momentum,5,603088.SH,,0.98697066,0.01223127,,-0.15817597,-0.22052011
2025-04-01,quality_momentum,6,603267.SH,,0.98371333,0.00265704,-0.06205314,0.06390389,0.02526007
2025-04-01,quality_momentum,7,002595.SZ,,0.98045605,-0.00874932,-0.12151243,-0.11650075,-0.09561872
2025-04-01,quality_momentum,8,301228.SZ,,0.97719872,-0.0261764,-0.11487853,0.09007009,0.11901504
2025-04-01,quality_momentum,9,688578.SH,,0.97394139,0.01794801,-0.05407196,-0.07641518,-0.03286291
2025-04-01,quality_momentum,10,000733.SZ,,0.97068405,-0.00746954,0.00420851,0.04912412,0.04876478
2025-04-01,quality_momentum,11,603686.SH,,0.96742672,-0.04517248,-0.25612582,-0.21691014,-0.23110895
2025-04-01,quality_momentum,12,002891.SZ,,0.96416938,-0.0351095,-0.1361313,-0.03650288,0.01574981
2025-04-01,quality_momentum,13,920735.BJ,,0.96091205,0.07859605,-0.04361367,-0.01745808,0.13541681
2025-04-01,quality_momentum,14,603121.SH,,0.95765471,-0.01371107,-0.10672287,-0.15052205,0.00745034
2025-04-01,quality_momentum,15,600645.SH,,0.95439738,-0.0148006,-0.10843356,-0.12924088,-0.12965703
2025-04-01,quality_momentum,16,300841.SZ,,0.95114005,-0.01699134,-0.13454494,-0.07703896,-0.08545834
2025-04-01,quality_momentum,17,000975.SZ,,0.94788271,0.00023333,-0.05043341,0.01943325,0.22689991
2025-04-01,quality_momentum,18,603015.SH,,0.94462538,-0.02352165,,-0.19987301,-0.23973785
2025-04-01,quality_momentum,19,300200.SZ,,0.9413681,-0.00886518,-0.04170095,-0.0297607,0.11451798
2025-04-01,quality_momentum,20,000837.SZ,,0.93811077,0.0778912,,-0.14507673,-0.15626241
2025-04-02,quality_momentum,1,688550.SH,,1.0,-0.14004956,-0.17300267,-0.10963128,-0.0655249
2025-04-02,quality_momentum,2,601069.SH,,0.99692309,-0.04966675,-0.09929451,0.07130099,0.1060405
2025-04-02,quality_momentum,3,003025.SZ,,0.99384618,,-0.21568191,-0.17173181,-0.15979476
2025-04-02,quality_momentum,4,603193.SH,,0.99076921,-0.0163312,-0.01435039,-0.02368825,0.01564386
2025-04-02,quality_momentum,5,600988.SH,,0.9876923,-0.10697569,-0.07536392,0.11697795,0.28928428
2025-04-02,quality_momentum,6,603088.SH,,0.98461539,,-0.24862127,-0.20599836,-0.22894919
2025-04-02,quality_momentum,7,002535.SZ,,0.98153847,,-0.22116233,-0.20067049,-0.22321151
2025-04-02,quality_momentum,8,002595.SZ,,0.97846156,-0.13915817,-0.13983108,-0.10349798,-0.09020954
2025-04-02,quality_momentum,9,000408.SZ,,0.97538459,-0.10051494,-0.12406064,-0.06838196,-0.03818807
2025-04-02,quality_momentum,10,600202.SH,,0.97230768,,-0.2116649,-0.155607,-0.12124895
2025-04-02,quality_momentum,11,000837.SZ,,0.96923077,-0.10549116,-0.27192758,-0.22013202,-0.23118174
2025-04-02,quality_momentum,12,301228.SZ,,0.96615386,-0.08276127,-0.08850284,0.09857849,0.14164067
2025-04-02,quality_momentum,13,600363.SH,,0.96307695,,-0.18489213,-0.13890789,-0.14977406
2025-04-02,quality_momentum,14,600259.SH,,0.95999998,0.05192444,0.03209436,0.03294426,-0.0101153
2025-04-02,quality_momentum,15,001359.SZ,,0.95692307,-0.12541548,-0.22963163,-0.19994037,-0.12541548
2025-04-02,quality_momentum,16,300423.SZ,,0.95384616,,-0.23154756,-0.11733127,
2025-04-02,quality_momentum,17,301277.SZ,,0.95076925,-0.07878019,-0.11164932,-0.06596686,-0.01588848
2025-04-02,quality_momentum,18,003010.SZ,,0.94769233,,0.05535827,0.13827582,0.13851336
2025-04-02,quality_momentum,19,603416.SH,,0.94461536,-0.11164804,-0.25504987,-0.13999684,-0.22885625
2025-04-02,quality_momentum,20,000733.SZ,,0.94153845,0.02610361,-0.03243291,0.09078292,-0.01906349
2025-04-03,quality_momentum,1,600988.SH,,1.0,0.04934381,0.10854778,0.25929405,0.45680644
2025-04-03,quality_momentum,2,001328.SZ,,0.99688476,-0.09227034,0.01810005,0.0255074,0.05587778
2025-04-03,quality_momentum,3,603193.SH,,0.99376947,-0.052144,0.00240665,-0.01711678,-0.03463039
2025-04-03,quality_momentum,4,920982.BJ,,0.99065423,0.02677382,0.0733688,0.21311791,0.3206807
2025-04-03,quality_momentum,5,000733.SZ,,0.98753893,-0.01771721,0.02621957,0.11602623,-0.06182971
2025-04-03,quality_momentum,6,600259.SH,,0.9844237,-0.08657741,-0.02878175,-0.06103984,-0.11453445
2025-04-03,quality_momentum,7,688501.SH,,0.9813084,-0.00135742,0.04530564,0.1266947,0.18095407
2025-04-03,quality_momentum,8,600318.SH,,0.97819316,-0.0379825,-0.0019,-0.0019,-0.05860105
2025-04-03,quality_momentum,9,603908.SH,,0.97507787,-0.09549217,-0.11296794,-0.08228832,-0.0387932
2025-04-03,quality_momentum,10,002734.SZ,,0.97196263,0.06495767,0.05349629,0.09074558,0.12512954
2025-04-03,quality_momentum,11,000430.SZ,,0.96884733,-0.01433779,-0.03175073,0.10133388,-0.04418852
2025-04-03,quality_momentum,12,300841.SZ,,0.9657321,-0.1066713,-0.04731729,-0.0019,-0.15143272
2025-04-03,quality_momentum,13,002132.SZ,,0.9626168,-0.04370066,-0.06299319,0.02382346,0.00453092
2025-04-03,quality_momentum,14,920017.BJ,,0.95950156,-0.0376548,0.0395302,0.050881,0.08039285
2025-04-03,quality_momentum,15,000559.SZ,,0.95638627,-0.05224966,-0.12917274,-0.1151867,-0.15854341
2025-04-03,quality_momentum,16,605011.SH,,0.95327103,-0.06976266,-0.04909182,-0.04675179,-0.05650212
2025-04-03,quality_momentum,17,300004.SZ,,0.95015574,-0.11345913,-0.05835162,-0.0691043,-0.01802902
2025-04-03,quality_momentum,18,000837.SZ,,0.9470405,,-0.116692,-0.05043615,-0.15598321
2025-04-03,quality_momentum,19,003025.SZ,,0.94392526,-0.06250608,-0.03947579,-0.01523339,-0.0473546
2025-04-03,quality_momentum,20,600039.SH,,0.94080997,0.01014819,0.05111208,0.01617231,0.03424456
2025-04-07,quality_momentum,1,000733.SZ,,1.0,-0.04368566,0.07809998,0.10542146,-0.03904286
2025-04-07,quality_momentum,2,920982.BJ,,0.98765433,-0.02629024,0.21064352,0.33228119,0.38834395
2025-04-07,quality_momentum,3,600882.SH,,0.97530866,,,,
2025-04-07,quality_momentum,4,600988.SH,,0.96296299,-0.01704436,0.18740422,0.2796901,0.5125344
2025-04-07,quality_momentum,5,600746.SH,,0.95061731,-0.00074395,0.07093233,0.03046995,0.16573009
2025-04-07,quality_momentum,6,605009.SH,,0.93827158,0.01833054,0.08424307,0.16473043,0.19475003
2025-04-07,quality_momentum,7,688266.SH,,0.92592591,-0.04047806,0.0443533,0.06859084,0.06313739
2025-04-07,quality_momentum,8,603630.SH,,0.91358024,-0.02802397,0.06735879,0.1056334,0.14087028
2025-04-07,quality_momentum,9,920735.BJ,,0.90123457,-0.06072349,0.02186476,0.11457063,0.33927651
2025-04-07,quality_momentum,10,601069.SH,,0.8888889,0.00154827,0.1912034,0.24292757,0.34637578
2025-04-07,quality_momentum,11,002653.SZ,,0.87654322,-0.06677001,0.01717946,0.07370223,0.05390734
2025-04-07,quality_momentum,12,300200.SZ,,0.86419755,0.01053518,0.03851453,0.15043164,0.03955073
2025-04-07,quality_momentum,13,000524.SZ,,0.85185188,-0.00742482,0.21278037,0.27039676,0.06834464
2025-04-07,quality_momentum,14,002422.SZ,,0.83950615,-0.04371192,-0.01554692,0.01755404,0.02278062
2025-04-07,quality_momentum,15,600039.SH,,0.82716048,0.01000476,0.01952856,0.01119526,0.00881431
2025-04-07,quality_momentum,16,600101.SH,,0.81481481,0.04661068,0.024483,0.03980211,0.0134192
2025-04-07,quality_momentum,17,600073.SH,,0.80246913,0.04876665,0.06609998,0.05943334,0.05943334
2025-04-07,quality_momentum,18,300416.SZ,,0.79012346,-0.03561455,0.01555945,0.009539,-0.0271859
2025-04-07,quality_momentum,19,000558.SZ,,0.77777779,0.03001493,0.08852551,0.22682338,0.12841915
2025-04-07,quality_momentum,20,600259.SH,,0.76543212,0.07005294,0.07093404,0.04391495,0.00544212
2025-04-08,quality_momentum,1,600259.SH,,1.0,-0.01011916,-0.04299589,-0.0235438,-0.07039308
2025-04-08,quality_momentum,2,300200.SZ,,0.99285716,-0.0019,0.06565374,0.19462,0.02061795
2025-04-08,quality_momentum,3,000430.SZ,,0.98571426,-0.02690002,0.10685001,,-0.13315005
2025-04-08,quality_momentum,4,002255.SZ,,0.97857141,0.06993093,0.08964925,0.1741563,0.21922669
2025-04-08,quality_momentum,5,600039.SH,,0.97142857,0.02633534,-0.00778232,-0.0136647,-0.0019
2025-04-08,quality_momentum,6,603193.SH,,0.96428573,0.00039223,-0.01909204,0.02818595,-0.03284563
2025-04-08,quality_momentum,7,605009.SH,,0.95714283,0.00854775,0.07272688,0.14927279,0.12198058
2025-04-08,quality_momentum,8,600746.SH,,0.94999999,-0.05155357,0.02927786,0.07200305,0.08932405
2025-04-08,quality_momentum,9,600505.SH,,0.94285715,0.00595338,-0.01149857,0.1385887,0.25028156
2025-04-08,quality_momentum,10,003010.SZ,,0.9357143,0.02911119,0.06102132,0.09922357,0.09922357
2025-04-08,quality_momentum,11,002471.SZ,,0.9285714,0.00140033,-0.00850065,0.08720891,-0.03490327
2025-04-08,quality_momentum,12,603630.SH,,0.92142856,0.03927278,0.09604138,0.17776315,0.16341499
2025-04-08,quality_momentum,13,300005.SZ,,0.91428572,0.00719086,0.07764539,0.10378175,-0.03144553
2025-04-08,quality_momentum,14,000753.SZ,,0.90714288,0.04391667,0.05786094,0.09570951,0.22319959
2025-04-08,quality_momentum,15,600988.SH,,0.89999998,0.07066127,0.21626432,0.38685538,
2025-04-08,quality_momentum,16,002773.SZ,,0.89285713,0.02358542,0.0672747,0.08466958,0.16031675
2025-04-08,quality_momentum,17,001328.SZ,,0.88571429,0.00812449,0.01545939,0.09834455,0.04773329
2025-04-08,quality_momentum,18,603062.SH,,0.87857145,0.08432219,0.0981,0.06521105,0.03832219
2025-04-08,quality_momentum,19,000558.SZ,,0.87142855,0.02902781,0.07284226,0.11407933,0.03675982
2025-04-08,quality_momentum,20,000831.SZ,,0.86428571,-0.01924098,-0.02848951,-0.04814268,-0.10045486
2025-04-09,quality_momentum,1,000733.SZ,,1.0,0.0319461,0.05809999,-0.00224189,-0.12685732
2025-04-09,quality_momentum,2,000430.SZ,,0.99404764,,,,
2025-04-09,quality_momentum,3,600318.SH,,0.98809522,0.00325461,0.01974952,-0.06478663,-0.02664231
2025-04-09,quality_momentum,4,600988.SH,,0.98214287,0.12399599,0.2113616,0.37802829,0.29290284
2025-04-09,quality_momentum,5,600259.SH,,0.97619045,0.00721604,-0.01819832,-0.01046349,-0.05300495
2025-04-09,quality_momentum,6,300200.SZ,,0.97023809,0.0257357,0.1362782,0.1465136,0.01242958
2025-04-09,quality_momentum,7,002653.SZ,,0.96428573,0.06688442,0.12616405,0.09739963,0.07163678
2025-04-09,quality_momentum,8,000753.SZ,,0.95833331,-0.0019,0.01714765,0.08381427,0.11810005
2025-04-09,quality_momentum,9,002471.SZ,,0.95238096,-0.0019,0.16586316,0.03428426,-0.03150524
2025-04-09,quality_momentum,10,003030.SZ,,0.9464286,0.03728231,0.02138219,0.0429609,0.03330731
2025-04-09,quality_momentum,11,600039.SH,,0.94047618,-0.02020669,-0.0282158,-0.0282158,-0.02478334
2025-04-09,quality_momentum,12,600032.SH,,0.93452382,0.0197868,0.05834097,0.01617234,-0.0597313
2025-04-09,quality_momentum,13,000558.SZ,,0.9285714,0.02309998,0.15309997,0.15309997,-0.02689998
2025-04-09,quality_momentum,14,601069.SH,,0.92261904,,,,
2025-04-09,quality_momentum,15,002299.SZ,,0.91666669,0.04309998,0.06622497,0.04309998,0.02684999
2025-04-09,quality_momentum,16,600746.SH,,0.91071427,0.125682,0.0831547,0.11596154,0.17063949
2025-04-09,quality_momentum,17,001317.SZ,,0.90476191,,,,
2025-04-09,quality_momentum,18,002234.SZ,,0.89880955,0.01882547,0.00639015,-0.02262537,-0.09412792
2025-04-09,quality_momentum,19,688617.SH,,0.89285713,0.06067282,0.04657082,0.06120672,0.04664361
2025-04-09,quality_momentum,20,600073.SH,,0.88690478,0.02634133,0.01992287,-0.0096022,0.066136
2025-04-10,quality_momentum,1,600318.SH,,1.0,-0.00702818,-0.02446407,-0.0747205,-0.0572846
2025-04-10,quality_momentum,2,000733.SZ,,0.99431819,0.04985269,-0.03976371,-0.10242908,-0.11565659
2025-04-10,quality_momentum,3,300200.SZ,,0.98863637,0.03694454,0.16244258,0.11961396,-0.06365297
2025-04-10,quality_momentum,4,000753.SZ,,0.98295456,0.01143338,0.04762382,0.16000477,0.10286191
2025-04-10,quality_momentum,5,603233.SH,,0.97727275,-0.01293373,-0.01467589,0.03468528,0.01377937
2025-04-10,quality_momentum,6,600988.SH,,0.97159094,0.00685453,0.14811994,0.15209922,0.11270408
2025-04-10,quality_momentum,7,603477.SH,,0.96590906,-0.05696607,0.02012641,-0.01071063,-0.07370618
2025-04-10,quality_momentum,8,301092.SZ,,0.96022725,0.01132845,-0.00082746,0.06996273,0.01168599
2025-04-10,quality_momentum,9,300416.SZ,,0.95454544,0.00934259,-0.037403,-0.03562789,-0.02793552
2025-04-10,quality_momentum,10,000888.SZ,,0.94886363,-0.02070455,-0.01264544,0.02563527,-0.05226937
2025-04-10,quality_momentum,11,000558.SZ,,0.94318181,0.01517321,0.05419757,0.12005122,-0.02385114
2025-04-10,quality_momentum,12,603836.SH,,0.9375,0.00518219,0.01863829,-0.01039855,-0.06776395
2025-04-10,quality_momentum,13,002299.SZ,,0.93181819,0.01963112,0.00886556,0.01245412,0.00228661
2025-04-10,quality_momentum,14,603266.SH,,0.92613637,-0.01170893,-0.03648952,-0.0210017,0.0172017
2025-04-10,quality_momentum,15,600744.SH,,0.92045456,-0.02178634,0.06628182,0.02082725,0.20264539
2025-04-10,quality_momentum,16,000862.SZ,,0.91477275,-0.02672267,0.04774543,0.01760357,0.11157524
2025-04-10,quality_momentum,17,603939.SH,,0.90909094,-0.01632645,0.01428577,-0.01386339,0.0044336
2025-04-10,quality_momentum,18,603199.SH,,0.90340906,-0.02225617,-0.02861748,0.03881253,-0.01242253
2025-04-10,quality_momentum,19,603569.SH,,0.89772725,0.04508791,-0.01997232,-0.02358674,-0.08864704
2025-04-10,quality_momentum,20,600359.SH,,0.89204544,-0.07882309,-0.06448149,-0.08403822,-0.11793649
2025-04-11,quality_momentum,1,603477.SH,,1.0,0.02793676,0.04705097,-0.00889301,-0.00609588
2025-04-11,quality_momentum,2,300138.SZ,,0.99421966,-0.02262074,-0.04964776,-0.0514496,-0.02442259
2025-04-11,quality_momentum,3,600746.SH,,0.98843932,-0.0019,0.02833519,0.08320637,0.0227361
2025-04-11,quality_momentum,4,600101.SH,,0.98265898,0.05145623,0.04198984,-0.0019,0.1254666
2025-04-11,quality_momentum,5,300200.SZ,,0.97687858,0.0642554,0.07384312,-0.03833336,-0.07572543
2025-04-11,quality_momentum,6,603079.SH,,0.97109824,0.03667939,-0.0055742,-0.05272669,-0.00618661
2025-04-11,quality_momentum,7,002734.SZ,,0.9653179,0.01907906,0.01121194,0.02956854,0.16243571
2025-04-11,quality_momentum,8,000822.SZ,,0.95953757,0.00297801,-0.05230649,-0.02629026,
2025-04-11,quality_momentum,9,300910.SZ,,0.95375723,-0.02443729,-0.07503427,-0.10637761,-0.09070591
2025-04-11,quality_momentum,10,000975.SZ,,0.94797689,0.02953705,0.14780052,0.07644326,-0.003896
2025-04-11,quality_momentum,11,600547.SH,,0.94219655,0.02531086,0.10286192,0.09095712,0.02020886
2025-04-11,quality_momentum,12,600300.SH,,0.93641621,0.01972164,0.09269462,0.0791811,0.04134321
2025-04-11,quality_momentum,13,300005.SZ,,0.93063581,0.05494215,0.02862635,-0.05979474,-0.12084734
2025-04-11,quality_momentum,14,000733.SZ,,0.92485547,-0.02705327,-0.08254769,-0.16099451,-0.17514322
2025-04-11,quality_momentum,15,000715.SZ,,0.91907513,0.00826519,-0.07051497,-0.04256076,-0.0857628
2025-04-11,quality_momentum,16,603057.SH,,0.91329479,0.03855458,0.08900909,0.08264541,0.01173636
2025-04-11,quality_momentum,17,603221.SH,,0.90751445,0.03452989,-0.02102567,-0.05836628,-0.03104395
2025-04-11,quality_momentum,18,002299.SZ,,0.90173411,-0.00131455,-0.0229773,-0.03761427,-0.03000303
2025-04-11,quality_momentum,19,000403.SZ,,0.89595377,-0.01131459,-0.06411853,-0.08417591,-0.11610388
2025-04-11,quality_momentum,20,301209.SZ,,0.89017344,,,,
2025-04-14,quality_momentum,1,603477.SH,,1.0,0.04834901,0.01666043,-0.02362926,-0.09922911
2025-04-14,quality_momentum,2,605318.SH,,0.99567097,-0.04998919,-0.04903374,-0.09266434,-0.11463883
2025-04-14,quality_momentum,3,300398.SZ,,0.99134201,-0.01109781,0.00372083,-0.03818004,-0.11227305
2025-04-14,quality_momentum,4,603057.SH,,0.98701298,0.00290552,0.05096145,0.02212792,0.01164298
2025-04-14,quality_momentum,5,000920.SZ,,0.98268396,-0.02970436,0.02494565,0.00960525,-0.03449823
2025-04-14,quality_momentum,6,000975.SZ,,0.97835499,0.04938205,0.03293315,0.08034487,-0.0207679
2025-04-14,quality_momentum,7,000733.SZ,,0.97402596,-0.06350297,-0.12462216,-0.13236286,-0.15526235
2025-04-14,quality_momentum,8,000753.SZ,,0.969697,0.02800653,0.13828689,0.07660467,-0.03180653
2025-04-14,quality_momentum,9,000888.SZ,,0.96536797,-0.01793202,0.02014412,-0.03329608,-0.09341633
2025-04-14,quality_momentum,10,600032.SH,,0.96103895,-0.02349089,-0.02462719,-0.07235447,-0.11326361
2025-04-14,quality_momentum,11,600744.SH,,0.95670998,0.0143162,-0.02892706,-0.03433247,0.31701894
2025-04-14,quality_momentum,12,001914.SZ,,0.95238096,-0.01004337,0.00787197,0.03881662,-0.00271434
2025-04-14,quality_momentum,13,300013.SZ,,0.94805193,-0.00433315,0.00296618,-0.00433315,0.00296618
2025-04-14,quality_momentum,14,603983.SH,,0.94372296,0.05098213,0.02316262,0.00561875,-0.00941885
2025-04-14,quality_momentum,15,002800.SZ,,0.93939394,-0.08735036,-0.09658821,-0.11660364,-0.05578765
2025-04-14,quality_momentum,16,600746.SH,,0.93506491,0.03953339,0.04513249,0.12911906,-0.06349018
2025-04-14,quality_momentum,17,300138.SZ,,0.93073595,-0.03041887,-0.0350187,-0.00741981,0.02109906
2025-04-14,quality_momentum,18,002299.SZ,,0.92640692,-0.01301759,-0.00950672,-0.03057169,-0.04988123
2025-04-14,quality_momentum,19,000715.SZ,,0.92207789,-0.0698245,-0.06353524,-0.03334655,-0.12013899
2025-04-14,quality_momentum,20,605009.SH,,0.91774893,0.00481266,0.042851,0.02383188,-0.004324
2025-04-15,quality_momentum,1,000753.SZ,,1.0,0.03258273,0.08339942,0.11425249,-0.05816133
2025-04-15,quality_momentum,2,300416.SZ,,0.99626863,-0.00558096,-0.03809631,0.03429637,-0.02091841
2025-04-15,quality_momentum,3,605009.SH,,0.99253732,0.02662375,-0.03320209,-0.02560818,0.03088382
2025-04-15,quality_momentum,4,002471.SZ,,0.98880595,-0.0473545,-0.09280908,-0.11402118,-0.14432426
2025-04-15,quality_momentum,5,600744.SH,,0.98507464,-0.03115529,-0.06838936,-0.03913407,
2025-04-15,quality_momentum,6,688206.SH,,0.98134327,-0.04923219,-0.07031649,-0.06945591,-0.0806435
2025-04-15,quality_momentum,7,002734.SZ,,0.97761196,-0.01969656,-0.0019,0.05403223,0.16335425
2025-04-15,quality_momentum,8,600315.SH,,0.97388059,-0.0005079,-0.03577474,0.02826235,0.10622061
2025-04-15,quality_momentum,9,002299.SZ,,0.97014928,-0.0125509,-0.02734376,-0.01550944,-0.05101241
2025-04-15,quality_momentum,10,001328.SZ,,0.96641791,-0.00123337,-0.04990006,-0.04790001,0.02454439
2025-04-15,quality_momentum,11,000899.SZ,,0.96268654,-0.02826528,-0.04144802,-0.06593012,-0.12148564
2025-04-15,quality_momentum,12,000993.SZ,,0.95895523,-0.03922808,-0.07066227,-0.03333418,0.04918056
2025-04-15,quality_momentum,13,002773.SZ,,0.95522386,0.0014507,-0.03168407,0.06772018,0.03235166
2025-04-15,quality_momentum,14,600073.SH,,0.95149255,-0.01843945,-0.02861758,0.09988114,0.03499572
2025-04-15,quality_momentum,15,600505.SH,,0.94776118,-0.00955112,0.01187196,0.09603419,0.17866615
2025-04-15,quality_momentum,16,002294.SZ,,0.94402987,-0.01903968,0.01692547,0.09953293,0.13606008
2025-04-15,quality_momentum,17,600032.SH,,0.9402985,-0.02048302,-0.03790466,-0.09016944,-0.12733553
2025-04-15,quality_momentum,18,301518.SZ,,0.93656719,-0.04348216,-0.07695067,-0.07137257,0.03258273
2025-04-15,quality_momentum,19,603967.SH,,0.93283582,,,,
2025-04-15,quality_momentum,20,600844.SH,,0.92910451,-0.02412228,-0.0082492,-0.02412228,-0.09713816
2025-04-16,quality_momentum,1,600258.SH,,1.0,0.00504888,-0.04296125,-0.07833715,-0.09286653
2025-04-16,quality_momentum,2,600391.SH,,0.99632353,,,,
2025-04-16,quality_momentum,3,000888.SZ,,0.99264705,0.008001,-0.04480426,-0.06592638,-0.1088307
2025-04-16,quality_momentum,4,000753.SZ,,0.98897058,0.06827545,0.01038074,0.02967901,-0.02997016
2025-04-16,quality_momentum,5,601083.SH,,0.9852941,-0.00737448,-0.03930873,-0.03748397,-0.04295835
2025-04-16,quality_momentum,6,002299.SZ,,0.98161763,0.01245412,-0.009077,-0.01745023,-0.04197174
2025-04-16,quality_momentum,7,300910.SZ,,0.97794116,-0.0209016,0.0045412,-0.01574868,-0.00979054
2025-04-16,quality_momentum,8,601107.SH,,0.97426468,0.00517963,0.00694956,0.00163986,0.01225926
2025-04-16,quality_momentum,9,002471.SZ,,0.97058821,0.0012746,-0.04316988,-0.06539207,0.0361952
2025-04-16,quality_momentum,10,600073.SH,,0.96691179,-0.00448733,0.02785424,0.07442607,0.05760847
2025-04-16,quality_momentum,11,000899.SZ,,0.96323532,0.01647525,-0.01543972,-0.04058477,-0.11118442
2025-04-16,quality_momentum,12,003043.SZ,,0.95955884,-0.00675609,0.01932303,-0.00585684,-0.04146835
2025-04-16,quality_momentum,13,300398.SZ,,0.95588237,0.04047293,-0.00295927,0.04682887,-0.0575144
2025-04-16,quality_momentum,14,300013.SZ,,0.9522059,0.02802516,0.02054381,0.07540672,0.07790042
2025-04-16,quality_momentum,15,688617.SH,,0.94852942,0.00499506,-0.00418307,-0.01559863,-0.04527896
2025-04-16,quality_momentum,16,603199.SH,,0.94485295,0.02316264,-0.02520826,-0.0324046,-0.06684723
2025-04-16,quality_momentum,17,603329.SH,,0.94117647,-0.01529016,-0.00372595,-0.00372595,-0.112673
2025-04-16,quality_momentum,18,603967.SH,,0.9375,0.00582196,0.0004166,-0.00576102,-0.11386914
2025-04-16,quality_momentum,19,000501.SZ,,0.93382353,0.02036723,0.01429431,-0.04036154,-0.05453157
2025-04-16,quality_momentum,20,000505.SZ,,0.93014705,,-0.06699694,-0.08777253,-0.13624903
2025-04-17,quality_momentum,1,300910.SZ,,1.0,-0.01700184,0.03306383,0.00614329,0.00926216
2025-04-17,quality_momentum,2,000600.SZ,,0.99635035,-0.03281194,-0.02662954,0.047559,0.02437506
2025-04-17,quality_momentum,3,000975.SZ,,0.99270076,0.00838514,-0.02013289,-0.03649566,-0.04958584
2025-04-17,quality_momentum,4,603233.SH,,0.9890511,-0.04951902,0.00594313,-0.02206805,0.02667147
2025-04-17,quality_momentum,5,600547.SH,,0.98540145,0.02625998,0.02209999,0.00450001,-0.01949998
2025-04-17,quality_momentum,6,600101.SH,,0.9817518,-0.05332857,-0.03700206,-0.03781835,-0.05087961
2025-04-17,quality_momentum,7,000888.SZ,,0.97810221,-0.06006992,-0.06856669,-0.077717,-0.1175863
2025-04-17,quality_momentum,8,603199.SH,,0.97445256,-0.07280463,-0.06033527,-0.05113075,-0.08099784
2025-04-17,quality_momentum,9,002254.SZ,,0.9708029,0.01677573,-0.04604267,-0.0867897,-0.10037204
2025-04-17,quality_momentum,10,600258.SH,,0.96715331,-0.06087119,-0.05773438,-0.07780967,-0.05459763
2025-04-17,quality_momentum,11,002773.SZ,,0.96350366,-0.00724349,0.09466485,0.08054276,0.06794732
2025-04-17,quality_momentum,12,600671.SH,,0.95985401,0.01075822,0.01313161,0.16819491,0.11281517
2025-04-17,quality_momentum,13,000899.SZ,,0.95620435,-0.0332391,-0.05793045,-0.00854775,-0.10161513
2025-04-17,quality_momentum,14,002791.SZ,,0.95255476,-0.00912988,-0.04680111,-0.06925164,-0.11225006
2025-04-17,quality_momentum,15,603477.SH,,0.94890511,-0.05523327,-0.05967774,-0.06545552,-0.0903444
2025-04-17,quality_momentum,16,603329.SH,,0.94525546,-0.02349164,-0.02040713,0.00056762,-0.06729173
2025-04-17,quality_momentum,17,688617.SH,,0.94160587,-0.01822579,0.03213472,0.00939195,-0.06872239
2025-04-17,quality_momentum,18,301092.SZ,,0.93795621,-0.05526896,-0.01791072,-0.05626959,-0.06994541
2025-04-17,quality_momentum,19,300398.SZ,,0.93430656,-0.04610735,-0.0374691,-0.0466155,0.05094549
2025-04-17,quality_momentum,20,001317.SZ,,0.93065691,-0.00864032,0.07440094,-0.00540495,0.05040524
2025-04-18,quality_momentum,1,600300.SH,,1.0,0.09059995,0.0106,-0.03690005,-0.08940002
2025-04-18,quality_momentum,2,002258.SZ,,0.99583334,-0.02399413,0.02403661,0.03460331,-0.00382124
2025-04-18,quality_momentum,3,002201.SZ,,0.99166667,0.00116279,0.1052976,,0.03791631
2025-04-18,quality_momentum,4,600391.SH,,0.98750001,,,,
2025-04-18,quality_momentum,5,300910.SZ,,0.98333335,0.0397667,0.01876668,0.01560007,-0.01506665
2025-04-18,quality_momentum,6,002773.SZ,,0.97916669,,,,
2025-04-18,quality_momentum,7,920047.BJ,,0.97500002,0.06202401,0.08101142,0.05949242,0.07404936
2025-04-18,quality_momentum,8,002254.SZ,,0.97083336,0.00726667,-0.07190005,-0.11273332,-0.12940004
2025-04-18,quality_momentum,9,300989.SZ,,0.96666664,0.02806671,-0.00855927,-0.09235504,-0.06294323
2025-04-18,quality_momentum,10,603477.SH,,0.96249998,0.01265395,-0.02396574,0.00091683,-0.05072635
2025-04-18,quality_momentum,11,300468.SZ,,0.95833331,0.14363525,0.06075412,-0.00732679,-0.01768686
2025-04-18,quality_momentum,12,688617.SH,,0.95416665,0.00543018,-0.00609537,-0.00070138,-0.05058388
2025-04-18,quality_momentum,13,002734.SZ,,0.94999999,-0.01884914,0.04725256,0.12691361,0.12860854
2025-04-18,quality_momentum,14,605009.SH,,0.94583333,0.04991646,0.00861624,0.05450537,0.10326252
2025-04-18,quality_momentum,15,603057.SH,,0.94166666,-0.01950264,-0.05135515,-0.06728136,-0.07147244
2025-04-18,quality_momentum,16,600547.SH,,0.9375,0.05630109,-0.0152831,-0.06663698,-0.03893704
2025-04-18,quality_momentum,17,603630.SH,,0.93333334,0.06624311,-0.00757853,0.03841806,0.08327891
2025-04-18,quality_momentum,18,002255.SZ,,0.92916667,0.00971444,0.13398847,0.11656692,0.07823936
2025-04-18,quality_momentum,19,920017.BJ,,0.92500001,0.09825735,-0.00137561,-0.09524032,-0.06639915
2025-04-18,quality_momentum,20,000975.SZ,,0.92083335,0.03326895,-0.0449356,-0.07640249,-0.05465334
2025-04-21,quality_momentum,1,688578.SH,,1.0,0.00999812,0.0044981,-0.04421675,-0.05488011
2025-04-21,quality_momentum,2,000753.SZ,,0.99655175,0.06395791,0.00329929,-0.10241992,-0.06255862
2025-04-21,quality_momentum,3,688617.SH,,0.99310344,0.04164695,0.01869496,-0.01910827,-0.06546984
2025-04-21,quality_momentum,4,002734.SZ,,0.9896552,0.07223794,0.1282724,0.19723794,0.17482418
2025-04-21,quality_momentum,5,688687.SH,,0.98620689,0.02886923,-0.01190005,-0.04420775,0.06771539
2025-04-21,quality_momentum,6,002571.SZ,,0.98275864,-0.00871202,-0.01279917,-0.0141616,
2025-04-21,quality_momentum,7,002487.SZ,,0.97931033,0.00101016,-0.01972464,-0.00590139,0.02101748
2025-04-21,quality_momentum,8,600844.SH,,0.97586209,0.00135733,-0.0149293,-0.09636253,0.04695997
2025-04-21,quality_momentum,9,300989.SZ,,0.97241378,0.00995342,-0.07248185,-0.10049917,-0.07517585
2025-04-21,quality_momentum,10,600489.SH,,0.96896553,-0.06741059,-0.08218261,-0.10273496,-0.12521405
2025-04-21,quality_momentum,11,001317.SZ,,0.96551722,0.04697024,-0.03080172,-0.03868404,0.04697024
2025-04-21,quality_momentum,12,300910.SZ,,0.96206897,0.00689998,-0.01934,-0.03901997,-0.04606004
2025-04-21,quality_momentum,13,688522.SH,,0.95862067,-0.00874929,-0.03409172,-0.05943424,0.00905891
2025-04-21,quality_momentum,14,002255.SZ,,0.95517242,-0.0064925,0.10946624,0.00269239,0.08994841
2025-04-21,quality_momentum,15,002254.SZ,,0.95172411,-0.07209,-0.11172665,-0.16127242,-0.12824191
2025-04-21,quality_momentum,16,000975.SZ,,0.94827586,-0.06314281,-0.07878875,-0.09532874,-0.10829253
2025-04-21,quality_momentum,17,300398.SZ,,0.94482756,0.00446268,-0.00508139,-0.0787823,0.09778188
2025-04-21,quality_momentum,18,603079.SH,,0.94137931,-0.01653409,0.01334388,-0.00129021,0.02127072
2025-04-21,quality_momentum,19,920566.BJ,,0.93793106,-0.01343846,-0.04805386,-0.13266918,-0.07959226
2025-04-21,quality_momentum,20,600575.SH,,0.93448275,0.02354528,-0.02480077,-0.07569133,-0.09859209
2025-04-22,quality_momentum,1,688578.SH,,1.0,-0.04427381,-0.05470088,-0.05924888,-0.06779017
2025-04-22,quality_momentum,2,001317.SZ,,0.99702382,-0.02544718,-0.06302229,-0.07329278,0.01287955
2025-04-22,quality_momentum,3,603233.SH,,0.99404764,-0.03358419,-0.03914283,0.02644912,-0.00078827
2025-04-22,quality_momentum,4,300989.SZ,,0.9910714,-0.04875834,-0.12916301,-0.10839624,-0.09987657
2025-04-22,quality_momentum,5,000975.SZ,,0.98809522,-0.01713804,-0.04951896,-0.04475708,-0.06618571
2025-04-22,quality_momentum,6,300910.SZ,,0.98511904,-0.03060738,-0.0336208,-0.0366343,-0.06930683
2025-04-22,quality_momentum,7,688617.SH,,0.98214287,-0.05459397,-0.04946268,-0.07821075,-0.10163026
2025-04-22,quality_momentum,8,002422.SZ,,0.97916669,-0.03315876,-0.07455559,-0.10243507,-0.04442325
2025-04-22,quality_momentum,9,688186.SH,,0.97619045,0.01753673,0.0219001,-0.01816341,0.02348672
2025-04-22,quality_momentum,10,002487.SZ,,0.97321427,-0.01713396,-0.01096784,-0.02184919,0.02566621
2025-04-22,quality_momentum,11,001299.SZ,,0.97023809,-0.00852249,-0.01249607,-0.03986211,-0.01635371
2025-04-22,quality_momentum,12,688235.SH,,0.96726191,-0.03339606,-0.0766638,-0.03064017,-0.10426221
2025-04-22,quality_momentum,13,600315.SH,,0.96428573,-0.04919731,0.02062253,0.0737757,0.12918113
2025-04-22,quality_momentum,14,600489.SH,,0.96130955,-0.00671099,-0.04588627,-0.05138457,-0.07406495
2025-04-22,quality_momentum,15,301092.SZ,,0.95833331,-0.04427289,-0.0869847,-0.09037457,-0.01545928
2025-04-22,quality_momentum,16,002124.SZ,,0.95535713,0.004106,0.03413607,,-0.013912
2025-04-22,quality_momentum,17,002755.SZ,,0.95238096,-0.05006757,-0.04011988,-0.00399425,-0.06263295
2025-04-22,quality_momentum,18,002258.SZ,,0.94940478,-0.0019,0.00839957,-0.02811724,-0.05807981
2025-04-22,quality_momentum,19,002734.SZ,,0.9464286,-0.00832056,0.06712088,0.10163128,0.08557993
2025-04-22,quality_momentum,20,603057.SH,,0.94345236,-0.06587029,-0.0815533,-0.0766008,-0.07123554
2025-04-23,quality_momentum,1,600547.SH,,1.0,-0.00978643,-0.02114291,-0.02398202,-0.08391892
2025-04-23,quality_momentum,2,000975.SZ,,0.99666667,-0.00335072,-0.02124238,0.00148485,-0.06766406
2025-04-23,quality_momentum,3,603057.SH,,0.99333334,0.02014588,0.02102771,-0.00542731,-0.01997761
2025-04-23,quality_momentum,4,688186.SH,,0.99000001,0.00043463,-0.01746424,-0.03886502,0.02533732
2025-04-23,quality_momentum,5,300398.SZ,,0.98666668,-0.05240511,-0.12260709,-0.10139499,-0.00291015
2025-04-23,quality_momentum,6,000659.SZ,,0.98333335,0.01574704,-0.0430765,-0.03425298,-0.02542946
2025-04-23,quality_momentum,7,688617.SH,,0.98000002,0.03050744,-0.00773333,-0.03199255,-0.07136757
2025-04-23,quality_momentum,8,002988.SZ,,0.97666669,0.0024042,-0.02629024,-0.0047694,0.24666527
2025-04-23,quality_momentum,9,600415.SH,,0.97333336,0.01163094,-0.01220926,-0.00641029,0.04384745
2025-04-23,quality_momentum,10,002734.SZ,,0.97000003,0.05706606,0.12168644,0.06514364,0.08291424
2025-04-23,quality_momentum,11,688102.SH,,0.96666664,-0.05727717,-0.0452387,-0.04684382,-0.03881814
2025-04-23,quality_momentum,12,001317.SZ,,0.96333331,-0.05372138,-0.06141766,-0.04987323,0.1009733
2025-04-23,quality_momentum,13,688401.SH,,0.95999998,-0.00300957,-0.04184452,-0.06292641,-0.05932032
2025-04-23,quality_momentum,14,600315.SH,,0.95666665,0.04301726,0.05436485,0.10542869,0.15034594
2025-04-23,quality_momentum,15,002258.SZ,,0.95333332,0.02806248,-0.03654424,-0.0440349,-0.03748057
2025-04-23,quality_momentum,16,600391.SH,,0.94999999,0.00298205,-0.04176979,-0.00922304,0.07010978
2025-04-23,quality_momentum,17,002255.SZ,,0.94666666,-0.01212488,-0.10721694,-0.14095931,-0.03870978
2025-04-23,quality_momentum,18,001337.SZ,,0.94333333,-0.03415804,-0.09385404,-0.08347213,-0.09941578
2025-04-23,quality_momentum,19,603233.SH,,0.94,0.00211831,0.01933988,0.07330092,0.05263492
2025-04-23,quality_momentum,20,000753.SZ,,0.93666667,-0.01550548,-0.11924694,-0.05972318,-0.10053944
2025-04-24,quality_momentum,1,688102.SH,,1.0,-0.00869695,0.00149844,0.05247546,-0.00954656
2025-04-24,quality_momentum,2,688578.SH,,0.99632353,-0.04952438,-0.05409724,-0.04517464,-0.06536197
2025-04-24,quality_momentum,3,300138.SZ,,0.99264705,-0.01732658,0.00626688,0.01624878,0.02350829
2025-04-24,quality_momentum,4,000600.SZ,,0.98897058,0.03786437,-0.04166437,-0.02399132,-0.01662752
2025-04-24,quality_momentum,5,000659.SZ,,0.9852941,-0.01346068,-0.0481428,-0.00479017,-0.05103297
2025-04-24,quality_momentum,6,000899.SZ,,0.98161763,0.0210446,-0.1080185,-0.0955902,-0.0955902
2025-04-24,quality_momentum,7,002734.SZ,,0.97794116,0.01411834,0.0469177,0.03547608,0.06293604
2025-04-24,quality_momentum,8,002422.SZ,,0.97426468,-0.0724617,-0.10040413,0.01164775,-0.05496238
2025-04-24,quality_momentum,9,600315.SH,,0.97058821,0.02524934,0.07864303,0.08226294,0.0890503
2025-04-24,quality_momentum,10,002255.SZ,,0.96691179,-0.00706531,-0.0928091,-0.05045375,-0.04528845
2025-04-24,quality_momentum,11,000862.SZ,,0.96323532,0.02198529,-0.10062617,-0.08311023,-0.10699559
2025-04-24,quality_momentum,12,601077.SH,,0.95955884,-0.00632482,0.00989936,-0.01812425,0.05267221
2025-04-24,quality_momentum,13,603057.SH,,0.95588237,-0.03986376,-0.03468691,-0.04978608,-0.04417779
2025-04-24,quality_momentum,14,002258.SZ,,0.9522059,-0.02099089,-0.0564454,-0.04280907,-0.06371816
2025-04-24,quality_momentum,15,600547.SH,,0.94852942,-0.0464151,-0.03401449,-0.02574736,-0.0619954
2025-04-24,quality_momentum,16,000526.SZ,,0.94485295,-0.05403858,-0.05138751,0.00128127,-0.07206616
2025-04-24,quality_momentum,17,000993.SZ,,0.94117647,0.04878217,0.04098497,0.06242741,0.02149179
2025-04-24,quality_momentum,18,000042.SZ,,0.9375,0.00239188,0.02671235,0.01097556,-0.03909596
2025-04-24,quality_momentum,19,002988.SZ,,0.93382353,-0.01761428,-0.01904286,0.0663143,0.29095708
2025-04-24,quality_momentum,20,000617.SZ,,0.93014705,-0.03143019,-0.05827582,-0.02606106,-0.05156443
2025-04-25,quality_momentum,1,002773.SZ,,1.0,0.04454198,0.04678919,0.01345585,-0.04309848
2025-04-25,quality_momentum,2,000659.SZ,,0.99622643,-0.04868365,-0.03991173,-0.01651994,-0.04868365
2025-04-25,quality_momentum,3,300765.SZ,,0.99245286,-0.15041958,-0.00786942,-0.09550079,-0.04798407
2025-04-25,quality_momentum,4,603329.SH,,0.98867923,-0.0631125,-0.14198242,-0.1260907,-0.09195295
2025-04-25,quality_momentum,5,002255.SZ,,0.98490566,-0.09328111,-0.12754905,-0.03616794,-0.03720641
2025-04-25,quality_momentum,6,600315.SH,,0.98113209,-0.01775897,0.02981812,0.1025053,0.04435552
2025-04-25,quality_momentum,7,000600.SZ,,0.97735852,-0.04580938,-0.08688581,-0.07272152,-0.05430792
2025-04-25,quality_momentum,8,002946.SZ,,0.97358489,-0.09561427,-0.04018567,-0.06304286,-0.03332857
2025-04-25,quality_momentum,9,002487.SZ,,0.96981132,0.00029626,0.01310736,0.05300484,0.05520103
2025-04-25,quality_momentum,10,688102.SH,,0.96603775,0.0177749,0.01606405,0.04600419,-0.01045431
2025-04-25,quality_momentum,11,600391.SH,,0.96226418,-0.00611943,0.02763582,0.08797338,0.05295229
2025-04-25,quality_momentum,12,688062.SH,,0.95849055,-0.04387416,-0.02726906,-0.06140189,-0.15964907
2025-04-25,quality_momentum,13,600547.SH,,0.95471698,0.03270897,0.02971397,0.02771726,-0.0368418
2025-04-25,quality_momentum,14,001317.SZ,,0.95094341,-0.02377834,-0.01177188,0.03598684,0.08641379
2025-04-25,quality_momentum,15,600300.SH,,0.94716984,-0.06666679,-0.08221087,-0.05630412,-0.0848015
2025-04-25,quality_momentum,16,600668.SH,,0.94339621,-0.01335667,0.00464669,0.02183155,0.16012947
2025-04-25,quality_momentum,17,688506.SH,,0.93962264,0.03807638,0.038814,0.05282782,-0.02096628
2025-04-25,quality_momentum,18,688192.SH,,0.93584907,0.03264548,0.06173636,-0.03062731,-0.01590001
2025-04-25,quality_momentum,19,000993.SZ,,0.9320755,0.05004812,-0.01674226,0.00459351,-0.01952523
2025-04-25,quality_momentum,20,002734.SZ,,0.92830187,0.04239428,-0.01015826,-0.00039848,0.08293479
2025-04-28,quality_momentum,1,300138.SZ,,1.0,-0.0027993,0.00709283,0.02957482,-0.00283614
2025-04-28,quality_momentum,2,688506.SH,,0.99581587,-0.0231766,0.02646879,-0.01491423,-0.05743193
2025-04-28,quality_momentum,3,002255.SZ,,0.99163181,0.0038143,0.05067142,0.08495713,0.05181422
2025-04-28,quality_momentum,4,603233.SH,,0.98744768,0.03801009,0.03014051,0.01833607,-0.00077577
2025-04-28,quality_momentum,5,600073.SH,,0.98326361,-0.01997224,-0.01876745,-0.05732169,-0.06214098
2025-04-28,quality_momentum,6,601107.SH,,0.97907948,0.00855298,-0.00886862,-0.00712644,0.02074805
2025-04-28,quality_momentum,7,603079.SH,,0.97489542,0.02795976,0.02795976,0.02064718,-0.03297866
2025-04-28,quality_momentum,8,603266.SH,,0.97071129,-0.0234107,0.02861526,0.01610901,-0.04191996
2025-04-28,quality_momentum,9,002487.SZ,,0.96652722,-0.0150483,0.03900574,0.02512702,0.03827526
2025-04-28,quality_momentum,10,300013.SZ,,0.9623431,,0.08284573,0.01020647,0.03684088
2025-04-28,quality_momentum,11,000059.SZ,,0.95815897,-0.0037692,-0.00563831,0.00183831,-0.01685324
2025-04-28,quality_momentum,12,688102.SH,,0.9539749,-0.01112817,0.03920736,0.05598595,-0.02119526
2025-04-28,quality_momentum,13,920047.BJ,,0.94979078,0.01862129,-0.03517789,-0.05736312,-0.09840581
2025-04-28,quality_momentum,14,600391.SH,,0.94560671,-0.00020513,0.07521863,0.1040322,0.01843896
2025-04-28,quality_momentum,15,600315.SH,,0.94142258,0.0670346,0.07061562,0.11672125,0.13059773
2025-04-28,quality_momentum,16,600969.SH,,0.93723851,-0.07597407,-0.01548028,-0.04881358,-0.09202348
2025-04-28,quality_momentum,17,601077.SH,,0.93305439,-0.00044013,-0.02817737,0.02729711,0.06963286
2025-04-28,quality_momentum,18,603326.SH,,0.92887032,-0.01288899,-0.01838343,-0.01069117,-0.04036152
2025-04-28,quality_momentum,19,000526.SZ,,0.92468619,0.02248093,0.07924283,0.0141,0.01124283
2025-04-28,quality_momentum,20,002294.SZ,,0.92050207,0.02680202,0.07633215,0.02578603,-0.02670043
2025-04-29,quality_momentum,1,605499.SH,,1.0,-0.00453234,-0.0325402,-0.01790453,-0.03394408
2025-04-29,quality_momentum,2,603233.SH,,0.99583334,0.01053248,-0.02568377,-0.02838652,-0.03217025
2025-04-29,quality_momentum,3,000993.SZ,,0.99166667,-0.00937666,0.01211863,0.00838035,-0.04862904
2025-04-29,quality_momentum,4,002487.SZ,,0.98750001,0.02437683,0.06471729,0.04658259,0.02881797
2025-04-29,quality_momentum,5,603079.SH,,0.98333335,-0.03444429,0.0217687,0.01821842,-0.06107158
2025-04-29,quality_momentum,6,001331.SZ,,0.97916669,0.00302963,-0.03851969,-0.0223225,-0.0575338
2025-04-29,quality_momentum,7,600969.SH,,0.97500002,0.0074333,0.0314333,0.01143333,-0.0005667
2025-04-29,quality_momentum,8,603565.SH,,0.97083336,-0.0019,-0.03508239,-0.04009177,-0.02205783
2025-04-29,quality_momentum,9,000966.SZ,,0.96666664,-0.07597407,-0.06486296,-0.05745555,-0.05745555
2025-04-29,quality_momentum,10,000600.SZ,,0.96249998,-0.01110241,0.00423499,0.02110615,0.00270124
2025-04-29,quality_momentum,11,002284.SZ,,0.95833331,0.0264363,0.01820966,0.0721402,0.26775261
2025-04-29,quality_momentum,12,000506.SZ,,0.95416665,0.00696262,0.02173366,0.03207341,0.10149731
2025-04-29,quality_momentum,13,600315.SH,,0.94999999,-0.02116295,0.04793249,0.04960757,0.02992581
2025-04-29,quality_momentum,14,002773.SZ,,0.94583333,0.00601938,-0.02601807,-0.04869623,-0.07065452
2025-04-29,quality_momentum,15,001328.SZ,,0.94166666,-0.02723016,0.05893572,0.16501928,0.14986444
2025-04-29,quality_momentum,16,002624.SZ,,0.9375,0.01833989,0.01009401,0.01159326,-0.05662258
2025-04-29,quality_momentum,17,920047.BJ,,0.93333334,-0.02907391,-0.07798694,-0.07255213,-0.0910304
2025-04-29,quality_momentum,18,603983.SH,,0.92916667,0.04355448,0.07423637,0.08196359,0.17991811
2025-04-29,quality_momentum,19,002255.SZ,,0.92500001,-0.04508187,0.05491814,0.05946357,0.08219091
2025-04-29,quality_momentum,20,301518.SZ,,0.92083335,-0.06562548,0.22162943,0.08535496,0.26525687
2025-04-30,quality_momentum,1,605499.SH,,1.0,0.0009504,-0.02009335,-0.05415746,-0.0165743
2025-04-30,quality_momentum,2,600671.SH,,0.99479169,0.08697176,0.03596714,0.01973838,0.06378782
2025-04-30,quality_momentum,3,688506.SH,,0.98958331,0.02573993,-0.01561377,-0.0630978,-0.03889505
2025-04-30,quality_momentum,4,603233.SH,,0.984375,-0.02165445,-0.03286645,-0.0211206,-0.05048518
2025-04-30,quality_momentum,5,601077.SH,,0.97916669,-0.02817737,0.02729711,0.03605623,0.08277159
2025-04-30,quality_momentum,6,002487.SZ,,0.97395831,0.02586775,0.01216421,0.02658901,0.01793409
2025-04-30,quality_momentum,7,600668.SH,,0.96875,0.0216772,0.1330593,0.12818124,0.17696178
2025-04-30,quality_momentum,8,603810.SH,,0.96354169,0.00854566,-0.00747103,-0.00050728,0.0531139
2025-04-30,quality_momentum,9,000893.SZ,,0.95833331,-0.00846983,-0.04408533,-0.01988062,-0.0337119
2025-04-30,quality_momentum,10,002956.SZ,,0.953125,-0.0050153,0.05521318,0.09986528,0.19384249
2025-04-30,quality_momentum,11,000993.SZ,,0.94791669,0.02634856,0.01504913,-0.00378327,-0.03109019
2025-04-30,quality_momentum,12,002624.SZ,,0.94270831,0.01206033,-0.01732984,-0.00630852,-0.0599455
2025-04-30,quality_momentum,13,603458.SH,,0.9375,0.02587782,0.04254447,0.04948894,0.06476667
2025-04-30,quality_momentum,14,603590.SH,,0.93229169,-0.03582566,-0.07007445,-0.06070452,-0.04842662
2025-04-30,quality_momentum,15,600315.SH,,0.92708331,0.02115718,0.06513667,0.03866362,0.05787796
2025-04-30,quality_momentum,16,002258.SZ,,0.921875,0.02938057,0.00689769,0.00494265,0.05284098
2025-04-30,quality_momentum,17,688192.SH,,0.91666669,-0.03386579,-0.07403677,-0.08480596,-0.02754103
2025-04-30,quality_momentum,18,301231.SZ,,0.91145831,-0.00980795,-0.05473966,-0.09248233,-0.1381329
2025-04-30,quality_momentum,19,605009.SH,,0.90625,-0.00654721,-0.02582427,-0.01102222,0.11359053
2025-04-30,quality_momentum,20,920047.BJ,,0.90104169,-0.02815694,-0.05050329,-0.06558712,-0.04715137
2025-05-06,quality_momentum,1,603630.SH,,1.0,-0.01481318,-0.07731315,-0.00138342,0.4547116
2025-05-06,quality_momentum,2,920047.BJ,,0.99563318,-0.02657013,-0.02083287,-0.03115991,0.01473792
2025-05-06,quality_momentum,3,603766.SH,,0.99126637,-0.00947578,-0.00493031,-0.02993035,-0.02083941
2025-05-06,quality_momentum,4,002487.SZ,,0.98689955,0.00932805,-0.00786491,-0.01242634,0.0016088
2025-05-06,quality_momentum,5,605499.SH,,0.98253274,-0.03274426,-0.01811168,-0.04730671,-0.00811098
2025-05-06,quality_momentum,6,002582.SZ,,0.97816592,-0.00794489,-0.03903304,-0.04076011,0.02573381
2025-05-06,quality_momentum,7,688019.SH,,0.97379911,-0.01897446,-0.02317662,-0.04174044,-0.06259152
2025-05-06,quality_momentum,8,601083.SH,,0.96943229,-0.01699775,-0.00811674,0.0282954,0.04605732
2025-05-06,quality_momentum,9,688506.SH,,0.96506548,-0.0156931,-0.06341723,-0.08358966,-0.08045172
2025-05-06,quality_momentum,10,688552.SH,,0.96069866,0.05660625,0.34291329,0.63710417,0.36697962
2025-05-06,quality_momentum,11,300888.SZ,,0.95633185,-0.00595715,0.00621438,-0.004798,0.00273676
2025-05-06,quality_momentum,12,000893.SZ,,0.95196509,0.00506137,-0.01303816,-0.01895537,-0.01860727
2025-05-06,quality_momentum,13,601956.SH,,0.94759828,0.04048618,0.04990533,-0.00974929,0.01379859
2025-05-06,quality_momentum,14,002956.SZ,,0.94323146,0.076225,0.11685002,0.10174586,0.23091251
2025-05-06,quality_momentum,15,002588.SZ,,0.93886465,-0.0030737,-0.0277216,-0.01011597,0.03565873
2025-05-06,quality_momentum,16,605599.SH,,0.93449783,0.00018769,-0.03808646,-0.03530292,0.02593577
2025-05-06,quality_momentum,17,601188.SH,,0.93013102,-0.02912771,-0.0637812,-0.11081092,-0.10833562
2025-05-06,quality_momentum,18,603326.SH,,0.9257642,-0.0097213,-0.03653693,-0.03877153,0.07184295
2025-05-06,quality_momentum,19,002602.SZ,,0.92139739,0.00324141,0.02894835,-0.00061468,0.11378128
2025-05-06,quality_momentum,20,002988.SZ,,0.91703057,0.04490702,0.11077138,0.2083975,0.2414968
2025-05-07,quality_momentum,1,603079.SH,,1.0,-0.03195783,-0.02444337,-0.09322947,-0.05450121
2025-05-07,quality_momentum,2,300013.SZ,,0.9954955,-0.00902594,-0.03990471,0.0408553,-0.06365772
2025-05-07,quality_momentum,3,002582.SZ,,0.990991,-0.02014506,-0.03057071,-0.04186528,-0.00711292
2025-05-07,quality_momentum,4,603151.SH,,0.98648649,-0.00666193,-0.01550544,-0.0189068,0.06272585
2025-05-07,quality_momentum,5,920047.BJ,,0.98198199,-0.00013525,-0.01601763,-0.05248827,0.03927652
2025-05-07,quality_momentum,6,603266.SH,,0.97747749,-0.03652998,-0.02229843,-0.08491704,-0.09582787
2025-05-07,quality_momentum,7,002956.SZ,,0.97297299,-0.01832509,0.02322079,0.00921113,0.09471838
2025-05-07,quality_momentum,8,002294.SZ,,0.96846849,-0.00534828,-0.03761434,-0.04501661,0.04306159
2025-05-07,quality_momentum,9,688410.SH,,0.96396399,-0.04110059,0.01270417,-0.0019,0.0019432
2025-05-07,quality_momentum,10,600715.SH,,0.95945948,-0.01829343,-0.03468695,-0.05927709,-0.05927709
2025-05-07,quality_momentum,11,300650.SZ,,0.95495498,0.00375683,-0.02201312,0.00187122,0.01821312
2025-05-07,quality_momentum,12,002571.SZ,,0.95045048,,-0.16524662,-0.22500761,-0.15727849
2025-05-07,quality_momentum,13,300749.SZ,,0.94594592,0.0039893,-0.0254571,-0.04194713,-0.05254775
2025-05-07,quality_momentum,14,002602.SZ,,0.94144142,0.02495419,0.02367544,0.03518436,0.11063195
2025-05-07,quality_momentum,15,000993.SZ,,0.93693691,-0.00650828,-0.02494146,-0.02586314,-0.02217645
2025-05-07,quality_momentum,16,000893.SZ,,0.93243241,-0.04441644,-0.0202201,-0.02367669,0.00086527
2025-05-07,quality_momentum,17,603879.SH,,0.92792791,-0.01884918,-0.03956475,-0.06404688,-0.07157983
2025-05-07,quality_momentum,18,688269.SH,,0.92342341,0.01068068,0.01939033,0.08551935,0.00519678
2025-05-07,quality_momentum,19,603790.SH,,0.91891891,0.0030696,0.00969579,-0.0587747,-0.0085262
2025-05-07,quality_momentum,20,600866.SH,,0.91441441,-0.00324954,0.00349815,-0.00999715,0.01294484
2025-05-08,quality_momentum,1,688102.SH,,1.0,-0.05582551,-0.07565099,-0.07485798,-0.10816491
2025-05-08,quality_momentum,2,000893.SZ,,0.9969697,0.0237318,0.01759456,0.01073538,0.04539242
2025-05-08,quality_momentum,3,603266.SH,,0.9939394,-0.01320222,-0.03580666,-0.05890241,-0.0780671
2025-05-08,quality_momentum,4,603079.SH,,0.9909091,0.02551363,-0.0483839,-0.05434339,-0.05017173
2025-05-08,quality_momentum,5,002104.SZ,,0.9878788,-0.01756265,-0.03081571,-0.09346632,-0.12599646
2025-05-08,quality_momentum,6,300138.SZ,,0.9848485,0.0050747,-0.01672126,-0.03332197,-0.0306756
2025-05-08,quality_momentum,7,300749.SZ,,0.9818182,-0.01478052,-0.05459319,-0.05576417,-0.08152527
2025-05-08,quality_momentum,8,603879.SH,,0.9787879,-0.00381566,-0.03829839,-0.04404555,-0.07278121
2025-05-08,quality_momentum,9,600391.SH,,0.9757576,-0.03714904,-0.02105709,-0.07929465,-0.10036742
2025-05-08,quality_momentum,10,000659.SZ,,0.9727273,-0.02508845,-0.04827684,-0.07146522,-0.06856667
2025-05-08,quality_momentum,11,688117.SH,,0.969697,-0.01468448,0.0012182,0.0077664,0.06514085
2025-05-08,quality_momentum,12,601579.SH,,0.96666664,0.01517653,0.02132402,0.00561369,0.33075024
2025-05-08,quality_momentum,13,300395.SZ,,0.96363634,-0.03940757,-0.08074654,-0.10877645,-0.09203916
2025-05-08,quality_momentum,14,601963.SH,,0.96060604,0.01856508,0.06600695,0.0567046,0.08647203
2025-05-08,quality_momentum,15,605499.SH,,0.95757574,0.00297455,-0.02684624,-0.01200749,0.03175597
2025-05-08,quality_momentum,16,603233.SH,,0.95454544,-0.00961349,-0.00465476,-0.02063277,-0.01622506
2025-05-08,quality_momentum,17,600081.SH,,0.95151514,-0.01093407,-0.02205286,-0.07556225,0.06133833
2025-05-08,quality_momentum,18,688636.SH,,0.94848484,-0.0411287,-0.0347014,-0.08190886,-0.09808795
2025-05-08,quality_momentum,19,000672.SZ,,0.94545454,-0.01344735,-0.01460209,-0.0226852,0.00618317
2025-05-08,quality_momentum,20,003006.SZ,,0.94242424,0.02011362,0.034034,0.0508679,0.04406962
2025-05-09,quality_momentum,1,603815.SH,,1.0,-0.0463965,-0.04522551,-0.06513189,-0.11314124
2025-05-09,quality_momentum,2,601963.SH,,0.9974227,0.00174628,0.03273989,0.02362417,0.04276731
2025-05-09,quality_momentum,3,603237.SH,,0.99484539,-0.02559671,-0.05118909,-0.07535974,-0.05308487
2025-05-09,quality_momentum,4,301231.SZ,,0.99226803,-0.0362512,-0.09960998,-0.11258708,-0.14083135
2025-05-09,quality_momentum,5,001317.SZ,,0.98969072,0.0593194,0.00501186,0.13312838,0.09165713
2025-05-09,quality_momentum,6,601579.SH,,0.98711342,0.00951701,-0.01868982,-0.02070462,0.30837529
2025-05-09,quality_momentum,7,002948.SZ,,0.98453611,0.00017897,0.00849505,0.00017897,0.04591702
2025-05-09,quality_momentum,8,688636.SH,,0.98195875,0.05899967,-0.01620223,-0.04688269,-0.07733256
2025-05-09,quality_momentum,9,600391.SH,,0.97938144,0.04456545,-0.00904854,-0.02811127,-0.07934244
2025-05-09,quality_momentum,10,000993.SZ,,0.97680414,-0.02132648,-0.02225156,-0.05832927,-0.10180747
2025-05-09,quality_momentum,11,601991.SH,,0.97422683,-0.02013705,-0.01709756,-0.02317663,-0.02013705
2025-05-09,quality_momentum,12,605009.SH,,0.97164947,-0.00639591,-0.01850039,0.05118665,0.05602847
2025-05-09,quality_momentum,13,603151.SH,,0.96907216,-0.01281406,-0.01622471,0.01447106,0.03493491
2025-05-09,quality_momentum,14,300492.SZ,,0.96649486,-0.01270967,-0.03402889,-0.01641302,-0.03362852
2025-05-09,quality_momentum,15,688186.SH,,0.96391755,0.0193766,0.01628184,0.04258745,0.003129
2025-05-09,quality_momentum,16,002734.SZ,,0.96134019,-0.01075607,0.06452064,0.05714061,0.17079373
2025-05-09,quality_momentum,17,600857.SH,,0.95876288,-0.00388615,-0.01679572,0.00107913,-0.02771934
2025-05-09,quality_momentum,18,300888.SZ,,0.95618558,-0.02547224,-0.04042054,-0.04157037,-0.06360948
2025-05-09,quality_momentum,19,920879.BJ,,0.95360827,0.01313306,-0.04339127,-0.03316882,-0.09690906
2025-05-09,quality_momentum,20,300687.SZ,,0.95103091,0.02137867,-0.00255578,-0.06124425,-0.10517873
2025-05-12,quality_momentum,1,920527.BJ,,1.0,-0.03259058,0.03032506,0.00986474,-0.01929126
2025-05-12,quality_momentum,2,001317.SZ,,0.99790794,-0.05749431,-0.09029262,0.0067067,0.06788369
2025-05-12,quality_momentum,3,600391.SH,,0.99581587,-0.030363,-0.08804802,-0.0796989,-0.11537248
2025-05-12,quality_momentum,4,600967.SH,,0.99372387,-0.05181946,-0.07919465,-0.06711739,-0.04940407
2025-05-12,quality_momentum,5,002827.SZ,,0.99163181,-0.0586641,-0.06444247,-0.03657032,-0.03351116
2025-05-12,quality_momentum,6,002294.SZ,,0.98953974,-0.01035261,-0.0212203,0.0589936,0.12471718
2025-05-12,quality_momentum,7,600315.SH,,0.98744768,-0.01256887,0.03626165,0.01656532,0.0124619
2025-05-12,quality_momentum,8,688636.SH,,0.98535568,-0.05299809,-0.09931252,-0.09735556,-0.12279589
2025-05-12,quality_momentum,9,688410.SH,,0.98326361,-0.00038489,-0.03902123,-0.00568788,-0.03371814
2025-05-12,quality_momentum,10,300888.SZ,,0.98117155,0.01105386,-0.01897559,-0.00719931,-0.05116399
2025-05-12,quality_momentum,11,002985.SZ,,0.97907948,-0.02602205,-0.04766093,-0.04198514,-0.05404617
2025-05-12,quality_momentum,12,688543.SH,,0.97698742,-0.05812945,-0.09206395,-0.10075249,-0.0989492
2025-05-12,quality_momentum,13,002734.SZ,,0.97489542,0.03756389,0.04054226,0.09862118,0.26392277
2025-05-12,quality_momentum,14,000997.SZ,,0.97280335,-0.04354054,-0.06733514,-0.07798014,-0.05011537
2025-05-12,quality_momentum,15,920879.BJ,,0.97071129,-0.05936446,-0.03092843,-0.00723176,-0.02263459
2025-05-12,quality_momentum,16,603237.SH,,0.96861923,-0.00675437,-0.03005535,0.03644955,0.02916794
2025-05-12,quality_momentum,17,688311.SH,,0.96652722,-0.07262877,-0.1154006,-0.13188803,-0.12854276
2025-05-12,quality_momentum,18,603151.SH,,0.96443516,0.01327244,-0.0019,0.0456862,0.04292759
2025-05-12,quality_momentum,19,601991.SH,,0.9623431,0.00738787,-0.00809199,0.00738787,0.01357987
2025-05-12,quality_momentum,20,920519.BJ,,0.96025103,-0.04870847,0.19100788,0.04207166,0.01512132
2025-05-13,quality_momentum,1,300789.SZ,,1.0,-0.03439517,-0.03091353,-0.06689034,-0.13381487
2025-05-13,quality_momentum,2,600389.SH,,0.99813432,-0.00547149,0.03083803,0.05821901,0.21833803
2025-05-13,quality_momentum,3,002734.SZ,,0.99626863,0.03320024,0.02603696,0.05325755,0.24605118
2025-05-13,quality_momentum,4,603766.SH,,0.994403,0.02304162,0.01602675,0.00745311,0.00355602
2025-05-13,quality_momentum,5,300888.SZ,,0.99253732,-0.0298016,-0.03096412,0.00565666,-0.04704628
2025-05-13,quality_momentum,6,605009.SH,,0.99067163,-0.02138279,0.0481,0.10327242,0.08896205
2025-05-13,quality_momentum,7,002602.SZ,,0.98880595,0.03917831,0.06228491,0.11234911,0.16369699
2025-05-13,quality_momentum,8,603500.SH,,0.98694032,0.00465016,-0.02373411,0.01556716,-0.02700919
2025-05-13,quality_momentum,9,603985.SH,,0.98507464,-0.04445319,-0.05509152,-0.05987873,-0.1401979
2025-05-13,quality_momentum,10,603810.SH,,0.98320895,-0.00953364,0.03904376,0.07929361,0.11329778
2025-05-13,quality_momentum,11,688186.SH,,0.98134327,-0.01168177,0.01390137,0.00863427,-0.04591805
2025-05-13,quality_momentum,12,600315.SH,,0.97947758,-0.01683159,0.02008257,0.05658192,0.03791747
2025-05-13,quality_momentum,13,601963.SH,,0.97761196,-0.0132241,-0.02193484,-0.0132241,-0.02803241
2025-05-13,quality_momentum,14,603193.SH,,0.97574627,0.00435159,0.06336628,0.03335886,-0.01690371
2025-05-13,quality_momentum,15,300536.SZ,,0.97388059,-0.00889997,-0.01990003,0.00810004,-0.1019
2025-05-13,quality_momentum,16,301162.SZ,,0.9720149,-0.04168266,-0.05365528,-0.03722631,-0.08284098
2025-05-13,quality_momentum,17,301613.SZ,,0.97014928,0.00168758,0.14346273,0.08722596,0.06079965
2025-05-13,quality_momentum,18,600184.SH,,0.96828359,-0.04809385,-0.08582972,-0.09103466,-0.11055323
2025-05-13,quality_momentum,19,002624.SZ,,0.96641791,-0.01655202,-0.07809043,-0.04585599,-0.05025159
2025-05-13,quality_momentum,20,920089.BJ,,0.96455222,0.00694955,0.04293771,0.1190439,-0.0142894
2025-05-14,quality_momentum,1,603500.SH,,1.0,-0.04094552,-0.02576113,0.00569219,-0.03986097
2025-05-14,quality_momentum,2,300650.SZ,,0.99832213,-0.00503083,0.02815639,0.0143805,-0.07328386
2025-05-14,quality_momentum,3,600415.SH,,0.99664432,-0.02544327,-0.02485468,0.00045435,-0.00719723
2025-05-14,quality_momentum,4,300986.SZ,,0.99496645,-0.00438256,-0.02027135,-0.022754,-0.11439045
2025-05-14,quality_momentum,5,300850.SZ,,0.99328858,-0.01959911,0.01448805,0.01645467,0.01320201
2025-05-14,quality_momentum,6,300476.SZ,,0.99161077,-0.05168162,-0.05143215,-0.02747706,0.04613492
2025-05-14,quality_momentum,7,688685.SH,,0.98993289,-0.02459717,-0.1109641,-0.14014613,-0.1357246
2025-05-14,quality_momentum,8,603766.SH,,0.98825502,-0.01330692,0.01178818,-0.02091143,-0.00570233
2025-05-14,quality_momentum,9,603300.SH,,0.98657715,-0.07164789,-0.10610165,-0.11618569,-0.16576551
2025-05-14,quality_momentum,10,002488.SZ,,0.98489934,-0.05235554,-0.02362393,0.01421773,0.01632002
2025-05-14,quality_momentum,11,603985.SH,,0.98322147,-0.00356662,-0.02412217,-0.02801106,-0.11356666
2025-05-14,quality_momentum,12,920978.BJ,,0.9815436,-0.0141599,0.01894185,0.03855765,-0.05584359
2025-05-14,quality_momentum,13,002765.SZ,,0.97986579,-0.02978586,-0.01940974,-0.04470158,-0.07193891
2025-05-14,quality_momentum,14,300492.SZ,,0.97818792,0.00130576,0.01671429,0.03150229,-0.06829092
2025-05-14,quality_momentum,15,601077.SH,,0.97651005,0.01191213,0.02434311,0.03401156,-0.00466245
2025-05-14,quality_momentum,16,605389.SH,,0.97483224,-0.03340057,-0.04199164,-0.02538227,-0.04244696
2025-05-14,quality_momentum,17,002093.SZ,,0.97315437,-0.03720376,-0.03309865,-0.05772922,-0.12341065
2025-05-14,quality_momentum,18,002624.SZ,,0.9714765,-0.05171407,-0.04874009,-0.00487398,-0.03833117
2025-05-14,quality_momentum,19,601579.SH,,0.96979868,0.00561369,0.09509456,0.28771748,0.71326395
2025-05-14,quality_momentum,20,603938.SH,,0.96812081,-0.04955014,-0.01952406,-0.00973289,-0.02278776
2025-05-15,quality_momentum,1,002487.SZ,,1.0,-0.02402077,0.00231353,-0.00681573,-0.03911908
2025-05-15,quality_momentum,2,301033.SZ,,0.99822378,0.02478709,-0.02168529,,
2025-05-15,quality_momentum,3,920089.BJ,,0.99644762,0.00435,0.07764546,-0.02405905,-0.05019545
2025-05-15,quality_momentum,4,002488.SZ,,0.9946714,0.02540626,0.08961291,0.04016643,0.07928081
2025-05-15,quality_momentum,5,920445.BJ,,0.99289519,-0.04487228,-0.02336428,-0.09598294,-0.04878085
2025-05-15,quality_momentum,6,920802.BJ,,0.99111903,0.02741034,0.097669,-0.02172751,0.04292765
2025-05-15,quality_momentum,7,300505.SZ,,0.98934281,0.01963504,0.03620051,-0.00797394,-0.03235451
2025-05-15,quality_momentum,8,002383.SZ,,0.98756659,-0.0254042,-0.027541,-0.08523331,0.05365561
2025-05-15,quality_momentum,9,002278.SZ,,0.98579043,0.01649085,-0.03868159,-0.09155513,0.04522643
2025-05-15,quality_momentum,10,301107.SZ,,0.98401421,0.00087392,0.01613048,-0.01438264,-0.00245474
2025-05-15,quality_momentum,11,300650.SZ,,0.98223799,0.01694424,0.03076327,0.06279848,-0.0992618
2025-05-15,quality_momentum,12,002255.SZ,,0.98046184,0.03280725,0.04256863,-0.02033811,0.09896772
2025-05-15,quality_momentum,13,301498.SZ,,0.97868562,-0.00534262,-0.00253415,-0.02708567,-0.03215905
2025-05-15,quality_momentum,14,002743.SZ,,0.9769094,0.05888149,0.02849075,0.03283231,0.08348353
2025-05-15,quality_momentum,15,603810.SH,,0.97513324,0.04852015,0.08913642,0.07302994,0.0870356
2025-05-15,quality_momentum,16,300221.SZ,,0.97335702,0.03105454,0.01059996,0.00264545,-0.0109909
2025-05-15,quality_momentum,17,920527.BJ,,0.9715808,-0.02717254,-0.00090895,-0.06780682,-0.0489763
2025-05-15,quality_momentum,18,000889.SZ,,0.96980464,-0.04810458,-0.08110793,-0.09760956,-0.11081087
2025-05-15,quality_momentum,19,002956.SZ,,0.96802843,0.04132377,0.06383611,0.01881137,-0.02216119
2025-05-15,quality_momentum,20,605009.SH,,0.96625221,0.02664248,0.08068741,0.06210948,0.02883804
2025-05-16,quality_momentum,1,002255.SZ,,1.0,0.02116075,-0.03753949,-0.02810553,-0.01133405
2025-05-16,quality_momentum,2,920221.BJ,,0.99814814,-0.00236909,0.00607372,-0.06193754,0.04125192
2025-05-16,quality_momentum,3,603810.SH,,0.99629629,0.00809998,0.03076668,0.02409998,0.01010003
2025-05-16,quality_momentum,4,603379.SH,,0.99444443,-0.01725227,0.00125464,-0.00505456,-0.00400298
2025-05-16,quality_momentum,5,000967.SZ,,0.99259257,0.01587776,-0.02264072,0.03069255,0.06032222
2025-05-16,quality_momentum,6,002685.SZ,,0.99074072,-0.01087438,0.0109205,-0.0070282,-0.09548975
2025-05-16,quality_momentum,7,301057.SZ,,0.98888886,-0.01682538,-0.04488507,-0.0645866,-0.06936269
2025-05-16,quality_momentum,8,300505.SZ,,0.98703706,0.0364784,0.02080269,-0.04460266,-0.05719262
2025-05-16,quality_momentum,9,688112.SH,,0.98518521,-0.0229555,-0.02158836,-0.05823035,-0.05576929
2025-05-16,quality_momentum,10,688269.SH,,0.98333335,-0.0109682,-0.02566486,0.01092049,-0.0300426
2025-05-16,quality_momentum,11,601083.SH,,0.98148149,-0.02813458,-0.09680741,-0.10838149,-0.10992466
2025-05-16,quality_momentum,12,301498.SZ,,0.97962964,0.02091815,-0.02744543,-0.02380913,-0.02326362
2025-05-16,quality_momentum,13,603363.SH,,0.97777778,,,,
2025-05-16,quality_momentum,14,920089.BJ,,0.97592592,0.01447494,0.05174203,-0.04989548,-0.07530484
2025-05-16,quality_momentum,15,001317.SZ,,0.97407407,-0.05888128,-0.03865517,-0.03843762,0.03768238
2025-05-16,quality_momentum,16,300650.SZ,,0.97222221,0.01228,-0.00128356,0.0079643,-0.13506894
2025-05-16,quality_momentum,17,601963.SH,,0.97037035,0.01587775,0.02298891,0.01676668,-0.01256669
2025-05-16,quality_momentum,18,601579.SH,,0.9685185,0.09734715,0.29036559,0.33348672,0.73493178
2025-05-16,quality_momentum,19,002602.SZ,,0.96666664,0.01498784,0.04755715,0.03308193,0.10787077
2025-05-16,quality_momentum,20,600315.SH,,0.96481484,0.00540521,0.05085971,0.00824607,-0.04167271
2025-05-19,quality_momentum,1,688110.SH,,1.0,-0.00101508,-0.03375846,0.07479612,-0.10573487
2025-05-19,quality_momentum,2,300850.SZ,,0.99832213,0.00616191,-0.01707255,-0.0316267,0.01818066
2025-05-19,quality_momentum,3,300600.SZ,,0.99664432,-0.02883966,-0.06978795,-0.06978795,-0.04715863
2025-05-19,quality_momentum,4,301033.SZ,,0.99496645,-0.00111701,,,
2025-05-19,quality_momentum,5,300702.SZ,,0.99328858,-0.00377438,0.01075235,0.01871858,0.20850303
2025-05-19,quality_momentum,6,603810.SH,,0.99161077,0.02648288,0.01130132,0.02186243,0.00668087
2025-05-19,quality_momentum,7,688299.SH,,0.98993289,-0.00446406,0.01348458,-0.00702822,-0.08907953
2025-05-19,quality_momentum,8,002685.SZ,,0.98825502,0.05890204,-0.00707464,-0.04459081,-0.03165421
2025-05-19,quality_momentum,9,300505.SZ,,0.98657715,-0.02324304,-0.06488798,-0.07894318,-0.08787247
2025-05-19,quality_momentum,10,002293.SZ,,0.98489934,0.00328131,0.00328131,-0.01582254,0.0101269
2025-05-19,quality_momentum,11,301498.SZ,,0.98322147,-0.0214538,-0.04554052,-0.03745242,0.00778807
2025-05-19,quality_momentum,12,301216.SZ,,0.9815436,-0.00261636,-0.01551033,-0.02482264,-0.0347826
2025-05-19,quality_momentum,13,603607.SH,,0.97986579,0.07465509,0.10814793,0.53015752,0.2904446
2025-05-19,quality_momentum,14,605009.SH,,0.97818792,-0.01285512,-0.02982779,-0.05868137,0.01306682
2025-05-19,quality_momentum,15,300955.SZ,,0.97651005,0.05849166,0.13629361,0.02312721,-0.00081185
2025-05-19,quality_momentum,16,002890.SZ,,0.97483224,0.02589979,0.01160274,0.01477992,0.01954558
2025-05-19,quality_momentum,17,002956.SZ,,0.97315437,0.0258898,-0.01753181,-0.0084133,-0.02491347
2025-05-19,quality_momentum,18,002743.SZ,,0.9714765,-0.02521963,-0.02110437,0.08177629,0.11881332
2025-05-19,quality_momentum,19,002602.SZ,,0.96979868,0.02775599,-0.00545876,0.05385321,0.09299916
2025-05-19,quality_momentum,20,688269.SH,,0.96812081,-0.01578445,-0.00789555,0.00567337,-0.00221553
2025-05-20,quality_momentum,1,603500.SH,,1.0,-0.00511886,-0.0587669,-0.04374543,-0.02550511
2025-05-20,quality_momentum,2,600415.SH,,0.99852723,-0.00072421,-0.0024879,-0.01071832,0.0968654
2025-05-20,quality_momentum,3,603938.SH,,0.99705452,-0.02878862,-0.055037,-0.04863497,-0.09472976
2025-05-20,quality_momentum,4,000859.SZ,,0.99558175,-0.0019,0.06837027,0.07377567,0.01296488
2025-05-20,quality_momentum,5,920260.BJ,,0.99410897,-0.01637277,-0.09356093,-0.04393998,-0.02326458
2025-05-20,quality_momentum,6,603193.SH,,0.9926362,-0.04296285,-0.02919475,-0.05045073,0.03350396
2025-05-20,quality_momentum,7,300492.SZ,,0.99116349,-0.00359828,-0.03546642,-0.09730458,-0.11938248
2025-05-20,quality_momentum,8,002293.SZ,,0.98969072,0.00428557,-0.00584627,-0.00261931,0.01996941
2025-05-20,quality_momentum,9,000953.SZ,,0.98821795,,,,
2025-05-20,quality_momentum,10,603766.SH,,0.98674524,-0.00576098,0.01586063,-0.00576098,0.10651075
2025-05-20,quality_momentum,11,688767.SH,,0.98527247,0.01256053,-0.03438055,-0.0423894,0.04993539
2025-05-20,quality_momentum,12,600000.SH,,0.9837997,-0.00597496,-0.00841994,-0.00760495,0.01032498
2025-05-20,quality_momentum,13,603776.SH,,0.98232692,0.01312143,-0.02818756,-0.0158485,-0.04267258
2025-05-20,quality_momentum,14,601077.SH,,0.98085421,-0.00056494,-0.0072405,-0.03394272,0.01812667
2025-05-20,quality_momentum,15,002685.SZ,,0.97938144,-0.03848533,-0.05555849,-0.09946094,-0.11409507
2025-05-20,quality_momentum,16,301055.SZ,,0.97790867,0.11016897,0.07999659,0.07676377,0.15650523
2025-05-20,quality_momentum,17,600539.SH,,0.97643596,-0.0203254,-0.03875089,-0.05633883,-0.10742758
2025-05-20,quality_momentum,18,601991.SH,,0.97496319,-0.01085517,-0.03772084,-0.02578054,-0.04667609
2025-05-20,quality_momentum,19,002838.SZ,,0.97349042,-0.01795999,-0.0019,-0.03241395,-0.02165796
2025-05-20,quality_momentum,20,301263.SZ,,0.97201765,0.03550649,0.09951311,0.12382856,0.22517762
2025-05-21,quality_momentum,1,603193.SH,,1.0,-0.01222741,-0.0192803,0.00792369,-0.05975541
2025-05-21,quality_momentum,2,002838.SZ,,0.99861687,0.03128826,0.00082037,-0.01657608,-0.00947958
2025-05-21,quality_momentum,3,300536.SZ,,0.99723375,,,,
2025-05-21,quality_momentum,4,603776.SH,,0.99585062,-0.03308399,-0.04312624,-0.04048356,-0.0394264
2025-05-21,quality_momentum,5,002469.SZ,,0.9944675,-0.04269382,-0.05812935,-0.08569275,-0.08789786
2025-05-21,quality_momentum,6,600415.SH,,0.99308437,0.00279764,-0.00366162,-0.00953361,0.07913348
2025-05-21,quality_momentum,7,920942.BJ,,0.99170125,-0.03254753,-0.0019,-0.02760433,-0.00536014
2025-05-21,quality_momentum,8,002946.SZ,,0.99031812,-0.00297479,0.00293603,0.06849224,0.05237186
2025-05-21,quality_momentum,9,301277.SZ,,0.98893499,-0.05811296,0.08241955,0.12236043,0.15934268
2025-05-21,quality_momentum,10,002284.SZ,,0.98755187,-0.00436307,-0.03638276,-0.05034008,-0.07907571
2025-05-21,quality_momentum,11,601515.SH,,0.98616874,-0.05306285,-0.09492327,-0.10422565,-0.11585354
2025-05-21,quality_momentum,12,603500.SH,,0.98478562,-0.03419281,-0.03849844,-0.04710992,-0.03203995
2025-05-21,quality_momentum,13,688526.SH,,0.98340249,-0.04368426,-0.04199029,-0.0380377,-0.03182653
2025-05-21,quality_momentum,14,000859.SZ,,0.98201936,0.0116135,0.07918107,0.03188378,0.06701888
2025-05-21,quality_momentum,15,600276.SH,,0.98063624,-8.16e-05,-0.04811156,-0.03144444,-0.03592487
2025-05-21,quality_momentum,16,920274.BJ,,0.97925311,-0.04332015,0.06318876,-0.00781718,0.00993425
2025-05-21,quality_momentum,17,000566.SZ,,0.97786999,0.0117752,-0.08224185,-0.10959233,0.10750169
2025-05-21,quality_momentum,18,301393.SZ,,0.97648686,-0.02901797,0.00240148,-0.06305573,0.01175252
2025-05-21,quality_momentum,19,300505.SZ,,0.97510374,-0.05052571,-0.06479634,-0.07117411,-0.04644082
2025-05-21,quality_momentum,20,300947.SZ,,0.97372061,-0.07943304,-0.0679793,-0.09264896,-0.0270102
2025-05-22,quality_momentum,1,601077.SH,,1.0,-0.03436754,-0.06034153,-0.07462723,-0.03826362
2025-05-22,quality_momentum,2,300650.SZ,,0.99845439,-0.03552835,-0.0431979,-0.15411238,-0.18243098
2025-05-22,quality_momentum,3,002565.SZ,,0.99690878,-0.02170192,0.04512979,0.0624565,0.22087233
2025-05-22,quality_momentum,4,603151.SH,,0.99536324,0.01210935,0.01144223,-0.00790399,
2025-05-22,quality_momentum,5,301188.SZ,,0.99381763,-0.00238525,-0.02033773,-0.01586506,0.12945564
2025-05-22,quality_momentum,6,002584.SZ,,0.99227202,-0.00483253,0.06163867,-0.01069758,-0.03513551
2025-05-22,quality_momentum,7,002294.SZ,,0.99072641,0.04669814,0.03151121,0.05417473,0.09623087
2025-05-22,quality_momentum,8,601963.SH,,0.98918086,-0.02241277,-0.04634442,-0.0497632,-0.03010507
2025-05-22,quality_momentum,9,002943.SZ,,0.98763525,-0.00455356,-0.02464454,-0.01630482,-0.00910241
2025-05-22,quality_momentum,10,301003.SZ,,0.98608965,-0.02323335,0.09643337,0.06109997,-0.02523335
2025-05-22,quality_momentum,11,600919.SH,,0.98454404,-0.01362219,-0.0208359,-0.01993422,0.00351035
2025-05-22,quality_momentum,12,688117.SH,,0.98299843,-0.00043886,0.05508429,0.07028003,0.20558103
2025-05-22,quality_momentum,13,600000.SH,,0.98145288,-0.01804207,-0.01723497,-0.01723497,-0.00835688
2025-05-22,quality_momentum,14,300065.SZ,,0.97990727,0.03218396,0.00662096,0.03583578,0.12530634
2025-05-22,quality_momentum,15,603113.SH,,0.97836167,-0.01405806,-0.01405806,-0.00493954,0.07104831
2025-05-22,quality_momentum,16,601515.SH,,0.97681606,-0.03131174,-0.05827255,-0.05091956,-0.07297842
2025-05-22,quality_momentum,17,002602.SZ,,0.97527045,0.01952861,0.07905242,0.11595715,0.12309999
2025-05-22,quality_momentum,18,002838.SZ,,0.9737249,-0.01822436,-0.04824019,-0.04558505,-0.03607471
2025-05-22,quality_momentum,19,002948.SZ,,0.97217929,-0.00977409,-0.02749054,-0.0373331,0.00203694
2025-05-22,quality_momentum,20,920062.BJ,,0.97063369,-0.06028045,-0.00566649,0.01123277,-0.01614925
2025-05-23,quality_momentum,1,601077.SH,,1.0,-0.01129598,-0.03277247,-0.0086114,0.01286509
2025-05-23,quality_momentum,2,300065.SZ,,0.99806577,-0.00248859,-0.00307719,0.05813534,0.0987475
2025-05-23,quality_momentum,3,300084.SZ,,0.99613154,0.00604701,0.03253705,0.04313307,
2025-05-23,quality_momentum,4,002948.SZ,,0.99419731,-0.02174125,-0.02967774,-0.01777296,0.01794135
2025-05-23,quality_momentum,5,002595.SZ,,0.99226308,-0.01346897,-0.03660683,-0.02503785,0.00126957
2025-05-23,quality_momentum,6,300587.SZ,,0.99032885,-0.02767324,-0.02939143,0.01528213,0.21459481
2025-05-23,quality_momentum,7,603151.SH,,0.98839456,-0.00518947,-0.01703155,-0.01439999,
2025-05-23,quality_momentum,8,600156.SH,,0.98646033,0.02662611,0.05673708,0.08367842,
2025-05-23,quality_momentum,9,002294.SZ,,0.9845261,-0.03175744,-0.04200693,-0.00591068,0.12666506
2025-05-23,quality_momentum,10,300998.SZ,,0.98259187,0.00267549,0.02097746,-0.00291678,0.1114706
2025-05-23,quality_momentum,11,600668.SH,,0.98065764,-0.01572174,-0.01986826,-0.03023455,0.01330386
2025-05-23,quality_momentum,12,300650.SZ,,0.97872341,0.017636,-0.0965276,-0.14353609,-0.17284016
2025-05-23,quality_momentum,13,002685.SZ,,0.97678918,-0.04829177,-0.06246704,-0.09081753,-0.10628149
2025-05-23,quality_momentum,14,301258.SZ,,0.97485495,0.01462388,0.02104981,-0.09186329,-0.03158177
2025-05-23,quality_momentum,15,001328.SZ,,0.97292072,-0.04348413,-0.03892975,-0.04685047,0.03156537
2025-05-23,quality_momentum,16,000007.SZ,,0.97098649,-0.03266926,-0.01856668,0.00194612,0.06092048
2025-05-23,quality_momentum,17,600081.SH,,0.9690522,-0.01623224,-0.02470132,-0.05727464,-0.12763293
2025-05-23,quality_momentum,18,600389.SH,,0.96711797,-0.0024069,-0.00747532,-0.04599532,0.01094815
2025-05-23,quality_momentum,19,601963.SH,,0.96518373,-0.02458764,-0.02196981,-0.03069584,-0.00977393
2025-05-23,quality_momentum,20,601319.SH,,0.9632495,0.00053012,-0.00311506,-0.00433012,0.00174519
2025-05-26,quality_momentum,1,002565.SZ,,1.0,0.01737711,0.03424455,0.20291929,0.22942528
2025-05-26,quality_momentum,2,601077.SH,,0.99834436,-0.01951512,-0.03442026,0.04823552,0.01436016
2025-05-26,quality_momentum,3,603238.SH,,0.99668872,0.01777803,-0.02694476,-0.02510821,0.06479553
2025-05-26,quality_momentum,4,600000.SH,,0.99503309,0.00553185,0.00553185,0.02865323,0.0187441
2025-05-26,quality_momentum,5,000506.SZ,,0.99337751,-0.01768946,-0.06242632,,0.16652109
2025-05-26,quality_momentum,6,603699.SH,,0.99172187,-0.00322761,0.04323769,0.05950059,0.10994865
2025-05-26,quality_momentum,7,002294.SZ,,0.99006623,0.01394753,0.03622587,0.03507747,0.15841243
2025-05-26,quality_momentum,8,300065.SZ,,0.98841059,-0.02604605,0.00222248,0.06170424,0.02931323
2025-05-26,quality_momentum,9,000007.SZ,,0.98675495,0.02984606,0.02984606,0.06556028,0.06688307
2025-05-26,quality_momentum,10,603151.SH,,0.98509932,0.00074025,-0.01840165,0.04232445,
2025-05-26,quality_momentum,11,300650.SZ,,0.98344374,-0.02884602,-0.1414209,-0.18154068,-0.20968438
2025-05-26,quality_momentum,12,601319.SH,,0.9817881,-0.00796058,-0.01644546,0.00658482,0.00900911
2025-05-26,quality_momentum,13,601963.SH,,0.98013246,-0.0036857,-0.00725711,0.01506431,0.01873511
2025-05-26,quality_momentum,14,301528.SZ,,0.97847682,-0.0062816,0.00586734,-0.02978167,0.03755732
2025-05-26,quality_momentum,15,600771.SH,,0.97682118,0.00766941,0.04594689,0.03637757,0.01771722
2025-05-26,quality_momentum,16,605259.SH,,0.97516555,0.00398233,0.01681664,0.02323375,0.03553318
2025-05-26,quality_momentum,17,000937.SZ,,0.97350991,0.00708203,0.00708203,-0.01088203,0.04001621
2025-05-26,quality_momentum,18,002246.SZ,,0.97185433,-0.00612301,0.0082351,0.10451889,0.07918105
2025-05-26,quality_momentum,19,002633.SZ,,0.97019869,-0.00475313,0.09938381,,-0.03399706
2025-05-26,quality_momentum,20,603091.SH,,0.96854305,0.00209236,-0.05342089,-0.03155774,0.01045746
2025-05-27,quality_momentum,1,603238.SH,,1.0,0.00570227,-0.05944767,0.11212387,0.06148648
2025-05-27,quality_momentum,2,603086.SH,,0.99810606,-0.09764471,-0.06572977,0.01831275,-0.04445322
2025-05-27,quality_momentum,3,300065.SZ,,0.99621212,0.02223999,0.08500408,0.11457558,0.03913804
2025-05-27,quality_momentum,4,603001.SH,,0.99431819,-0.01449841,-0.02867167,0.02959611,0.02802127
2025-05-27,quality_momentum,5,002317.SZ,,0.99242425,-0.02514531,0.0529005,0.07024399,0.36744856
2025-05-27,quality_momentum,6,603966.SH,,0.99053031,-0.03105447,-0.06798356,-0.06798356,-0.09810986
2025-05-27,quality_momentum,7,601919.SH,,0.98863637,0.01611238,0.01238566,-0.0006578,-0.00438453
2025-05-27,quality_momentum,8,605009.SH,,0.98674244,-0.00458691,-0.05358325,0.1337093,0.08483052
2025-05-27,quality_momentum,9,002311.SZ,,0.9848485,0.0002649,0.00975695,0.05705092,0.02324575
2025-05-27,quality_momentum,10,605599.SH,,0.98295456,,,,
2025-05-27,quality_momentum,11,301026.SZ,,0.98106062,0.00203345,-0.01127979,0.00133427,0.19599159
2025-05-27,quality_momentum,12,605255.SH,,0.97916669,0.05079181,0.1384207,0.20772198,0.20821956
2025-05-27,quality_momentum,13,300650.SZ,,0.97727275,-0.08928468,-0.13666925,-0.16374622,-0.18651545
2025-05-27,quality_momentum,14,603810.SH,,0.97537881,-0.05168225,-0.0572827,-0.02803568,0.02299103
2025-05-27,quality_momentum,15,600315.SH,,0.97348487,-0.01745646,-0.05814248,-0.02184416,-0.05335593
2025-05-27,quality_momentum,16,000848.SZ,,0.97159094,-0.02008186,-0.04280914,-0.02497769,-0.08954432
2025-05-27,quality_momentum,17,002565.SZ,,0.969697,-0.04681734,0.02646879,0.16831275,0.2628754
2025-05-27,quality_momentum,18,301393.SZ,,0.967803,-0.07757663,-0.01497307,0.02185257,0.05923054
2025-05-27,quality_momentum,19,600578.SH,,0.96590906,-0.02880584,-0.02880584,-0.02432151,0.00706854
2025-05-27,quality_momentum,20,300004.SZ,,0.96401513,-0.04780165,-0.11665402,-0.11446828,-0.11665402
2025-05-28,quality_momentum,1,300065.SZ,,1.0,0.0028142,0.06233101,0.06468816,-0.00013213
2025-05-28,quality_momentum,2,600771.SH,,0.99789476,0.01292853,0.00366074,0.02173301,-0.02831333
2025-05-28,quality_momentum,3,603810.SH,,0.99578947,0.01643667,-0.00124511,0.04459644,0.06882696
2025-05-28,quality_momentum,4,002565.SZ,,0.99368423,0.0624565,0.23572389,0.21097134,0.29017927
2025-05-28,quality_momentum,5,002553.SZ,,0.99157894,-0.01613788,-0.08565212,-0.07057674,-0.06471409
2025-05-28,quality_momentum,6,002206.SZ,,0.9894737,-0.00761427,-0.02666189,-0.03237616,-0.03428098
2025-05-28,quality_momentum,7,920599.BJ,,0.9873684,0.02418697,0.01766519,-0.00103047,-0.02276961
2025-05-28,quality_momentum,8,600059.SH,,0.98526317,-0.02900278,-0.05797477,-0.05991769,-0.01376064
2025-05-28,quality_momentum,9,603699.SH,,0.98315787,0.01064017,0.02639584,0.07848587,0.08073662
2025-05-28,quality_momentum,10,300084.SZ,,0.98105264,-0.01598452,0.02882987,0.00962371,
2025-05-28,quality_momentum,11,603966.SH,,0.97894734,-0.00290102,-0.03493304,-0.04694507,-0.07497307
2025-05-28,quality_momentum,12,600020.SH,,0.97684211,-0.00790001,0.00610005,-0.0019,-0.00790001
2025-05-28,quality_momentum,13,603238.SH,,0.97473687,-0.05297371,-0.05118619,0.07120046,0.13150695
2025-05-28,quality_momentum,14,301320.SZ,,0.97263157,-0.02726782,0.00331139,-0.01759868,0.0079014
2025-05-28,quality_momentum,15,603001.SH,,0.97052634,-0.0130643,0.02840304,0.05711115,0.02840304
2025-05-28,quality_momentum,16,600578.SH,,0.96842104,0.00270832,0.00501242,-0.00420422,0.0349663
2025-05-28,quality_momentum,17,002080.SZ,,0.96631581,-0.01182284,0.01350342,0.00938056,-0.04421674
2025-05-28,quality_momentum,18,600960.SH,,0.96421051,0.06786737,,,
2025-05-28,quality_momentum,19,603013.SH,,0.96210527,0.01807774,-0.01688336,0.00018676,0.01434057
2025-05-28,quality_momentum,20,002971.SZ,,0.95999998,0.02112157,0.06092975,0.06908322,0.03263239
2025-05-29,quality_momentum,1,603313.SH,,1.0,-0.033646,0.00908903,0.01397303,0.01031006
2025-05-29,quality_momentum,2,603699.SH,,0.99824256,-0.00253507,0.06510545,0.06415277,0.06510545
2025-05-29,quality_momentum,3,000766.SZ,,0.99648505,-0.01989606,0.11580429,0.1362323,0.2383724
2025-05-29,quality_momentum,4,600415.SH,,0.99472761,0.01894538,0.08032343,0.07047978,0.13384274
2025-05-29,quality_momentum,5,000997.SZ,,0.99297011,0.00855298,-0.05669884,-0.06240044,-0.10769659
2025-05-29,quality_momentum,6,603087.SH,,0.99121267,-0.01409286,0.03831837,0.02776332,0.03156144
2025-05-29,quality_momentum,7,300065.SZ,,0.98945516,0.05440505,0.08314403,0.08431708,0.00103262
2025-05-29,quality_momentum,8,002565.SZ,,0.98769772,0.00972793,0.1492628,0.14693719,0.13996049
2025-05-29,quality_momentum,9,300599.SZ,,0.98594022,-0.03448434,0.00933596,0.03180788,-0.05470896
2025-05-29,quality_momentum,10,600499.SH,,0.98418278,0.01496508,-0.0019,0.01000477,-0.01876508
2025-05-29,quality_momentum,11,603238.SH,,0.98242533,-0.01621584,0.16322597,0.0591747,0.17444107
2025-05-29,quality_momentum,12,301229.SZ,,0.98066783,-0.03529883,0.01872869,0.04918056,-0.07311809
2025-05-29,quality_momentum,13,000029.SZ,,0.97891039,,,,
2025-05-29,quality_momentum,14,002422.SZ,,0.97715288,-0.00084041,0.04551723,-0.00799271,-0.01984975
2025-05-29,quality_momentum,15,002194.SZ,,0.97539544,-0.00977918,0.00926219,0.02699038,-0.06755988
2025-05-29,quality_momentum,16,300398.SZ,,0.97363794,0.00949741,-0.03064132,-0.04501202,-0.10992773
2025-05-29,quality_momentum,17,301393.SZ,,0.9718805,0.01885793,0.05694592,0.00190878,0.056565
2025-05-29,quality_momentum,18,002294.SZ,,0.97012305,-0.0129619,0.08836555,0.03792307,0.20385222
2025-05-29,quality_momentum,19,603810.SH,,0.96836555,-0.02569422,0.00453084,0.04890383,0.03346975
2025-05-29,quality_momentum,20,300807.SZ,,0.96660811,-0.04561963,-0.01878641,0.00272643,-0.03497889
2025-05-30,quality_momentum,1,600499.SH,,1.0,-0.01068052,-0.01653413,0.00200247,-0.02921712
2025-05-30,quality_momentum,2,600415.SH,,0.99827588,0.04177555,0.04234277,0.03553612,0.09564011
2025-05-30,quality_momentum,3,603680.SH,,0.99655175,0.00953952,0.04481117,0.14299995,0.10200849
2025-05-30,quality_momentum,4,605599.SH,,0.99482757,,,,
2025-05-30,quality_momentum,5,301393.SZ,,0.99310344,0.0410104,0.00929399,0.0872791,0.05780149
2025-05-30,quality_momentum,6,688428.SH,,0.99137932,-0.0190333,-0.00398948,0.12639083,0.14268834
2025-05-30,quality_momentum,7,002602.SZ,,0.9896552,0.00136091,0.04049132,-0.02363913,0.09375221
2025-05-30,quality_momentum,8,300398.SZ,,0.98793101,-0.0072895,-0.03717677,-0.04403621,-0.1052807
2025-05-30,quality_momentum,9,002971.SZ,,0.98620689,0.03847561,0.04645682,0.02626906,-0.01598444
2025-05-30,quality_momentum,10,000997.SZ,,0.98448277,-0.06616329,-0.05613196,-0.06365549,-0.05519156
2025-05-30,quality_momentum,11,300084.SZ,,0.98275864,0.01837887,-0.00063254,,0.05640171
2025-05-30,quality_momentum,12,300065.SZ,,0.98103446,0.00087619,0.00309723,0.03641208,-0.0263309
2025-05-30,quality_momentum,13,002229.SZ,,0.97931033,-0.01256985,-0.00723492,-0.00071455,-0.07955266
2025-05-30,quality_momentum,14,000963.SZ,,0.97758621,-0.01086855,-0.01372118,0.00445221,-0.00577034
2025-05-30,quality_momentum,15,002317.SZ,,0.97586209,0.01304765,-0.00414219,0.2566949,0.22530481
2025-05-30,quality_momentum,16,300300.SZ,,0.9741379,0.03088685,0.0800672,0.20028579,0.18935684
2025-05-30,quality_momentum,17,002019.SZ,,0.97241378,0.02789371,0.00115572,0.02865768,0.10657973
2025-05-30,quality_momentum,18,002565.SZ,,0.97068965,0.1475253,0.12453674,0.18200803,0.24867471
2025-05-30,quality_momentum,19,002798.SZ,,0.96896553,,,,
2025-05-30,quality_momentum,20,600960.SH,,0.96724141,,,,
2025-06-03,quality_momentum,1,600000.SH,,1.0,-0.00670767,-0.01552183,-0.01151535,0.00451023
2025-06-03,quality_momentum,2,600499.SH,,0.9985528,-0.00977399,0.00203704,-0.00977399,-0.01764798
2025-06-03,quality_momentum,3,000997.SZ,,0.99710566,-0.00223504,-0.00826517,-0.00357505,0.04198607
2025-06-03,quality_momentum,4,002602.SZ,,0.99565846,0.0306027,0.02193528,-0.01273423,0.1248605
2025-06-03,quality_momentum,5,600993.SH,,0.99421132,0.04559069,-0.01234122,-0.01436211,-0.06117921
2025-06-03,quality_momentum,6,600415.SH,,0.99276412,0.01386081,0.0046217,0.00353473,0.10502926
2025-06-03,quality_momentum,7,603087.SH,,0.99131691,0.00125899,-0.00892002,0.0315166,-0.03596158
2025-06-03,quality_momentum,8,300779.SZ,,0.98986977,0.09314766,0.07038549,0.05389823,0.04393206
2025-06-03,quality_momentum,9,300973.SZ,,0.98842257,0.04476542,-0.04969898,0.01359215,-0.08824045
2025-06-03,quality_momentum,10,301229.SZ,,0.98697537,-0.02493714,0.0042119,-0.06489954,-0.11943646
2025-06-03,quality_momentum,11,000657.SZ,,0.98552823,0.03761896,0.03332337,0.02473235,0.02043684
2025-06-03,quality_momentum,12,300998.SZ,,0.98408103,0.0510328,0.08250631,0.04054164,0.04006477
2025-06-03,quality_momentum,13,300065.SZ,,0.98263389,0.02246326,0.02357071,-0.032354,-0.05394865
2025-06-03,quality_momentum,14,000007.SZ,,0.98118669,0.03403556,0.01916569,-0.00066081,-0.02792225
2025-06-03,quality_momentum,15,002107.SZ,,0.97973949,0.02741028,0.03258271,0.03947928,-0.01052072
2025-06-03,quality_momentum,16,600389.SH,,0.97829235,0.00879517,0.01996971,0.03018309,0.00223079
2025-06-03,quality_momentum,17,300531.SZ,,0.97684515,-0.0054357,0.00870688,-0.02664957,0.07411644
2025-06-03,quality_momentum,18,301393.SZ,,0.97539794,-0.00726667,-0.05896614,0.05248283,-0.05324165
2025-06-03,quality_momentum,19,300084.SZ,,0.9739508,0.00306894,,,0.17822419
2025-06-03,quality_momentum,20,300267.SZ,,0.9725036,0.0071909,-0.0231121,0.02537277,-0.0291727
2025-06-04,quality_momentum,1,600771.SH,,1.0,-0.02446638,-0.03375846,-0.06827168,-0.1107496
2025-06-04,quality_momentum,2,002107.SZ,,0.99866843,-0.03037565,0.05672651,0.01317543,-0.05885138
2025-06-04,quality_momentum,3,300084.SZ,,0.99733686,-0.02538579,,,0.10811229
2025-06-04,quality_momentum,4,000029.SZ,,0.9960053,0.07543336,0.10263335,0.11810006,0.05676668
2025-06-04,quality_momentum,5,603173.SH,,0.99467379,0.04721871,0.02959377,0.00214512,-0.03438391
2025-06-04,quality_momentum,6,688428.SH,,0.99334222,-0.02839823,0.09879299,0.05965729,0.02459815
2025-06-04,quality_momentum,7,688550.SH,,0.99201065,-0.00859898,-0.03031301,-0.03169902,0.02374108
2025-06-04,quality_momentum,8,601107.SH,,0.99067909,-0.0019,-0.02789392,-0.0126034,0.01462174
2025-06-04,quality_momentum,9,000657.SZ,,0.98934752,-0.00933804,-0.01429671,-0.00768513,-0.00769994
2025-06-04,quality_momentum,10,300065.SZ,,0.98801595,-0.0235216,0.00891085,-0.06946756,-0.08027842
2025-06-04,quality_momentum,11,301322.SZ,,0.98668444,0.04859135,0.05198001,-0.01308264,-0.09373332
2025-06-04,quality_momentum,12,002378.SZ,,0.98535287,-0.01355297,-0.01118558,-0.00763465,-0.06208255
2025-06-04,quality_momentum,13,600800.SH,,0.98402131,0.0186128,0.13399737,0.10322816,0.0698948
2025-06-04,quality_momentum,14,002461.SZ,,0.98268974,-0.02988347,-0.04387528,-0.06037261,-0.06956227
2025-06-04,quality_momentum,15,688212.SH,,0.98135817,0.00469139,0.06250678,0.00205482,-0.12000378
2025-06-04,quality_momentum,16,002743.SZ,,0.9800266,-0.01222257,-0.03931935,-0.05996449,-0.14899675
2025-06-04,quality_momentum,17,003000.SZ,,0.97869509,-0.0555278,-0.08770445,-0.07950257,-0.15395048
2025-06-04,quality_momentum,18,000007.SZ,,0.97736353,-0.00907697,-0.01027317,-0.01625405,-0.0641009
2025-06-04,quality_momentum,19,301393.SZ,,0.97603196,-0.0270799,0.04809999,0.03461074,-0.0688065
2025-06-04,quality_momentum,20,300961.SZ,,0.97470039,-0.01288905,-0.00574624,-0.03541652,-0.11069128
2025-06-05,quality_momentum,1,002107.SZ,,1.0,0.03258271,0.03947928,0.0670655,-0.05017586
2025-06-05,quality_momentum,2,600415.SH,,0.99854863,0.00407497,0.00298859,0.03365834,0.07401923
2025-06-05,quality_momentum,3,605196.SH,,0.99709725,-0.01019875,-0.00723487,0.08938635,-0.00012167
2025-06-05,quality_momentum,4,002612.SZ,,0.99564588,-0.03186258,-0.0093907,-0.0002949,-0.11639976
2025-06-05,quality_momentum,5,003000.SZ,,0.99419451,-0.03656666,-0.02189995,-0.05123329,-0.14056663
2025-06-05,quality_momentum,6,920429.BJ,,0.99274313,-0.0019,0.00309766,0.03551691,-0.14134824
2025-06-05,quality_momentum,7,601319.SH,,0.9912917,-0.00908566,-0.0030976,0.01965681,0.004088
2025-06-05,quality_momentum,8,301055.SZ,,0.98984033,0.02584922,0.03869614,0.06387597,-0.02348271
2025-06-05,quality_momentum,9,301178.SZ,,0.98838896,0.01296988,,,
2025-06-05,quality_momentum,10,688767.SH,,0.98693758,-0.02569501,-0.0287457,-0.02203424,0.0185392
2025-06-05,quality_momentum,11,600668.SH,,0.98548621,-0.01608921,-0.02419725,-0.03230536,-0.09311618
2025-06-05,quality_momentum,12,605303.SH,,0.98403484,0.07900913,0.09264545,0.10082729,0.10628178
2025-06-05,quality_momentum,13,600771.SH,,0.98258346,-0.01276463,-0.03721013,-0.0507909,-0.09922909
2025-06-05,quality_momentum,14,688328.SH,,0.98113209,-0.01527793,-0.03438919,-0.02817804,-0.03534482
2025-06-05,quality_momentum,15,002946.SZ,,0.97968072,-0.04981033,-0.02126799,0.0128808,-0.08905593
2025-06-05,quality_momentum,16,601107.SH,,0.97822934,-0.02483578,-0.01413238,-0.00138645,0.00981932
2025-06-05,quality_momentum,17,300640.SZ,,0.97677791,-0.01371683,0.00696258,0.26988735,-0.02600122
2025-06-05,quality_momentum,18,300973.SZ,,0.97532654,-0.07029187,-0.00836951,-0.02592959,-0.12371144
2025-06-05,quality_momentum,19,600105.SH,,0.97387516,-0.00066995,0.02516025,0.03746039,-0.06217057
2025-06-05,quality_momentum,20,300518.SZ,,0.97242379,0.01516235,-0.02341335,-0.04121749,-0.09388812
2025-06-06,quality_momentum,1,603238.SH,,1.0,0.04801185,0.0462503,0.10673172,-0.01423124
2025-06-06,quality_momentum,2,002891.SZ,,0.99860334,0.02216836,0.0588143,0.05244776,-0.0935149
2025-06-06,quality_momentum,3,002317.SZ,,0.99720669,,,,
2025-06-06,quality_momentum,4,002246.SZ,,0.99581003,-0.00570232,-0.04144376,0.16844219,0.04524825
2025-06-06,quality_momentum,5,002107.SZ,,0.99441344,0.05143336,0.00810004,-0.00690002,-0.08856664
2025-06-06,quality_momentum,6,603173.SH,,0.99301678,-0.00995786,-0.03635403,-0.03301979,-0.09459483
2025-06-06,quality_momentum,7,688379.SH,,0.99162012,-0.01776343,-0.02464767,-0.06026572,-0.04709601
2025-06-06,quality_momentum,8,301489.SZ,,0.99022347,-0.00721031,0.01238318,0.06493763,0.04937272
2025-06-06,quality_momentum,9,688215.SH,,0.98882681,-0.02124448,-0.04784307,-0.01667701,-0.08303918
2025-06-06,quality_momentum,10,002602.SZ,,0.98743016,-0.04951904,0.00550747,0.01185665,0.12190957
2025-06-06,quality_momentum,11,688511.SH,,0.9860335,-0.00651622,-0.01632585,-0.03709903,-0.07402925
2025-06-06,quality_momentum,12,002290.SZ,,0.98463684,0.05073162,0.01354629,-0.10973748,-0.13519513
2025-06-06,quality_momentum,13,688212.SH,,0.98324025,0.01100319,-0.04652367,-0.06784983,-0.17272897
2025-06-06,quality_momentum,14,003000.SZ,,0.98184359,-0.0012094,0.00776849,-0.05922044,-0.11861267
2025-06-06,quality_momentum,15,301055.SZ,,0.98044693,0.0146,0.0311,-0.01539995,-0.03689997
2025-06-06,quality_momentum,16,002258.SZ,,0.97905028,-0.01268837,-0.04339375,-0.07160956,-0.1247216
2025-06-06,quality_momentum,17,003035.SZ,,0.97765362,0.0041,-0.03190008,-0.06989999,-0.09790004
2025-06-06,quality_momentum,18,688767.SH,,0.97625697,0.01247499,-0.00502504,-0.01752503,0.01903747
2025-06-06,quality_momentum,19,300854.SZ,,0.97486031,0.01037971,-0.09746862,-0.11135013,-0.12896889
2025-06-06,quality_momentum,20,300163.SZ,,0.97346371,-0.01220933,-0.03540518,-0.074065,-0.09210622
2025-06-09,quality_momentum,1,002602.SZ,,1.0,0.01254449,0.05476664,0.11810003,0.16476664
2025-06-09,quality_momentum,2,600562.SH,,0.99878049,-0.01154287,0.03595713,0.08095713,-0.00725715
2025-06-09,quality_momentum,3,301393.SZ,,0.99756098,0.00769229,-0.01183491,-0.02896406,-0.12437348
2025-06-09,quality_momentum,4,002821.SZ,,0.99634147,0.00719771,0.00634144,-0.01367354,-0.09437564
2025-06-09,quality_momentum,5,002019.SZ,,0.99512196,-0.00115876,0.08779603,0.07371154,-0.01820835
2025-06-09,quality_momentum,6,603087.SH,,0.99390244,0.03296956,0.04369548,0.00919387,-0.03567613
2025-06-09,quality_momentum,7,301229.SZ,,0.99268293,-0.02301985,-0.03038724,-0.05789215,-0.1320572
2025-06-09,quality_momentum,8,300261.SZ,,0.99146342,0.01093696,0.00580218,-0.02629025,-0.07121964
2025-06-09,quality_momentum,9,000963.SZ,,0.99024391,-0.01341247,0.01638443,-0.01205803,-0.09964268
2025-06-09,quality_momentum,10,603238.SH,,0.9890244,-0.01979709,0.07024765,0.06129916,-0.04552415
2025-06-09,quality_momentum,11,000553.SZ,,0.98780489,-0.01151541,0.00634175,-0.00876816,-0.01838357
2025-06-09,quality_momentum,12,002422.SZ,,0.98658538,0.00799069,0.01838899,-0.04488478,-0.08970367
2025-06-09,quality_momentum,13,300345.SZ,,0.98536587,-0.00085066,-0.00714661,-0.10997972,-0.0795495
2025-06-09,quality_momentum,14,920284.BJ,,0.98414636,0.01628179,-0.01942068,-0.02999919,-0.04156945
2025-06-09,quality_momentum,15,300839.SZ,,0.98292685,-0.00736443,-0.00372145,-0.09206392,-0.09934988
2025-06-09,quality_momentum,16,301068.SZ,,0.98170733,0.00240767,-0.00928467,-0.03390003,-0.04128464
2025-06-09,quality_momentum,17,300961.SZ,,0.98048782,-0.03664899,-0.05319611,-0.07250115,-0.09897658
2025-06-09,quality_momentum,18,002290.SZ,,0.97926831,-0.01738917,-0.07445437,-0.10597604,-0.18206304
2025-06-09,quality_momentum,19,603810.SH,,0.9780488,-0.01269139,-0.02168418,-0.04266743,-0.03427412
2025-06-09,quality_momentum,20,600415.SH,,0.97682929,0.00958169,0.04045268,0.05603513,0.07384367
2025-06-10,quality_momentum,1,603683.SH,,1.0,0.0131282,-0.00690942,-0.02757315,-0.04823687
2025-06-10,quality_momentum,2,603087.SH,,0.99859548,0.00310955,-0.03748469,-0.0671962,-0.06736894
2025-06-10,quality_momentum,3,301283.SZ,,0.99719101,-0.00923137,-0.02770648,-0.05233986,-0.05908474
2025-06-10,quality_momentum,4,688212.SH,,0.99578649,-0.0063818,-0.02860401,-0.1051551,-0.0954282
2025-06-10,quality_momentum,5,002602.SZ,,0.99438202,0.04081634,0.04738805,0.1372018,0.15144061
2025-06-10,quality_momentum,6,603699.SH,,0.9929775,0.00108508,0.00108508,0.00198059,-0.01747498
2025-06-10,quality_momentum,7,300261.SZ,,0.99157304,-0.02598112,-0.03612053,-0.05132964,-0.08048047
2025-06-10,quality_momentum,8,002080.SZ,,0.99016851,-0.01207352,-0.05516152,-0.03960199,0.07170856
2025-06-10,quality_momentum,9,000007.SZ,,0.98876405,0.01790196,-0.02046437,-0.0291277,-0.03160294
2025-06-10,quality_momentum,10,002290.SZ,,0.98735952,-0.02204898,-0.14101118,-0.11313374,-0.1550879
2025-06-10,quality_momentum,11,601319.SH,,0.98595506,0.00169711,0.01728458,0.0304741,0.07723665
2025-06-10,quality_momentum,12,002107.SZ,,0.98455054,0.00141127,-0.01348945,-0.04991325,-0.04163508
2025-06-10,quality_momentum,13,002821.SZ,,0.98314607,-0.02608325,-0.03700819,-0.08972347,-0.09746635
2025-06-10,quality_momentum,14,600016.SH,,0.98174155,-0.0019,0.00232829,-0.00401414,0.00867083
2025-06-10,quality_momentum,15,603129.SH,,0.98033708,0.0210048,0.03762384,0.00186193,-0.00670949
2025-06-10,quality_momentum,16,000963.SZ,,0.97893256,-0.00852244,0.01705415,-0.04506052,-0.08274034
2025-06-10,quality_momentum,17,920547.BJ,,0.9775281,-0.03795854,-0.1090046,-0.1090046,-0.0897258
2025-06-10,quality_momentum,18,300753.SZ,,0.97612357,-0.00748034,-0.01603687,0.25070413,0.0821774
2025-06-10,quality_momentum,19,002838.SZ,,0.97471911,-0.02262536,-0.08428339,-0.0744389,-0.08739224
2025-06-10,quality_momentum,20,002956.SZ,,0.97331458,0.02539219,-0.02364836,-0.04795538,-0.04241167
2025-06-11,quality_momentum,1,920145.BJ,,1.0,-0.01918882,-0.0019,-0.07852085,-0.11467017
2025-06-11,quality_momentum,2,002311.SZ,,0.99860334,-0.01960636,-0.03487596,-0.05323209,-0.03000266
2025-06-11,quality_momentum,3,600279.SH,,0.99720669,-0.03182125,-0.04441967,-0.06804172,-0.09323855
2025-06-11,quality_momentum,4,000766.SZ,,0.99581003,0.00586533,0.18921304,0.14952365,0.09689202
2025-06-11,quality_momentum,5,002875.SZ,,0.99441344,0.00475852,-0.03640367,-0.0509315,-0.07574989
2025-06-11,quality_momentum,6,300640.SZ,,0.99301678,,,,
2025-06-11,quality_momentum,7,000963.SZ,,0.99162012,0.03511148,0.00614595,-0.04787705,-0.07592305
2025-06-11,quality_momentum,8,301052.SZ,,0.99022347,0.07483324,0.02450022,-0.00979542,-0.01473004
2025-06-11,quality_momentum,9,600415.SH,,0.98882681,-0.0002958,0.01467749,0.06441015,0.16975773
2025-06-11,quality_momentum,10,603444.SH,,0.98743016,0.03084724,0.07498636,0.03106699,0.02341133
2025-06-11,quality_momentum,11,601319.SH,,0.9860335,0.01721582,0.03872124,0.00885265,0.0829267
2025-06-11,quality_momentum,12,603818.SH,,0.98463684,,,,
2025-06-11,quality_momentum,13,000657.SZ,,0.98324025,-0.01104386,-0.00771879,-0.0019149,-0.02550347
2025-06-11,quality_momentum,14,000831.SZ,,0.98184359,-0.01885377,-0.01158784,-0.05329934,-0.06810022
2025-06-11,quality_momentum,15,603087.SH,,0.98044693,0.00342827,-0.02974463,-0.0660114,-0.07048028
2025-06-11,quality_momentum,16,600392.SH,,0.97905028,-0.00041852,0.02328516,-0.01671487,-0.04190003
2025-06-11,quality_momentum,17,600562.SH,,0.97765362,0.01453927,0.05861062,0.07120246,0.02783065
2025-06-11,quality_momentum,18,002107.SZ,,0.97625697,0.02120231,-0.02830265,-0.0728571,-0.04975479
2025-06-11,quality_momentum,19,600901.SH,,0.97486031,0.01104061,0.03123206,0.02954948,0.03123206
2025-06-11,quality_momentum,20,300866.SZ,,0.97346371,-0.01100715,-0.0483286,-0.01806072,-0.06047147
2025-06-12,quality_momentum,1,002857.SZ,,1.0,-0.05506452,0.03151647,-0.04143061,-0.03484505
2025-06-12,quality_momentum,2,000963.SZ,,0.99868768,-0.01276235,-0.07305942,-0.08902039,-0.11407026
2025-06-12,quality_momentum,3,600105.SH,,0.99737531,-0.01965144,0.00638404,-0.09775795,-0.08118991
2025-06-12,quality_momentum,4,301489.SZ,,0.99606299,-0.02960364,-0.04228723,-0.01241409,0.02530292
2025-06-12,quality_momentum,5,300502.SZ,,0.99475068,0.00304393,0.06852679,0.14803438,0.16649866
2025-06-12,quality_momentum,6,605288.SH,,0.9934383,0.01743216,-0.07378047,-0.11683843,-0.0779527
2025-06-12,quality_momentum,7,601825.SH,,0.99212599,-0.02677557,-0.01981046,-0.01782039,0.01208155
2025-06-12,quality_momentum,8,600389.SH,,0.99081367,-0.02754106,-0.04395131,-0.06190002,-0.06754108
2025-06-12,quality_momentum,9,603323.SH,,0.9895013,-0.01437768,0.03909822,0.04622835,0.0408808
2025-06-12,quality_momentum,10,688129.SH,,0.98818898,-0.05848242,-0.02830514,0.01884686,0.04418134
2025-06-12,quality_momentum,11,601069.SH,,0.98687667,,,,
2025-06-12,quality_momentum,12,002107.SZ,,0.98556429,-0.03899682,-0.07448066,-0.1115774,-0.08415811
2025-06-12,quality_momentum,13,603001.SH,,0.98425198,-0.04524369,-0.03905174,-0.07155941,-0.006544
2025-06-12,quality_momentum,14,002019.SZ,,0.98293966,0.0185082,-0.06788639,-0.10053944,-0.11822653
2025-06-12,quality_momentum,15,600415.SH,,0.98162729,0.02693079,0.06643959,0.037075,0.15399969
2025-06-12,quality_momentum,16,603699.SH,,0.98031497,-0.00397896,-0.00308797,-0.023284,-0.05260131
2025-06-12,quality_momentum,17,920145.BJ,,0.97900259,-0.0011003,-0.00509872,-0.08426703,-0.12265172
2025-06-12,quality_momentum,18,688166.SH,,0.97769028,0.02687072,-0.05612838,-0.00538732,-0.07812617
2025-06-12,quality_momentum,19,300591.SZ,,0.97637796,-0.01461859,0.01081859,-0.0734421,0.489356
2025-06-12,quality_momentum,20,301283.SZ,,0.97506559,-0.04785063,-0.07197465,-0.10758635,-0.10701198
2025-06-13,quality_momentum,1,300591.SZ,,1.0,0.02547521,0.00776183,-0.05826069,0.77909847
2025-06-13,quality_momentum,2,605499.SH,,0.99822694,0.00735922,0.00118638,-0.01733211,-0.02967784
2025-06-13,quality_momentum,3,600882.SH,,0.99645388,-0.01824616,-0.051259,-0.07786156,-0.05190004
2025-06-13,quality_momentum,4,600415.SH,,0.99468082,-0.01539248,0.03286911,-0.03303646,0.01781978
2025-06-13,quality_momentum,5,603087.SH,,0.99290782,0.0111754,-0.02661791,-0.04542497,-0.04112621
2025-06-13,quality_momentum,6,002773.SZ,,0.99113476,-0.02193232,-0.1036771,-0.11175464,-0.07459794
2025-06-13,quality_momentum,7,600760.SH,,0.9893617,-0.01082531,-0.00645372,-0.03286539,0.01085045
2025-06-13,quality_momentum,8,688177.SH,,0.98758864,0.00191674,-0.04388474,-0.06869389,-0.04770155
2025-06-13,quality_momentum,9,605009.SH,,0.98581558,-0.02232513,-0.09819006,-0.09944062,-0.17655609
2025-06-13,quality_momentum,10,603323.SH,,0.98404253,0.03059091,0.06488703,0.0540567,0.02156568
2025-06-13,quality_momentum,11,301489.SZ,,0.98226953,-0.01322856,0.00376424,-0.01648976,-0.01494498
2025-06-13,quality_momentum,12,300940.SZ,,0.98049647,0.00868707,0.23005378,0.15642525,0.18722408
2025-06-13,quality_momentum,13,600105.SH,,0.97872341,0.05111201,0.0101482,-0.10912892,-0.04647831
2025-06-13,quality_momentum,14,600684.SH,,0.97695035,-0.01693758,-0.04200027,-0.08711301,0.03820027
2025-06-13,quality_momentum,15,300866.SZ,,0.97517729,-0.03107916,-0.00026376,-0.06107644,0.02527933
2025-06-13,quality_momentum,16,000963.SZ,,0.97340423,-0.01915684,-0.07182382,-0.08146072,-0.09938997
2025-06-13,quality_momentum,17,600562.SH,,0.97163123,-0.00157008,0.01030721,-0.06161623,-0.04874917
2025-06-13,quality_momentum,18,688192.SH,,0.96985817,0.00200625,-0.0565875,-0.05174373,-0.07596253
2025-06-13,quality_momentum,19,605288.SH,,0.96808511,-0.04500341,-0.08465857,-0.16461278,-0.09686552
2025-06-13,quality_momentum,20,603167.SH,,0.96631205,0.00677052,0.05590346,0.05783018,0.04241595
2025-06-16,quality_momentum,1,600415.SH,,1.0,0.0507039,0.02177182,0.01493331,0.07384967
2025-06-16,quality_momentum,2,002019.SZ,,0.99811673,-0.05565605,-0.08873667,-0.08735826,-0.10389861
2025-06-16,quality_momentum,3,600105.SH,,0.99623352,-0.02707161,-0.12775808,-0.11517228,-0.04194575
2025-06-16,quality_momentum,4,688166.SH,,0.99435025,-0.04663405,0.00461639,-0.02280894,-0.05562168
2025-06-16,quality_momentum,5,600059.SH,,0.99246705,0.02718061,-0.04036158,-0.01690939,0.02155211
2025-06-16,quality_momentum,6,603699.SH,,0.99058378,0.01105181,-0.00943013,-0.03894822,-0.03448146
2025-06-16,quality_momentum,7,603129.SH,,0.98870057,0.00181413,0.00667101,0.00281411,0.04185985
2025-06-16,quality_momentum,8,002721.SZ,,0.9868173,-0.04445315,-0.09004589,-0.0930854,0.04977175
2025-06-16,quality_momentum,9,002602.SZ,,0.98493409,0.02984599,0.04968726,0.03976662,0.10821901
2025-06-16,quality_momentum,10,000525.SZ,,0.98305082,,,,
2025-06-16,quality_momentum,11,000600.SZ,,0.98116761,0.0254275,-0.01488711,-0.01488711,-0.04130015
2025-06-16,quality_momentum,12,300517.SZ,,0.97928435,-0.00652103,-0.04164121,-0.01853581,0.02582644
2025-06-16,quality_momentum,13,002389.SZ,,0.97740114,0.00453775,-0.02724172,-0.07672765,0.10056112
2025-06-16,quality_momentum,14,300203.SZ,,0.97551787,-0.01980392,-0.0599786,-0.05954191,-0.03508778
2025-06-16,quality_momentum,15,002773.SZ,,0.97363466,-0.08069987,-0.11136257,-0.07707314,-0.04575097
2025-06-16,quality_momentum,16,601107.SH,,0.97175139,0.00921105,0.0012746,-0.00031274,-0.04634444
2025-06-16,quality_momentum,17,000908.SZ,,0.96986818,0.04620992,0.01700035,-0.01392746,0.02043674
2025-06-16,quality_momentum,18,603683.SH,,0.96798491,-0.03483971,-0.06715792,-0.08331703,-0.0914318
2025-06-16,quality_momentum,19,002588.SZ,,0.96610171,-0.02955965,-0.05615536,-0.08168725,-0.06466599
2025-06-16,quality_momentum,20,002715.SZ,,0.96421844,-0.02469959,-0.08196363,-0.04749918,-0.01886711
2025-06-17,quality_momentum,1,600059.SH,,1.0,-0.0374515,-0.07026822,-0.03562837,-0.01921992
2025-06-17,quality_momentum,2,000600.SZ,,0.99784482,0.01027858,-0.04655494,-0.00866592,-0.04249542
2025-06-17,quality_momentum,3,600415.SH,,0.99568963,-0.00539821,-0.0688665,0.03608102,-0.03588295
2025-06-17,quality_momentum,4,688506.SH,,0.99353451,-0.00998658,-0.05100374,-0.04580757,-0.02898504
2025-06-17,quality_momentum,5,000929.SZ,,0.99137932,-0.02970868,-0.07309015,-0.03527044,-0.05418024
2025-06-17,quality_momentum,6,002602.SZ,,0.98922414,0.02213846,0.0192539,0.01060004,0.07598459
2025-06-17,quality_momentum,7,300850.SZ,,0.98706895,0.03614964,-0.06249753,-0.04755959,0.03389484
2025-06-17,quality_momentum,8,603323.SH,,0.98491377,0.01008636,-0.00018762,-0.01902331,-0.03100958
2025-06-17,quality_momentum,9,002383.SZ,,0.98275864,-0.00287373,-0.00092636,-0.01163713,0.08573384
2025-06-17,quality_momentum,10,002391.SZ,,0.98060346,-0.02933905,-0.13147314,-0.099461,-0.10403417
2025-06-17,quality_momentum,11,600326.SH,,0.97844827,-0.12286776,-0.06526407,-0.0019,-0.01802907
2025-06-17,quality_momentum,12,301528.SZ,,0.97629309,-0.01271564,-0.11431138,-0.09764471,-0.05846033
2025-06-17,quality_momentum,13,300700.SZ,,0.9741379,0.05906452,-0.0492157,0.03813645,0.01902816
2025-06-17,quality_momentum,14,688266.SH,,0.97198278,0.00270869,-0.02103041,-0.00581302,0.01201303
2025-06-17,quality_momentum,15,002624.SZ,,0.96982759,-0.00643074,-0.03426243,-0.02649547,-0.02520095
2025-06-17,quality_momentum,16,002019.SZ,,0.96767241,-0.00554164,-0.04778493,-0.03176157,-0.00554164
2025-06-17,quality_momentum,17,000029.SZ,,0.96551722,-0.0158096,-0.05803512,-0.02574501,-0.06598342
2025-06-17,quality_momentum,18,600808.SH,,0.9633621,-0.01326363,-0.01042272,-0.01326363,-0.02746816
2025-06-17,quality_momentum,19,603139.SH,,0.96120691,-0.00881561,-0.01573131,-0.03325087,-0.00927666
2025-06-17,quality_momentum,20,600105.SH,,0.95905173,-0.01598448,-0.13218167,-0.06880142,-0.01011598
2025-06-18,quality_momentum,1,301027.SZ,,1.0,-0.04400517,-0.03181684,0.02857098,0.00031612
2025-06-18,quality_momentum,2,002827.SZ,,0.99759036,-3.259e-05,0.03762686,0.07186278,0.024555
2025-06-18,quality_momentum,3,600760.SH,,0.99518073,-0.02477281,-0.05039043,-0.01727056,0.03323264
2025-06-18,quality_momentum,4,603336.SH,,0.99277109,-0.05453157,-0.04679163,-0.06536752,-0.02976379
2025-06-18,quality_momentum,5,002961.SZ,,0.99036145,-0.0788231,-0.10173636,0.125214,0.07829641
2025-06-18,quality_momentum,6,000525.SZ,,0.98795182,-0.07049213,-0.03318763,-0.10057637,-0.11020332
2025-06-18,quality_momentum,7,300511.SZ,,0.98554218,-0.01120853,-0.0019,-0.06971912,-0.11759148
2025-06-18,quality_momentum,8,600415.SH,,0.98313254,-0.0259722,-0.03249177,0.09689637,-0.06860017
2025-06-18,quality_momentum,9,688013.SH,,0.9807229,-0.03280912,-0.0175364,-0.02626364,0.04973639
2025-06-18,quality_momentum,10,600486.SH,,0.97831327,-0.00089738,-0.01643881,-0.04117139,-0.02295619
2025-06-18,quality_momentum,11,003017.SZ,,0.97590363,-0.03625671,-0.05891757,-0.07317199,-0.06768953
2025-06-18,quality_momentum,12,600059.SH,,0.97349399,-0.03309092,-0.00946139,0.00093558,0.01983911
2025-06-18,quality_momentum,13,002785.SZ,,0.97108436,-0.05406326,-0.03350481,-0.03473215,-0.12862602
2025-06-18,quality_momentum,14,300850.SZ,,0.96867472,-0.08226935,-0.09122936,-0.09503063,-0.04724353
2025-06-18,quality_momentum,15,920006.BJ,,0.96626508,-0.05135945,-0.10190008,-0.02892705,-0.02297388
2025-06-18,quality_momentum,16,600287.SH,,0.96385545,-0.01856665,0.02143331,0.02143331,0.09809999
2025-06-18,quality_momentum,17,605599.SH,,0.96144581,-0.01046791,0.03298367,-0.03984368,0.04828357
2025-06-18,quality_momentum,18,002294.SZ,,0.95903617,-0.02285316,-0.00867893,-0.0524341,-0.01669043
2025-06-18,quality_momentum,19,002383.SZ,,0.95662653,-0.02724115,-0.0019,-0.00677331,0.03318769
2025-06-18,quality_momentum,20,000558.SZ,,0.95421684,-0.02810085,-0.0543017,-0.03683446,-0.01281697
2025-06-19,quality_momentum,1,600415.SH,,1.0,-0.04249613,0.06541752,0.11063849,-0.04249613
2025-06-19,quality_momentum,2,688013.SH,,0.9968254,0.00297811,0.02886923,0.00297811,0.12005123
2025-06-19,quality_momentum,3,002624.SZ,,0.99365079,-0.02668799,-0.01886023,-0.03582047,-0.04169126
2025-06-19,quality_momentum,4,300180.SZ,,0.99047619,-0.0257095,0.05762381,0.11119534,0.07190962
2025-06-19,quality_momentum,5,603306.SH,,0.98730159,-0.03013926,-0.02946132,-0.01770982,-0.05567626
2025-06-19,quality_momentum,6,688386.SH,,0.98412699,-0.00823659,-0.00170196,0.03394158,0.03968419
2025-06-19,quality_momentum,7,300998.SZ,,0.98095238,-0.00054254,0.09900497,0.15285115,0.20307735
2025-06-19,quality_momentum,8,603444.SH,,0.97777778,-0.01667193,-0.01242627,-0.01790001,0.12666151
2025-06-19,quality_momentum,9,300511.SZ,,0.97460318,-0.04753754,-0.00995368,-0.05827579,-0.12002076
2025-06-19,quality_momentum,10,300700.SZ,,0.97142857,-0.04573558,0.04193566,0.03371647,0.10951555
2025-06-19,quality_momentum,11,002602.SZ,,0.96825397,-1.315e-05,-0.00850374,-0.03963585,0.0848925
2025-06-19,quality_momentum,12,002197.SZ,,0.96507937,-0.00809194,0.10026716,0.06466344,0.13122696
2025-06-19,quality_momentum,13,300199.SZ,,0.96190476,-0.01902542,-0.0092395,-0.0037349,0.11308465
2025-06-19,quality_momentum,14,600960.SH,,0.95873016,-0.08103673,-0.01149232,0.21872351,0.18994645
2025-06-19,quality_momentum,15,600287.SH,,0.95555556,-0.0019,0.02860845,0.04386271,0.04047288
2025-06-19,quality_momentum,16,300850.SZ,,0.95238096,-0.01784326,-0.00219525,-0.02522445,0.03736782
2025-06-19,quality_momentum,17,601857.SH,,0.94920635,0.00244777,-0.02685003,-0.02461369,-0.04585908
2025-06-19,quality_momentum,18,600760.SH,,0.94603175,-0.00564535,-0.01051429,0.01813743,0.06570298
2025-06-19,quality_momentum,19,002246.SZ,,0.94285715,0.03734525,-0.04340946,0.02074151,0.09321598
2025-06-19,quality_momentum,20,603336.SH,,0.93968254,-0.01987383,0.07816533,-0.02150788,0.02260979
2025-06-20,quality_momentum,1,300998.SZ,,1.0,0.05187319,0.15490075,0.11965442,0.21951886
2025-06-20,quality_momentum,2,603323.SH,,0.996732,-0.00873761,-0.01557523,-0.03266927,-0.01728468
2025-06-20,quality_momentum,3,002624.SZ,,0.99346405,-0.00992679,-0.00056226,-0.03935821,-0.01394016
2025-06-20,quality_momentum,4,600016.SH,,0.99019605,0.00228406,0.00437609,-0.0081762,0.0650456
2025-06-20,quality_momentum,5,003017.SZ,,0.98692811,-0.08700637,-0.10083619,-0.1068645,-0.10260921
2025-06-20,quality_momentum,6,688013.SH,,0.9836601,0.00892892,-3.296e-05,0.02386543,0.11759211
2025-06-20,quality_momentum,7,688129.SH,,0.98039216,0.00174962,0.04687317,-0.02133374,0.01827027
2025-06-20,quality_momentum,8,601089.SH,,0.97712415,-0.03845217,-0.09355308,-0.09737193,-0.05209099
2025-06-20,quality_momentum,9,001389.SZ,,0.97385621,-0.0004476,0.03277681,0.05764975,0.08016244
2025-06-20,quality_momentum,10,600415.SH,,0.97058821,0.03345086,0.17164044,0.05059061,0.04362757
2025-06-20,quality_momentum,11,688499.SH,,0.96732026,0.05118064,0.35007476,0.30236538,0.23601471
2025-06-20,quality_momentum,12,601069.SH,,0.96405226,-0.01090898,-0.00474493,-0.06780796,-0.06306637
2025-06-20,quality_momentum,13,688205.SH,,0.96078432,-0.06601426,-0.07087599,-0.05841773,-0.12070883
2025-06-20,quality_momentum,14,000668.SZ,,0.95751631,0.02037717,0.01418905,0.05008019,-0.01551385
2025-06-20,quality_momentum,15,301270.SZ,,0.95424837,-0.0303507,0.02966261,0.02921803,0.00943587
2025-06-20,quality_momentum,16,600884.SH,,0.95098037,0.04485027,0.1155458,0.10072253,0.04142944
2025-06-20,quality_momentum,17,603167.SH,,0.94771242,-0.04735448,-0.02735451,-0.01644542,0.03537276
2025-06-20,quality_momentum,18,603444.SH,,0.94444442,-0.00150824,-0.00503394,-0.01717829,0.18403976
2025-06-20,quality_momentum,19,002343.SZ,,0.94117647,0.01991396,0.00384055,-0.00304813,-0.09489655
2025-06-20,quality_momentum,20,002827.SZ,,0.93790847,0.00777349,0.04102622,-0.03454808,0.01956311
2025-06-23,quality_momentum,1,002624.SZ,,1.0,0.01428342,-0.00324863,0.02170085,-0.00729447
2025-06-23,quality_momentum,2,601916.SH,,0.99737531,-0.00468551,0.0319196,-0.01467502,0.08725082
2025-06-23,quality_momentum,3,300998.SZ,,0.99475068,0.04141042,0.09243961,0.07400044,0.11516686
2025-06-23,quality_momentum,4,603323.SH,,0.99212599,-0.01394825,0.00498469,-0.03460223,-0.00362122
2025-06-23,quality_momentum,5,301270.SZ,,0.9895013,0.05049074,0.05552392,0.08869707,0.01846146
2025-06-23,quality_momentum,6,600415.SH,,0.98687667,0.07259555,0.11812065,0.05604102,-0.0086253
2025-06-23,quality_momentum,7,002246.SZ,,0.98425198,-0.03317385,0.03166218,0.13311142,0.09192521
2025-06-23,quality_momentum,8,600846.SH,,0.98162729,0.01135753,0.00756965,0.07575148,0.03597879
2025-06-23,quality_momentum,9,002343.SZ,,0.97900259,0.03180789,0.009336,-0.01538313,-0.0996528
2025-06-23,quality_momentum,10,600884.SH,,0.97637796,0.04385164,0.05256623,0.02206507,0.01117188
2025-06-23,quality_momentum,11,600967.SH,,0.97375327,0.08887594,0.14597702,0.45344396,0.28946157
2025-06-23,quality_momentum,12,601998.SH,,0.97112858,-0.01111655,0.00386039,-0.02148522,0.03151017
2025-06-23,quality_momentum,13,688013.SH,,0.96850395,0.0128765,-0.01261291,0.0897144,0.13847687
2025-06-23,quality_momentum,14,002807.SZ,,0.96587926,-0.01598446,-0.00592412,-0.04616561,-0.01397235
2025-06-23,quality_momentum,15,688166.SH,,0.96325457,-0.0074856,-0.04892702,-0.03541347,-0.00568377
2025-06-23,quality_momentum,16,688668.SH,,0.96062994,3.921e-05,-0.02371641,0.00763457,-0.01466664
2025-06-23,quality_momentum,17,603444.SH,,0.95800525,0.00201603,-0.0035376,0.09454002,0.14327631
2025-06-23,quality_momentum,18,301489.SZ,,0.95538056,-0.04274696,0.02427544,-0.04374723,-0.06825538
2025-06-23,quality_momentum,19,600326.SH,,0.95275593,0.02410476,0.02883289,0.01110232,0.02055858
2025-06-23,quality_momentum,20,600844.SH,,0.95013124,-0.0019,-0.0019,-0.0075338,-0.0075338
2025-06-24,quality_momentum,1,603323.SH,,1.0,0.00332654,-0.01409509,-0.01409509,-0.00538432
2025-06-24,quality_momentum,2,300998.SZ,,0.99748743,0.05029896,0.01823973,0.08359116,0.0679726
2025-06-24,quality_momentum,3,001298.SZ,,0.99497485,,,,
2025-06-24,quality_momentum,4,601916.SH,,0.99246234,0.00927323,-0.01191741,0.01436528,0.08445251
2025-06-24,quality_momentum,5,002602.SZ,,0.98994976,-0.01519536,0.00949597,0.06267733,0.21937256
2025-06-24,quality_momentum,6,601825.SH,,0.98743719,-0.000906,-0.02741951,-0.00108215,0.0049957
2025-06-24,quality_momentum,7,688328.SH,,0.98492461,0.00039681,0.03071372,0.04679085,0.0647055
2025-06-24,quality_momentum,8,601336.SH,,0.98241204,0.03210898,-0.002587,0.00668816,0.03777713
2025-06-24,quality_momentum,9,601555.SH,,0.97989953,0.02549727,-0.00075849,0.01864789,0.0289219
2025-06-24,quality_momentum,10,688166.SH,,0.97738695,-0.00552384,-0.07781952,-0.01947566,0.02872149
2025-06-24,quality_momentum,11,601998.SH,,0.97487438,0.00740229,-0.02631861,-0.0019,0.03763493
2025-06-24,quality_momentum,12,000506.SZ,,0.9723618,0.00593871,0.06864872,0.06416945,0.17055239
2025-06-24,quality_momentum,13,002902.SZ,,0.96984923,-0.0148621,-0.01582218,2.035e-05,-0.04174637
2025-06-24,quality_momentum,14,002058.SZ,,0.96733665,0.08288603,-0.01933267,0.03851206,0.07337732
2025-06-24,quality_momentum,15,301093.SZ,,0.96482414,-0.01080206,-0.05264181,-0.05264181,-0.01614331
2025-06-24,quality_momentum,16,603978.SH,,0.96231157,-0.00019153,0.02714329,0.02600431,0.00208632
2025-06-24,quality_momentum,17,301027.SZ,,0.95979899,0.03662599,0.02545901,0.02657572,0.03048414
2025-06-24,quality_momentum,18,002383.SZ,,0.95728642,0.00203313,0.03939794,0.09642842,0.02759854
2025-06-24,quality_momentum,19,300950.SZ,,0.95477384,0.03607467,,,
2025-06-24,quality_momentum,20,002958.SZ,,0.95226133,0.00080269,-0.01541353,-0.00730545,0.04954219
2025-06-25,quality_momentum,1,301489.SZ,,1.0,-0.00546161,-0.07151308,-0.05289563,0.01817446
2025-06-25,quality_momentum,2,002800.SZ,,0.99759036,-0.0193216,-0.02001848,-0.0311683,-0.04440875
2025-06-25,quality_momentum,3,688328.SH,,0.99518073,0.03384701,0.02605599,0.03155546,0.05217875
2025-06-25,quality_momentum,4,002602.SZ,,0.99277109,-0.02018683,0.0750971,0.10493347,0.28780167
2025-06-25,quality_momentum,5,603616.SH,,0.99036145,0.02617778,0.00025977,-0.01701883,0.02185802
2025-06-25,quality_momentum,6,920284.BJ,,0.98795182,0.00571904,0.02984603,-0.02856667,-0.06380478
2025-06-25,quality_momentum,7,600919.SH,,0.98554218,0.02283213,-0.01756363,0.0096417,0.02129554
2025-06-25,quality_momentum,8,301027.SZ,,0.98313254,-0.02448065,0.00078813,-0.02931937,-0.01749145
2025-06-25,quality_momentum,9,301178.SZ,,0.9807229,-0.03480345,0.03633922,0.01321786,0.22108808
2025-06-25,quality_momentum,10,601319.SH,,0.97831327,-0.00850791,-0.04264886,-0.0448515,-0.06247269
2025-06-25,quality_momentum,11,002487.SZ,,0.97590363,0.01570797,0.08746882,0.12002695,0.10275121
2025-06-25,quality_momentum,12,601998.SH,,0.97349399,0.00386039,-0.02148522,-0.01918105,0.03507851
2025-06-25,quality_momentum,13,600287.SH,,0.97108436,0.00298603,0.02090136,0.07301858,0.00950068
2025-06-25,quality_momentum,14,000070.SZ,,0.96867472,0.02480231,0.05016947,0.08221217,0.03281298
2025-06-25,quality_momentum,15,601916.SH,,0.96626508,0.02335198,-0.02285649,0.02046401,0.09555287
2025-06-25,quality_momentum,16,603323.SH,,0.96385545,0.01196483,-0.02789652,-0.01056557,0.00329927
2025-06-25,quality_momentum,17,002058.SZ,,0.96144581,-0.06764139,-0.07056323,-0.04280573,-0.02819654
2025-06-25,quality_momentum,18,300533.SZ,,0.95903617,-0.02444219,0.03535742,0.0406799,0.23667236
2025-06-25,quality_momentum,19,601601.SH,,0.95662653,-0.01188949,-0.01583276,-0.02371918,-0.02661086
2025-06-25,quality_momentum,20,002343.SZ,,0.95421684,0.02549723,0.00038305,-0.08637485,-0.05441142
2025-06-26,quality_momentum,1,301027.SZ,,1.0,0.01020117,0.01130131,-0.02225208,0.00855107
2025-06-26,quality_momentum,2,301026.SZ,,0.99806952,-0.07135898,-0.08741488,-0.09439568,-0.12022459
2025-06-26,quality_momentum,3,601916.SH,,0.99613899,-0.04697036,-0.02161827,0.01218453,0.06852258
2025-06-26,quality_momentum,4,002383.SZ,,0.99420851,-0.02406064,0.02949429,-0.0083635,-0.09238934
2025-06-26,quality_momentum,5,600326.SH,,0.99227798,-0.03515687,-0.02254224,-0.0374505,0.0072743
2025-06-26,quality_momentum,6,002602.SZ,,0.9903475,0.04221764,0.09711958,0.1275118,0.19613925
2025-06-26,quality_momentum,7,688510.SH,,0.98841697,0.06952859,0.07644101,0.06261616,0.07321526
2025-06-26,quality_momentum,8,600016.SH,,0.98648649,-0.0285394,-0.01009675,0.01449339,0.1415426
2025-06-26,quality_momentum,9,600919.SH,,0.98455596,-0.04292976,-0.02523066,-0.01235858,0.00069275
2025-06-26,quality_momentum,10,605123.SH,,0.98262548,0.02978064,0.09925075,0.15877632,0.08476012
2025-06-26,quality_momentum,11,605303.SH,,0.98069501,0.00046218,0.00833623,0.01935988,0.04849373
2025-06-26,quality_momentum,12,001268.SZ,,0.97876447,-0.02173669,-0.02951571,-0.01006805,0.07627969
2025-06-26,quality_momentum,13,688379.SH,,0.976834,-0.02090165,0.00292133,-0.01069187,-0.02912628
2025-06-26,quality_momentum,14,301489.SZ,,0.97490346,-0.06770019,-0.02708276,-0.06607552,0.00654844
2025-06-26,quality_momentum,15,300663.SZ,,0.97297299,-0.01242636,-0.05904292,-0.04400527,0.00712248
2025-06-26,quality_momentum,16,002800.SZ,,0.97104245,-0.00828299,0.01299362,-0.02814119,-0.03097807
2025-06-26,quality_momentum,17,603616.SH,,0.96911198,,,,
2025-06-26,quality_momentum,18,688199.SH,,0.96718144,0.00215227,0.11246295,0.21376868,0.13992805
2025-06-26,quality_momentum,19,301326.SZ,,0.96525097,0.02165521,0.09533372,0.08697984,0.0057692
2025-06-26,quality_momentum,20,605189.SH,,0.96332043,0.00560002,0.08560004,0.07810002,0.04060002
2025-06-27,quality_momentum,1,301026.SZ,,1.0,0.0082275,0.02585688,-0.05966448,-0.00790156
2025-06-27,quality_momentum,2,300386.SZ,,0.99851412,-0.00816685,-0.06053921,-0.01980514,-0.0663584
2025-06-27,quality_momentum,3,301331.SZ,,0.99702823,-0.00031015,0.02512706,0.06455466,0.16821134
2025-06-27,quality_momentum,4,688328.SH,,0.99554235,-0.00412418,0.00121384,0.00699681,-0.01702457
2025-06-27,quality_momentum,5,300180.SZ,,0.99405646,0.0162624,-0.06707091,-0.0211307,0.06327101
2025-06-27,quality_momentum,6,605303.SH,,0.99257058,0.00752662,-0.00111444,0.02716527,0.05858708
2025-06-27,quality_momentum,7,600415.SH,,0.99108469,0.03881251,-0.05482625,-0.00851578,-0.05482625
2025-06-27,quality_momentum,8,600016.SH,,0.98959881,-0.0019,0.04231053,0.07178426,0.14133048
2025-06-27,quality_momentum,9,688510.SH,,0.98811293,0.03121829,-0.02082476,-0.03071717,-0.00534081
2025-06-27,quality_momentum,10,601336.SH,,0.98662704,0.00205319,0.00153757,0.02938219,0.05516425
2025-06-27,quality_momentum,11,000070.SZ,,0.98514116,-0.01319231,0.01692059,0.01441124,-0.03703171
2025-06-27,quality_momentum,12,600919.SH,,0.98365527,-0.00022221,0.0274624,0.05430804,0.01371771
2025-06-27,quality_momentum,13,000408.SZ,,0.98216939,-0.02947527,0.00858313,-0.03312154,-0.03084259
2025-06-27,quality_momentum,14,601916.SH,,0.98068351,-0.0019,0.04234779,0.09249521,0.08364571
2025-06-27,quality_momentum,15,301027.SZ,,0.97919762,0.01168696,-0.0187478,-0.03668258,-0.00570433
2025-06-27,quality_momentum,16,688800.SH,,0.97771174,-0.0074328,-0.08284262,-0.08079348,-0.04308857
2025-06-27,quality_momentum,17,002343.SZ,,0.97622585,0.00729539,-0.08006084,-0.09385399,-0.06856666
2025-06-27,quality_momentum,18,603083.SH,,0.97473997,-0.00611055,-0.04905791,-0.09474213,0.0082052
2025-06-27,quality_momentum,19,600326.SH,,0.97325408,0.01470728,0.00877617,-0.0054588,0.09181292
2025-06-27,quality_momentum,20,603918.SH,,0.9717682,-0.01660585,-0.03768429,0.02064907,0.01378626
2025-06-30,quality_momentum,1,600415.SH,,1.0,-0.05666772,-0.08894159,-0.0630247,-0.09236463
2025-06-30,quality_momentum,2,600760.SH,,0.99888515,-0.02202279,-0.02969668,0.01583538,-0.02117011
2025-06-30,quality_momentum,3,600326.SH,,0.99777037,-0.00540055,-0.02056976,0.00743488,0.06811171
2025-06-30,quality_momentum,4,000070.SZ,,0.99665552,0.03363296,0.00698321,,-0.02093554
2025-06-30,quality_momentum,5,688682.SH,,0.99554068,-0.00956037,-0.01243305,-0.05137338,-0.05839541
2025-06-30,quality_momentum,6,688297.SH,,0.99442589,-0.01690475,-0.03779745,-0.05261225,-0.00379931
2025-06-30,quality_momentum,7,603444.SH,,0.99331105,0.0385884,0.04241971,0.04254956,0.01436683
2025-06-30,quality_momentum,8,002080.SZ,,0.9921962,,,,
2025-06-30,quality_momentum,9,002827.SZ,,0.99108136,0.01031382,-0.00861754,0.08390156,0.18893975
2025-06-30,quality_momentum,10,002555.SZ,,0.98996657,0.02470496,0.00504038,0.05940711,-0.02850496
2025-06-30,quality_momentum,11,301331.SZ,,0.98885173,0.03619521,0.03619521,0.02159204,0.17270319
2025-06-30,quality_momentum,12,688156.SH,,0.98773688,-0.026146,-0.01431863,-0.02851152,0.08917043
2025-06-30,quality_momentum,13,605189.SH,,0.9866221,0.04882467,0.04157828,0.01259279,0.07378435
2025-06-30,quality_momentum,14,603716.SH,,0.98550725,,,,
2025-06-30,quality_momentum,15,603194.SH,,0.9843924,0.0003134,-0.05944757,-0.07781852,-0.10792041
2025-06-30,quality_momentum,16,300947.SZ,,0.98327762,0.02709755,0.00224252,0.03289702,0.07266509
2025-06-30,quality_momentum,17,300003.SZ,,0.98216277,0.06854295,0.15859381,0.11138973,0.07362651
2025-06-30,quality_momentum,18,600360.SH,,0.98104793,-0.01333583,0.03876068,0.07815078,0.08298758
2025-06-30,quality_momentum,19,600846.SH,,0.97993308,-0.03177694,-0.04495802,-0.03880682,-0.04847296
2025-06-30,quality_momentum,20,002389.SZ,,0.9788183,-0.01087732,-0.04015133,-0.04717712,-0.05108026
2025-07-01,quality_momentum,1,605196.SH,,1.0,-0.00789126,-0.02967772,0.0040751,-0.00466775
2025-07-01,quality_momentum,2,600562.SH,,0.9988839,-0.05012336,-0.04027135,-0.02910817,-0.08683775
2025-07-01,quality_momentum,3,002246.SZ,,0.99776787,-0.03328969,-0.07132585,-0.04443825,-0.04968458
2025-07-01,quality_momentum,4,600760.SH,,0.99665177,-0.01738901,0.0177659,0.04369698,0.00923824
2025-07-01,quality_momentum,5,301270.SZ,,0.99553573,-0.0321083,-0.05398334,-0.04752496,-0.00648334
2025-07-01,quality_momentum,6,300008.SZ,,0.99441963,-0.04268948,-0.10058422,-0.07558424,-0.07032107
2025-07-01,quality_momentum,7,300264.SZ,,0.9933036,0.001225,-0.01752499,-0.00033754,-0.005025
2025-07-01,quality_momentum,8,603799.SH,,0.9921875,0.01846506,-0.0071896,0.0271929,-0.02279392
2025-07-01,quality_momentum,9,688093.SH,,0.9910714,0.01416688,-0.0096121,0.01352419,-0.01700279
2025-07-01,quality_momentum,10,603444.SH,,0.98995537,-0.00333545,0.03723124,0.02883702,-0.02118481
2025-07-01,quality_momentum,11,605303.SH,,0.98883927,-0.00891482,0.01914446,0.01914446,0.08305715
2025-07-01,quality_momentum,12,003043.SZ,,0.98772323,-0.0228148,-0.01546012,-0.01546012,-0.04441903
2025-07-01,quality_momentum,13,002555.SZ,,0.98660713,-0.01880141,0.03753663,0.03133941,-0.05429437
2025-07-01,quality_momentum,14,300265.SZ,,0.9854911,-0.05793866,-0.07350471,-0.02402911,0.00701438
2025-07-01,quality_momentum,15,000908.SZ,,0.984375,-0.02825905,-0.03320139,-0.01507953,-0.00848971
2025-07-01,quality_momentum,16,603099.SH,,0.9832589,0.01661852,-0.01038762,-0.00910169,-0.06671482
2025-07-01,quality_momentum,17,603129.SH,,0.98214287,-0.01493571,0.05167141,0.03439465,0.07042145
2025-07-01,quality_momentum,18,300180.SZ,,0.98102677,-0.01319948,0.03538813,0.10544461,0.06024681
2025-07-01,quality_momentum,19,300850.SZ,,0.97991073,-0.04516536,-0.04135582,0.01986868,-0.00217211
2025-07-01,quality_momentum,20,002383.SZ,,0.97879463,-0.05113905,-0.08157774,-0.06456784,-0.13708354
2025-07-02,quality_momentum,1,300008.SZ,,1.0,-0.02933488,-0.04853926,-0.05128271,-0.03893703
2025-07-02,quality_momentum,2,002517.SZ,,0.99882627,-0.01492082,-0.01335828,0.04914174,-0.01387909
2025-07-02,quality_momentum,3,000908.SZ,,0.99765259,-0.01712848,-0.00359209,-0.00528417,0.00317614
2025-07-02,quality_momentum,4,300901.SZ,,0.99647886,0.01019418,0.03565565,0.04329415,0.04202104
2025-07-02,quality_momentum,5,301270.SZ,,0.99530518,0.00540396,-0.04379045,0.02688622,0.02044155
2025-07-02,quality_momentum,6,002539.SZ,,0.99413145,0.01240037,0.01240037,0.02772215,0.01852908
2025-07-02,quality_momentum,7,605118.SH,,0.99295777,0.01997505,0.04224064,0.06060004,0.05083439
2025-07-02,quality_momentum,8,600760.SH,,0.99178404,0.00587801,0.05307617,0.03822728,0.02001975
2025-07-02,quality_momentum,9,002246.SZ,,0.9906103,-0.02085734,-0.03236718,-0.03101307,-0.00596229
2025-07-02,quality_momentum,10,605167.SH,,0.98943663,-0.00360217,-0.0189213,-0.04104895,-0.05296382
2025-07-02,quality_momentum,11,688019.SH,,0.98826289,-0.0038483,-0.01151159,-0.04112585,-0.04716562
2025-07-02,quality_momentum,12,600794.SH,,0.98708922,0.005867,-0.01549229,0.0078087,-0.08345337
2025-07-02,quality_momentum,13,688115.SH,,0.98591548,0.05269264,-0.01365529,-0.04792509,0.04631686
2025-07-02,quality_momentum,14,300180.SZ,,0.98474181,0.0289572,0.09181425,0.1192429,0.07238567
2025-07-02,quality_momentum,15,300587.SZ,,0.98356807,0.06395436,0.06254825,0.02177019,0.00770873
2025-07-02,quality_momentum,16,002205.SZ,,0.98239434,0.01022116,0.05957186,0.032732,-0.03393462
2025-07-02,quality_momentum,17,603444.SH,,0.98122066,0.00322502,0.00335,0.03247493,-0.02721254
2025-07-02,quality_momentum,18,603167.SH,,0.98004693,0.01952857,0.01595717,-0.01172146,-0.00993571
2025-07-02,quality_momentum,19,300890.SZ,,0.97887325,-0.02925561,-0.06177841,-0.07819179,-0.09612491
2025-07-02,quality_momentum,20,002742.SZ,,0.97769952,-0.00798513,0.04678155,0.02244083,0.03866798
2025-07-03,quality_momentum,1,603988.SH,,1.0,-0.02737278,-0.02930251,-0.06133647,-0.065196
2025-07-03,quality_momentum,2,600287.SH,,0.99905121,0.00297801,0.04688044,0.02249026,-0.04580243
2025-07-03,quality_momentum,3,001389.SZ,,0.99810249,-0.02002193,0.0962878,0.0387919,0.10353657
2025-07-03,quality_momentum,4,603129.SH,,0.9971537,0.01054101,-0.00606128,-0.00661895,-0.0094504
2025-07-03,quality_momentum,5,000070.SZ,,0.99620491,0.016968,-0.0019,-0.03460437,-0.03963581
2025-07-03,quality_momentum,6,605118.SH,,0.99525619,-0.01642599,0.03173913,0.01109692,0.10666266
2025-07-03,quality_momentum,7,300637.SZ,,0.9943074,-0.0366896,-0.02131747,-0.05772525,-0.07795177
2025-07-03,quality_momentum,8,300003.SZ,,0.99335861,-0.01879611,-0.02192505,-0.05884615,-0.06134928
2025-07-03,quality_momentum,9,301063.SZ,,0.99240988,-0.03399633,-0.04904144,-0.07013211,-0.0607203
2025-07-03,quality_momentum,10,300138.SZ,,0.9914611,0.03976664,0.06522963,0.05365549,0.02433454
2025-07-03,quality_momentum,11,301389.SZ,,0.99051231,,,,
2025-07-03,quality_momentum,12,301155.SZ,,0.98956358,-0.02556533,0.0405004,-0.03331287,-0.07331846
2025-07-03,quality_momentum,13,600760.SH,,0.9886148,0.02581443,0.05195018,0.02213086,0.11842975
2025-07-03,quality_momentum,14,300008.SZ,,0.98766601,-0.03575047,-0.00895218,-0.02869829,-0.00754169
2025-07-03,quality_momentum,15,603373.SH,,0.98671728,0.02445135,-0.05032341,-0.03568379,0.0508027
2025-07-03,quality_momentum,16,603186.SH,,0.9857685,-0.02007028,0.01180732,-0.02389556,0.02806493
2025-07-03,quality_momentum,17,301270.SZ,,0.98481971,-0.03154387,-0.0249326,0.01750715,0.00215202
2025-07-03,quality_momentum,18,600884.SH,,0.98387098,-0.01697,0.04223346,0.01317,0.02608711
2025-07-03,quality_momentum,19,688518.SH,,0.9829222,-0.02537418,-0.05542118,-0.05964648,-0.04180617
2025-07-03,quality_momentum,20,601908.SH,,0.98197341,-0.08523332,-0.0130111,0.1703222,0.04532225
2025-07-04,quality_momentum,1,002866.SZ,,1.0,-0.02149798,-0.0019,-0.042101,-0.0772769
2025-07-04,quality_momentum,2,001389.SZ,,0.99920636,-0.00877917,0.11554961,0.02796577,0.16907315
2025-07-04,quality_momentum,3,600016.SH,,0.99841267,0.03143331,0.03143331,0.06287344,0.0767531
2025-07-04,quality_momentum,4,600760.SH,,0.99761903,0.01670386,0.00236692,-0.0065083,0.09811705
2025-07-04,quality_momentum,5,002309.SZ,,0.9968254,,0.00643339,-0.05189995,-0.09078888
2025-07-04,quality_momentum,6,300035.SZ,,0.99603176,0.01043041,0.0116635,0.02337742,0.04064006
2025-07-04,quality_momentum,7,601336.SH,,0.99523807,0.00476666,-0.01706668,0.02310001,0.02493336
2025-07-04,quality_momentum,8,603918.SH,,0.99444443,-0.05031803,-0.0623027,-0.00861147,0.06761097
2025-07-04,quality_momentum,9,300172.SZ,,0.99365079,0.00151298,-0.02579081,-0.03944267,-0.04968154
2025-07-04,quality_momentum,10,000823.SZ,,0.99285716,-0.01190003,0.07226666,0.02893334,0.02810002
2025-07-04,quality_momentum,11,002517.SZ,,0.99206346,-0.01797046,0.04423796,0.02453862,-0.05374027
2025-07-04,quality_momentum,12,688093.SH,,0.99126983,-0.01420567,0.00878653,-0.01550103,-0.03039736
2025-07-04,quality_momentum,13,603186.SH,,0.99047619,0.00426885,0.0500481,-0.00254929,-0.00352336
2025-07-04,quality_momentum,14,000408.SZ,,0.98968256,-0.00636952,-0.03012868,0.0004524,0.0390315
2025-07-04,quality_momentum,15,002487.SZ,,0.98888886,-0.00614757,0.00689854,-0.02435145,-0.0173733
2025-07-04,quality_momentum,16,300516.SZ,,0.98809522,0.03307403,0.0120896,-0.01200368,-0.02495704
2025-07-04,quality_momentum,17,605580.SH,,0.98730159,0.03667567,0.01961337,0.07376769,0.07747687
2025-07-04,quality_momentum,18,600601.SH,,0.98650795,0.00719094,0.0290091,-8.178e-05,0.00173636
2025-07-04,quality_momentum,19,603993.SH,,0.98571426,0.00521745,-0.05053582,-0.03748723,-0.02206604
2025-07-04,quality_momentum,20,601916.SH,,0.98492062,0.00618627,0.0223588,-0.0099862,-0.03154958
2025-07-07,quality_momentum,1,600016.SH,,1.0,-0.00379752,0.05692354,0.02852593,0.03428243
2025-07-07,quality_momentum,2,300827.SZ,,0.99909663,0.06139669,0.09831976,0.0860121,0.04205609
2025-07-07,quality_momentum,3,002379.SZ,,0.99819332,0.00119604,0.0120319,0.0259638,0.11652109
2025-07-07,quality_momentum,4,603936.SH,,0.99728996,,,,
2025-07-07,quality_momentum,5,002742.SZ,,0.99638665,-0.01350539,-0.02511079,-0.01543967,-0.02124232
2025-07-07,quality_momentum,6,300199.SZ,,0.99548328,-0.05189993,-0.03009142,-0.00721907,-0.00721907
2025-07-07,quality_momentum,7,301439.SZ,,0.99457997,-0.00306147,0.01029519,-0.01409508,-0.0251288
2025-07-07,quality_momentum,8,002658.SZ,,0.9936766,0.00048664,-0.02337968,-0.02218636,-0.03292626
2025-07-07,quality_momentum,9,601916.SH,,0.99277323,-0.0072476,0.01414281,0.0007738,-0.05270216
2025-07-07,quality_momentum,10,601187.SH,,0.99186993,0.01329339,0.04368012,0.0630171,0.03815522
2025-07-07,quality_momentum,11,300265.SZ,,0.99096656,-0.00388019,0.02285247,-0.0019,0.03968418
2025-07-07,quality_momentum,12,603993.SH,,0.99006325,0.01812352,-0.04665859,-0.03959144,0.01459001
2025-07-07,quality_momentum,13,601336.SH,,0.98915988,0.00025235,-0.01531056,0.0259146,0.02508679
2025-07-07,quality_momentum,14,600601.SH,,0.98825657,0.034136,0.0017036,-0.01991809,-0.01991809
2025-07-07,quality_momentum,15,301200.SZ,,0.98735321,0.05568921,0.01751959,-0.01172148,0.11417135
2025-07-07,quality_momentum,16,002402.SZ,,0.98644984,-7.769e-05,0.00265577,-0.00827817,0.04593598
2025-07-07,quality_momentum,17,300901.SZ,,0.98554653,0.00178107,0.04165834,0.02877485,0.02632092
2025-07-07,quality_momentum,18,301331.SZ,,0.98464316,0.06509751,0.14574272,0.14574272,0.11410497
2025-07-07,quality_momentum,19,002093.SZ,,0.98373985,0.00401717,-0.03666334,-0.05663371,-0.05583394
2025-07-07,quality_momentum,20,000530.SZ,,0.98283648,0.013973,-0.03801504,-0.02783824,-0.0496456
2025-07-08,quality_momentum,1,600000.SH,,1.0,-0.00401267,-0.03359009,-0.0194626,-0.04413235
2025-07-08,quality_momentum,2,301251.SZ,,0.99921137,-0.01919321,-0.04500777,-0.01342878,0.05674665
2025-07-08,quality_momentum,3,603799.SH,,0.99842274,-0.01603517,-0.01449315,-0.05047367,0.01788923
2025-07-08,quality_momentum,4,603236.SH,,0.99763405,-0.00178375,-0.05271986,-0.03864845,-0.06807047
2025-07-08,quality_momentum,5,002130.SZ,,0.99684542,0.02704021,-0.04139935,-0.0265382,-0.053523
2025-07-08,quality_momentum,6,300739.SZ,,0.9960568,-0.01197556,-0.06802094,-0.00127026,-0.02645922
2025-07-08,quality_momentum,7,603328.SH,,0.99526817,0.00192403,-0.0177681,-0.0187424,-0.02653756
2025-07-08,quality_momentum,8,002837.SZ,,0.99447948,-0.0106463,-0.00870267,0.09690146,0.01235338
2025-07-08,quality_momentum,9,603118.SH,,0.99369085,0.00245541,0.02336126,-0.02890354,-0.0585202
2025-07-08,quality_momentum,10,000590.SZ,,0.99290222,0.08233916,0.25081738,,0.06965797
2025-07-08,quality_momentum,11,300747.SZ,,0.99211359,-0.03202052,-0.05573545,-0.06739167,0.01460388
2025-07-08,quality_momentum,12,601916.SH,,0.9913249,0.01960541,-0.01265264,-0.02340534,-0.06910428
2025-07-08,quality_momentum,13,301041.SZ,,0.99053627,0.0091416,-0.05673985,-0.02361511,-0.05232325
2025-07-08,quality_momentum,14,688237.SH,,0.98974764,-0.00823334,-0.00989998,-0.03523334,0.04343334
2025-07-08,quality_momentum,15,601908.SH,,0.98895901,-0.01313594,0.30147077,0.15821241,0.11045958
2025-07-08,quality_momentum,16,002436.SZ,,0.98817033,-0.02320784,-0.00851281,0.02014264,0.06275832
2025-07-08,quality_momentum,17,601336.SH,,0.9873817,-0.0256899,0.01412509,0.02321146,0.02238544
2025-07-08,quality_momentum,18,600760.SH,,0.98659307,-0.02253915,-0.03119427,-0.03485604,0.08115595
2025-07-08,quality_momentum,19,002827.SZ,,0.98580444,-0.01452273,0.07523887,0.14480409,0.4390537
2025-07-08,quality_momentum,20,002484.SZ,,0.98501575,-0.00962018,-0.04595086,-0.0141615,0.00445787
2025-07-09,quality_momentum,1,300739.SZ,,1.0,-0.0368873,-0.04642926,0.00318906,-0.02607304
2025-07-09,quality_momentum,2,001389.SZ,,0.99914455,-0.05340147,-0.05760567,-0.09529336,-0.00625429
2025-07-09,quality_momentum,3,300283.SZ,,0.99828911,0.0251655,-0.00902251,-0.01329605,0.09354159
2025-07-09,quality_momentum,4,301251.SZ,,0.99743372,-0.01618211,-0.00368527,0.00167048,0.07282583
2025-07-09,quality_momentum,5,688579.SH,,0.99657828,-0.01371433,0.00738275,-0.00105608,0.0234165
2025-07-09,quality_momentum,6,603118.SH,,0.99572283,-0.00016544,-0.00883848,-0.03832671,-0.06000931
2025-07-09,quality_momentum,7,300850.SZ,,0.99486738,-0.01485541,-0.00810775,-0.04103624,-0.03293904
2025-07-09,quality_momentum,8,300913.SZ,,0.994012,-0.02542939,-0.04616717,-0.06211933,-0.04497082
2025-07-09,quality_momentum,9,600000.SH,,0.99315655,-0.0019,-0.00331143,-0.02174531,-0.02974359
2025-07-09,quality_momentum,10,688020.SH,,0.99230111,-0.03100453,-0.03672591,-0.06209905,-0.05389005
2025-07-09,quality_momentum,11,601916.SH,,0.99144566,-0.0019,-0.01505792,-0.04926843,-0.07821578
2025-07-09,quality_momentum,12,688636.SH,,0.99059027,-0.03082566,-0.0432223,-0.00219513,0.0311578
2025-07-09,quality_momentum,13,300663.SZ,,0.98973483,-0.03966295,-0.05543732,-0.03727284,-0.07599174
2025-07-09,quality_momentum,14,301577.SZ,,0.98887938,-0.00776702,-0.02406429,-0.02732375,-0.04671747
2025-07-09,quality_momentum,15,002487.SZ,,0.98802394,-0.01423082,-0.01603533,-0.03768952,-0.05002035
2025-07-09,quality_momentum,16,300542.SZ,,0.98716849,-0.02779392,-0.04793374,-0.05245485,-0.11040799
2025-07-09,quality_momentum,17,300465.SZ,,0.9863131,-0.02024316,-0.04391178,-0.04450351,-0.07941476
2025-07-09,quality_momentum,18,300674.SZ,,0.98545766,-0.01190001,0.02741037,0.02465174,-0.05638273
2025-07-09,quality_momentum,19,600360.SH,,0.98460221,0.03413604,-0.04040619,-0.02683216,-0.08565295
2025-07-09,quality_momentum,20,002649.SZ,,0.98374677,-0.01419774,-0.02584823,-0.03361517,-0.05626889
2025-07-10,quality_momentum,1,002414.SZ,,1.0,0.0365616,-0.02689993,-0.02593846,0.02694617
2025-07-10,quality_momentum,2,600000.SH,,0.99915397,-0.03154005,-0.01738264,-0.02247245,-0.05446557
2025-07-10,quality_momentum,3,600711.SH,,0.99830794,0.04434272,0.03567221,0.0385624,0.15705949
2025-07-10,quality_momentum,4,300570.SZ,,0.99746192,-0.04120606,0.04201296,0.03917036,0.01554756
2025-07-10,quality_momentum,5,002048.SZ,,0.99661589,0.00084881,0.04147014,0.07472715,0.0888191
2025-07-10,quality_momentum,6,601916.SH,,0.99576986,-0.03347893,-0.04400526,-0.0545316,-0.0913737
2025-07-10,quality_momentum,7,600446.SH,,0.99492383,,,,
2025-07-10,quality_momentum,8,603118.SH,,0.99407786,0.0171476,-0.03480045,0.00156319,-0.05817705
2025-07-10,quality_momentum,9,000555.SZ,,0.99323183,-0.02944821,-0.04115623,-0.05148677,-0.09969616
2025-07-10,quality_momentum,10,300542.SZ,,0.9923858,0.01118015,-0.03903084,-0.02721647,-0.0394528
2025-07-10,quality_momentum,11,002827.SZ,,0.99153978,0.03397811,0.10087856,0.07686986,0.50875552
2025-07-10,quality_momentum,12,300291.SZ,,0.99069375,-0.01510131,-0.04315413,0.01295151,0.04100433
2025-07-10,quality_momentum,13,300674.SZ,,0.98984772,0.07786321,0.03397603,0.03606589,-0.04404556
2025-07-10,quality_momentum,14,300274.SZ,,0.98900169,-0.00452779,-0.0230536,-0.02962307,0.0005964
2025-07-10,quality_momentum,15,300541.SZ,,0.98815566,0.03262524,0.04310611,0.01597911,-0.0154635
2025-07-10,quality_momentum,16,601997.SH,,0.98730963,-0.02469205,-0.0204185,-0.04605955,-0.07027607
2025-07-10,quality_momentum,17,301439.SZ,,0.98646361,-0.03632351,-0.04263437,-0.04492933,-0.06787827
2025-07-10,quality_momentum,18,600983.SH,,0.98561758,-0.04169239,-0.06764392,-0.06504878,-0.05553316
2025-07-10,quality_momentum,19,688237.SH,,0.98477155,0.00520661,-0.02051253,0.03600189,0.10537575
2025-07-10,quality_momentum,20,300901.SZ,,0.98392552,0.02102765,-0.02600346,-0.02071245,-0.03011867
2025-07-11,quality_momentum,1,601916.SH,,1.0,0.0171217,-0.01820437,-0.02363917,-0.06711743
2025-07-11,quality_momentum,2,002414.SZ,,0.99933553,-0.01115929,-0.07134444,-0.02319634,-0.01393705
2025-07-11,quality_momentum,3,603918.SH,,0.99867111,-0.013483,0.03188382,0.07483746,0.03091855
2025-07-11,quality_momentum,4,600016.SH,,0.99800664,-0.0019,-0.00748662,0.01113533,-0.06149038
2025-07-11,quality_momentum,5,300674.SZ,,0.99734217,-0.0389968,-0.04157744,-0.07480328,-0.13157744
2025-07-11,quality_momentum,6,603296.SH,,0.99667776,0.04286888,0.0759589,0.05868392,-0.02866398
2025-07-11,quality_momentum,7,301380.SZ,,0.99601328,-0.03553526,-0.04252102,-0.04821305,-0.02984313
2025-07-11,quality_momentum,8,601997.SH,,0.99534881,0.02579679,-0.01793497,-0.02376588,-0.05292035
2025-07-11,quality_momentum,9,301555.SZ,,0.9946844,0.06743423,0.06743423,0.04673745,-0.00258991
2025-07-11,quality_momentum,10,600570.SH,,0.99401993,-0.02259369,-0.02900575,-0.0255083,-0.01443278
2025-07-11,quality_momentum,11,601162.SH,,0.99335545,-0.03166192,-0.04753493,-0.04753493,-0.02174125
2025-07-11,quality_momentum,12,301165.SZ,,0.99269104,-0.08221249,0.0016938,-0.02377496,-0.05143121
2025-07-11,quality_momentum,13,300541.SZ,,0.99202657,-0.02275816,0.00048378,-0.04838388,-0.04123254
2025-07-11,quality_momentum,14,688267.SH,,0.99136215,-0.00421025,0.01427162,-0.04150394,-0.0712069
2025-07-11,quality_momentum,15,688579.SH,,0.99069768,-0.03426244,-0.04235306,-0.02778999,-0.02293559
2025-07-11,quality_momentum,16,300901.SZ,,0.99003321,-0.03638278,-0.05937126,-0.05304939,-0.04672752
2025-07-11,quality_momentum,17,600326.SH,,0.9893688,-0.00732301,-0.01491517,0.14126699,0.60005225
2025-07-11,quality_momentum,18,300347.SZ,,0.98870432,-0.02440422,-0.0408171,-0.02017412,0.04716934
2025-07-11,quality_momentum,19,000001.SZ,,0.98803985,0.00742397,-0.02210201,-0.01977104,-0.0423041
2025-07-11,quality_momentum,20,300003.SZ,,0.98737544,-0.01588134,-0.01787871,-0.00456312,0.04670188
2025-07-14,quality_momentum,1,002414.SZ,,1.0,-0.0542364,-0.05330189,0.01118414,0.04482897
2025-07-14,quality_momentum,2,600446.SH,,0.99938536,-0.01279217,0.00173069,-0.03302035,0.02507088
2025-07-14,quality_momentum,3,600016.SH,,0.99877077,-0.0093488,0.00368653,0.00368653,-0.06149038
2025-07-14,quality_momentum,4,300674.SZ,,0.99815613,-0.00558509,-0.00357504,-0.08397705,-0.07861691
2025-07-14,quality_momentum,5,600288.SH,,0.99754149,0.02955228,0.02862728,0.01567628,0.18681415
2025-07-14,quality_momentum,6,600360.SH,,0.99692684,0.02162946,-0.01366473,-0.01013529,-0.03131171
2025-07-14,quality_momentum,7,603232.SH,,0.99631226,0.00582896,0.02544846,-0.00427806,-0.00427806
2025-07-14,quality_momentum,8,600507.SH,,0.99569762,0.01207208,0.04201219,0.09191239,0.12983656
2025-07-14,quality_momentum,9,601997.SH,,0.99508297,-0.02459499,-0.05012693,-0.05863758,-0.07140352
2025-07-14,quality_momentum,10,601916.SH,,0.99446833,-0.03123332,-0.0419,-0.05523336,-0.07656666
2025-07-14,quality_momentum,11,001203.SZ,,0.99385375,-0.03203703,0.05654752,0.01727805,0.12047439
2025-07-14,quality_momentum,12,600493.SH,,0.9932391,-0.02765756,-0.0019,-0.00493028,0.01628182
2025-07-14,quality_momentum,13,605305.SH,,0.99262446,,,,
2025-07-14,quality_momentum,14,301555.SZ,,0.99200982,-0.03802906,0.00551937,-0.04383551,-0.03577096
2025-07-14,quality_momentum,15,002539.SZ,,0.99139524,-0.00288238,-0.01270555,0.01971101,0.05114519
2025-07-14,quality_momentum,16,688661.SH,,0.99078059,-0.00989995,0.01460006,-0.00364997,0.04185
2025-07-14,quality_momentum,17,002436.SZ,,0.99016595,-0.00832853,0.04881426,0.05095713,0.31238578
2025-07-14,quality_momentum,18,600569.SH,,0.98955131,-0.01074955,-0.02402387,0.02907342,0.03792297
2025-07-14,quality_momentum,19,688210.SH,,0.98893672,-0.00812155,0.0520195,0.03916179,0.38756491
2025-07-14,quality_momentum,20,603991.SH,,0.98832208,0.01822271,0.01137245,0.05632749,0.00566383
2025-07-15,quality_momentum,1,002414.SZ,,1.0,-0.01077575,0.04050625,0.0552992,0.13320847
2025-07-15,quality_momentum,2,603920.SH,,0.99932659,-0.01835159,0.01422906,0.01455165,0.13455162
2025-07-15,quality_momentum,3,600589.SH,,0.99865317,0.0061184,0.0095548,-0.04771897,-0.06146466
2025-07-15,quality_momentum,4,603118.SH,,0.99797982,-0.00727147,-0.0019,-0.03233862,0.00705256
2025-07-15,quality_momentum,5,603213.SH,,0.99730641,0.04129483,0.07389464,0.21407391,0.05433474
2025-07-15,quality_momentum,6,600379.SH,,0.99663299,-0.01768529,0.01309604,0.05887348,0.09360118
2025-07-15,quality_momentum,7,002357.SZ,,0.99595958,-0.01207297,-0.00800376,0.01742856,0.07948354
2025-07-15,quality_momentum,8,301251.SZ,,0.99528617,-0.004182,0.03156852,0.0690939,0.09242046
2025-07-15,quality_momentum,9,002058.SZ,,0.99461281,0.04777599,0.08017339,0.03337716,0.04561619
2025-07-15,quality_momentum,10,603579.SH,,0.9939394,0.04578896,0.04652263,0.02084398,0.16244339
2025-07-15,quality_momentum,11,600288.SH,,0.99326599,-0.01535288,0.00079064,-0.01355912,0.15774133
2025-07-15,quality_momentum,12,002837.SZ,,0.99259257,-0.04199434,-0.00927031,-0.07884573,0.04703867
2025-07-15,quality_momentum,13,300674.SZ,,0.99191922,-0.00089126,-0.03552477,-0.0812544,-0.06948573
2025-07-15,quality_momentum,14,002475.SZ,,0.99124581,0.00875286,0.05655394,0.03360939,0.01694732
2025-07-15,quality_momentum,15,301391.SZ,,0.99057239,-0.0152333,-0.02612222,-0.0152333,0.00254446
2025-07-15,quality_momentum,16,300541.SZ,,0.98989898,-0.00956961,-0.05794715,-0.06738669,-0.07446637
2025-07-15,quality_momentum,17,605287.SH,,0.98922557,-0.02788226,-0.03105084,-0.01140574,-0.01647545
2025-07-15,quality_momentum,18,600601.SH,,0.98855221,0.00566143,0.04157827,0.00755183,0.15310948
2025-07-15,quality_momentum,19,688233.SH,,0.9878788,0.00515576,0.02953041,0.03402046,0.0628851
2025-07-15,quality_momentum,20,300265.SZ,,0.98720539,-0.00863074,-0.02305385,0.05098459,0.05579226
2025-07-16,quality_momentum,1,600326.SH,,1.0,0.0596384,0.27172633,0.53985812,0.96073736
2025-07-16,quality_momentum,2,002827.SZ,,0.99939173,0.04688043,0.22285734,0.44263183,0.35425
2025-07-16,quality_momentum,3,300739.SZ,,0.99878347,0.03607472,0.00442908,-0.03101394,0.01265694
2025-07-16,quality_momentum,4,002379.SZ,,0.9981752,0.0370222,0.07968686,0.09016592,0.11711198
2025-07-16,quality_momentum,5,601187.SH,,0.99756694,0.00733488,-0.0084963,-0.02960444,-0.08501345
2025-07-16,quality_momentum,6,002475.SZ,,0.99695861,0.0616135,0.03026216,0.01972159,0.00972157
2025-07-16,quality_momentum,7,002539.SZ,,0.99635035,0.00610796,0.03914105,0.06216406,0.06917104
2025-07-16,quality_momentum,8,603579.SH,,0.99574208,0.01805793,0.01105514,-0.0421661,0.10104112
2025-07-16,quality_momentum,9,000959.SZ,,0.99513382,0.0419144,0.07541958,0.08572886,0.12696594
2025-07-16,quality_momentum,10,000590.SZ,,0.99452555,0.06465706,-0.00600848,-0.03065927,-0.00436506
2025-07-16,quality_momentum,11,300274.SZ,,0.99391729,-0.01589074,-0.03188006,-0.03094734,-0.01589074
2025-07-16,quality_momentum,12,605228.SH,,0.99330902,0.0307174,-0.00428661,-0.01621981,0.02673962
2025-07-16,quality_momentum,13,301165.SZ,,0.99270076,-0.00407965,-0.03646327,-0.01326545,-0.0313255
2025-07-16,quality_momentum,14,688365.SH,,0.99209243,0.00996009,0.02494147,0.02993522,0.05677657
2025-07-16,quality_momentum,15,002056.SZ,,0.99148417,-0.00253287,-0.00126706,-0.00126706,-0.00949492
2025-07-16,quality_momentum,16,000932.SZ,,0.9908759,0.03535489,0.08241368,0.10202157,0.13927646
2025-07-16,quality_momentum,17,605178.SH,,0.99026763,,,,
2025-07-16,quality_momentum,18,002436.SZ,,0.98965937,0.03988464,0.0420093,0.10079118,0.36283089
2025-07-16,quality_momentum,19,688023.SH,,0.9890511,0.00484572,0.00320488,0.00448108,0.07558405
2025-07-16,quality_momentum,20,002837.SZ,,0.98844284,0.0269698,-0.00036434,-0.02831281,0.23120812
2025-07-17,quality_momentum,1,603920.SH,,1.0,-0.00506455,-0.00474808,0.02183419,0.07088484
2025-07-17,quality_momentum,2,603186.SH,,0.99944627,-0.0501823,-0.06410984,-0.04832527,0.03554962
2025-07-17,quality_momentum,3,300660.SZ,,0.99889261,0.0282614,0.01976523,-0.00784731,-0.02696368
2025-07-17,quality_momentum,4,688322.SH,,0.99833888,0.03406271,0.02518305,0.01630339,0.07860914
2025-07-17,quality_momentum,5,688543.SH,,0.99778515,-0.06884493,-0.0664105,-0.07979952,-0.05945518
2025-07-17,quality_momentum,6,300283.SZ,,0.99723142,,,,
2025-07-17,quality_momentum,7,300274.SZ,,0.99667776,-0.0223054,0.00445138,0.02918113,-0.02852155
2025-07-17,quality_momentum,8,002163.SZ,,0.99612403,0.03127074,0.07712443,0.1571244,-0.00970487
2025-07-17,quality_momentum,9,300663.SZ,,0.9955703,-0.00913238,-0.06650946,-0.05686622,-0.08724236
2025-07-17,quality_momentum,10,002466.SZ,,0.99501663,0.04165357,0.07684253,0.1821208,0.10222463
2025-07-17,quality_momentum,11,603328.SH,,0.99446291,-0.02721646,-0.02721646,-0.02526903,0.02633761
2025-07-17,quality_momentum,12,601869.SH,,0.99390918,-0.03692312,-0.05604747,-0.07540235,0.15800782
2025-07-17,quality_momentum,13,688510.SH,,0.99335545,0.00984,-0.03795874,-0.04927945,0.02912725
2025-07-17,quality_momentum,14,688237.SH,,0.99280179,-0.01885471,0.02059753,0.06494048,0.03005304
2025-07-17,quality_momentum,15,300739.SZ,,0.99224806,-0.04031465,-0.05738787,-0.05921712,-0.05433907
2025-07-17,quality_momentum,16,300913.SZ,,0.99169433,-0.00699373,-0.0340924,-0.03959358,-0.03286989
2025-07-17,quality_momentum,17,002475.SZ,,0.99114066,-0.01714783,-0.03849471,-0.03900298,-0.06873613
2025-07-17,quality_momentum,18,002484.SZ,,0.99058694,0.02276372,-0.00817804,-0.01490446,0.05191165
2025-07-17,quality_momentum,19,603118.SH,,0.99003321,-0.03813814,-0.06747371,-0.06143407,-0.05625717
2025-07-17,quality_momentum,20,600570.SH,,0.98947954,0.00049377,-0.02553854,0.01186424,0.07529933
2025-07-18,quality_momentum,1,002414.SZ,,1.0,0.02364404,-0.0037921,0.00756077,0.06716343
2025-07-18,quality_momentum,2,300274.SZ,,0.99938762,0.00237647,0.00334213,0.03327734,0.02265513
2025-07-18,quality_momentum,3,688392.SH,,0.99877524,-0.03076063,-0.07671883,-0.04252371,0.09931737
2025-07-18,quality_momentum,4,300624.SZ,,0.99816287,0.01146472,0.01102414,0.09135901,0.26113428
2025-07-18,quality_momentum,5,688297.SH,,0.99755055,0.01225607,-0.02095628,0.00681143,0.01679329
2025-07-18,quality_momentum,6,600288.SH,,0.99693817,-0.01800021,-0.02694478,0.29684778,0.13405702
2025-07-18,quality_momentum,7,600016.SH,,0.99632579,-0.00925295,-0.03682644,-0.07359119,-0.1048412
2025-07-18,quality_momentum,8,002163.SZ,,0.99571341,-0.00095569,-0.03495008,0.04342573,-0.04817004
2025-07-18,quality_momentum,9,600184.SH,,0.99510103,0.01089811,0.01729716,0.10048509,0.15807668
2025-07-18,quality_momentum,10,002389.SZ,,0.99448866,0.00636444,-0.02984178,-0.00701605,-0.02984178
2025-07-18,quality_momentum,11,300964.SZ,,0.99387628,0.00327693,-0.02088187,-0.02476457,-0.01829341
2025-07-18,quality_momentum,12,002475.SZ,,0.99326396,-0.01635154,-0.02641609,-0.01093227,-0.06977092
2025-07-18,quality_momentum,13,688210.SH,,0.99265158,0.00938125,0.21486072,0.39536031,0.44209679
2025-07-18,quality_momentum,14,603186.SH,,0.9920392,0.00135206,-0.0126317,0.03094551,0.06509185
2025-07-18,quality_momentum,15,603991.SH,,0.99142683,0.03328081,0.02574206,0.05003347,0.03579366
2025-07-18,quality_momentum,16,001203.SZ,,0.99081445,-0.00458096,0.01776041,0.09818942,0.02401602
2025-07-18,quality_momentum,17,601187.SH,,0.99020207,-0.0463163,-0.06662082,-0.09453959,-0.13641776
2025-07-18,quality_momentum,18,300041.SZ,,0.98958969,-0.00878297,0.00498307,-0.00386652,-0.01369942
2025-07-18,quality_momentum,19,603920.SH,,0.98897731,0.00571902,0.00667143,0.06159211,0.05143338
2025-07-18,quality_momentum,20,002539.SZ,,0.98836499,0.02475355,0.04745837,0.05634289,0.04943265
2025-07-21,quality_momentum,1,002539.SZ,,1.0,0.02021536,0.03463837,0.02886923,0.02694611
2025-07-21,quality_momentum,2,600288.SH,,0.99941587,-8.178e-05,0.08264549,0.16628185,0.11628183
2025-07-21,quality_momentum,3,000519.SZ,,0.99883175,0.01391403,0.02135584,0.02228607,0.00414656
2025-07-21,quality_momentum,4,601890.SH,,0.99824768,0.00966069,-0.01924103,-0.02887494,0.01062403
2025-07-21,quality_momentum,5,000506.SZ,,0.99766356,0.00828515,-0.02967779,-0.01764075,-0.02967779
2025-07-21,quality_momentum,6,600673.SH,,0.99707943,-0.00992332,0.00466456,0.05207518,0.03384032
2025-07-21,quality_momentum,7,000572.SZ,,0.99649531,-0.014374,0.01889,-0.06634906,-0.07466505
2025-07-21,quality_momentum,8,002240.SZ,,0.99591124,0.02867676,0.11415275,0.11067817,0.08566075
2025-07-21,quality_momentum,9,600016.SH,,0.99532712,-0.02782591,-0.0593074,-0.06671482,-0.08708514
2025-07-21,quality_momentum,10,600405.SH,,0.99474299,0.00815032,0.09860258,0.15220388,0.09022734
2025-07-21,quality_momentum,11,688618.SH,,0.99415886,-0.02388638,-0.02502361,0.00416517,0.01136758
2025-07-21,quality_momentum,12,603920.SH,,0.99357474,-0.00914634,0.01731868,0.08568668,0.05418064
2025-07-21,quality_momentum,13,002389.SZ,,0.99299067,-0.02570946,-0.00814509,0.009029,0.00668705
2025-07-21,quality_momentum,14,301285.SZ,,0.99240655,0.02267081,0.02237471,0.32225634,0.25624095
2025-07-21,quality_momentum,15,300684.SZ,,0.99182242,0.08495793,0.01698213,0.02717855,0.13140814
2025-07-21,quality_momentum,16,002714.SZ,,0.9912383,0.04674635,0.02030813,0.0154435,-0.02495416
2025-07-21,quality_momentum,17,300447.SZ,,0.99065423,0.02497845,-0.00861958,0.00665223,0.03047627
2025-07-21,quality_momentum,18,603979.SH,,0.9900701,0.04078045,0.02242991,0.01253297,-0.00334327
2025-07-21,quality_momentum,19,000952.SZ,,0.98948598,-0.010558,-0.01200097,-0.01200097,0.01974504
2025-07-21,quality_momentum,20,601187.SH,,0.98890185,-0.02447635,-0.04838074,-0.04705269,-0.07361311
2025-07-22,quality_momentum,1,300003.SZ,,1.0,-0.00919931,0.04322274,0.02796065,0.06976556
2025-07-22,quality_momentum,2,688210.SH,,0.99946696,0.21584201,0.39648716,0.40939038,0.57108386
2025-07-22,quality_momentum,3,002389.SZ,,0.99893391,-0.0142951,0.00889569,0.04608077,0.02928747
2025-07-22,quality_momentum,4,002379.SZ,,0.99840087,0.03285179,0.10661059,0.10377372,0.07682342
2025-07-22,quality_momentum,5,002414.SZ,,0.99786782,-0.01775822,-0.0065642,0.07179403,0.10164474
2025-07-22,quality_momentum,6,301251.SZ,,0.99733478,-0.00426743,-0.00852877,0.01988029,0.07669843
2025-07-22,quality_momentum,7,002466.SZ,,0.99680173,-0.03612467,0.08927647,0.08981124,0.01146898
2025-07-22,quality_momentum,8,002837.SZ,,0.99626863,0.01055602,0.01854072,0.13447811,0.31748675
2025-07-22,quality_momentum,9,002240.SZ,,0.99573559,-0.04438146,0.09182889,0.09992065,0.04395302
2025-07-22,quality_momentum,10,600016.SH,,0.99520254,-0.00380112,-0.04182397,-0.05893424,-0.04372509
2025-07-22,quality_momentum,11,301311.SZ,,0.9946695,-0.04255781,-0.00875243,0.02642348,0.046524
2025-07-22,quality_momentum,12,002539.SZ,,0.99413645,-0.0019,0.00656662,0.00750732,0.01409244
2025-07-22,quality_momentum,13,002167.SZ,,0.99360341,0.02225461,0.06412252,0.04560404,0.019034
2025-07-22,quality_momentum,14,300813.SZ,,0.99307036,0.02709823,0.09300334,0.07015623,0.06400512
2025-07-22,quality_momentum,15,603611.SH,,0.99253732,-0.01381998,0.03258277,-0.03638277,0.09984545
2025-07-22,quality_momentum,16,002072.SZ,,0.99200428,0.01595716,0.05654158,0.14582733,0.05329483
2025-07-22,quality_momentum,17,600405.SH,,0.99147123,0.00805024,0.10091921,0.10257755,0.06609334
2025-07-22,quality_momentum,18,300602.SZ,,0.99093819,0.00243275,-0.00319986,0.01196478,0.15711209
2025-07-22,quality_momentum,19,688237.SH,,0.99040514,0.00830408,0.02743672,0.06633982,0.07813827
2025-07-22,quality_momentum,20,300609.SZ,,0.9898721,0.03873022,0.04868037,0.11722663,0.30766331
2025-07-23,quality_momentum,1,600095.SH,,1.0,0.02321217,0.01065609,-0.008178,-0.02880576
2025-07-23,quality_momentum,2,600105.SH,,0.99943244,0.00800107,0.03220348,0.01460172,-0.00079986
2025-07-23,quality_momentum,3,002466.SZ,,0.99886495,,,,
2025-07-23,quality_momentum,4,300722.SZ,,0.99829739,0.00487086,-0.01231664,0.00981872,0.05539162
2025-07-23,quality_momentum,5,300866.SZ,,0.99772984,-0.01653416,0.03143334,0.01704306,0.0654984
2025-07-23,quality_momentum,6,300803.SZ,,0.99716234,0.07696361,0.04900911,0.03241816,0.02082728
2025-07-23,quality_momentum,7,300265.SZ,,0.99659479,0.0152102,0.03136992,0.02471595,-0.03231831
2025-07-23,quality_momentum,8,603300.SH,,0.99602723,0.09075738,0.03219094,-0.03424265,-0.04560629
2025-07-23,quality_momentum,9,603929.SH,,0.99545968,-0.08299521,-0.03736285,-0.03188692,-0.0214567
2025-07-23,quality_momentum,10,600435.SH,,0.99489218,0.06977237,0.11072795,0.15919222,0.22881669
2025-07-23,quality_momentum,11,002163.SZ,,0.99432462,,,,
2025-07-23,quality_momentum,12,002539.SZ,,0.99375707,0.01221094,0.00656662,0.00468512,0.01691465
2025-07-23,quality_momentum,13,000935.SZ,,0.99318957,-0.00092208,-0.03906382,-0.05764578,-0.02586096
2025-07-23,quality_momentum,14,600802.SH,,0.99262202,0.02065637,-2.035e-05,-0.00941879,0.03569395
2025-07-23,quality_momentum,15,300086.SZ,,0.99205446,,,,
2025-07-23,quality_momentum,16,000825.SZ,,0.99148697,0.02374096,-0.0158861,0.01907893,-0.00656203
2025-07-23,quality_momentum,17,300725.SZ,,0.99091941,0.02479904,0.10319708,0.186935,0.11533302
2025-07-23,quality_momentum,18,002067.SZ,,0.99035186,0.02470762,0.06905349,-0.0019,0.00918652
2025-07-23,quality_momentum,19,300003.SZ,,0.98978436,0.01882191,0.03018559,0.02818021,0.0656134
2025-07-23,quality_momentum,20,600531.SH,,0.9892168,0.01723884,-0.02103872,-0.03419662,0.04235844
2025-07-24,quality_momentum,1,002315.SZ,,1.0,0.02162941,0.01241371,0.07064902,0.02829609
2025-07-24,quality_momentum,2,300347.SZ,,0.99950248,0.03177784,0.13514571,0.12680951,0.06829004
2025-07-24,quality_momentum,3,002926.SZ,,0.99900496,0.00202544,0.01180423,-0.0089644,-0.01588727
2025-07-24,quality_momentum,4,603300.SH,,0.99850744,-0.05950002,-0.0819,-0.10990003,-0.1419
2025-07-24,quality_momentum,5,688029.SH,,0.99800998,0.09215264,0.05455673,0.03670182,0.0869973
2025-07-24,quality_momentum,6,600435.SH,,0.99751246,-0.00317389,0.13504274,0.12102997,0.1012847
2025-07-24,quality_momentum,7,300570.SZ,,0.99701494,-0.01635089,0.15773387,0.09636586,0.1802772
2025-07-24,quality_momentum,8,000572.SZ,,0.99651742,-0.06096313,-0.08540302,-0.11187963,-0.04874318
2025-07-24,quality_momentum,9,603993.SH,,0.9960199,-0.01596923,0.01000483,-0.03977878,0.02623856
2025-07-24,quality_momentum,10,002056.SZ,,0.99552238,-0.00923495,-0.01595869,-0.05874598,-0.03001738
2025-07-24,quality_momentum,11,688399.SH,,0.99502486,-0.01101434,-0.02270816,0.01271741,0.03662116
2025-07-24,quality_momentum,12,605580.SH,,0.99452734,-0.01675787,-0.01998782,-0.00835991,0.11050311
2025-07-24,quality_momentum,13,000878.SZ,,0.99402988,-0.01914138,-0.02129655,-0.0701471,-0.04284826
2025-07-24,quality_momentum,14,000623.SZ,,0.99353236,-0.00708406,-0.00138155,-0.02108091,-0.01330482
2025-07-24,quality_momentum,15,000776.SZ,,0.99303484,-0.00937383,-0.01037029,-0.04475,-0.02681278
2025-07-24,quality_momentum,16,000756.SZ,,0.99253732,-0.00589542,-0.03158035,-0.03785888,-0.06639773
2025-07-24,quality_momentum,17,300803.SZ,,0.9920398,-0.01780477,-0.02760044,-0.06867898,-0.06962698
2025-07-24,quality_momentum,18,300018.SZ,,0.99154228,-0.03230543,-0.04919736,-0.07284593,-0.04244061
2025-07-24,quality_momentum,19,600531.SH,,0.99104476,-0.02420051,-0.038285,-0.04532729,0.00748965
2025-07-24,quality_momentum,20,300487.SZ,,0.99054724,-0.00698169,-0.03729019,-0.0617911,-0.07703611
2025-07-25,quality_momentum,1,002460.SZ,,1.0,-0.01077725,-0.03740911,-0.06169105,0.01637681
2025-07-25,quality_momentum,2,300639.SZ,,0.99953377,-0.0019,-0.01250601,0.0041606,0.0132515
2025-07-25,quality_momentum,3,300254.SZ,,0.9990676,0.03778252,0.10921113,0.13654794,0.06335571
2025-07-25,quality_momentum,4,603456.SH,,0.99860138,0.048389,0.08364916,0.04260867,0.04896707
2025-07-25,quality_momentum,5,002357.SZ,,0.99813521,0.02314813,0.02122137,0.0241115,-0.024058
2025-07-25,quality_momentum,6,300902.SZ,,0.99766898,0.00615688,-0.00379578,-0.01943558,0.08814737
2025-07-25,quality_momentum,7,000566.SZ,,0.99720281,0.0070686,-0.02581627,-0.03777447,-0.06169075
2025-07-25,quality_momentum,8,300601.SZ,,0.99673659,0.01236129,0.00209314,-0.00475226,-0.01045677
2025-07-25,quality_momentum,9,300127.SZ,,0.99627042,-0.0028706,-0.03489905,-0.08698573,-0.00545875
2025-07-25,quality_momentum,10,300347.SZ,,0.99580419,0.01374519,0.09229362,0.06277742,0.05003553
2025-07-25,quality_momentum,11,603611.SH,,0.99533802,-0.04881358,-0.07268187,-0.08214692,0.04295599
2025-07-25,quality_momentum,12,002926.SZ,,0.9948718,0.00981072,-0.00595106,-0.0207277,-0.02860864
2025-07-25,quality_momentum,13,603848.SH,,0.99440557,0.04177555,-0.00076557,-0.01097546,0.08431666
2025-07-25,quality_momentum,14,300747.SZ,,0.9939394,0.10499919,0.13001815,0.1334298,0.12054123
2025-07-25,quality_momentum,15,688217.SH,,0.99347317,0.01463184,0.0040796,0.06106167,0.07091039
2025-07-25,quality_momentum,16,000567.SZ,,0.993007,-0.01630921,-0.03360033,-0.06385963,-0.06241874
2025-07-25,quality_momentum,17,300500.SZ,,0.99254078,0.00184253,0.03702219,0.19570482,0.14555511
2025-07-25,quality_momentum,18,300343.SZ,,0.99207461,0.00206825,-0.0257095,-0.02967775,0.00206825
2025-07-25,quality_momentum,19,600105.SH,,0.99160838,-0.01760677,-0.03436069,-0.06472718,-0.07205704
2025-07-25,quality_momentum,20,003016.SZ,,0.99114221,0.02478219,-0.10166795,-0.10282806,-0.06918537
2025-07-28,quality_momentum,1,002048.SZ,,1.0,-0.00435097,-0.01317452,-0.01219417,0.02849214
2025-07-28,quality_momentum,2,001389.SZ,,0.99948663,0.03551288,-0.01356314,-0.0255292,-0.00977644
2025-07-28,quality_momentum,3,605589.SH,,0.99897331,-0.0019,0.00810004,0.0021625,-0.01565
2025-07-28,quality_momentum,4,603669.SH,,0.99845994,0.03668525,-0.0388775,-0.08871672,-0.08228586
2025-07-28,quality_momentum,5,002437.SZ,,0.99794662,0.02162939,0.07162941,0.11868818,0.07162941
2025-07-28,quality_momentum,6,601336.SH,,0.99743325,-0.01063759,-0.00431038,-0.01365051,-0.03033979
2025-07-28,quality_momentum,7,603456.SH,,0.99691993,,,,
2025-07-28,quality_momentum,8,002245.SZ,,0.99640656,0.01588386,-0.01352784,0.05487154,0.14447482
2025-07-28,quality_momentum,9,000623.SZ,,0.99589324,-0.00961203,-0.02914933,-0.02040894,-0.01372518
2025-07-28,quality_momentum,10,002633.SZ,,0.99537987,0.00289904,-0.00669904,-0.00789882,-0.00130011
2025-07-28,quality_momentum,11,000756.SZ,,0.99486655,-0.01352794,-0.01992328,-0.01527211,-0.02224887
2025-07-28,quality_momentum,12,300725.SZ,,0.99435318,0.13822738,0.06047646,0.05234996,0.01039958
2025-07-28,quality_momentum,13,002438.SZ,,0.99383986,-0.01758071,-0.02827207,-0.00546381,0.04300374
2025-07-28,quality_momentum,14,300624.SZ,,0.99332649,0.03226555,0.09810001,0.10322484,0.03647054
2025-07-28,quality_momentum,15,002396.SZ,,0.99281317,0.00645547,0.00531608,0.03873807,0.07975593
2025-07-28,quality_momentum,16,603920.SH,,0.9922998,0.01866775,-0.01986059,-0.03086876,-0.01696372
2025-07-28,quality_momentum,17,300586.SZ,,0.99178642,0.02587777,0.05702254,0.21442993,0.13362186
2025-07-28,quality_momentum,18,301192.SZ,,0.99127311,-0.01486777,-0.04302634,-0.01005121,0.02996361
2025-07-28,quality_momentum,19,000426.SZ,,0.99075973,0.00462524,-0.05029589,0.01930714,0.00951928
2025-07-28,quality_momentum,20,603588.SH,,0.99024642,0.00587602,-0.0267834,0.0120969,-0.00656561
2025-07-29,quality_momentum,1,300404.SZ,,1.0,0.01461382,-0.00556974,0.02011834,0.00268722
2025-07-29,quality_momentum,2,688663.SH,,0.99945444,-0.05432419,-0.06705151,-0.06250601,-0.06674845
2025-07-29,quality_momentum,3,600673.SH,,0.99890888,-0.02478016,-0.03285559,-0.00728357,0.075489
2025-07-29,quality_momentum,4,600760.SH,,0.99836332,-0.04707295,-0.06535367,-0.05236079,-0.0987424
2025-07-29,quality_momentum,5,600521.SH,,0.99781781,0.01002578,-0.07698837,-0.04695304,-0.1087905
2025-07-29,quality_momentum,6,301230.SZ,,0.99727225,-0.0272069,-0.07331068,0.03192616,-0.07907362
2025-07-29,quality_momentum,7,002912.SZ,,0.99672669,-0.0419,-0.01975714,-0.00511432,0.00845712
2025-07-29,quality_momentum,8,300254.SZ,,0.99618113,0.0411464,0.06680861,0.02293445,-0.00686684
2025-07-29,quality_momentum,9,600601.SH,,0.99563557,-0.00517332,-0.03135995,-0.03463327,-0.01335666
2025-07-29,quality_momentum,10,001389.SZ,,0.99509001,-0.00496615,-0.08307969,-0.07767747,-0.03533548
2025-07-29,quality_momentum,11,601778.SH,,0.99454445,-0.01682543,-0.0616015,-0.0735418,-0.02876566
2025-07-29,quality_momentum,12,002873.SZ,,0.99399889,-0.02887838,0.16266838,0.04306408,0.03676908
2025-07-29,quality_momentum,13,300357.SZ,,0.99345338,-0.01008716,-0.02490198,-0.00852766,0.03396743
2025-07-29,quality_momentum,14,600645.SH,,0.99290782,-0.00957828,-0.05126016,-0.01213768,-0.01835341
2025-07-29,quality_momentum,15,605289.SH,,0.99236226,0.02690087,0.01471591,0.09724156,0.13296573
2025-07-29,quality_momentum,16,300602.SZ,,0.9918167,-0.00702817,0.00451025,0.1412624,0.24596329
2025-07-29,quality_momentum,17,300750.SZ,,0.99127114,-0.04091442,-0.1018316,-0.09423399,-0.09577401
2025-07-29,quality_momentum,18,600343.SH,,0.99072558,-0.00802246,0.05388236,0.07973264,0.02054898
2025-07-29,quality_momentum,19,001268.SZ,,0.99018002,-0.03880685,-0.00892993,0.03746728,0.19071858
2025-07-29,quality_momentum,20,002971.SZ,,0.98963445,0.00455896,-0.01747753,0.04293281,0.08472617
2025-07-30,quality_momentum,1,600521.SH,,1.0,-0.01455826,-0.06344517,-0.05471534,-0.0918171
2025-07-30,quality_momentum,2,300404.SZ,,0.99940228,0.00802779,-0.00641269,-0.02446321,0.00802779
2025-07-30,quality_momentum,3,002038.SZ,,0.99880457,0.00891731,0.00531154,-0.02113078,-0.02473655
2025-07-30,quality_momentum,4,600316.SH,,0.99820679,-0.00857458,0.0669916,0.08367811,0.02622872
2025-07-30,quality_momentum,5,600405.SH,,0.99760908,-0.01559865,-0.00951038,0.01027655,0.06202688
2025-07-30,quality_momentum,6,002414.SZ,,0.99701136,0.02784629,0.01997227,0.10833615,0.12495913
2025-07-30,quality_momentum,7,605289.SH,,0.99641365,-0.02774115,-0.00889861,0.07481607,0.16606769
2025-07-30,quality_momentum,8,600711.SH,,0.99581587,-0.01748439,0.04485329,0.01887923,0.03835974
2025-07-30,quality_momentum,9,601336.SH,,0.99521816,-0.02260395,-0.03177281,-0.00145636,-0.04144813
2025-07-30,quality_momentum,10,603811.SH,,0.99462044,0.05843053,0.2022322,0.27578588,0.28074454
2025-07-30,quality_momentum,11,300199.SZ,,0.99402273,0.07027568,0.35793258,0.24234686,0.28314178
2025-07-30,quality_momentum,12,688663.SH,,0.99342501,-0.02492524,-0.01373241,-0.03419938,0.02720136
2025-07-30,quality_momentum,13,301258.SZ,,0.99282724,-0.01739296,0.00204366,-0.00387183,0.08373377
2025-07-30,quality_momentum,14,301079.SZ,,0.99222952,0.00038633,-0.02733586,-0.01247449,-0.0956411
2025-07-30,quality_momentum,15,300841.SZ,,0.99163181,0.06024304,0.05303604,0.04759681,0.22192374
2025-07-30,quality_momentum,16,600438.SH,,0.99103409,-0.05951122,-0.05997962,-0.04733331,-0.0609164
2025-07-30,quality_momentum,17,688177.SH,,0.99043632,-0.0182514,-0.00478555,-0.00799171,0.03817689
2025-07-30,quality_momentum,18,600309.SH,,0.9898386,-0.03951755,-0.05237018,-0.04280907,-0.01459591
2025-07-30,quality_momentum,19,688297.SH,,0.98924088,0.01908144,0.00937107,0.03676834,-0.0303376
2025-07-30,quality_momentum,20,688377.SH,,0.98864317,-0.00444362,-0.0098942,0.11292561,0.11837618
2025-07-31,quality_momentum,1,002414.SZ,,1.0,-0.04183205,0.00319766,0.13658761,0.06267088
2025-07-31,quality_momentum,2,002484.SZ,,0.9991554,0.08320637,0.12107876,0.10448296,0.16448298
2025-07-31,quality_momentum,3,601162.SH,,0.9983108,-0.08114529,-0.06605097,-0.06605097,-0.05473023
2025-07-31,quality_momentum,4,300199.SZ,,0.99746621,-0.01360731,0.24249025,0.12053903,0.2093195
2025-07-31,quality_momentum,5,002038.SZ,,0.99662161,-0.0233031,-0.01260155,-0.03994996,-0.04946245
2025-07-31,quality_momentum,6,300921.SZ,,0.99577701,-0.0403307,-0.0191137,0.00890872,-0.03912971
2025-07-31,quality_momentum,7,300434.SZ,,0.99493241,-0.03864543,-0.05439344,-0.08938909,-0.07889042
2025-07-31,quality_momentum,8,301331.SZ,,0.99408782,-0.02487334,-0.03411549,-0.04071708,-0.07979811
2025-07-31,quality_momentum,9,002396.SZ,,0.99324322,0.00451032,0.02110154,0.0557924,0.08897484
2025-07-31,quality_momentum,10,002652.SZ,,0.99239862,,,,
2025-07-31,quality_momentum,11,688177.SH,,0.99155408,0.03134643,0.02156803,-0.00939673,0.04959928
2025-07-31,quality_momentum,12,300404.SZ,,0.99070948,-0.03139068,-0.00636833,-0.01798585,-0.03496522
2025-07-31,quality_momentum,13,688365.SH,,0.98986489,0.0072168,0.00550747,0.02431088,-0.08680027
2025-07-31,quality_momentum,14,000776.SZ,,0.98902029,0.00174397,0.01996363,0.01684024,0.07514319
2025-07-31,quality_momentum,15,600141.SH,,0.98817569,-0.00795814,-0.00513105,-0.01401629,-0.03340241
2025-07-31,quality_momentum,16,603920.SH,,0.98733109,-0.02313892,-0.04319796,-0.05588233,0.08040081
2025-07-31,quality_momentum,17,688373.SH,,0.98648649,-0.0019,0.03262536,-0.02656089,-0.0462896
2025-07-31,quality_momentum,18,002020.SZ,,0.9856419,0.02309998,0.145661,0.1444415,0.19505115
2025-07-31,quality_momentum,19,603863.SH,,0.9847973,,,,
2025-07-31,quality_momentum,20,600570.SH,,0.9839527,-0.02606666,-0.03078887,-0.04634447,-0.01856665
2025-08-01,quality_momentum,1,603083.SH,,1.0,0.02649437,0.00789803,-0.0136976,0.08588246
2025-08-01,quality_momentum,2,300821.SZ,,0.9991942,-0.00383983,0.0475665,0.0727848,0.03592736
2025-08-01,quality_momentum,3,002851.SZ,,0.99838841,0.05687483,0.03286818,0.05770262,0.22127882
2025-08-01,quality_momentum,4,002768.SZ,,0.99758261,-0.02520098,0.07715686,0.10767006,0.27826648
2025-08-01,quality_momentum,5,000776.SZ,,0.99677682,0.00691736,0.01780948,0.01469753,0.10598376
2025-08-01,quality_momentum,6,002396.SZ,,0.99597096,0.0247017,0.05092872,0.06141955,0.09026931
2025-08-01,quality_momentum,7,600884.SH,,0.99516517,-0.00377613,-0.03660918,0.05344711,0.10504187
2025-08-01,quality_momentum,8,603811.SH,,0.99435937,,,,
2025-08-01,quality_momentum,9,300558.SZ,,0.99355358,0.08130619,0.04924504,0.02100076,0.03794737
2025-08-01,quality_momentum,10,688177.SH,,0.99274778,-0.02082746,-0.02398204,-0.04133218,0.04825773
2025-08-01,quality_momentum,11,300404.SZ,,0.99194199,0.01375379,-0.0046624,-0.01018728,-5.837e-05
2025-08-01,quality_momentum,12,688265.SH,,0.99113619,,,,
2025-08-01,quality_momentum,13,300639.SZ,,0.9903304,0.03273856,-0.00340599,0.00713614,-0.02147826
2025-08-01,quality_momentum,14,002916.SZ,,0.9895246,0.04519876,0.01407588,0.00036082,0.10540974
2025-08-01,quality_momentum,15,000811.SZ,,0.98871875,0.00623672,0.02088278,0.09167205,0.17954834
2025-08-01,quality_momentum,16,600329.SH,,0.98791295,0.05210519,0.04719561,0.02652372,0.17381056
2025-08-01,quality_momentum,17,300199.SZ,,0.98710716,,,,
2025-08-01,quality_momentum,18,688621.SH,,0.98630136,0.09810002,0.05893332,0.04476665,0.29476668
2025-08-01,quality_momentum,19,603207.SH,,0.98549557,0.07377266,0.02584667,0.00931076,0.04602599
2025-08-01,quality_momentum,20,600711.SH,,0.98468977,0.00812507,-0.01693763,0.00561878,0.00436564
2025-08-04,quality_momentum,1,600418.SH,,1.0,-0.0016933,-0.00851293,-0.02835172,-0.03579129
2025-08-04,quality_momentum,2,002552.SZ,,0.9992218,-0.05017595,-0.0737391,-0.04270465,-0.06052075
2025-08-04,quality_momentum,3,600481.SH,,0.9984436,-0.00688342,-0.02183354,-0.01352794,0.0280003
2025-08-04,quality_momentum,4,300602.SZ,,0.99766535,0.07629425,0.05815641,0.13151394,0.4003572
2025-08-04,quality_momentum,5,300517.SZ,,0.99688715,-0.00664307,-0.0090146,0.07161778,0.01707235
2025-08-04,quality_momentum,6,002020.SZ,,0.99610895,-0.02118088,-0.02222308,0.00852206,0.00695872
2025-08-04,quality_momentum,7,688192.SH,,0.99533075,0.00357947,0.01029177,0.01412737,0.15481237
2025-08-04,quality_momentum,8,300238.SZ,,0.99455255,-0.02415841,-0.01927241,-0.05238862,-0.05727462
2025-08-04,quality_momentum,9,600486.SH,,0.99377429,-0.02837455,-0.04617122,-0.03719929,-0.0547019
2025-08-04,quality_momentum,10,688347.SH,,0.9929961,0.02028703,0.0408893,-0.00633738,
2025-08-04,quality_momentum,11,301251.SZ,,0.9922179,7.932e-05,0.0319685,0.29060064,0.33964388
2025-08-04,quality_momentum,12,002492.SZ,,0.9914397,0.00543134,0.04062199,0.10953691,0.10807067
2025-08-04,quality_momentum,13,688217.SH,,0.9906615,-0.00577096,-0.02609353,-0.00544836,-0.03189999
2025-08-04,quality_momentum,14,002695.SZ,,0.98988324,0.02792847,0.07565408,,-0.01755994
2025-08-04,quality_momentum,15,600212.SH,,0.98910505,0.03768324,-0.01648337,0.04497498,-0.01752506
2025-08-04,quality_momentum,16,688399.SH,,0.98832685,-0.01037457,0.02165937,0.03199828,0.11233731
2025-08-04,quality_momentum,17,605580.SH,,0.98754865,0.02579038,0.08180045,0.13214661,0.09942162
2025-08-04,quality_momentum,18,300639.SZ,,0.98677045,-0.01936723,-0.0353789,-0.02664528,-0.06303538
2025-08-04,quality_momentum,19,301528.SZ,,0.98599219,-0.01485258,-0.00923458,-0.00033948,-0.02967781
2025-08-04,quality_momentum,20,300642.SZ,,0.98521399,-0.08211394,-0.08853104,-0.06125831,0.02751176
2025-08-05,quality_momentum,1,002315.SZ,,1.0,0.03354776,-0.05040746,-0.03697466,-0.04816869
2025-08-05,quality_momentum,2,600418.SH,,0.99917901,-0.02028849,-0.02875957,-0.03764387,-0.04115623
2025-08-05,quality_momentum,3,002768.SZ,,0.99835795,0.03820691,0.06761871,0.0729663,0.28419622
2025-08-05,quality_momentum,4,301528.SZ,,0.99753696,0.001262,-0.00664309,0.04600512,-0.01691978
2025-08-05,quality_momentum,5,300642.SZ,,0.9967159,-0.02515575,0.00856514,0.01147214,0.3411233
2025-08-05,quality_momentum,6,688347.SH,,0.99589491,-0.00965194,-0.00034964,0.02368142,
2025-08-05,quality_momentum,7,300983.SZ,,0.99507391,-0.00454323,-0.01071061,0.00514845,-0.02392643
2025-08-05,quality_momentum,8,300142.SZ,,0.99425286,-0.02040484,-0.04261064,-0.04335084,-0.03964987
2025-08-05,quality_momentum,9,688488.SH,,0.99343187,-0.0602681,-0.05550337,-0.07992271,0.02907073
2025-08-05,quality_momentum,10,002414.SZ,,0.99261081,0.07079651,0.11221668,0.06910593,0.04797322
2025-08-05,quality_momentum,11,600288.SH,,0.99178982,,,,
2025-08-05,quality_momentum,12,002873.SZ,,0.99096882,-0.05955925,-0.05611688,-0.00792413,
2025-08-05,quality_momentum,13,688026.SH,,0.99014777,-0.02323988,0.01646236,0.04177252,-0.0157957
2025-08-05,quality_momentum,14,605050.SH,,0.98932678,-0.00133342,0.02019625,-0.14297653,-0.14240995
2025-08-05,quality_momentum,15,688046.SH,,0.98850572,-0.03264237,-0.04482344,-0.04482344,0.04276366
2025-08-05,quality_momentum,16,603608.SH,,0.98768473,0.01819275,0.03210313,0.005828,0.14647714
2025-08-05,quality_momentum,17,300586.SZ,,0.98686373,0.03239877,0.01486831,0.00419756,-0.02629022
2025-08-05,quality_momentum,18,600486.SH,,0.98604268,-0.00054019,-0.0229001,-0.01836768,-0.03815917
2025-08-05,quality_momentum,19,301591.SZ,,0.98522168,0.03867185,-0.00484302,0.01870122,0.00713932
2025-08-05,quality_momentum,20,600037.SH,,0.98440063,-0.00634932,-0.01858514,0.00477414,0.023684
2025-08-06,quality_momentum,1,688297.SH,,1.0,-0.01692503,-0.02360287,-0.06650767,-0.06400353
2025-08-06,quality_momentum,2,000811.SZ,,0.99923664,-0.0066733,0.06413025,0.08004111,0.11186292
2025-08-06,quality_momentum,3,300940.SZ,,0.99847329,-0.03256622,-0.03009884,-0.01494197,0.11935479
2025-08-06,quality_momentum,4,300722.SZ,,0.99770993,-0.00387046,-0.01864875,-0.05534822,-0.01988027
2025-08-06,quality_momentum,5,002873.SZ,,0.99694657,-0.03842969,0.06750646,0.02915022,0.28120511
2025-08-06,quality_momentum,6,002362.SZ,,0.99618322,0.01301401,-0.0344048,-0.03058069,-0.02943343
2025-08-06,quality_momentum,7,002971.SZ,,0.99541986,-0.00962339,0.00288119,0.07864429,0.04186612
2025-08-06,quality_momentum,8,301517.SZ,,0.9946565,0.07094094,0.02594498,,
2025-08-06,quality_momentum,9,300821.SZ,,0.99389315,0.00364536,0.03322017,-0.00652107,-0.04164115
2025-08-06,quality_momentum,10,603608.SH,,0.99312979,0.02840307,0.00870609,0.03749398,0.16022124
2025-08-06,quality_momentum,11,002324.SZ,,0.99236643,-0.00494872,0.00572197,0.07660616,0.08270367
2025-08-06,quality_momentum,12,002492.SZ,,0.99160308,-0.00049152,0.06570564,-0.02866057,0.03190285
2025-08-06,quality_momentum,13,002245.SZ,,0.99083972,0.01885475,0.052188,0.09684214,0.17168488
2025-08-06,quality_momentum,14,300142.SZ,,0.99007636,-0.01472053,-0.00944149,-0.01472053,-0.01321223
2025-08-06,quality_momentum,15,301015.SZ,,0.98931301,0.01374487,0.09788861,0.10169407,0.06786742
2025-08-06,quality_momentum,16,600966.SH,,0.98854959,-0.01713816,-0.03047151,-0.03999525,0.01714758
2025-08-06,quality_momentum,17,600841.SH,,0.98778623,-0.02189998,0.01952859,0.00952856,0.08524288
2025-08-06,quality_momentum,18,300602.SZ,,0.98702288,-0.03605352,0.03078453,0.09064498,0.28418152
2025-08-06,quality_momentum,19,603456.SH,,0.98625952,-0.01873876,0.00081585,0.0355796,0.00570456
2025-08-06,quality_momentum,20,000796.SZ,,0.98549616,-0.03503842,-0.02919051,-0.06622747,0.06437674
2025-08-07,quality_momentum,1,001283.SZ,,1.0,-0.02755514,-0.02976204,0.00485865,0.05892759
2025-08-07,quality_momentum,2,603268.SH,,0.99931461,0.08170001,0.0549,0.03729998,0.1381
2025-08-07,quality_momentum,3,301111.SZ,,0.99862921,-0.00945124,-0.02778996,-0.07417609,-0.05745549
2025-08-07,quality_momentum,4,001208.SZ,,0.99794382,0.00345984,-0.01185407,-0.02793368,-0.03176214
2025-08-07,quality_momentum,5,300602.SZ,,0.99725842,0.07414566,0.10836618,0.11216846,0.23878446
2025-08-07,quality_momentum,6,688370.SH,,0.99657297,0.02911739,0.03201237,0.01092054,0.233832
2025-08-07,quality_momentum,7,688102.SH,,0.99588758,0.08349769,0.04503612,0.04112482,0.0333021
2025-08-07,quality_momentum,8,300825.SZ,,0.99520218,-0.02095547,-0.02426947,-0.05492398,-0.01101348
2025-08-07,quality_momentum,9,002048.SZ,,0.99451679,-0.03751522,-0.01392594,-0.01392594,0.05267908
2025-08-07,quality_momentum,10,688399.SH,,0.9938314,-0.00852361,0.0497641,0.0810607,0.06483283
2025-08-07,quality_momentum,11,000811.SZ,,0.993146,0.07244057,0.06124951,0.05165721,0.10761243
2025-08-07,quality_momentum,12,600546.SH,,0.99246061,-0.01157111,-0.00576839,-0.02801217,-0.01253823
2025-08-07,quality_momentum,13,300293.SZ,,0.99177521,-0.03757493,-0.02359916,-0.07288199,-0.03720714
2025-08-07,quality_momentum,14,300236.SZ,,0.99108976,-0.01927148,0.07672856,0.04632851,0.24587138
2025-08-07,quality_momentum,15,600233.SH,,0.99040437,-0.00011635,-0.03281557,-0.05184054,0.06290389
2025-08-07,quality_momentum,16,688093.SH,,0.98971897,0.04245032,0.04216783,0.0158966,0.04555761
2025-08-07,quality_momentum,17,301251.SZ,,0.98903358,-0.01445049,0.24357969,0.25761931,0.18912317
2025-08-07,quality_momentum,18,002389.SZ,,0.98834819,-0.00634609,-0.03820978,-0.05710567,-0.05525313
2025-08-07,quality_momentum,19,300655.SZ,,0.98766279,-0.02132649,0.02492698,0.03972806,0.05082894
2025-08-07,quality_momentum,20,002030.SZ,,0.9869774,0.00091294,-0.01174531,-0.01877769,-0.01174531
2025-08-08,quality_momentum,1,601958.SH,,1.0,-0.00805381,0.02348464,0.06579237,0.11733081
2025-08-08,quality_momentum,2,002167.SZ,,0.99936748,-0.01866831,-0.00342435,-0.02857679,0.03087441
2025-08-08,quality_momentum,3,688567.SH,,0.99873495,0.00048101,0.03381431,0.05940957,0.07131437
2025-08-08,quality_momentum,4,688410.SH,,0.99810249,0.03368508,0.07047642,0.05358855,-0.01999404
2025-08-08,quality_momentum,5,002492.SZ,,0.99746996,0.05087779,-0.04217778,0.06615559,0.0133778
2025-08-08,quality_momentum,6,300409.SZ,,0.99683744,0.00350543,0.0629649,0.01864057,0.24026217
2025-08-08,quality_momentum,7,300964.SZ,,0.99620491,0.00781481,-0.00954782,-0.0010732,0.01091524
2025-08-08,quality_momentum,8,600841.SH,,0.99557245,0.02245531,0.01242663,-0.01336131,0.04824325
2025-08-08,quality_momentum,9,300866.SZ,,0.99493992,0.02313335,0.02779936,0.05572109,0.07712537
2025-08-08,quality_momentum,10,002121.SZ,,0.9943074,0.00384712,0.02396204,0.0368931,0.01677818
2025-08-08,quality_momentum,11,002912.SZ,,0.99367487,-0.0012036,-0.02000587,-0.03567434,-0.01164927
2025-08-08,quality_momentum,12,000811.SZ,,0.99304235,-0.00487618,0.01000474,0.0784571,0.0531595
2025-08-08,quality_momentum,13,605050.SH,,0.99240988,,-0.14824146,-0.16320815,-0.09280906
2025-08-08,quality_momentum,14,688197.SH,,0.99177736,0.01345133,0.21972162,0.1756135,0.1008027
2025-08-08,quality_momentum,15,603993.SH,,0.99114484,-0.01100937,0.07097447,0.14182465,0.14789753
2025-08-08,quality_momentum,16,688347.SH,,0.99051231,-0.02945416,0.05692358,,
2025-08-08,quality_momentum,17,603969.SH,,0.98987985,0.04733804,0.07781868,0.11181634,0.13995226
2025-08-08,quality_momentum,18,603608.SH,,0.98924732,-0.00488953,0.02351107,0.10123902,0.21334665
2025-08-08,quality_momentum,19,000970.SZ,,0.9886148,-0.01184317,-0.00900227,0.06841247,0.08829881
2025-08-08,quality_momentum,20,600884.SH,,0.98798227,0.00698892,0.02832224,0.04698891,0.04432226
2025-08-11,quality_momentum,1,000960.SZ,,1.0,0.00896956,-0.00733473,-0.00461742,0.10733909
2025-08-11,quality_momentum,2,002215.SZ,,0.99944198,-0.01073534,-0.0099321,0.05191525,0.03022849
2025-08-11,quality_momentum,3,605050.SH,,0.9988839,-0.11586845,-0.12521971,-0.12931087,-0.09015247
2025-08-11,quality_momentum,4,002480.SZ,,0.99832588,0.01462891,-0.05424161,-0.07077052,-0.01842898
2025-08-11,quality_momentum,5,688347.SH,,0.99776787,0.05110863,0.1122356,,
2025-08-11,quality_momentum,6,000408.SZ,,0.99720985,0.00826138,0.00049091,-0.01186211,0.00427659
2025-08-11,quality_momentum,7,300866.SZ,,0.99665177,-0.0055127,0.0008457,0.05677046,0.02786878
2025-08-11,quality_momentum,8,603269.SH,,0.99609375,0.01075824,-0.00461248,0.11202409,0.02070394
2025-08-11,quality_momentum,9,300517.SZ,,0.99553573,0.01061842,-0.0512372,-0.05271,-0.08363781
2025-08-11,quality_momentum,10,002298.SZ,,0.99497765,,,,
2025-08-11,quality_momentum,11,001206.SZ,,0.99441963,0.01549788,-0.03972146,-0.031779,-0.04501648
2025-08-11,quality_momentum,12,002396.SZ,,0.99386162,0.05989773,0.01390054,0.0978191,0.18138653
2025-08-11,quality_momentum,13,002783.SZ,,0.9933036,-0.00859855,-0.01816801,0.01436791,-0.01146937
2025-08-11,quality_momentum,14,000926.SZ,,0.99274552,0.05197208,0.038504,0.041871,0.014935
2025-08-11,quality_momentum,15,002736.SZ,,0.9921875,-0.00408026,0.00100699,0.02426279,0.11728603
2025-08-11,quality_momentum,16,000811.SZ,,0.99162948,-0.00936271,-0.01831791,0.11227904,0.059294
2025-08-11,quality_momentum,17,002379.SZ,,0.9910714,-0.0089922,-0.00383426,-0.02188711,0.06837727
2025-08-11,quality_momentum,18,603032.SH,,0.99051338,0.0202308,-0.06983613,-0.03638268,-0.00344394
2025-08-11,quality_momentum,19,600405.SH,,0.98995537,-0.00483255,-0.00483255,0.09487417,0.08900907
2025-08-11,quality_momentum,20,688778.SH,,0.98939735,-0.0213231,-0.02113074,0.0932923,0.07502309
2025-08-12,quality_momentum,1,002225.SZ,,1.0,0.00928888,0.06663153,0.00509305,-0.05364822
2025-08-12,quality_momentum,2,688016.SH,,0.99945712,0.00815867,-0.01279692,-0.02612465,-0.03375245
2025-08-12,quality_momentum,3,002971.SZ,,0.99891424,0.02537267,0.03131678,-0.00959232,-0.05819373
2025-08-12,quality_momentum,4,300517.SZ,,0.99837136,-0.0222636,-0.05062729,-0.04844547,-0.09644546
2025-08-12,quality_momentum,5,002192.SZ,,0.99782842,-0.00973154,-0.01189194,-0.04051739,-0.03430615
2025-08-12,quality_momentum,6,300229.SZ,,0.99728554,-0.00149282,0.0652824,0.0689469,0.12595022
2025-08-12,quality_momentum,7,000983.SZ,,0.99674267,-0.01670483,-0.02074252,-0.03554735,-0.00593769
2025-08-12,quality_momentum,8,300499.SZ,,0.99619979,0.08032222,0.21054444,0.44743334,0.3758777
2025-08-12,quality_momentum,9,688358.SH,,0.99565691,-0.0042054,-0.04224583,-0.01976746,-0.0186147
2025-08-12,quality_momentum,10,603173.SH,,0.99511403,-0.01752157,-0.02055911,0.02240028,0.05819982
2025-08-12,quality_momentum,11,688518.SH,,0.99457109,-0.0019,-0.00877582,0.00368657,-0.0212382
2025-08-12,quality_momentum,12,300655.SZ,,0.99402821,0.034136,0.07557752,0.03954143,0.05305495
2025-08-12,quality_momentum,13,605183.SH,,0.99348533,-0.01033885,-0.01830883,-0.00518178,-0.00893234
2025-08-12,quality_momentum,14,300033.SZ,,0.99294245,0.00124656,0.14050319,0.20471086,0.24455633
2025-08-12,quality_momentum,15,002167.SZ,,0.99239957,0.04442587,0.01806805,0.04202965,0.06918621
2025-08-12,quality_momentum,16,600673.SH,,0.99185669,0.0037215,0.08117307,0.15112928,0.28292196
2025-08-12,quality_momentum,17,300474.SZ,,0.99131382,0.00546345,0.04323068,-0.02802823,0.05486967
2025-08-12,quality_momentum,18,002515.SZ,,0.99077088,-0.00597058,-0.01953912,-0.03175073,-0.02496649
2025-08-12,quality_momentum,19,603987.SH,,0.990228,0.01226126,-0.0324011,-0.01497192,0.04711964
2025-08-12,quality_momentum,20,301252.SZ,,0.98968512,0.04749485,0.00889493,0.02983047,-0.01334908
2025-08-13,quality_momentum,1,002736.SZ,,1.0,-0.00694682,0.01612455,0.07091902,0.06515122
2025-08-13,quality_momentum,2,000960.SZ,,0.9994334,-0.02589992,-0.02323333,0.04076666,0.05090001
2025-08-13,quality_momentum,3,600037.SH,,0.99886686,-0.03616125,-0.03830259,-0.03616125,-0.03616125
2025-08-13,quality_momentum,4,300093.SZ,,0.99830025,-0.05352656,-0.01250823,-0.04150393,-0.02948137
2025-08-13,quality_momentum,5,300357.SZ,,0.99773371,-0.04157968,-0.01900961,-0.00444824,0.1222354
2025-08-13,quality_momentum,6,300655.SZ,,0.99716711,-0.02276956,0.03201305,0.02244784,-0.00276953
2025-08-13,quality_momentum,7,601958.SH,,0.99660057,-0.01015207,0.02585694,0.04086068,0.08512176
2025-08-13,quality_momentum,8,688206.SH,,0.99603397,-0.02819157,0.07422354,0.06872061,0.05985486
2025-08-13,quality_momentum,9,000776.SZ,,0.99546742,0.00540282,0.00588969,0.03169303,0.02487709
2025-08-13,quality_momentum,10,688318.SH,,0.99490082,-0.0407372,0.16837429,0.16946835,0.24831493
2025-08-13,quality_momentum,11,300969.SZ,,0.99433428,-0.04245388,0.0138161,0.04546793,-0.04025584
2025-08-13,quality_momentum,12,000519.SZ,,0.99376768,-0.06732054,-0.03545984,-0.05287705,-0.11022619
2025-08-13,quality_momentum,13,600580.SH,,0.99320114,,,,
2025-08-13,quality_momentum,14,002815.SZ,,0.99263453,-0.07196808,0.00490268,0.08721562,0.06340612
2025-08-13,quality_momentum,15,300586.SZ,,0.99206799,-0.04136394,-0.03093949,-0.04583151,0.01745959
2025-08-13,quality_momentum,16,688177.SH,,0.99150139,-0.00744872,0.04310626,0.10321714,-0.05307133
2025-08-13,quality_momentum,17,300803.SZ,,0.99093485,-0.04517228,0.2958469,0.3220629,0.49325691
2025-08-13,quality_momentum,18,688359.SH,,0.99036825,-0.02567129,0.01895461,-0.00321247,-0.00729599
2025-08-13,quality_momentum,19,300033.SZ,,0.9898017,-0.02121677,0.22794463,0.2031,0.23959068
2025-08-13,quality_momentum,20,002695.SZ,,0.9892351,-0.03215835,-0.02773026,-0.03511037,-0.09341292
2025-08-14,quality_momentum,1,002815.SZ,,1.0,0.00322075,0.12392301,0.06686372,0.34045558
2025-08-14,quality_momentum,2,300474.SZ,,0.99924815,0.05821321,-0.01406723,-0.02213853,0.04616647
2025-08-14,quality_momentum,3,000576.SZ,,0.99849623,-0.00978783,-0.0290691,-0.02994555,0.00861708
2025-08-14,quality_momentum,4,002161.SZ,,0.99774438,-0.01369254,0.10659047,0.0028169,-0.03491889
2025-08-14,quality_momentum,5,000776.SZ,,0.99699247,0.0304828,-0.0062499,0.00583322,0.05223241
2025-08-14,quality_momentum,6,600958.SH,,0.99624062,0.03987324,0.00236252,-0.00360501,-0.00701511
2025-08-14,quality_momentum,7,301538.SZ,,0.9954887,0.04062498,0.03724066,0.07961849,0.01046023
2025-08-14,quality_momentum,8,600331.SH,,0.99473685,0.050048,0.05604205,0.06703103,0.10699112
2025-08-14,quality_momentum,9,002736.SZ,,0.99398494,0.04520142,0.01331735,0.04737536,0.08867967
2025-08-14,quality_momentum,10,300456.SZ,,0.99323308,0.20341152,0.303003,0.2141368,0.25601624
2025-08-14,quality_momentum,11,603608.SH,,0.99248123,0.06766522,0.07491155,0.15462172,0.03867967
2025-08-14,quality_momentum,12,603259.SH,,0.99172932,0.00066282,-0.08575443,-0.05879391,-0.02004448
2025-08-14,quality_momentum,13,603920.SH,,0.99097747,0.00055307,0.00791198,0.00654916,0.00900224
2025-08-14,quality_momentum,14,300002.SZ,,0.99022555,-0.00534829,-0.02948622,-0.0212104,-0.04948624
2025-08-14,quality_momentum,15,000426.SZ,,0.9894737,0.01520256,-0.01497851,0.00265284,0.0374841
2025-08-14,quality_momentum,16,300409.SZ,,0.98872179,-0.00030847,0.1386835,0.09783476,0.14558009
2025-08-14,quality_momentum,17,688757.SH,,0.98796993,0.08266725,0.0365995,0.08727408,0.07049223
2025-08-14,quality_momentum,18,600037.SH,,0.98721802,-0.00633452,0.02027294,-0.00079134,0.00918647
2025-08-14,quality_momentum,19,688386.SH,,0.98646617,0.02190572,0.06541825,0.0785036,0.05422486
2025-08-14,quality_momentum,20,605289.SH,,0.98571426,0.03416962,0.00581144,-0.00588007,0.23989108
2025-08-15,quality_momentum,1,002736.SZ,,1.0,-0.02473735,0.02785775,0.07353252,0.02854985
2025-08-15,quality_momentum,2,300474.SZ,,0.99937147,-0.01894546,-0.05871818,0.04366821,-0.01553633
2025-08-15,quality_momentum,3,000776.SZ,,0.99874294,-0.03279886,-0.0079861,0.0514708,0.02759441
2025-08-15,quality_momentum,4,002921.SZ,,0.99811441,-0.03337843,-0.02269825,-0.05586295,-0.08565501
2025-08-15,quality_momentum,5,688097.SH,,0.99748588,-0.01600935,-0.01542147,0.00103951,0.06364966
2025-08-15,quality_momentum,6,601555.SH,,0.99685735,-0.00854768,-0.00474898,0.00284833,-0.03608805
2025-08-15,quality_momentum,7,600958.SH,,0.99622881,-0.02235827,-0.0199033,-0.00353672,-0.0509999
2025-08-15,quality_momentum,8,600731.SH,,0.99560022,-0.00554517,-0.02377113,-0.02377113,-0.09059983
2025-08-15,quality_momentum,9,688208.SH,,0.99497169,-0.03700602,0.01617706,0.03818391,0.11206394
2025-08-15,quality_momentum,10,688631.SH,,0.99434316,-0.01696951,-0.0705497,-0.06089737,-0.12639525
2025-08-15,quality_momentum,11,000408.SZ,,0.99371463,-0.01949586,-0.00743575,-0.01040136,0.0657157
2025-08-15,quality_momentum,12,300976.SZ,,0.9930861,0.00454621,0.00305861,0.01644709,0.04768678
2025-08-15,quality_momentum,13,002048.SZ,,0.99245757,-0.01999565,-0.00663939,-0.0143946,0.18465749
2025-08-15,quality_momentum,14,300655.SZ,,0.99182904,-0.00775291,-0.01695023,0.01315014,0.00395282
2025-08-15,quality_momentum,15,601688.SH,,0.99120051,-0.0188104,-0.01012673,0.02415118,0.00129921
2025-08-15,quality_momentum,16,300327.SZ,,0.99057198,-0.00442246,-0.0062243,-0.00586392,-0.02280089
2025-08-15,quality_momentum,17,002675.SZ,,0.98994344,-0.02071569,-0.02403617,-0.02957016,-0.07992992
2025-08-15,quality_momentum,18,002747.SZ,,0.98931491,0.00263611,0.00222373,-0.01097214,-0.0142711
2025-08-15,quality_momentum,19,300101.SZ,,0.98868638,-0.023878,-0.023878,-0.0019,0.04598074
2025-08-15,quality_momentum,20,688059.SH,,0.98805785,0.00109404,-0.00863656,-0.01088205,0.04750124
2025-08-18,quality_momentum,1,603799.SH,,1.0,-0.02828586,0.01140375,0.05508449,0.10031725
2025-08-18,quality_momentum,2,002736.SZ,,0.99935234,-0.00969041,0.02359575,0.08875153,0.03634363
2025-08-18,quality_momentum,3,601688.SH,,0.99870467,-0.01724171,-0.01352257,0.03436212,-0.00840867
2025-08-18,quality_momentum,4,002669.SZ,,0.99805701,-0.01980634,-0.02875952,-0.02531595,0.04286586
2025-08-18,quality_momentum,5,688567.SH,,0.99740934,0.004235,-0.01974717,-0.00859274,0.09960584
2025-08-18,quality_momentum,6,000776.SZ,,0.99676168,-0.00673091,0.00534637,0.06621599,0.04737535
2025-08-18,quality_momentum,7,002747.SZ,,0.99611402,0.00548917,-0.02160449,0.00836273,-0.02899359
2025-08-18,quality_momentum,8,002049.SZ,,0.99546629,-0.01346623,-0.02961082,-0.02599635,-0.01551439
2025-08-18,quality_momentum,9,600731.SH,,0.99481863,-0.03482683,-0.01653413,-0.02019264,-0.08848537
2025-08-18,quality_momentum,10,300678.SZ,,0.99417096,-0.02214086,-0.03136456,0.01142304,-0.01983498
2025-08-18,quality_momentum,11,688097.SH,,0.9935233,-0.02366506,-0.01800016,0.0100261,0.05743212
2025-08-18,quality_momentum,12,688079.SH,,0.99287564,0.00707956,0.1368755,0.07891631,0.00218165
2025-08-18,quality_momentum,13,002378.SZ,,0.99222797,0.00417293,0.0841324,0.36753325,0.60336317
2025-08-18,quality_momentum,14,300115.SZ,,0.99158031,-0.01368786,0.00595853,-0.00425763,0.03935737
2025-08-18,quality_momentum,15,301421.SZ,,0.99093264,-0.024546,-0.00404542,0.03504874,-0.00166167
2025-08-18,quality_momentum,16,300931.SZ,,0.99028498,0.0648373,0.01610848,0.01716783,0.08602382
2025-08-18,quality_momentum,17,600183.SH,,0.98963732,-0.02606642,-0.02315753,0.10573033,0.21380821
2025-08-18,quality_momentum,18,000408.SZ,,0.98898965,0.00111873,0.00433866,0.01440109,0.10536505
2025-08-18,quality_momentum,19,000630.SZ,,0.98834199,-0.03702887,-0.03234502,0.02854491,0.07538329
2025-08-18,quality_momentum,20,300347.SZ,,0.98769432,-0.0278151,-0.02254422,-0.00409624,-0.04743441
2025-08-19,quality_momentum,1,688208.SH,,1.0,0.01431333,0.03627989,0.04883214,0.02634264
2025-08-19,quality_momentum,2,000811.SZ,,0.99936867,0.00529426,0.01824391,0.02040219,-0.08391437
2025-08-19,quality_momentum,3,002281.SZ,,0.99873739,,,,
2025-08-19,quality_momentum,4,300474.SZ,,0.99810606,0.01029512,0.1201732,0.08322199,-0.00531462
2025-08-19,quality_momentum,5,600487.SH,,0.99747473,0.00026681,0.04252037,0.0528129,0.1064423
2025-08-19,quality_momentum,6,603456.SH,,0.99684346,-0.00779487,-0.01101038,-0.01261808,0.01149766
2025-08-19,quality_momentum,7,301075.SZ,,0.99621212,0.041622,0.13470379,0.04942078,-0.04340947
2025-08-19,quality_momentum,8,603799.SH,,0.99558079,0.03522143,0.1142467,0.07234285,0.08737358
2025-08-19,quality_momentum,9,600733.SH,,0.99494952,0.01338388,0.02102577,-0.02155069,-0.06412704
2025-08-19,quality_momentum,10,688045.SH,,0.99431819,-0.01024326,0.04935149,0.12897007,0.04577581
2025-08-19,quality_momentum,11,688687.SH,,0.99368685,-0.03262912,-0.03705625,-0.06257705,-0.14278543
2025-08-19,quality_momentum,12,002378.SZ,,0.99305558,0.07455871,0.30594702,0.40655063,0.63290872
2025-08-19,quality_momentum,13,603171.SH,,0.99242425,-0.01217079,0.15888427,0.12713823,0.03731564
2025-08-19,quality_momentum,14,301219.SZ,,0.99179292,0.05690434,0.12287601,0.08247855,0.15920116
2025-08-19,quality_momentum,15,688581.SH,,0.99116164,0.0623565,0.00290416,-0.02784286,-0.11479939
2025-08-19,quality_momentum,16,300347.SZ,,0.99053031,-0.00024663,-0.00084781,-0.01167004,-0.00610863
2025-08-19,quality_momentum,17,600150.SH,,0.98989898,-0.02274989,-0.02644475,-0.02802823,0.02317254
2025-08-19,quality_momentum,18,000630.SZ,,0.98926765,0.01266314,0.03693503,0.07819713,0.11217766
2025-08-19,quality_momentum,19,300643.SZ,,0.98863637,-0.0122017,-0.03280509,-0.03758805,-0.10491697
2025-08-19,quality_momentum,20,688456.SH,,0.98800504,0.1172489,0.06724896,0.06150427,0.05980215
2025-08-20,quality_momentum,1,603799.SH,,1.0,0.00161339,0.04487209,0.00468761,0.03740614
2025-08-20,quality_momentum,2,002738.SZ,,0.99943441,-0.00976628,-0.01099532,-0.03459416,-0.02082824
2025-08-20,quality_momentum,3,600549.SH,,0.99886876,-0.01045337,0.06541123,0.06392373,0.13235066
2025-08-20,quality_momentum,4,300131.SZ,,0.99830317,-0.03026139,-0.00610178,-0.0376143,0.02856218
2025-08-20,quality_momentum,5,605128.SH,,0.99773753,-0.024707,-0.00691254,-0.04450653,-0.0660604
2025-08-20,quality_momentum,6,000988.SZ,,0.99717194,-0.01233166,0.07579782,0.08730859,
2025-08-20,quality_momentum,7,300373.SZ,,0.99660635,-0.02477578,-0.00451437,0.06198889,0.0422177
2025-08-20,quality_momentum,8,300136.SZ,,0.9960407,-0.00823147,-0.0067417,0.01411487,-0.04659275
2025-08-20,quality_momentum,9,600712.SH,,0.99547511,0.02122926,-0.01958709,-0.05768229,0.05252178
2025-08-20,quality_momentum,10,000831.SZ,,0.99490952,0.02500187,0.08806695,0.05036016,0.23294012
2025-08-20,quality_momentum,11,688699.SH,,0.99434388,-0.04620695,-0.02120699,-0.04892974,-0.09645445
2025-08-20,quality_momentum,12,002378.SZ,,0.99377829,0.00090372,0.26258599,0.48127754,0.32146447
2025-08-20,quality_momentum,13,688687.SH,,0.99321264,-0.01640841,-0.01855776,-0.08921873,-0.12334009
2025-08-20,quality_momentum,14,300474.SZ,,0.99264705,-0.02202046,0.06785905,0.02436506,-0.04997226
2025-08-20,quality_momentum,15,300433.SZ,,0.99208146,0.02826919,0.05402346,0.12760696,0.11289025
2025-08-20,quality_momentum,16,002019.SZ,,0.99151582,-0.01806916,0.00120944,-0.05351692,-0.02801938
2025-08-20,quality_momentum,17,002466.SZ,,0.99095023,-0.01753234,0.02096513,-0.02476513,-0.02383193
2025-08-20,quality_momentum,18,688037.SH,,0.99038464,-0.01509282,0.0328385,-0.00408579,-0.01626377
2025-08-20,quality_momentum,19,601233.SH,,0.98981899,-0.0019,0.0249116,0.06476669,0.02853482
2025-08-20,quality_momentum,20,603087.SH,,0.9892534,-0.00823472,0.05216604,0.00472935,0.14969109
2025-08-21,quality_momentum,1,300573.SZ,,1.0,-0.01766075,-0.0418175,0.01003109,0.05480942
2025-08-21,quality_momentum,2,002792.SZ,,0.99947917,-0.02081894,-0.00946758,-0.02622435,-0.13757565
2025-08-21,quality_momentum,3,688699.SH,,0.99895835,0.04705103,0.01545297,0.01571203,-0.08374408
2025-08-21,quality_momentum,4,000811.SZ,,0.99843752,0.01971382,0.02187521,0.00170228,-0.10780776
2025-08-21,quality_momentum,5,301191.SZ,,0.99791664,0.08302046,0.15655282,0.12150461,-0.07121081
2025-08-21,quality_momentum,6,300818.SZ,,0.99739581,-0.01740381,-0.01260501,-0.03475341,-0.05284128
2025-08-21,quality_momentum,7,002222.SZ,,0.99687499,0.06825455,0.03710111,0.0913223,-0.0147419
2025-08-21,quality_momentum,8,603612.SH,,0.99635416,-0.0019,0.03686618,-0.00606839,0.03686618
2025-08-21,quality_momentum,9,605333.SH,,0.99583334,-0.01658937,-0.02139157,-0.06489444,-0.11150454
2025-08-21,quality_momentum,10,300647.SZ,,0.99531251,-0.00966196,-0.00448732,-0.0148366,-0.10280559
2025-08-21,quality_momentum,11,002245.SZ,,0.99479169,0.01665073,0.00389709,0.03462174,-0.00827682
2025-08-21,quality_momentum,12,301282.SZ,,0.99427086,0.04842975,-0.00155284,0.00122399,-0.0945761
2025-08-21,quality_momentum,13,300931.SZ,,0.99374998,-0.03103629,0.00746526,0.02099285,0.05221035
2025-08-21,quality_momentum,14,600684.SH,,0.99322915,0.01778502,6.855e-05,-0.02355357,0.08274573
2025-08-21,quality_momentum,15,000988.SZ,,0.99270833,0.09824538,0.09188406,0.17312727,0.16876522
2025-08-21,quality_momentum,16,002324.SZ,,0.9921875,-0.02409139,-0.02409139,0.0064218,-0.08511778
2025-08-21,quality_momentum,17,688312.SH,,0.99166667,0.02476667,0.03643335,0.02643334,-0.06323331
2025-08-21,quality_momentum,18,300736.SZ,,0.99114585,-0.01859317,0.04658964,0.01081859,-0.02018295
2025-08-21,quality_momentum,19,600692.SH,,0.99062502,0.02237746,0.02584575,0.02931393,-0.03426991
2025-08-21,quality_momentum,20,301328.SZ,,0.99010414,-0.010693,0.0024965,-0.01029332,-0.10841477
2025-08-22,quality_momentum,1,002222.SZ,,1.0,-0.04567783,-0.03967781,0.03098889,-0.05967781
2025-08-22,quality_momentum,2,688127.SH,,0.99950224,-0.01662843,0.0020889,0.05640007,-0.00588902
2025-08-22,quality_momentum,3,688138.SH,,0.99900448,-0.04595285,-0.07884564,-0.05035811,-0.1502113
2025-08-22,quality_momentum,4,300866.SZ,,0.99850672,-0.02365854,-0.06834251,-0.02908107,-0.06065495
2025-08-22,quality_momentum,5,603655.SH,,0.99800897,0.01749053,-0.02212159,0.09200575,0.02912493
2025-08-22,quality_momentum,6,688327.SH,,0.99751121,-0.03045597,-0.05847324,-0.05901204,-0.13498187
2025-08-22,quality_momentum,7,600233.SH,,0.99701345,-0.01819213,-0.02605724,-0.04178755,-0.00751795
2025-08-22,quality_momentum,8,600626.SH,,0.99651569,0.00469348,-0.02827359,-0.03486696,-0.03266917
2025-08-22,quality_momentum,9,600692.SH,,0.99601793,-0.02108737,-0.00641467,0.00261467,-0.00867195
2025-08-22,quality_momentum,10,000776.SZ,,0.99552017,-0.0192333,-0.06456662,-0.02456666,-0.08501114
2025-08-22,quality_momentum,11,002324.SZ,,0.99502242,-0.00899222,0.00873826,0.02008581,0.01228437
2025-08-22,quality_momentum,12,300608.SZ,,0.99452466,0.00095714,-0.05904287,-0.06047141,-0.09689999
2025-08-22,quality_momentum,13,688699.SH,,0.9940269,-0.02362842,-0.05128272,-0.04486301,-0.08659137
2025-08-22,quality_momentum,14,603920.SH,,0.99352914,-0.00964156,-0.05689194,0.05789713,0.05255812
2025-08-22,quality_momentum,15,688130.SH,,0.99303138,-0.02388635,-0.03791209,-0.04814713,-0.1197923
2025-08-22,quality_momentum,16,688409.SH,,0.99253362,-0.00042943,-0.03116467,0.04221765,-0.07528238
2025-08-22,quality_momentum,17,688786.SH,,0.99203587,-0.01705157,-0.02787403,-0.03761433,-0.00695055
2025-08-22,quality_momentum,18,002156.SZ,,0.99153811,-0.02741524,-0.03755584,0.1574065,0.03997111
2025-08-22,quality_momentum,19,688485.SH,,0.99104029,0.01962082,-0.01481244,-0.03346381,-0.02270344
2025-08-22,quality_momentum,20,300416.SZ,,0.99054253,0.06454142,0.0397666,0.06454142,-0.03680989
2025-08-25,quality_momentum,1,601288.SH,,1.0,-0.00051302,-0.03241318,-0.02686532,0.00364786
2025-08-25,quality_momentum,2,600895.SH,,0.99953705,0.00091689,0.14007189,0.0707761,-0.04978731
2025-08-25,quality_momentum,3,688085.SH,,0.9990741,0.06824388,0.03002452,0.06149929,-0.0063964
2025-08-25,quality_momentum,4,300909.SZ,,0.99861109,0.03263359,0.03735614,0.04975289,-0.00839354
2025-08-25,quality_momentum,5,688327.SH,,0.99814814,0.03803341,0.01307496,-0.03684182,-0.09507805
2025-08-25,quality_momentum,6,300319.SZ,,0.99768519,-0.01102543,0.00342318,-0.01863,-0.0695806
2025-08-25,quality_momentum,7,688102.SH,,0.99722224,-0.00071516,0.02475876,0.02475876,-0.05107059
2025-08-25,quality_momentum,8,000032.SZ,,0.99675924,0.05444921,0.11317937,,-0.01102696
2025-08-25,quality_momentum,9,300655.SZ,,0.99629629,-0.00699773,0.03038543,0.07201674,0.14933196
2025-08-25,quality_momentum,10,002222.SZ,,0.99583334,0.01343814,0.06642445,0.09291762,-0.03466778
2025-08-25,quality_momentum,11,300866.SZ,,0.99537039,-0.01291601,-0.00351381,0.00441491,-0.06175121
2025-08-25,quality_momentum,12,002338.SZ,,0.99490738,-0.02444546,-0.01153643,-0.01608188,-0.09953642
2025-08-25,quality_momentum,13,002049.SZ,,0.99444443,-0.00041848,0.02279132,0.00884077,-0.07881355
2025-08-25,quality_momentum,14,002902.SZ,,0.99398148,0.01224302,0.10042941,0.01765072,-0.03684177
2025-08-25,quality_momentum,15,688130.SH,,0.99351853,-0.00771394,0.00778992,-0.0232178,-0.09918676
2025-08-25,quality_momentum,16,301382.SZ,,0.99305558,0.05155996,0.02550837,-0.00814159,-0.04423386
2025-08-25,quality_momentum,17,601958.SH,,0.99259257,0.02604818,0.01377821,0.15283758,0.07035625
2025-08-25,quality_momentum,18,301308.SZ,,0.99212962,0.01140601,0.00117062,0.01140601,-0.02032374
2025-08-25,quality_momentum,19,300285.SZ,,0.99166667,-0.01816017,0.0012895,0.02256651,0.06647871
2025-08-25,quality_momentum,20,688138.SH,,0.99120373,-0.0206404,-0.00620107,-0.02524871,-0.10635467
2025-08-26,quality_momentum,1,300002.SZ,,1.0,-0.05669449,-0.05669449,-0.11491371,-0.08135205
2025-08-26,quality_momentum,2,301458.SZ,,0.99955297,-0.03834529,-0.01513019,-0.06605377,-0.10374726
2025-08-26,quality_momentum,3,301382.SZ,,0.99910593,-0.04878308,-0.04697984,-0.1003029,-0.08974131
2025-08-26,quality_momentum,4,603773.SH,,0.9986589,-0.05526569,0.09270276,0.0933092,0.15334557
2025-08-26,quality_momentum,5,300762.SZ,,0.99821192,0.00838008,-0.01537037,-0.09583831,-0.14085775
2025-08-26,quality_momentum,6,600487.SH,,0.99776489,-0.03220305,0.06641022,0.04894739,0.02583495
2025-08-26,quality_momentum,7,600895.SH,,0.99731785,-0.01566407,0.07029104,0.07675174,-0.07577634
2025-08-26,quality_momentum,8,600699.SH,,0.99687082,-0.03399305,0.00135581,-0.0019,0.23065812
2025-08-26,quality_momentum,9,600498.SH,,0.99642378,-0.02702936,0.01509924,-0.05511505,-0.10056963
2025-08-26,quality_momentum,10,002534.SZ,,0.99597675,-0.02604489,-0.09646743,-0.10518638,-0.08976049
2025-08-26,quality_momentum,11,600114.SH,,0.99552971,-0.04755587,0.03728231,-0.03631224,-0.03597154
2025-08-26,quality_momentum,12,300976.SZ,,0.99508268,-0.05688024,-0.03479674,-0.04043183,-0.06464748
2025-08-26,quality_momentum,13,300115.SZ,,0.9946357,-0.05600522,-0.00795371,-0.04919472,-0.05978879
2025-08-26,quality_momentum,14,688231.SH,,0.99418867,-0.0269112,0.01283868,-0.08407958,-0.09479865
2025-08-26,quality_momentum,15,603089.SH,,0.99374163,-0.03235373,-0.04602683,-0.0155731,0.02979667
2025-08-26,quality_momentum,16,603612.SH,,0.9932946,-0.04403486,0.06551575,0.01334878,0.11005825
2025-08-26,quality_momentum,17,000032.SZ,,0.99284756,-0.04397361,0.0048618,-0.13037485,-0.12511565
2025-08-26,quality_momentum,18,300047.SZ,,0.99240053,-0.0646848,-0.06772281,-0.12595068,-0.18974812
2025-08-26,quality_momentum,19,300709.SZ,,0.99195349,-0.05247339,-0.00866821,-0.00058395,-0.05623349
2025-08-26,quality_momentum,20,603131.SH,,0.99150646,-2.651e-05,0.01308828,-0.05342227,-0.01267281
2025-08-27,quality_momentum,1,002049.SZ,,1.0,0.01017168,-0.00360707,-0.07518373,-0.08737735
2025-08-27,quality_momentum,2,603863.SH,,0.99934429,0.01503071,-0.01336909,-0.01883061,0.15921419
2025-08-27,quality_momentum,3,300319.SZ,,0.99868852,0.02290617,0.00042561,-0.0491868,-0.08019458
2025-08-27,quality_momentum,4,300606.SZ,,0.99803281,0.01069228,0.01807402,-0.0826642,-0.14215182
2025-08-27,quality_momentum,5,688449.SH,,0.99737704,0.03247935,0.01548959,-0.04847204,-0.10243968
2025-08-27,quality_momentum,6,002902.SZ,,0.99672133,0.05052255,-0.02850842,-0.04757115,-0.11151081
2025-08-27,quality_momentum,7,601288.SH,,0.99606556,-0.0146119,-0.00896217,0.00374972,0.02634855
2025-08-27,quality_momentum,8,600487.SH,,0.99540985,0.09873563,0.1056212,0.14110843,0.08125674
2025-08-27,quality_momentum,9,688766.SH,,0.99475408,0.06192433,0.000684,-0.04350205,-0.0126235
2025-08-27,quality_momentum,10,301205.SZ,,0.99409837,0.09308411,0.10131917,0.11180015,-0.1373108
2025-08-27,quality_momentum,11,301382.SZ,,0.9934426,0.02134324,-0.0121703,-0.05054866,-0.03622434
2025-08-27,quality_momentum,12,300613.SZ,,0.99278688,0.01433083,-0.01903258,-0.08864481,-0.12687748
2025-08-27,quality_momentum,13,300165.SZ,,0.99213117,-0.02247611,-0.01424567,-0.06157077,0.0248489
2025-08-27,quality_momentum,14,300059.SZ,,0.9914754,0.0330908,0.05003374,-0.0239994,-0.0424156
2025-08-27,quality_momentum,15,002324.SZ,,0.99081969,0.01845093,-0.00681223,-0.06575962,-0.00400527
2025-08-27,quality_momentum,16,600114.SH,,0.99016392,0.02987439,0.08342663,0.02380513,-0.01296746
2025-08-27,quality_momentum,17,600933.SH,,0.98950821,0.02504454,-0.02274392,-0.0461298,-0.00545875
2025-08-27,quality_momentum,18,688327.SH,,0.98885244,0.04321702,-0.00818216,-0.07385889,-0.09670296
2025-08-27,quality_momentum,19,688017.SH,,0.98819673,0.01602352,0.02136679,0.04645976,0.09238476
2025-08-27,quality_momentum,20,605020.SH,,0.98754096,0.01451031,0.01040775,-0.02104526,-0.06036152
2025-08-28,quality_momentum,1,300655.SZ,,1.0,-0.0117765,-0.01424569,0.00468439,0.13637159
2025-08-28,quality_momentum,2,002222.SZ,,0.99937069,0.00919422,-0.03300726,-0.09891979,-0.08543277
2025-08-28,quality_momentum,3,300319.SZ,,0.99874133,-0.01702854,-0.06392723,-0.09418438,-0.05258074
2025-08-28,quality_momentum,4,601233.SH,,0.99811202,0.00015761,-0.0142457,-0.01767502,0.01113153
2025-08-28,quality_momentum,5,002049.SZ,,0.99748272,-0.01093613,-0.0635867,-0.12238193,-0.0669602
2025-08-28,quality_momentum,6,300131.SZ,,0.99685335,0.00729307,0.00831454,-0.05501537,0.07266593
2025-08-28,quality_momentum,7,300416.SZ,,0.99622405,-0.0375415,-0.08845804,-0.14904861,-0.11900794
2025-08-28,quality_momentum,8,002316.SZ,,0.99559474,-0.01026124,-0.00691676,-0.03200031,-0.04872278
2025-08-28,quality_momentum,9,600933.SH,,0.99496537,-0.01279109,-0.03754351,-0.09645446,-0.01328615
2025-08-28,quality_momentum,10,300976.SZ,,0.99433607,0.00924654,0.00335482,-0.03772802,-0.01623118
2025-08-28,quality_momentum,11,301280.SZ,,0.99370676,-0.02128553,-0.03408725,-0.06353132,-0.03774493
2025-08-28,quality_momentum,12,603173.SH,,0.9930774,0.03910578,-0.03555571,-0.06379555,-0.0154397
2025-08-28,quality_momentum,13,300623.SZ,,0.99244809,-0.01375767,-0.08208063,-0.12668825,-0.12894688
2025-08-28,quality_momentum,14,300762.SZ,,0.99181873,0.00170622,-0.0801546,-0.13208388,-0.0823183
2025-08-28,quality_momentum,15,600595.SH,,0.99118942,-0.0182935,-0.05290182,-0.08751023,-0.02375794
2025-08-28,quality_momentum,16,001270.SZ,,0.99056011,0.01874511,-0.02770645,-0.09458822,-0.03093227
2025-08-28,quality_momentum,17,688488.SH,,0.98993075,-0.02138425,-0.05404899,-0.05003754,-0.10906337
2025-08-28,quality_momentum,18,688322.SH,,0.98930144,-0.04214242,-0.05528971,-0.11519602,0.01524874
2025-08-28,quality_momentum,19,688180.SH,,0.98867214,0.02855573,0.07435376,0.01710623,0.10091662
2025-08-28,quality_momentum,20,600879.SH,,0.98804277,0.03494662,-0.02846387,-0.12786406,-0.10387092
2025-08-29,quality_momentum,1,300416.SZ,,1.0,-0.02196332,-0.08426542,-0.09693692,-0.094825
2025-08-29,quality_momentum,2,600933.SH,,0.99925596,-0.03793598,-0.06095902,-0.0394375,-0.01741546
2025-08-29,quality_momentum,3,300763.SZ,,0.99851191,0.01684261,0.09018976,0.39995952,0.23791704
2025-08-29,quality_momentum,4,600895.SH,,0.99776787,-0.00425784,,-0.09333301,-0.05062936
2025-08-29,quality_momentum,5,002466.SZ,,0.99702382,-0.00121805,-0.04895623,0.05333974,-0.0007634
2025-08-29,quality_momentum,6,300131.SZ,,0.99627978,0.02036723,-0.00898499,0.05073153,0.10336315
2025-08-29,quality_momentum,7,603203.SH,,0.99553573,0.03132786,-0.04462153,-0.04114049,0.03259373
2025-08-29,quality_momentum,8,600595.SH,,0.99479169,-0.0204185,-0.07041849,-0.04634438,0.02958149
2025-08-29,quality_momentum,9,300415.SZ,,0.99404764,0.01693089,-0.01523856,0.07695443,0.0506696
2025-08-29,quality_momentum,10,300213.SZ,,0.9933036,0.03792299,-0.01517439,-0.05145756,-0.01428941
2025-08-29,quality_momentum,11,688390.SH,,0.99255955,0.02192372,0.05885048,0.18928525,0.10788763
2025-08-29,quality_momentum,12,002792.SZ,,0.99181545,0.00475927,-0.08292107,-0.10123408,-0.065163
2025-08-29,quality_momentum,13,300672.SZ,,0.9910714,-0.03341518,-0.13775855,-0.1301828,-0.051496
2025-08-29,quality_momentum,14,300059.SZ,,0.99032736,-0.0098889,-0.07970479,-0.08491494,-0.06581111
2025-08-29,quality_momentum,15,300596.SZ,,0.98958331,-0.01592634,-0.08220796,-0.03380319,-0.03490329
2025-08-29,quality_momentum,16,300249.SZ,,0.98883927,-0.00501686,-0.14319867,-0.14423765,-0.11826362
2025-08-29,quality_momentum,17,000408.SZ,,0.98809522,0.01698888,0.02328518,0.05657054,0.06581731
2025-08-29,quality_momentum,18,002459.SZ,,0.98735118,0.00285439,-0.00744673,0.11299698,0.0448512
2025-08-29,quality_momentum,19,301358.SZ,,0.98660713,-0.01089672,-0.00408102,0.14041187,0.11887424
2025-08-29,quality_momentum,20,300207.SZ,,0.98586309,-0.02998548,0.00363794,0.1618658,0.14683421
2025-09-01,quality_momentum,1,002517.SZ,,1.0,0.00571986,-0.01803631,0.07385079,0.12584533
2025-09-01,quality_momentum,2,603296.SH,,0.99916315,-0.04411051,-0.11874208,-0.09979471,-0.05611053
2025-09-01,quality_momentum,3,603306.SH,,0.99832636,-0.02254269,-0.08680749,-0.08486012,-0.05642779
2025-09-01,quality_momentum,4,300657.SZ,,0.99748951,-0.06253978,-0.13180265,-0.13180265,-0.06893755
2025-09-01,quality_momentum,5,300443.SZ,,0.99665272,-0.00683923,-0.01785743,0.06192979,0.041793
2025-09-01,quality_momentum,6,002222.SZ,,0.99581587,-0.0564532,-0.12077074,-0.11843576,-0.10803461
2025-09-01,quality_momentum,7,300655.SZ,,0.99497908,-0.05253296,-0.03433672,0.07009369,0.01946073
2025-09-01,quality_momentum,8,300249.SZ,,0.99414223,-0.08840338,-0.17073796,-0.13113405,-0.1201908
2025-09-01,quality_momentum,9,300601.SZ,,0.99330544,-0.01616462,-0.09043916,-0.06633685,-0.10863887
2025-09-01,quality_momentum,10,603799.SH,,0.9924686,-0.0397193,-0.05480687,0.05422554,0.04859288
2025-09-01,quality_momentum,11,603989.SH,,0.99163181,-0.0576582,-0.06339038,-0.02378644,-0.01909642
2025-09-01,quality_momentum,12,600692.SH,,0.99079496,-0.01291326,-0.08009384,-0.05476339,-0.07678991
2025-09-01,quality_momentum,13,688085.SH,,0.98995817,0.03826915,-0.04206906,-0.06574778,-0.15623404
2025-09-01,quality_momentum,14,688516.SH,,0.98912132,-0.01745877,-0.05659119,0.03534653,0.07872232
2025-09-01,quality_momentum,15,000034.SZ,,0.98828453,-0.05318762,-0.11756529,-0.09846657,-0.06649231
2025-09-01,quality_momentum,16,002245.SZ,,0.98744768,-0.03739641,-0.05126218,-0.01465647,-0.02020285
2025-09-01,quality_momentum,17,301015.SZ,,0.98661089,-0.01917451,-0.00074841,0.11441477,0.18312876
2025-09-01,quality_momentum,18,000887.SZ,,0.98577404,0.00215223,-0.0703377,0.00260246,0.02016207
2025-09-01,quality_momentum,19,301308.SZ,,0.98493725,-0.04341515,-0.12311207,-0.03321309,0.11678691
2025-09-01,quality_momentum,20,688667.SH,,0.9841004,-0.04995563,-0.11690005,-0.05981673,-0.06995556
2025-09-02,quality_momentum,1,300083.SZ,,1.0,-0.0440568,-0.03131178,-0.04209606,0.05692357
2025-09-02,quality_momentum,2,603203.SH,,0.99893504,-0.06536755,-0.06196196,-0.05793721,0.00460155
2025-09-02,quality_momentum,3,002138.SZ,,0.99787009,-0.01163932,0.00182388,-0.05031017,-0.00562388
2025-09-02,quality_momentum,4,601059.SH,,0.99680513,-0.07647451,-0.06196006,-0.06496304,-0.03593405
2025-09-02,quality_momentum,5,605376.SH,,0.99574018,-0.02075589,0.0332695,-0.00550168,0.13581194
2025-09-02,quality_momentum,6,300059.SZ,,0.99467516,-0.05638719,-0.06172907,-0.0674271,-0.01863792
2025-09-02,quality_momentum,7,001238.SZ,,0.9936102,0.00412659,0.04832098,0.00914863,0.02622384
2025-09-02,quality_momentum,8,301029.SZ,,0.99254525,-0.05086817,-0.02603426,-0.01344249,0.04881709
2025-09-02,quality_momentum,9,000887.SZ,,0.99148029,-0.02432153,-0.04001663,-0.00548747,0.09675469
2025-09-02,quality_momentum,10,300373.SZ,,0.99041533,-0.00346249,-0.00940003,-0.0120563,0.05850416
2025-09-02,quality_momentum,11,688516.SH,,0.98935038,-0.00573138,0.03976668,0.01989118,0.07568628
2025-09-02,quality_momentum,12,300909.SZ,,0.98828542,-0.01342904,-0.00493393,0.01084278,0.027833
2025-09-02,quality_momentum,13,688208.SH,,0.98722047,-0.01614217,-0.02707807,-0.08379222,-0.02606072
2025-09-02,quality_momentum,14,601231.SH,,0.98615551,-0.00993431,-0.01529054,0.00024239,-0.00457817
2025-09-02,quality_momentum,15,002517.SZ,,0.98509049,0.01455911,0.01455911,0.07416759,0.14133848
2025-09-02,quality_momentum,16,603236.SH,,0.98402554,-0.0196425,-0.05663133,-0.07006357,0.01935101
2025-09-02,quality_momentum,17,300260.SZ,,0.98296058,-0.01185142,-0.07228832,-0.07568641,-0.03054074
2025-09-02,quality_momentum,18,688333.SH,,0.98189563,-0.02852252,-0.00587348,-0.03766152,0.01968948
2025-09-02,quality_momentum,19,603296.SH,,0.98083067,-0.01739621,-0.02926563,-0.08410684,0.02019035
2025-09-02,quality_momentum,20,300223.SZ,,0.97976571,-0.02800389,-0.0455363,-0.07189997,0.07602216
2025-09-03,quality_momentum,1,603118.SH,,1.0,-0.04429213,-0.05186216,-0.08138527,0.01702501
2025-09-03,quality_momentum,2,002517.SZ,,0.99873418,-0.04128734,0.04842825,0.04711531,0.22348289
2025-09-03,quality_momentum,3,600699.SH,,0.99746835,0.00175131,0.18385995,0.2075934,0.68134965
2025-09-03,quality_momentum,4,300260.SZ,,0.99620253,-0.08746023,-0.02592548,-0.09236336,-0.04504784
2025-09-03,quality_momentum,5,300213.SZ,,0.9949367,-0.07095825,-0.06109281,-0.08799866,0.02052153
2025-09-03,quality_momentum,6,002859.SZ,,0.99367088,-0.02319848,0.0997833,0.07333192,0.11111965
2025-09-03,quality_momentum,7,000938.SZ,,0.99240506,-0.04029499,-0.05032616,-0.08007365,0.0178164
2025-09-03,quality_momentum,8,300655.SZ,,0.99113923,-0.05236585,0.05011865,0.05089501,0.02682671
2025-09-03,quality_momentum,9,301227.SZ,,0.98987341,-0.0386477,0.03658374,0.03224353,0.04526432
2025-09-03,quality_momentum,10,000425.SZ,,0.98860759,-0.01886608,-0.01487401,-0.01786809,-0.00688997
2025-09-03,quality_momentum,11,301362.SZ,,0.98734176,-0.05873946,-0.06040509,-0.10225393,-0.06706761
2025-09-03,quality_momentum,12,603297.SH,,0.98607594,-0.0942424,-0.04628816,-0.08504566,0.11502938
2025-09-03,quality_momentum,13,688390.SH,,0.98481011,-0.02230053,0.05742993,0.01026548,0.0181262
2025-09-03,quality_momentum,14,301358.SZ,,0.98354429,0.00957542,0.11859173,0.07159725,0.17214367
2025-09-03,quality_momentum,15,600722.SH,,0.98227847,-0.02810085,-0.01500039,0.03303454,-0.01063362
2025-09-03,quality_momentum,16,300207.SZ,,0.98101264,-0.01881578,0.13893405,0.07913858,0.21092457
2025-09-03,quality_momentum,17,600748.SH,,0.97974682,-0.01156183,0.0971339,0.06331739,0.10196481
2025-09-03,quality_momentum,18,605588.SH,,0.97848099,-0.03810966,-0.01198823,-0.03144422,-0.00334115
2025-09-03,quality_momentum,19,301216.SZ,,0.97721517,-0.0081112,0.07094016,0.16693114,0.10651326
2025-09-03,quality_momentum,20,300415.SZ,,0.97594935,-0.02575693,0.10704629,0.08398463,0.14004824
2025-09-04,quality_momentum,1,002475.SZ,,1.0,0.10472758,0.04138227,0.21992147,0.22240116
2025-09-04,quality_momentum,2,603087.SH,,0.99846393,0.04143292,0.03892485,0.04157226,0.00437004
2025-09-04,quality_momentum,3,301216.SZ,,0.9969278,0.06684995,0.11173631,0.21457725,0.11003176
2025-09-04,quality_momentum,4,601899.SH,,0.99539173,0.0783859,0.03004622,0.09099619,0.02458171
2025-09-04,quality_momentum,5,688097.SH,,0.9938556,0.03419586,0.08646263,0.08184243,0.06624893
2025-09-04,quality_momentum,6,300207.SZ,,0.99231952,0.17537089,0.12655141,0.12335012,0.1685682
2025-09-04,quality_momentum,7,688598.SH,,0.99078339,0.07158241,0.14730135,0.18116708,0.13548017
2025-09-04,quality_momentum,8,002555.SZ,,0.98924732,0.03308985,0.12893164,0.12741029,0.16645693
2025-09-04,quality_momentum,9,002156.SZ,,0.98771119,0.01502208,0.00672068,0.04886622,0.11559684
2025-09-04,quality_momentum,10,600438.SH,,0.98617512,0.06360218,0.00508689,-0.01980392,-0.03290433
2025-09-04,quality_momentum,11,688472.SH,,0.98463899,0.20337308,0.21373086,0.16100022,0.09885329
2025-09-04,quality_momentum,12,688203.SH,,0.98310292,-0.00253655,0.04647678,0.0311999,-0.03881915
2025-09-04,quality_momentum,13,688627.SH,,0.98156685,0.0086714,-0.00123336,0.07638571,0.40286194
2025-09-04,quality_momentum,14,600545.SH,,0.98003072,-0.0019,-0.05274749,0.06589663,0.0353881
2025-09-04,quality_momentum,15,300750.SZ,,0.97849464,0.11180464,0.05842011,0.08479558,0.21517244
2025-09-04,quality_momentum,16,301358.SZ,,0.97695851,0.12992059,0.09210322,0.0802177,0.12802975
2025-09-04,quality_momentum,17,601020.SH,,0.97542244,0.05243901,0.03135216,0.08812426,-0.00068353
2025-09-04,quality_momentum,18,000426.SZ,,0.97388631,0.06482715,0.04712405,0.08752348,0.09660204
2025-09-04,quality_momentum,19,300709.SZ,,0.97235024,0.03683238,-0.11633658,-0.10506899,-0.04644227
2025-09-04,quality_momentum,20,600487.SH,,0.97081411,0.04060907,0.03542503,0.07897089,0.20079567
2025-09-05,quality_momentum,1,688180.SH,,1.0,-0.02243388,-0.05980554,-0.00641748,-0.09738257
2025-09-05,quality_momentum,2,300587.SZ,,0.99863386,-0.01202375,0.00709887,0.00709887,0.00709887
2025-09-05,quality_momentum,3,603799.SH,,0.99726778,0.01298496,-0.01601172,0.01298496,0.04159509
2025-09-05,quality_momentum,4,002555.SZ,,0.99590164,,,,
2025-09-05,quality_momentum,5,603013.SH,,0.99453551,0.02976866,0.02246054,-0.0039301,0.13614302
2025-09-05,quality_momentum,6,300415.SZ,,0.99316943,0.01228181,-0.00880913,-0.02626366,0.00937271
2025-09-05,quality_momentum,7,603608.SH,,0.99180329,0.0083171,-0.03893703,-0.03510559,-0.05937124
2025-09-05,quality_momentum,8,300285.SZ,,0.99043715,0.03820574,0.03423928,0.03820574,-0.01864749
2025-09-05,quality_momentum,9,603308.SH,,0.98907101,0.00594308,-0.03882812,0.03077972,0.02130259
2025-09-05,quality_momentum,10,600150.SH,,0.98770493,-0.02768496,-0.03559921,-0.03151445,-0.10299774
2025-09-05,quality_momentum,11,601099.SH,,0.98633879,0.00453781,0.01526737,0.05174807,0.00239184
2025-09-05,quality_momentum,12,688516.SH,,0.98497266,0.00959427,-0.01753212,0.04821494,0.1176403
2025-09-05,quality_momentum,13,688283.SH,,0.98360658,0.03540928,-0.0134884,-0.02959924,-0.06945227
2025-09-05,quality_momentum,14,003022.SZ,,0.98224044,0.04172746,0.03094318,0.07653134,0.04466865
2025-09-05,quality_momentum,15,600684.SH,,0.9808743,0.05940272,0.10921119,0.09963261,0.20499663
2025-09-05,quality_momentum,16,002326.SZ,,0.97950822,,,,
2025-09-05,quality_momentum,17,001288.SZ,,0.97814208,0.00320004,0.00398463,0.03654643,0.03262336
2025-09-05,quality_momentum,18,600881.SH,,0.97677594,-0.01559862,-0.02473103,0.01636482,-0.04756216
2025-09-05,quality_momentum,19,603290.SH,,0.97540987,-0.00991884,-0.03359814,0.03583582,0.0073453
2025-09-05,quality_momentum,20,000428.SZ,,0.97404373,-0.00451096,0.00332193,-0.01756578,0.05554132
2025-09-08,quality_momentum,1,601100.SH,,1.0,-0.02313834,0.00944962,0.03956539,0.04057668
2025-09-08,quality_momentum,2,600503.SH,,0.99862635,,,,
2025-09-08,quality_momentum,3,601311.SH,,0.99725276,0.03242281,0.01108698,0.03984389,-0.00097241
2025-09-08,quality_momentum,4,301035.SZ,,0.99587911,0.00370941,-0.00725437,-0.02166033,-0.04575519
2025-09-08,quality_momentum,5,300260.SZ,,0.99450547,-0.04334692,-0.02526094,-0.05414823,0.05486963
2025-09-08,quality_momentum,6,600684.SH,,0.99313188,-0.00370501,0.09376791,0.06849709,0.0901578
2025-09-08,quality_momentum,7,002850.SZ,,0.99175823,-0.02498215,0.0316617,0.04248353,0.19433293
2025-09-08,quality_momentum,8,000568.SZ,,0.99038464,0.00448399,0.00563168,-0.00354989,-0.04379088
2025-09-08,quality_momentum,9,301029.SZ,,0.98901099,-0.02404535,0.02924185,0.01574706,0.11955332
2025-09-08,quality_momentum,10,300568.SZ,,0.98763734,-0.01721728,0.05645155,0.05061638,0.00320574
2025-09-08,quality_momentum,11,300174.SZ,,0.98626375,-0.02178952,0.00914976,-0.0267619,-0.06819834
2025-09-08,quality_momentum,12,600298.SH,,0.9848901,0.00558796,0.00268939,-0.01639271,-0.054557
2025-09-08,quality_momentum,13,300287.SZ,,0.98351645,0.00253783,-0.0107758,-0.04184089,-0.09509528
2025-09-08,quality_momentum,14,000301.SZ,,0.98214287,3.232e-05,-0.01639281,-0.03185173,-0.08499184
2025-09-08,quality_momentum,15,001301.SZ,,0.98076922,-0.04277679,-0.05506938,0.03171968,-0.01463698
2025-09-08,quality_momentum,16,688122.SH,,0.97939563,-0.04573871,-0.03585509,-0.066303,-0.06933184
2025-09-08,quality_momentum,17,002138.SZ,,0.97802198,-0.03844287,0.03638304,-0.00973062,0.04218351
2025-09-08,quality_momentum,18,300967.SZ,,0.97664833,-0.02210201,-0.0737294,-0.07634818,-0.10103953
2025-09-08,quality_momentum,19,301015.SZ,,0.97527474,0.05277673,0.0703146,0.05965432,-0.02253274
2025-09-08,quality_momentum,20,301358.SZ,,0.97390109,-0.01433593,-0.02506507,0.07174065,0.00517145
2025-09-09,quality_momentum,1,600418.SH,,1.0,0.01847034,0.02032224,0.04254447,-0.07412225
2025-09-09,quality_momentum,2,688180.SH,,0.99864501,-0.05592059,-0.00231238,-0.03633295,-0.14829172
2025-09-09,quality_momentum,3,688478.SH,,0.99728996,-0.04453155,0.02362635,0.05783686,-0.00268944
2025-09-09,quality_momentum,4,688097.SH,,0.99593496,-0.01994194,-0.02975882,-0.01861525,-0.00136936
2025-09-09,quality_momentum,5,002723.SZ,,0.99457997,-0.01607007,-0.00999716,0.03858579,-0.05048305
2025-09-09,quality_momentum,6,600748.SH,,0.99322492,-0.01532281,0.02270853,0.01823426,-0.02874561
2025-09-09,quality_momentum,7,600521.SH,,0.99186993,-0.06391549,-0.00312402,-0.03617171,-0.11165114
2025-09-09,quality_momentum,8,600884.SH,,0.99051493,-0.00037681,0.12376638,0.091017,0.07349983
2025-09-09,quality_momentum,9,000425.SZ,,0.98915988,-0.02080547,-0.03871592,-0.03274574,0.02098562
2025-09-09,quality_momentum,10,603816.SH,,0.98780489,-0.0217527,-0.04128523,-0.03071843,-0.0095849
2025-09-09,quality_momentum,11,300124.SZ,,0.98644984,-0.0003787,0.0072278,0.05667001,0.04551374
2025-09-09,quality_momentum,12,601233.SH,,0.98509485,-0.01539527,-0.01472055,-0.02416726,-0.08017264
2025-09-09,quality_momentum,13,603799.SH,,0.98373985,0.002037,0.03156452,0.01778501,0.03530468
2025-09-09,quality_momentum,14,000301.SZ,,0.9823848,-0.04047277,-0.0346869,-0.05397328,-0.10797516
2025-09-09,quality_momentum,15,600196.SH,,0.98102981,-0.06030324,-0.02240329,-0.00873443,-0.06372043
2025-09-09,quality_momentum,16,300573.SZ,,0.97967482,-0.02533754,0.00716803,-0.0019,-0.07440661
2025-09-09,quality_momentum,17,301305.SZ,,0.97831976,0.0090091,0.00264549,-0.02326359,-0.06235451
2025-09-09,quality_momentum,18,600486.SH,,0.97696477,-0.0360947,-0.020694,-0.04014071,-0.11322862
2025-09-09,quality_momentum,19,601100.SH,,0.97560978,0.002348,-0.01039591,0.09270396,0.0460909
2025-09-09,quality_momentum,20,601061.SH,,0.97425473,-0.00611496,0.01495983,-0.01770607,-0.05880198
2025-09-10,quality_momentum,1,000596.SZ,,1.0,-0.00443672,-0.03285991,-0.05828514,-0.09904609
2025-09-10,quality_momentum,2,601311.SH,,0.99874842,-0.00463974,0.02367071,0.02641045,0.00266621
2025-09-10,quality_momentum,3,002050.SZ,,0.99749684,0.04850513,0.08360859,0.28852912,0.34793507
2025-09-10,quality_momentum,4,300287.SZ,,0.99624532,-0.01223976,-0.04325897,-0.03882762,-0.13336232
2025-09-10,quality_momentum,5,600531.SH,,0.99499375,0.02449299,0.19849096,0.07141382,0.1095369
2025-09-10,quality_momentum,6,300792.SZ,,0.99374217,-0.01652802,-0.02897743,0.02517754,-0.04983021
2025-09-10,quality_momentum,7,301053.SZ,,0.99249059,0.00869498,-0.02064487,-0.01792827,0.02499485
2025-09-10,quality_momentum,8,300568.SZ,,0.99123907,0.01207627,0.00648576,-0.02146671,-0.03194888
2025-09-10,quality_momentum,9,300052.SZ,,0.98998749,-0.02346553,0.03643862,-0.00269874,-0.0418361
2025-09-10,quality_momentum,10,301358.SZ,,0.98873591,0.01769782,0.11874141,0.09176248,0.09252601
2025-09-10,quality_momentum,11,001288.SZ,,0.98748434,0.01214059,-0.0042401,0.0335914,0.01955089
2025-09-10,quality_momentum,12,600362.SH,,0.98623282,0.02527769,0.07475509,0.04513834,0.07370975
2025-09-10,quality_momentum,13,600521.SH,,0.98498124,0.08552926,0.04203211,0.0385523,-0.03104312
2025-09-10,quality_momentum,14,001223.SZ,,0.98372966,0.02577524,-0.01075607,-0.02219524,-0.03511037
2025-09-10,quality_momentum,15,300750.SZ,,0.98247808,0.0308999,0.12663758,0.18520193,0.19157173
2025-09-10,quality_momentum,16,000830.SZ,,0.9812265,0.00017179,-0.00604365,-0.03159618,-0.05093319
2025-09-10,quality_momentum,17,600418.SH,,0.97997499,-0.00226292,0.04710183,0.05000564,-0.07104696
2025-09-10,quality_momentum,18,000568.SZ,,0.97872341,0.00860358,-0.00060507,-0.01592875,-0.05333886
2025-09-10,quality_momentum,19,601233.SH,,0.97747183,0.00835988,-0.02105187,-0.01284396,-0.04020374
2025-09-10,quality_momentum,20,002692.SZ,,0.97622025,0.051168,-0.0234588,-0.03175071,-0.10637759
2025-09-11,quality_momentum,1,002138.SZ,,1.0,-0.02201169,-0.03039159,-0.04128549,0.02072569
2025-09-11,quality_momentum,2,300750.SZ,,0.99900693,0.05980606,0.09291442,0.11807551,0.20098432
2025-09-11,quality_momentum,3,002714.SZ,,0.99801391,-0.00015785,-0.00259687,-0.05590699,-0.08325889
2025-09-11,quality_momentum,4,300433.SZ,,0.99702084,-0.01253472,0.01139346,0.04130374,0.1164117
2025-09-11,quality_momentum,5,002276.SZ,,0.99602783,-0.01434344,0.0410865,0.02411816,0.01846208
2025-09-11,quality_momentum,6,002869.SZ,,0.99503475,-0.00677804,-0.03421706,-0.04031458,-0.06439998
2025-09-11,quality_momentum,7,688180.SH,,0.99404168,0.00474451,-0.02951624,-0.05297972,-0.12253956
2025-09-11,quality_momentum,8,000596.SZ,,0.99304867,-0.01999149,-0.02750549,-0.07675114,-0.11091106
2025-09-11,quality_momentum,9,002903.SZ,,0.99205559,-0.01856665,0.03351668,0.01893333,-0.03731668
2025-09-11,quality_momentum,10,603728.SH,,0.99106258,-0.01915322,0.07718905,0.03329672,0.1519993
2025-09-11,quality_momentum,11,600703.SH,,0.99006951,-0.00847891,-0.00847891,0.02310001,0.0125737
2025-09-11,quality_momentum,12,002456.SZ,,0.98907644,-0.00859146,0.00627848,-0.0019,0.00181749
2025-09-11,quality_momentum,13,002202.SZ,,0.98808342,-0.02788419,-0.02158498,0.05321814,0.10518667
2025-09-11,quality_momentum,14,301029.SZ,,0.98709035,-0.01532278,0.00615375,0.10581819,0.05044903
2025-09-11,quality_momentum,15,002532.SZ,,0.98609734,0.0113743,0.00871944,-0.03995317,-0.01163457
2025-09-11,quality_momentum,16,300083.SZ,,0.98510426,-0.00761968,0.02765199,0.01907238,0.01144608
2025-09-11,quality_momentum,17,600362.SH,,0.98411125,0.03439581,0.00658035,-0.029037,0.04118009
2025-09-11,quality_momentum,18,000683.SZ,,0.98311818,-0.01422661,-0.02347161,-0.07123741,-0.04658411
2025-09-11,quality_momentum,19,600105.SH,,0.9821251,0.01719095,0.0062818,-0.08553632,0.17173638
2025-09-11,quality_momentum,20,002106.SZ,,0.98113209,-0.02130177,-0.01725973,-0.00270846,-0.00998409
2025-09-12,quality_momentum,1,002182.SZ,,1.0,0.00254731,0.04003138,-0.02286569,-0.01587709
2025-09-12,quality_momentum,2,600105.SH,,0.99896801,-0.02687775,-0.08486163,-0.10448703,0.10871547
2025-09-12,quality_momentum,3,000758.SZ,,0.99793601,-0.01759184,-0.05325518,-0.07893283,-0.09890425
2025-09-12,quality_momentum,4,601212.SH,,0.99690402,0.05101007,-0.0045455,-0.0098365,0.06159207
2025-09-12,quality_momentum,5,600338.SH,,0.99587202,0.00324322,-0.04304625,-0.04818954,-0.08272296
2025-09-12,quality_momentum,6,600702.SH,,0.99484003,0.01646112,0.00841861,-0.01616404,-0.0762551
2025-09-12,quality_momentum,7,300882.SZ,,0.99380803,-0.0177975,-0.03061802,-0.06087439,-0.04087444
2025-09-12,quality_momentum,8,003022.SZ,,0.99277604,-0.01280906,0.00491826,-0.0314454,-0.07053636
2025-09-12,quality_momentum,9,600703.SH,,0.99174404,-0.00719801,0.01266949,0.03717279,0.00141121
2025-09-12,quality_momentum,10,002467.SZ,,0.99071205,0.00231351,0.01354946,-0.06650675,-0.11285505
2025-09-12,quality_momentum,11,603360.SH,,0.98968011,-0.02263736,-0.04337472,0.03496632,-0.04644692
2025-09-12,quality_momentum,12,601899.SH,,0.98864812,0.0200264,-0.03557263,-0.00346614,0.08267322
2025-09-12,quality_momentum,13,002532.SZ,,0.98761612,0.01294721,-0.03246769,-0.03421441,-0.01325368
2025-09-12,quality_momentum,14,301589.SZ,,0.98658413,-0.00911791,0.04385167,-0.01366465,-0.01866608
2025-09-12,quality_momentum,15,002249.SZ,,0.98555213,0.00980216,0.16618517,0.0438447,0.22363192
2025-09-12,quality_momentum,16,300750.SZ,,0.98452014,0.02728996,0.08069877,0.0688783,0.11465735
2025-09-12,quality_momentum,17,002262.SZ,,0.98348814,0.0166847,-0.00225744,-0.01369416,-0.00511662
2025-09-12,quality_momentum,18,688326.SH,,0.98245615,0.02475862,0.11284425,0.03683698,0.04848393
2025-09-12,quality_momentum,19,603799.SH,,0.98142415,-0.00723333,-0.01637617,0.02629051,0.11048096
2025-09-12,quality_momentum,20,300567.SZ,,0.98039216,-0.01159807,0.0032906,0.0222771,0.09876936
2025-09-15,quality_momentum,1,688326.SH,,1.0,0.02255379,0.04767984,0.0115454,0.06641934
2025-09-15,quality_momentum,2,603360.SH,,0.99886233,-0.01758626,0.00202158,0.00162942,-0.009351
2025-09-15,quality_momentum,3,603799.SH,,0.99772471,-0.00994288,-0.04058245,-0.00419797,0.17695867
2025-09-15,quality_momentum,4,002340.SZ,,0.99658704,-0.01238497,-0.02942296,-0.02549109,0.05314587
2025-09-15,quality_momentum,5,000782.SZ,,0.99544936,0.00284679,-0.05095062,-0.05253294,-0.01455829
2025-09-15,quality_momentum,6,603685.SH,,0.99431169,-0.00245165,-0.00907045,-0.0085189,-0.0096221
2025-09-15,quality_momentum,7,600400.SH,,0.99317408,0.0201588,0.1856,0.44662942,0.11207056
2025-09-15,quality_momentum,8,000807.SZ,,0.9920364,-0.0192662,-0.04097387,-0.05110411,-0.02264297
2025-09-15,quality_momentum,9,301093.SZ,,0.99089873,0.01514234,0.05719842,0.04785267,0.16357556
2025-09-15,quality_momentum,10,603068.SH,,0.98976111,0.01018671,-0.03040624,-0.02105621,-0.04659785
2025-09-15,quality_momentum,11,000878.SZ,,0.98862344,-0.05238081,-0.07581828,-0.08182791,-0.003102
2025-09-15,quality_momentum,12,300353.SZ,,0.98748577,0.06471507,0.03528052,0.02830917,0.01785214
2025-09-15,quality_momentum,13,601512.SH,,0.98634815,0.0298983,,-0.0019,0.04634562
2025-09-15,quality_momentum,14,603203.SH,,0.98521048,-0.01375411,-0.02013709,0.02363184,0.01329752
2025-09-15,quality_momentum,15,600160.SH,,0.9840728,-0.0205034,-0.01160617,-0.03020957,0.06065053
2025-09-15,quality_momentum,16,002723.SZ,,0.98293513,-0.01910844,-0.08316199,-0.09845834,-0.09463425
2025-09-15,quality_momentum,17,601311.SH,,0.98179752,-0.0161475,-0.03217602,-0.04108074,-0.01436658
2025-09-15,quality_momentum,18,300769.SZ,,0.98065984,-0.02127044,-0.04742061,-0.07260214,-0.00819536
2025-09-15,quality_momentum,19,600418.SH,,0.97952217,-0.02612141,-0.052419,-0.10224601,-0.08148475
2025-09-15,quality_momentum,20,688099.SH,,0.97838455,-0.02283977,-0.05092967,0.01566889,0.07685381
2025-09-16,quality_momentum,1,601100.SH,,1.0,0.03900624,-0.02665352,-0.04448441,0.01519666
2025-09-16,quality_momentum,2,000878.SZ,,0.99889624,0.00822659,-0.01076075,-0.05569743,0.191138
2025-09-16,quality_momentum,3,603799.SH,,0.99779248,-0.0030583,0.04018496,0.01528144,0.29211553
2025-09-16,quality_momentum,4,002446.SZ,,0.99668872,0.02491562,-0.02871562,-0.075643,-0.0387715
2025-09-16,quality_momentum,5,300222.SZ,,0.99558496,-0.00558729,-0.02697372,-0.05278492,0.00842447
2025-09-16,quality_momentum,6,688326.SH,,0.99448127,0.05798027,-0.01428617,-0.02716451,0.09317012
2025-09-16,quality_momentum,7,300496.SZ,,0.99337751,0.04191688,-0.02526018,-0.04835635,0.03676969
2025-09-16,quality_momentum,8,300037.SZ,,0.99227375,-0.00796689,-0.043741,-0.04980789,0.12822552
2025-09-16,quality_momentum,9,688663.SH,,0.99116999,0.01289973,-0.05599542,-0.0240995,0.06469863
2025-09-16,quality_momentum,10,000807.SZ,,0.99006623,0.00055461,-0.0171184,-0.05835559,0.0437554
2025-09-16,quality_momentum,11,002532.SZ,,0.98896247,-0.02992103,-0.03167234,-0.06056902,0.04188281
2025-09-16,quality_momentum,12,601099.SH,,0.98785871,-0.00980513,-0.07699883,-0.11257193,-0.09676166
2025-09-16,quality_momentum,13,300792.SZ,,0.98675495,0.01348466,0.01379234,-0.07851536,0.06333086
2025-09-16,quality_momentum,14,002156.SZ,,0.9856512,0.01039384,0.02298749,0.05147333,0.32313742
2025-09-16,quality_momentum,15,600160.SH,,0.98454744,0.01458346,0.00386924,-0.01646045,0.12447363
2025-09-16,quality_momentum,16,300124.SZ,,0.98344374,1.614e-05,-0.02345692,-0.012439,0.01366881
2025-09-16,quality_momentum,17,301093.SZ,,0.98233998,0.04539734,0.03053245,0.09566759,0.1867487
2025-09-16,quality_momentum,18,600503.SH,,0.98123622,0.01686674,-0.03943354,-0.11718152,-0.11986248
2025-09-16,quality_momentum,19,603013.SH,,0.98013246,0.17436186,0.10338391,0.08248484,0.02964572
2025-09-16,quality_momentum,20,002714.SZ,,0.9790287,-0.02212313,-0.06326682,-0.07616779,-0.09639092
2025-09-17,quality_momentum,1,002920.SZ,,1.0,-0.03837887,-0.05816759,0.02633944,0.04655062
2025-09-17,quality_momentum,2,300496.SZ,,0.99885058,-0.05411904,-0.06473987,-0.05083159,-0.00581962
2025-09-17,quality_momentum,3,300083.SZ,,0.99770117,-0.03703516,-0.02442252,-0.04424236,-0.06766581
2025-09-17,quality_momentum,4,300567.SZ,,0.99655175,0.01114524,0.03913822,0.10015191,0.09892894
2025-09-17,quality_momentum,5,601100.SH,,0.99540228,-0.06477788,-0.06709555,-0.06578553,0.03598793
2025-09-17,quality_momentum,6,600592.SH,,0.99425286,-0.00852252,-0.04196621,-0.06183376,-0.1102376
2025-09-17,quality_momentum,7,002869.SZ,,0.99310344,-0.03825804,-0.06361709,-0.04559081,-0.05597884
2025-09-17,quality_momentum,8,002028.SZ,,0.99195403,-0.01200411,0.01749176,0.04933502,0.14119047
2025-09-17,quality_momentum,9,300458.SZ,,0.99080461,-0.0108494,-0.02602453,0.00490938,-0.00754197
2025-09-17,quality_momentum,10,300037.SZ,,0.9896552,-0.00316294,-0.02231681,-0.00295241,0.09618454
2025-09-17,quality_momentum,11,300573.SZ,,0.98850572,-0.02107807,-0.07039311,-0.07899407,-0.05351934
2025-09-17,quality_momentum,12,300792.SZ,,0.98735631,-0.03735452,-0.06159698,-0.07493027,0.02809997
2025-09-17,quality_momentum,13,301029.SZ,,0.98620689,0.05645209,0.03721515,0.0240699,0.02599357
2025-09-17,quality_momentum,14,002714.SZ,,0.98505747,-0.03570787,-0.05706017,-0.04157974,-0.06293204
2025-09-17,quality_momentum,15,688558.SH,,0.98390806,-0.02507882,-0.03742081,-0.0286911,-0.03410955
2025-09-17,quality_momentum,16,688799.SH,,0.98275864,0.01353738,-0.00052781,-0.01219161,-0.03037344
2025-09-17,quality_momentum,17,601218.SH,,0.98160917,-0.0446185,-0.0737447,-0.07956992,0.10665801
2025-09-17,quality_momentum,18,600418.SH,,0.98045975,-0.05504006,-0.10472952,-0.11697934,-0.09437758
2025-09-17,quality_momentum,19,002156.SZ,,0.97931033,0.03482989,0.03927302,0.17345539,0.33311181
2025-09-17,quality_momentum,20,600160.SH,,0.97816092,-0.00919728,-0.02784594,-0.02352162,0.10620819
2025-09-18,quality_momentum,1,601100.SH,,1.0,-0.00211507,-0.02039461,-0.01233011,-0.0115774
2025-09-18,quality_momentum,2,300496.SZ,,0.99861109,-0.01470685,-0.03805259,0.01104023,-0.06553391
2025-09-18,quality_momentum,3,002920.SZ,,0.99722224,-0.0097205,0.00950183,0.06738813,-0.02981998
2025-09-18,quality_momentum,4,600418.SH,,0.99583334,-0.01611287,-0.08899917,-0.03980091,-0.10886069
2025-09-18,quality_momentum,5,000887.SZ,,0.99444443,-0.02165012,0.00575819,0.02389605,-0.07384667
2025-09-18,quality_momentum,6,300124.SZ,,0.99305558,-0.01399188,-0.00286738,0.03389201,-0.03031595
2025-09-18,quality_momentum,7,600362.SH,,0.99166667,0.02529664,-0.02037981,0.07027571,0.34991305
2025-09-18,quality_momentum,8,002164.SZ,,0.99027777,0.0052174,0.0913384,0.08066227,-0.05385733
2025-09-18,quality_momentum,9,300458.SZ,,0.98888886,-0.0393951,-0.03586152,0.01301951,-0.07904955
2025-09-18,quality_momentum,10,600660.SH,,0.98750001,0.00031208,-0.01268386,-0.00176172,-0.04186425
2025-09-18,quality_momentum,11,603031.SH,,0.9861111,0.02638336,0.05097752,0.09377145,-0.03042927
2025-09-18,quality_momentum,12,002028.SZ,,0.9847222,0.02521625,0.0444966,0.05985897,0.11161687
2025-09-18,quality_momentum,13,603305.SH,,0.98333335,-0.03448292,0.04075408,0.12546964,-0.03626017
2025-09-18,quality_momentum,14,300567.SZ,,0.98194444,0.00386797,0.01352591,0.11144674,0.01755007
2025-09-18,quality_momentum,15,002156.SZ,,0.98055553,-0.02532866,0.00181428,0.08524286,0.17067142
2025-09-18,quality_momentum,16,603111.SH,,0.97916669,-0.03535723,-0.01057413,-0.01800904,0.00181746
2025-09-18,quality_momentum,17,688019.SH,,0.97777778,-0.01245063,0.0216684,0.13882756,0.09756989
2025-09-18,quality_momentum,18,600748.SH,,0.97638887,-0.00417278,-0.01326368,0.01855447,0.10491813
2025-09-18,quality_momentum,19,000938.SZ,,0.97500002,-0.02267338,-0.06422021,-0.00765264,-0.09106584
2025-09-18,quality_momentum,20,300503.SZ,,0.97361112,-0.02802971,-0.03971125,-0.03356308,-0.14545983
2025-09-19,quality_momentum,1,600089.SH,,1.0,-0.01227854,-0.01044703,-0.0025106,0.23192165
2025-09-19,quality_momentum,2,600284.SH,,0.99850076,-0.07597413,-0.01591401,0.00010199,-0.06796608
2025-09-19,quality_momentum,3,601512.SH,,0.99700153,0.01143331,0.04921113,0.04476666,0.10143332
2025-09-19,quality_momentum,4,600660.SH,,0.99550223,-0.00879754,0.00651499,-0.01141854,-0.0230223
2025-09-19,quality_momentum,5,002028.SZ,,0.994003,0.00070992,0.03202895,0.0417659,0.09456657
2025-09-19,quality_momentum,6,002156.SZ,,0.99250376,0.02647927,0.15901283,0.10400996,
2025-09-19,quality_momentum,7,688008.SH,,0.99100453,0.03030168,0.10602141,0.1185859,0.25654565
2025-09-19,quality_momentum,8,002064.SZ,,0.98950523,0.00824664,0.0003548,0.00824664,0.03530409
2025-09-19,quality_momentum,9,002690.SZ,,0.988006,0.03857617,0.01714754,-0.01237625,-0.02570954
2025-09-19,quality_momentum,10,603099.SH,,0.98650676,-0.03131174,-0.09993924,-0.1175863,-0.1038608
2025-09-19,quality_momentum,11,301178.SZ,,0.98500752,0.13598612,0.08102685,0.00379106,0.08411625
2025-09-19,quality_momentum,12,301330.SZ,,0.98350823,0.00950252,0.00038048,-0.07088518,-0.10366741
2025-09-19,quality_momentum,13,000425.SZ,,0.98200899,-0.03028219,-0.00568426,-0.01136073,0.09365347
2025-09-19,quality_momentum,14,002138.SZ,,0.98050976,0.00905191,0.01888068,-0.01257124,0.00905191
2025-09-19,quality_momentum,15,600179.SH,,0.97901052,-0.01003007,0.01436015,-0.02629028,-0.0019
2025-09-19,quality_momentum,16,601908.SH,,0.97751123,-0.02016482,-0.02929723,-0.04756216,-0.05441142
2025-09-19,quality_momentum,17,603687.SH,,0.97601199,0.03999642,0.05984203,0.02566345,0.05984203
2025-09-19,quality_momentum,18,688019.SH,,0.97451276,0.02176052,0.15518224,0.17725121,0.16934677
2025-09-19,quality_momentum,19,301021.SZ,,0.97301352,0.05437375,0.12636361,0.01001382,0.10532426
2025-09-19,quality_momentum,20,603009.SH,,0.97151423,0.01600191,0.03641005,-0.00619649,-0.08532287
2025-09-22,quality_momentum,1,600660.SH,,1.0,-0.00801187,0.00296184,0.01337996,-0.04746125
2025-09-22,quality_momentum,2,601777.SH,,0.99848485,0.01188752,0.06054935,0.01269857,-0.09111333
2025-09-22,quality_momentum,3,688099.SH,,0.9969697,0.00030843,0.03504038,0.05822852,0.01697171
2025-09-22,quality_momentum,4,603203.SH,,0.99545455,-0.0502106,0.00076746,-0.01197704,-0.10830188
2025-09-22,quality_momentum,5,688097.SH,,0.9939394,-0.03794297,-0.03487543,-0.06299409,-0.19052303
2025-09-22,quality_momentum,6,300190.SZ,,0.99242425,-0.00847889,-0.05672456,-0.10497013,-0.05891749
2025-09-22,quality_momentum,7,600641.SH,,0.9909091,-0.01036022,0.04773345,0.20452978,0.26205941
2025-09-22,quality_momentum,8,002244.SZ,,0.98939395,-0.02720618,-0.04434898,0.00299794,-0.02965515
2025-09-22,quality_momentum,9,603036.SH,,0.9878788,-0.02445643,-0.04170543,-0.06426178,-0.02445643
2025-09-22,quality_momentum,10,300388.SZ,,0.98636365,0.01474824,0.03139638,0.06469276,0.16347184
2025-09-22,quality_momentum,11,301021.SZ,,0.9848485,0.03169728,0.00097976,-0.04197685,0.022818
2025-09-22,quality_momentum,12,002156.SZ,,0.98333335,-0.002469,0.08060356,0.09852671,0.18216826
2025-09-22,quality_momentum,13,002281.SZ,,0.9818182,-0.08353265,-0.03849867,-0.06040344,-0.19550544
2025-09-22,quality_momentum,14,000425.SZ,,0.98030305,-0.0009263,-0.01066339,0.07015453,0.1061818
2025-09-22,quality_momentum,15,600487.SH,,0.9787879,-0.05471386,-0.01791727,0.00242901,-0.0941078
2025-09-22,quality_momentum,16,003043.SZ,,0.97727275,-0.02912222,-0.01301109,-0.02967778,-0.09634444
2025-09-22,quality_momentum,17,301070.SZ,,0.9757576,-0.00172137,-0.00922272,-0.02083201,0.06418322
2025-09-22,quality_momentum,18,002897.SZ,,0.97424245,-0.04022683,-0.02894277,-0.06707507,-0.12835914
2025-09-22,quality_momentum,19,002202.SZ,,0.9727273,-0.0249999,0.04579,0.07857688,0.25741448
2025-09-22,quality_momentum,20,002555.SZ,,0.97121215,-0.02637867,0.04207101,-0.00597981,-0.08848206
2025-09-23,quality_momentum,1,600176.SH,,1.0,0.05718236,0.04901142,0.08483789,0.0113759
2025-09-23,quality_momentum,2,603633.SH,,0.99814469,0.03009997,-0.02670003,-0.05389997,-0.13789998
2025-09-23,quality_momentum,3,300124.SZ,,0.99628943,0.05111383,-0.00928311,0.02448588,-0.02634924
2025-09-23,quality_momentum,4,688036.SH,,0.99443412,-0.00169416,-0.00344392,-0.03092429,-0.15175591
2025-09-23,quality_momentum,5,300655.SZ,,0.99257886,0.05106168,0.01552164,0.06290838,0.08172376
2025-09-23,quality_momentum,6,603297.SH,,0.99072355,-0.00172455,-0.04550414,-0.01111217,-0.08463382
2025-09-23,quality_momentum,7,001380.SZ,,0.9888683,0.03238365,-0.01272642,-0.01164378,-0.03762717
2025-09-23,quality_momentum,8,002156.SZ,,0.98701298,,,,
2025-09-23,quality_momentum,9,301029.SZ,,0.98515773,0.01688385,-0.02927978,0.01401851,-0.08499455
2025-09-23,quality_momentum,10,688099.SH,,0.98330241,0.04156951,0.06981474,0.10987883,0.01212241
2025-09-23,quality_momentum,11,600487.SH,,0.9814471,0.03192091,0.03557715,0.04883128,-0.0019
2025-09-23,quality_momentum,12,301178.SZ,,0.97959185,-0.00638429,-0.07738579,-0.03030062,-0.01834249
2025-09-23,quality_momentum,13,603308.SH,,0.97773653,0.03457799,0.02262829,0.0515591,0.1113075
2025-09-23,quality_momentum,14,603893.SH,,0.97588128,0.00755946,-0.04689998,0.01611807,-0.1308189
2025-09-23,quality_momentum,15,688567.SH,,0.97402596,0.02979883,-0.00239531,0.06892716,-0.11482722
2025-09-23,quality_momentum,16,002920.SZ,,0.97217071,0.05323803,0.0593805,0.0956574,-0.01187254
2025-09-23,quality_momentum,17,301456.SZ,,0.9703154,-0.0019,0.06051829,0.02979934,-0.00484118
2025-09-23,quality_momentum,18,002145.SZ,,0.96846008,0.01038072,-0.06505793,0.02441578,0.04020526
2025-09-23,quality_momentum,19,300859.SZ,,0.96660483,-0.09041956,-0.14588916,-0.17120807,-0.22861048
2025-09-23,quality_momentum,20,002555.SZ,,0.96474952,0.05572083,0.01947546,0.01111109,-0.05580337
2025-09-24,quality_momentum,1,300223.SZ,,1.0,-0.01735308,-0.01395804,0.10861273,0.05218563
2025-09-24,quality_momentum,2,002276.SZ,,0.99851853,-0.04181484,-0.04394364,-0.02105921,-0.02159138
2025-09-24,quality_momentum,3,603290.SH,,0.99703705,-0.02066106,-0.0223425,0.00703806,0.02712652
2025-09-24,quality_momentum,4,603799.SH,,0.99555558,-0.01202079,0.09113972,0.2054863,0.14955591
2025-09-24,quality_momentum,5,300124.SZ,,0.99407405,-0.01730231,-0.04730228,0.02798504,-0.07327926
2025-09-24,quality_momentum,6,002262.SZ,,0.99259257,-0.01606236,-0.05371349,-0.04645961,-0.10103641
2025-09-24,quality_momentum,7,688515.SH,,0.9911111,-0.01023333,-0.03465,-0.00256668,-0.0644
2025-09-24,quality_momentum,8,300418.SZ,,0.98962963,0.05372882,0.02712374,0.06670156,-0.07401959
2025-09-24,quality_momentum,9,003043.SZ,,0.98814815,-0.02566601,-0.04211942,-0.05418524,-0.11707368
2025-09-24,quality_momentum,10,603203.SH,,0.98666668,-0.02132034,-0.03378409,-0.05175506,-0.12914638
2025-09-24,quality_momentum,11,601908.SH,,0.98518521,0.00748966,-0.01363713,-0.00659494,0.03096382
2025-09-24,quality_momentum,12,600522.SH,,0.98370373,-0.00355197,0.02287984,0.093915,-0.00410262
2025-09-24,quality_momentum,13,603863.SH,,0.9822222,0.00134975,0.04777501,0.06588083,
2025-09-24,quality_momentum,14,603228.SH,,0.98074073,-0.03726751,-0.06770665,-0.08756462,-0.18062158
2025-09-24,quality_momentum,15,688295.SH,,0.97925925,0.0084742,0.0573812,0.06701441,-0.01857283
2025-09-24,quality_momentum,16,688036.SH,,0.97777778,0.06313393,-0.01414533,-0.05057262,-0.17261418
2025-09-24,quality_momentum,17,688116.SH,,0.97629631,-0.01752238,0.13870138,0.11283202,-0.0418799
2025-09-24,quality_momentum,18,300567.SZ,,0.97481483,0.02152784,-0.02002582,-0.00300973,-0.09881738
2025-09-24,quality_momentum,19,002555.SZ,,0.97333336,0.00996291,-0.03661008,-0.05726029,-0.12316543
2025-09-24,quality_momentum,20,002559.SZ,,0.97185183,-0.01382507,-0.03171258,-0.02234296,-0.11433615
2025-09-25,quality_momentum,1,601899.SH,,1.0,0.0202402,0.15898264,0.11547744,0.09130788
2025-09-25,quality_momentum,2,600276.SH,,0.99832213,-0.01616559,0.00883438,-0.06969663,-0.06983794
2025-09-25,quality_momentum,3,300124.SZ,,0.99664432,-0.04451025,-0.01193969,-0.06388924,-0.0864202
2025-09-25,quality_momentum,4,600547.SH,,0.99496645,0.01815284,0.11419498,0.08780981,0.01920822
2025-09-25,quality_momentum,5,300321.SZ,,0.99328858,-0.02629026,0.03179371,-0.03257634,0.03983997
2025-09-25,quality_momentum,6,301070.SZ,,0.99161077,0.00313779,0.03750259,0.0357034,0.02616766
2025-09-25,quality_momentum,7,600176.SH,,0.98993289,-0.01255091,0.02117685,-0.02793559,-0.07848323
2025-09-25,quality_momentum,8,605117.SH,,0.98825502,0.00228922,0.12296485,-0.04906218,-0.02217026
2025-09-25,quality_momentum,9,002202.SZ,,0.98657715,0.04361919,0.07918109,0.08629344,0.08700469
2025-09-25,quality_momentum,10,002371.SZ,,0.98489934,-0.00234348,0.0114038,-0.06176696,-0.10167829
2025-09-25,quality_momentum,11,001330.SZ,,0.98322147,-0.08053498,,-0.21258244,-0.16065366
2025-09-25,quality_momentum,12,600105.SH,,0.9815436,-0.03753131,0.0809815,0.08175612,0.04262545
2025-09-25,quality_momentum,13,301021.SZ,,0.97986579,-0.04664752,-0.05645853,-0.09474519,-0.12992102
2025-09-25,quality_momentum,14,603881.SH,,0.97818792,-0.00163687,-0.05400526,-0.13347897,-0.15058425
2025-09-25,quality_momentum,15,300567.SZ,,0.97651005,-0.03105661,-0.04828556,-0.0862373,-0.13720123
2025-09-25,quality_momentum,16,002624.SZ,,0.97483224,-0.02497697,-0.02395131,-0.12446411,-0.14036159
2025-09-25,quality_momentum,17,603606.SH,,0.97315437,0.07936587,0.15586077,0.07952493,0.00955032
2025-09-25,quality_momentum,18,002121.SZ,,0.9714765,0.08052428,0.15325149,0.06476669,0.04173632
2025-09-25,quality_momentum,19,002920.SZ,,0.96979868,0.0019277,0.03624073,-0.09280918,-0.13853708
2025-09-25,quality_momentum,20,688200.SH,,0.96812081,-0.00647439,0.01999891,-0.07864338,-0.11621208
2025-09-26,quality_momentum,1,000737.SZ,,1.0,0.01196143,0.14001425,0.17499773,0.05222543
2025-09-26,quality_momentum,2,601899.SH,,0.99826086,0.07381267,0.1440232,0.17676389,0.10400686
2025-09-26,quality_momentum,3,688331.SH,,0.99652171,0.04903729,-0.04469497,-0.09998749,-0.09809393
2025-09-26,quality_momentum,4,688116.SH,,0.99478263,0.1202286,0.09477821,0.01627881,-0.11609601
2025-09-26,quality_momentum,5,002624.SZ,,0.99304348,0.00859872,-0.03602071,-0.07014142,-0.10951154
2025-09-26,quality_momentum,6,000892.SZ,,0.99130434,0.02778751,0.00591246,-0.05346249,-0.09096253
2025-09-26,quality_momentum,7,000425.SZ,,0.98956519,0.04967595,0.07737412,0.10411719,0.04967595
2025-09-26,quality_momentum,8,002517.SZ,,0.98782611,0.00897349,-0.03379567,-0.10737299,-0.1407184
2025-09-26,quality_momentum,9,000009.SZ,,0.98608696,0.07122922,0.05762379,0.01595715,-0.0750293
2025-09-26,quality_momentum,10,600089.SH,,0.98434782,0.03475244,0.21129497,0.23267548,0.17769693
2025-09-26,quality_momentum,11,603659.SH,,0.98260868,-0.00225086,,-0.02049647,-0.07347894
2025-09-26,quality_momentum,12,300567.SZ,,0.98086959,-0.01368956,0.00343634,0.00554606,-0.13865849
2025-09-26,quality_momentum,13,603881.SH,,0.97913045,-0.00268923,-0.05241298,-0.09398101,-0.13686445
2025-09-26,quality_momentum,14,002156.SZ,,0.9773913,0.02138043,0.19042801,,0.03751796
2025-09-26,quality_momentum,15,002515.SZ,,0.97565216,-0.04316209,-0.04194849,-0.09534653,-0.21063785
2025-09-26,quality_momentum,16,300772.SZ,,0.97391301,-0.0324,0.02659996,0.06060001,-0.13690006
2025-09-26,quality_momentum,17,605117.SH,,0.97217393,0.00644341,0.08812826,0.00778912,-0.01966347
2025-09-26,quality_momentum,18,301456.SZ,,0.97043478,-0.02989138,-0.01112789,-0.04342567,0.03778014
2025-09-26,quality_momentum,19,002202.SZ,,0.96869564,-0.01550544,0.10354214,0.16680745,-0.00462109
2025-09-26,quality_momentum,20,603009.SH,,0.9669565,0.00906734,-0.01844075,-0.08136781,-0.14771084
2025-09-29,quality_momentum,1,600089.SH,,1.0,0.09945541,0.11124085,0.17075764,0.15131158
2025-09-29,quality_momentum,2,601899.SH,,0.99826688,0.05389976,0.01433265,0.01128902,-0.04856893
2025-09-29,quality_momentum,3,688005.SH,,0.99653381,0.08176661,-0.08523334,-0.07289997,-0.13056668
2025-09-29,quality_momentum,4,300618.SZ,,0.99480069,0.07136954,-0.08234921,-0.06117832,-0.13113414
2025-09-29,quality_momentum,5,603871.SH,,0.99306756,0.00444696,-0.01459392,-0.00110452,-0.02542697
2025-09-29,quality_momentum,6,688063.SH,,0.9913345,,,,
2025-09-29,quality_momentum,7,605117.SH,,0.98960137,0.10900348,-0.06088842,-0.03433027,-0.01831533
2025-09-29,quality_momentum,8,600063.SH,,0.98786831,0.02260982,0.02914577,0.07162945,0.02587779
2025-09-29,quality_momentum,9,000425.SZ,,0.98613518,0.03806369,-0.03005628,0.03170581,0.01989831
2025-09-29,quality_momentum,10,000737.SZ,,0.98440206,0.07557395,0.07557395,0.10161556,-0.02533753
2025-09-29,quality_momentum,11,002532.SZ,,0.982669,0.01690337,-0.03950682,-0.01301117,0.03228802
2025-09-29,quality_momentum,12,002074.SZ,,0.98093587,0.03281616,-0.10124499,-0.10692184,-0.08181263
2025-09-29,quality_momentum,13,601598.SH,,0.97920275,-0.02959231,-0.04189996,-0.03882311,-0.00895752
2025-09-29,quality_momentum,14,603610.SH,,0.97746968,0.01459818,-0.11951568,-0.01733371,-0.0902448
2025-09-29,quality_momentum,15,300390.SZ,,0.97573656,0.06615842,-0.01985408,0.06281813,-0.03071004
2025-09-29,quality_momentum,16,600362.SH,,0.97400349,,,,
2025-09-29,quality_momentum,17,000572.SZ,,0.97227037,-0.01390681,-0.06193429,0.03412059,0.12159919
2025-09-29,quality_momentum,18,300443.SZ,,0.97053725,-0.00983649,-0.0756434,-0.05084181,-0.08192646
2025-09-29,quality_momentum,19,000009.SZ,,0.96880418,-0.00586198,-0.07796973,-0.09619473,-0.13977638
2025-09-29,quality_momentum,20,300679.SZ,,0.96707106,-0.00834379,-0.00921455,-0.10238764,-0.13112327
2025-09-30,quality_momentum,1,000878.SZ,,1.0,0.02727769,0.04054033,-0.0199371,-0.06396899
2025-09-30,quality_momentum,2,000049.SZ,,0.99858755,0.01918222,-0.02368495,-0.03036097,-0.06725485
2025-09-30,quality_momentum,3,002245.SZ,,0.99717516,-0.01085526,-0.07055674,-0.09145227,-0.11334284
2025-09-30,quality_momentum,4,002237.SZ,,0.99576271,-0.01214986,0.04166185,-0.00254063,-0.16205376
2025-09-30,quality_momentum,5,002340.SZ,,0.99435025,0.01653314,0.06722436,-0.00996458,-0.07332862
2025-09-30,quality_momentum,6,300223.SZ,,0.99293786,0.01810003,-0.01931931,-0.05480319,-0.10942683
2025-09-30,quality_momentum,7,688779.SH,,0.99152541,-0.02705722,-0.06605092,-0.10378682,-0.12013902
2025-09-30,quality_momentum,8,601877.SH,,0.99011302,0.01831172,-0.02852819,-0.02339501,-0.08114289
2025-09-30,quality_momentum,9,002028.SZ,,0.98870057,0.02402286,-0.00135041,-0.01618965,0.0810898
2025-09-30,quality_momentum,10,603610.SH,,0.98728812,-0.07205708,0.00752412,-0.05163821,-0.09980579
2025-09-30,quality_momentum,11,603867.SH,,0.98587573,0.002037,-0.02915623,-0.07004055,-0.12213018
2025-09-30,quality_momentum,12,301031.SZ,,0.98446327,-0.02560995,-0.11109683,-0.09583718,-0.15498888
2025-09-30,quality_momentum,13,603196.SH,,0.98305082,-0.01523923,-0.03924994,0.03055885,0.03189281
2025-09-30,quality_momentum,14,601311.SH,,0.98163843,-0.01849394,-0.04469482,-0.02810088,-0.08661616
2025-09-30,quality_momentum,15,000893.SZ,,0.98022598,0.02608984,0.0553519,0.04568272,0.01692951
2025-09-30,quality_momentum,16,000425.SZ,,0.97881359,-0.01500047,0.00945368,0.01556723,-0.02548079
2025-09-30,quality_momentum,17,688290.SH,,0.97740114,-0.0035205,-0.07231832,-0.07983161,-0.05095709
2025-09-30,quality_momentum,18,002708.SZ,,0.97598869,0.00751341,0.02127159,-0.01855463,-0.02651985
2025-09-30,quality_momentum,19,002021.SZ,,0.97457629,0.00796841,0.01125788,-0.01176841,-0.02163682
2025-09-30,quality_momentum,20,600089.SH,,0.97316384,,,,
2025-10-09,quality_momentum,1,002517.SZ,,1.0,-0.10935038,-0.09362591,-0.11908453,-0.08501488
2025-10-09,quality_momentum,2,600801.SH,,0.99864501,,,,
2025-10-09,quality_momentum,3,300428.SZ,,0.99728996,-0.09237806,-0.09790948,-0.09830458,-0.11608408
2025-10-09,quality_momentum,4,300124.SZ,,0.99593496,-0.10513658,-0.11964554,-0.10022583,-0.14252494
2025-10-09,quality_momentum,5,601311.SH,,0.99457997,-0.08182897,-0.04630498,-0.02499054,-0.04630498
2025-10-09,quality_momentum,6,300905.SZ,,0.99322492,-0.09044806,-0.11988168,-0.15401473,-0.16836053
2025-10-09,quality_momentum,7,300567.SZ,,0.99186993,-0.0637442,-0.0807792,-0.0978141,-0.11089892
2025-10-09,quality_momentum,8,002176.SZ,,0.99051493,-0.08425296,-0.05091961,0.02751178,-0.03523335
2025-10-09,quality_momentum,9,688385.SH,,0.98915988,-0.11553638,-0.10311216,-0.08068791,-0.09356672
2025-10-09,quality_momentum,10,603308.SH,,0.98780489,-0.07117537,-0.00653765,,0.03578117
2025-10-09,quality_momentum,11,605305.SH,,0.98644984,-0.04533675,-0.08996686,-0.08829619,-0.08423887
2025-10-09,quality_momentum,12,601512.SH,,0.98509485,-0.01611319,-0.01814366,-0.01915885,-0.01306754
2025-10-09,quality_momentum,13,002182.SZ,,0.98373985,-0.06020717,-0.06459593,-0.09030124,-0.12353007
2025-10-09,quality_momentum,14,002532.SZ,,0.9823848,-0.06356666,-0.0377334,-0.00106667,0.08809992
2025-10-09,quality_momentum,15,600547.SH,,0.98102981,-0.01856665,-0.00237622,-0.02380478,-0.11616339
2025-10-09,quality_momentum,16,000893.SZ,,0.97967482,-0.02789005,0.02037719,0.00577323,0.01270396
2025-10-09,quality_momentum,17,002091.SZ,,0.97831976,-0.08693768,-0.06540915,-0.06971481,-0.07617341
2025-10-09,quality_momentum,18,600176.SH,,0.97696477,-0.02735886,-0.05639324,-0.05399956,-0.0749443
2025-10-09,quality_momentum,19,002960.SZ,,0.97560978,-0.02304334,-0.05593288,-0.02695877,-0.01834481
2025-10-09,quality_momentum,20,601877.SH,,0.97425473,-0.07800063,-0.05818926,-0.0462396,-0.0943528
2025-10-10,quality_momentum,1,000661.SZ,,1.0,0.01104744,-0.0421132,-0.06899819,-0.09557853
2025-10-10,quality_momentum,2,600547.SH,,0.99857146,0.09495227,0.00681667,-0.064854,-0.12280003
2025-10-10,quality_momentum,3,300124.SZ,,0.99714285,0.02485798,0.00121138,-0.02591994,-0.01783026
2025-10-10,quality_momentum,4,002920.SZ,,0.99571431,0.02682189,0.02817526,-0.05220069,-0.01693757
2025-10-10,quality_momentum,5,688005.SH,,0.9942857,0.08864545,0.01628182,-0.06008183,-0.05790003
2025-10-10,quality_momentum,6,600522.SH,,0.99285716,0.07769065,0.03221032,-0.02009222,0.03164182
2025-10-10,quality_momentum,7,688125.SH,,0.99142855,0.10940945,0.04294123,0.04770317,0.24413169
2025-10-10,quality_momentum,8,000408.SZ,,0.99000001,0.05532076,-0.00598719,-0.06354846,0.01802507
2025-10-10,quality_momentum,9,300750.SZ,,0.98857141,0.04809172,0.01088732,0.00399765,0.08116232
2025-10-10,quality_momentum,10,600487.SH,,0.98714286,0.05307627,0.03506677,-0.0180138,0.02890565
2025-10-10,quality_momentum,11,603100.SH,,0.98571426,-0.00315002,-0.00523337,-0.06439997,0.0064333
2025-10-10,quality_momentum,12,300443.SZ,,0.98428571,0.0655759,0.0655759,-0.01975079,0.15982801
2025-10-10,quality_momentum,13,300001.SZ,,0.98285717,0.01980662,0.12085451,0.05274071,0.02729167
2025-10-10,quality_momentum,14,300905.SZ,,0.98142856,0.02388014,-0.04450518,-0.10149299,-0.03853499
2025-10-10,quality_momentum,15,002861.SZ,,0.98000002,0.04466443,0.00775361,-0.02291084,0.1338183
2025-10-10,quality_momentum,16,002532.SZ,,0.97857141,0.07092414,0.05227401,0.04250494,0.20325095
2025-10-10,quality_momentum,17,605222.SH,,0.97714287,0.04437665,0.06033411,0.01086603,0.00075959
2025-10-10,quality_momentum,18,688017.SH,,0.97571427,0.04722499,-0.02008746,-0.02908745,0.0102875
2025-10-10,quality_momentum,19,601100.SH,,0.97428572,0.04109672,0.04044521,-0.02144402,0.01330084
2025-10-10,quality_momentum,20,688116.SH,,0.97285712,0.06125788,-0.00949274,-0.06557559,-0.00793968
2025-10-13,quality_momentum,1,300750.SZ,,1.0,-0.06095509,-0.03733304,-0.0228973,0.01164337
2025-10-13,quality_momentum,2,600547.SH,,0.99846154,-0.0751892,-0.09505674,-0.14362186,-0.20020298
2025-10-13,quality_momentum,3,600988.SH,,0.99692309,-0.05682539,-0.03473587,-0.11712389,-0.13234778
2025-10-13,quality_momentum,4,300567.SZ,,0.99538463,-0.08270814,-0.09970737,-0.14503872,-0.06657118
2025-10-13,quality_momentum,5,603308.SH,,0.99384618,-0.00998772,,-0.00536615,0.12606071
2025-10-13,quality_momentum,6,002237.SZ,,0.99230766,-0.04732671,-0.07249548,-0.15107128,-0.19588411
2025-10-13,quality_momentum,7,603871.SH,,0.99076921,-0.01570956,-0.03756224,-0.07069374,-0.05307064
2025-10-13,quality_momentum,8,300428.SZ,,0.98923075,-0.06072359,-0.06113494,-0.07800039,-0.01958824
2025-10-13,quality_momentum,9,002244.SZ,,0.9876923,0.01344521,-0.00701515,-0.02065534,-0.05134592
2025-10-13,quality_momentum,10,002920.SZ,,0.98615384,-0.02411906,-0.00058441,-0.08390561,-0.10290866
2025-10-13,quality_momentum,11,600522.SH,,0.98461539,-0.05350607,-0.0477136,-0.0840485,-0.08562827
2025-10-13,quality_momentum,12,688306.SH,,0.98307693,-0.04506543,-0.0572957,-0.08319498,-0.12420218
2025-10-13,quality_momentum,13,688002.SH,,0.98153847,-0.06486342,-0.06415726,-0.10864354,-0.00178234
2025-10-13,quality_momentum,14,688663.SH,,0.98000002,-0.09720111,-0.05881589,-0.1091137,-0.0746994
2025-10-13,quality_momentum,15,002064.SZ,,0.97846156,-0.05080836,-0.04643557,-0.05299481,-0.03768988
2025-10-13,quality_momentum,16,300398.SZ,,0.97692305,-0.05075498,-0.10113668,-0.14312143,-0.07594587
2025-10-13,quality_momentum,17,688981.SH,,0.97538459,-0.07330775,-0.07571723,-0.09798647,-0.0308136
2025-10-13,quality_momentum,18,000425.SZ,,0.97384614,-0.01917114,0.00069065,-0.05112279,-0.09430073
2025-10-13,quality_momentum,19,600176.SH,,0.97230768,-0.05132802,-0.0489215,-0.07599473,-0.0380922
2025-10-13,quality_momentum,20,002434.SZ,,0.97076923,-0.00964445,-0.03481388,-0.06675963,-0.08708879
2025-10-14,quality_momentum,1,600547.SH,,1.0,-0.00952267,-0.08003241,-0.15983234,-0.14397977
2025-10-14,quality_momentum,2,300435.SZ,,0.99820787,-0.02063005,-0.05397862,-0.05169443,-0.00372734
2025-10-14,quality_momentum,3,001215.SZ,,0.99641579,-0.02148264,-0.05162946,-0.00859936,0.01587889
2025-10-14,quality_momentum,4,000893.SZ,,0.99462366,-0.00504765,-0.03676682,-0.01521711,0.03684098
2025-10-14,quality_momentum,5,300054.SZ,,0.99283153,-0.00677526,-0.03401932,-0.03688717,0.04513184
2025-10-14,quality_momentum,6,001331.SZ,,0.99103945,-0.01550543,-0.06584555,-0.07809042,-0.03387273
2025-10-14,quality_momentum,7,000425.SZ,,0.98924732,0.02182584,-0.0133236,-0.0133236,-0.10295453
2025-10-14,quality_momentum,8,688037.SH,,0.98745519,-0.01545592,-0.07438862,-0.10292741,-0.10292741
2025-10-14,quality_momentum,9,002434.SZ,,0.98566306,0.01370979,-0.05750978,-0.06921703,-0.08970486
2025-10-14,quality_momentum,10,002028.SZ,,0.98387098,0.04815853,0.11051212,0.19247934,0.20838487
2025-10-14,quality_momentum,11,688392.SH,,0.98207885,-0.00519044,0.03371404,0.09652253,0.13039455
2025-10-14,quality_momentum,12,300602.SZ,,0.98028672,0.01669379,-0.08673439,-0.08266703,-0.042574
2025-10-14,quality_momentum,13,300346.SZ,,0.97849464,-0.02185197,-0.06968847,-0.08194811,-0.00574621
2025-10-14,quality_momentum,14,000572.SZ,,0.97670251,,,,
2025-10-14,quality_momentum,15,301345.SZ,,0.97491038,0.03140396,0.04774758,0.0536066,0.10818815
2025-10-14,quality_momentum,16,300373.SZ,,0.97311831,0.05504282,0.04183102,0.0150111,-0.02435995
2025-10-14,quality_momentum,17,002532.SZ,,0.97132617,0.02402914,0.01452182,0.04390817,0.1139168
2025-10-14,quality_momentum,18,002340.SZ,,0.96953404,-0.00073718,-0.03213254,-0.04492318,-0.05771393
2025-10-14,quality_momentum,19,600961.SH,,0.96774191,-0.02163303,-0.09650239,-0.1551211,-0.14003113
2025-10-14,quality_momentum,20,603308.SH,,0.96594983,0.02896769,0.00334162,0.040616,0.12797767
2025-10-15,quality_momentum,1,002028.SZ,,1.0,0.02411984,0.0638931,0.09678968,0.23404466
2025-10-15,quality_momentum,2,603308.SH,,0.99847096,,-0.02732367,-0.02026148,0.15629213
2025-10-15,quality_momentum,3,300842.SZ,,0.99694192,0.00104943,-0.03729272,-0.00065812,0.00182564
2025-10-15,quality_momentum,4,002271.SZ,,0.99541283,-0.02050119,-0.03835832,-0.04579875,-0.02794163
2025-10-15,quality_momentum,5,002434.SZ,,0.99388379,-0.04224587,-0.07394612,-0.07202493,-0.11429199
2025-10-15,quality_momentum,6,002090.SZ,,0.99235475,-0.02754101,-0.08363075,-0.10606666,-0.0595923
2025-10-15,quality_momentum,7,600995.SH,,0.99082571,0.00121043,-0.02989382,-0.0516667,0.01676252
2025-10-15,quality_momentum,8,600522.SH,,0.98929662,-0.00574834,-0.04368126,-0.05082798,-0.04423101
2025-10-15,quality_momentum,9,000425.SZ,,0.98776758,-0.00533352,-0.05683563,-0.04224334,-0.10919618
2025-10-15,quality_momentum,10,600288.SH,,0.98623854,-0.01099092,0.01418388,0.0148832,0.05893915
2025-10-15,quality_momentum,11,603988.SH,,0.9847095,0.03521005,-0.02094761,-0.09878015,-0.1148721
2025-10-15,quality_momentum,12,002338.SZ,,0.9831804,-0.00704582,-0.04992743,-0.06896689,-0.05524475
2025-10-15,quality_momentum,13,002340.SZ,,0.98165137,-0.01003003,-0.03442025,-0.0657792,-0.02164446
2025-10-15,quality_momentum,14,002532.SZ,,0.98012233,0.00989449,0.01157941,0.03601068,0.15129788
2025-10-15,quality_momentum,15,605222.SH,,0.97859329,-0.01592109,-0.06599616,-0.05848494,-0.04947139
2025-10-15,quality_momentum,16,301291.SZ,,0.97706419,-0.00170158,-0.05864607,-0.02967778,-0.03959846
2025-10-15,quality_momentum,17,601699.SH,,0.97553515,0.02090126,0.04044526,0.01503807,-0.02991307
2025-10-15,quality_momentum,18,300435.SZ,,0.97400612,-0.02145305,-0.05031709,-0.04007503,0.01066985
2025-10-15,quality_momentum,19,603391.SH,,0.97247708,-0.05870368,-0.07167172,-0.07276761,-0.10692287
2025-10-15,quality_momentum,20,002533.SZ,,0.97094804,-0.03317378,-0.07665206,-0.0781776,0.01335558
2025-10-16,quality_momentum,1,603606.SH,,1.0,-0.05278794,-0.02920932,0.00257699,-0.06830799
2025-10-16,quality_momentum,2,300388.SZ,,0.9982993,0.00426656,-0.07795342,-0.03992671,-0.07281468
2025-10-16,quality_momentum,3,002340.SZ,,0.99659866,-0.02531926,-0.03819976,-0.04756742,-0.01243864
2025-10-16,quality_momentum,4,603290.SH,,0.99489796,-0.01462788,-0.03784765,-0.10750714,-0.08256729
2025-10-16,quality_momentum,5,002434.SZ,,0.99319726,-0.03293103,-0.04494298,-0.02792604,-0.10400212
2025-10-16,quality_momentum,6,300842.SZ,,0.99149662,-0.026664,-0.03393838,0.00413621,-0.01830615
2025-10-16,quality_momentum,7,603391.SH,,0.98979592,-0.02959171,-0.04992475,-0.01681093,0.00526503
2025-10-16,quality_momentum,8,300572.SZ,,0.98809522,-0.02755813,0.01309496,-0.02855782,0.09773345
2025-10-16,quality_momentum,9,603588.SH,,0.98639458,-0.04403129,-0.06633615,-0.06261869,-0.06014038
2025-10-16,quality_momentum,10,688677.SH,,0.98469388,-0.02400046,-0.04957125,-0.07185436,-0.1352333
2025-10-16,quality_momentum,11,300693.SZ,,0.98299319,-0.11251946,-0.10343706,-0.15583572,-0.02262662
2025-10-16,quality_momentum,12,600173.SH,,0.98129255,-0.09602958,0.0315008,-0.11121173,-0.0353008
2025-10-16,quality_momentum,13,301178.SZ,,0.97959185,-0.00957187,0.00149338,-0.05501296,-0.13114162
2025-10-16,quality_momentum,14,603080.SH,,0.97789115,-0.03473938,-0.02833169,-0.042749,-0.06918076
2025-10-16,quality_momentum,15,000400.SZ,,0.97619045,-0.03750605,-0.04356664,-0.05417275,-0.00530912
2025-10-16,quality_momentum,16,300435.SZ,,0.97448981,-0.01661988,-0.01424567,-0.00997219,0.01376952
2025-10-16,quality_momentum,17,688388.SH,,0.97278911,-0.02290409,-0.0054861,0.01500574,0.07904265
2025-10-16,quality_momentum,18,600509.SH,,0.97108841,-0.03237405,-0.05833345,-0.06736276,-0.05946209
2025-10-16,quality_momentum,19,600188.SH,,0.96938777,0.01499191,-0.00122428,-0.00662972,-0.00730537
2025-10-16,quality_momentum,20,688125.SH,,0.96768707,-0.0158795,0.02717731,0.17964702,0.13882691
2025-10-17,quality_momentum,1,300125.SZ,,1.0,0.00538409,-0.03415809,-0.0019,0.08030609
2025-10-17,quality_momentum,2,000425.SZ,,0.99740261,-0.02323328,-0.00812216,0.01321113,-0.05789993
2025-10-17,quality_momentum,3,600188.SH,,0.99480522,0.01138903,-0.02316247,-0.01784682,-0.01651795
2025-10-17,quality_momentum,4,300677.SZ,,0.99220777,-0.02265073,-0.05692442,-0.06881532,-0.07557684
2025-10-17,quality_momentum,5,300980.SZ,,0.98961037,0.00575138,-0.04714282,-0.06178026,-0.00589203
2025-10-17,quality_momentum,6,601168.SH,,0.98701298,0.00213221,0.01109283,0.09577022,0.0675444
2025-10-17,quality_momentum,7,000933.SZ,,0.98441559,0.00832225,0.03810003,0.0638778,0.11365558
2025-10-17,quality_momentum,8,601699.SH,,0.9818182,0.01850816,-0.00636431,-0.06121126,-0.05547146
2025-10-17,quality_momentum,9,002270.SZ,,0.97922081,0.00915701,0.02419461,0.09938262,0.14847593
2025-10-17,quality_momentum,10,002121.SZ,,0.97662336,-0.01932156,-0.00538429,,0.02597465
2025-10-17,quality_momentum,11,000878.SZ,,0.97402596,-0.0041051,-0.02725837,0.02125317,-0.01016904
2025-10-17,quality_momentum,12,300388.SZ,,0.97142857,-0.08259465,-0.0233505,-0.01415744,-0.0774874
2025-10-17,quality_momentum,13,600388.SH,,0.96883118,0.01540767,0.00194616,0.02309999,0.08399744
2025-10-17,quality_momentum,14,002487.SZ,,0.96623379,-0.03235041,0.03003071,0.11884441,0.06293526
2025-10-17,quality_momentum,15,300806.SZ,,0.96363634,-0.14569311,-0.13845171,-0.08810691,-0.09500345
2025-10-17,quality_momentum,16,688677.SH,,0.96103895,-0.01329335,-0.02132473,0.0414321,-0.08501545
2025-10-17,quality_momentum,17,601615.SH,,0.95844156,-0.02714274,-0.01937574,0.0207537,-0.02196472
2025-10-17,quality_momentum,18,600595.SH,,0.95584416,0.01976661,0.03476666,0.06809996,0.13309996
2025-10-17,quality_momentum,19,002169.SZ,,0.95324677,-0.02956795,0.01654536,0.03367318,0.08637404
2025-10-17,quality_momentum,20,300483.SZ,,0.95064932,0.04355457,-0.01927969,-0.06874492,-0.05270215
2025-10-20,quality_momentum,1,300596.SZ,,1.0,-0.03490645,-0.0648036,-0.04279924,-0.03012286
2025-10-20,quality_momentum,2,000962.SZ,,0.99728262,-0.03081821,0.03344457,0.16911043,0.08806788
2025-10-20,quality_momentum,3,002928.SZ,,0.99456519,-0.01813087,-0.03165653,-0.0406737,-0.03165653
2025-10-20,quality_momentum,4,600288.SH,,0.99184781,0.02356455,-0.00740584,0.06210553,0.14262852
2025-10-20,quality_momentum,5,300373.SZ,,0.98913044,-0.0274729,-0.0567171,-0.0601352,-0.1288781
2025-10-20,quality_momentum,6,002497.SZ,,0.98641306,-0.01423044,0.0104305,0.11523934,0.24039342
2025-10-20,quality_momentum,7,000933.SZ,,0.98369563,0.00073966,0.0689315,0.07069127,0.13756325
2025-10-20,quality_momentum,8,000425.SZ,,0.98097825,0.01989831,0.01263227,-0.04731332,-0.03913893
2025-10-20,quality_momentum,9,601001.SH,,0.97826087,-0.02270709,-0.05234137,-0.06558225,-0.01955451
2025-10-20,quality_momentum,10,603217.SH,,0.9755435,0.01161354,-0.02728899,-0.01868954,0.04846854
2025-10-20,quality_momentum,11,600188.SH,,0.97282606,-0.03075242,-0.03599836,-0.01763768,-0.00255572
2025-10-20,quality_momentum,12,688308.SH,,0.97010869,0.01428128,0.20643337,0.23798681,0.21169225
2025-10-20,quality_momentum,13,000035.SZ,,0.96739131,0.00682604,0.00333564,0.02602318,0.03474922
2025-10-20,quality_momentum,14,688122.SH,,0.96467394,0.00118143,0.06809262,0.13661795,0.12708014
2025-10-20,quality_momentum,15,688677.SH,,0.9619565,-0.01682538,-0.03987469,-0.05045471,-0.05347757
2025-10-20,quality_momentum,16,688187.SH,,0.95923913,0.01983907,-0.00371164,0.01259274,-0.06784206
2025-10-20,quality_momentum,17,688257.SH,,0.95652175,0.00772803,-0.01502917,0.07031001,0.07381114
2025-10-20,quality_momentum,18,301070.SZ,,0.95380437,0.00685083,0.03207385,0.05849805,0.09127089
2025-10-20,quality_momentum,19,300677.SZ,,0.95108694,-0.00618573,-0.04523332,-0.01618573,-0.08713809
2025-10-20,quality_momentum,20,300408.SZ,,0.94836956,-0.01401283,-0.04657834,-0.00090715,0.03245263
2025-10-21,quality_momentum,1,688257.SH,,1.0,-0.04394601,-0.00926895,0.04014584,0.04881515
2025-10-21,quality_momentum,2,600288.SH,,0.9975186,-0.02606105,0.00279803,0.00414028,0.07997928
2025-10-21,quality_momentum,3,300042.SZ,,0.9950372,0.01054948,0.17272991,0.14244721,-0.02915442
2025-10-21,quality_momentum,4,600388.SH,,0.99255586,-0.00887524,0.01205055,0.02536693,0.03234224
2025-10-21,quality_momentum,5,300572.SZ,,0.99007446,-0.01306212,0.04898639,0.06934104,0.13270283
2025-10-21,quality_momentum,6,000933.SZ,,0.98759305,0.02486615,0.05031591,0.0332031,0.08190873
2025-10-21,quality_momentum,7,600173.SH,,0.98511165,-0.0753574,-0.15469143,-0.12041127,-0.17428005
2025-10-21,quality_momentum,8,300136.SZ,,0.98263025,-0.02023275,0.0385704,0.08422937,0.18523246
2025-10-21,quality_momentum,9,300596.SZ,,0.98014891,-0.02663405,-0.0350437,-0.00363135,-0.04023784
2025-10-21,quality_momentum,10,300373.SZ,,0.97766751,-0.03528962,-0.0200889,-0.04061631,-0.12974193
2025-10-21,quality_momentum,11,601699.SH,,0.97518611,-0.02013903,-0.07422709,-0.07234028,-0.0396359
2025-10-21,quality_momentum,12,301178.SZ,,0.97270471,-0.0271904,-0.07953568,-0.08865195,-0.09056342
2025-10-21,quality_momentum,13,603861.SH,,0.97022331,-0.04703064,-0.05732364,-0.05653183,-0.03198712
2025-10-21,quality_momentum,14,000035.SZ,,0.96774191,-0.01401076,0.01886123,0.01194082,0.01540102
2025-10-21,quality_momentum,15,300332.SZ,,0.96526057,-0.0313573,-0.06391545,-0.06546587,-0.07166742
2025-10-21,quality_momentum,16,688187.SH,,0.96277916,-0.0355879,-0.01697093,0.00111417,-0.11714824
2025-10-21,quality_momentum,17,000962.SZ,,0.96029776,0.00912944,0.08118825,0.2664824,0.07640884
2025-10-21,quality_momentum,18,002654.SZ,,0.95781636,-0.01018406,0.00401716,-0.01195913,-0.09124911
2025-10-21,quality_momentum,19,300677.SZ,,0.95533496,-0.03274644,-0.04494157,-0.0884614,-0.09946097
2025-10-21,quality_momentum,20,300867.SZ,,0.95285362,-0.01204,-0.00238286,0.02707151,-0.0651545
2025-10-22,quality_momentum,1,603038.SH,,1.0,0.00208805,0.0250192,,0.00757154
2025-10-22,quality_momentum,2,600288.SH,,0.99696046,-0.00808983,0.06137374,0.04142875,0.11433106
2025-10-22,quality_momentum,3,002811.SZ,,0.99392098,0.00385536,-0.04362662,-0.06089284,-0.06592878
2025-10-22,quality_momentum,4,300042.SZ,,0.99088144,0.04828279,0.11275602,0.09514226,-0.00090298
2025-10-22,quality_momentum,5,002067.SZ,,0.98784196,-0.00783471,-0.04344306,-0.0656982,-0.05531249
2025-10-22,quality_momentum,6,002654.SZ,,0.98480242,-0.00607657,-0.0412794,0.01719309,-0.04664937
2025-10-22,quality_momentum,7,688248.SH,,0.98176295,-0.06232551,-0.04870847,-0.09994253,-0.14317657
2025-10-22,quality_momentum,8,688549.SH,,0.97872341,-0.01447254,0.07450231,0.06966671,-0.03478203
2025-10-22,quality_momentum,9,300596.SZ,,0.97568387,-0.00824041,0.01509214,0.02980175,0.01813547
2025-10-22,quality_momentum,10,300408.SZ,,0.97264439,0.00500664,0.05314397,0.11007155,0.1042113
2025-10-22,quality_momentum,11,600801.SH,,0.96960485,-0.00975859,0.10075224,0.06735341,0.1169605
2025-10-22,quality_momentum,12,688187.SH,,0.96656537,0.00910915,0.02562294,0.05351284,-0.04868902
2025-10-22,quality_momentum,13,600179.SH,,0.96352583,-0.020548,-0.00889294,0.016748,0.01441706
2025-10-22,quality_momentum,14,002184.SZ,,0.96048629,-0.00126913,0.06750065,-0.0101019,-0.05426593
2025-10-22,quality_momentum,15,600676.SH,,0.95744681,-0.00042511,-0.05204751,-0.05794721,-0.07269646
2025-10-22,quality_momentum,16,688236.SH,,0.95440727,-0.02965697,-0.01202753,-0.02853167,0.01460414
2025-10-22,quality_momentum,17,000572.SZ,,0.9513678,-0.05206726,-0.03701706,0.00311676,0.61515685
2025-10-22,quality_momentum,18,002941.SZ,,0.94832826,-0.0603616,-0.04292568,-0.04292568,-0.09933593
2025-10-22,quality_momentum,19,601699.SH,,0.94528878,-0.02304028,-0.05571164,-0.04610243,0.00386554
2025-10-22,quality_momentum,20,600388.SH,,0.94224924,0.01214848,0.00384708,0.03194415,0.06387265
2025-10-23,quality_momentum,1,601600.SH,,1.0,0.00570877,0.01766525,0.11223046,0.16114348
2025-10-23,quality_momentum,2,002532.SZ,,0.99712646,0.03556182,-0.01489691,0.04694562,0.07642503
2025-10-23,quality_momentum,3,000592.SZ,,0.99425286,,,,
2025-10-23,quality_momentum,4,002654.SZ,,0.99137932,0.01667399,0.00049669,-0.03725047,-0.06960519
2025-10-23,quality_momentum,5,002811.SZ,,0.98850572,-0.03122763,-0.06055519,-0.09345933,-0.09131342
2025-10-23,quality_momentum,6,601288.SH,,0.98563218,0.00701719,0.0554248,0.02357774,0.04013822
2025-10-23,quality_momentum,7,002957.SZ,,0.98275864,0.02962126,0.04880807,-0.00783881,-0.01149345
2025-10-23,quality_momentum,8,603699.SH,,0.97988504,0.01907134,0.14821038,0.19147751,0.20096979
2025-10-23,quality_momentum,9,002213.SZ,,0.9770115,,,,
2025-10-23,quality_momentum,10,002829.SZ,,0.9741379,0.00709212,0.00521872,0.0175829,0.07303443
2025-10-23,quality_momentum,11,600228.SH,,0.97126436,0.01803354,0.05125617,0.0280003,0.0861399
2025-10-23,quality_momentum,12,300768.SZ,,0.96839082,-0.0371174,0.01244781,0.0415783,-0.04103041
2025-10-23,quality_momentum,13,300585.SZ,,0.96551722,0.09028742,0.06528744,0.09862074,0.08768329
2025-10-23,quality_momentum,14,600388.SH,,0.96264368,0.00502699,0.01825113,0.04469955,0.04658866
2025-10-23,quality_momentum,15,300042.SZ,,0.95977014,0.10284691,0.07436583,-0.00095063,-0.08386201
2025-10-23,quality_momentum,16,002379.SZ,,0.95689654,-0.00843594,-0.02653551,0.02876866,0.08155909
2025-10-23,quality_momentum,17,600630.SH,,0.954023,-0.0335518,-0.0582798,-0.05432332,-0.07311655
2025-10-23,quality_momentum,18,300302.SZ,,0.9511494,0.0618899,0.0253045,0.0567304,0.00372856
2025-10-23,quality_momentum,19,603038.SH,,0.94827586,0.00256868,0.03732537,0.02193318,0.00306524
2025-10-23,quality_momentum,20,002066.SZ,,0.94540232,0.00560139,-0.0307517,-0.03536797,0.01541098
2025-10-24,quality_momentum,1,600667.SH,,1.0,-0.03047135,-0.034867,-0.05684503,0.07502317
2025-10-24,quality_momentum,2,000807.SZ,,0.99763596,0.02695732,0.04858897,0.04543432,0.14277697
2025-10-24,quality_momentum,3,002670.SZ,,0.99527186,-0.04205714,-0.06562759,-0.09399955,-0.12324442
2025-10-24,quality_momentum,4,002138.SZ,,0.99290782,0.00145891,-0.03069082,-0.08611302,-0.07579639
2025-10-24,quality_momentum,5,603703.SH,,0.99054372,-0.00354605,0.03760622,0.04336751,0.01291484
2025-10-24,quality_momentum,6,300329.SZ,,0.98817968,-0.0158064,0.0252808,0.10429471,0.11567273
2025-10-24,quality_momentum,7,300768.SZ,,0.98581558,-9.741e-05,0.04406664,0.05713559,-0.04155745
2025-10-24,quality_momentum,8,603699.SH,,0.98345155,,,,
2025-10-24,quality_momentum,9,603316.SH,,0.98108745,-0.04415348,-0.01880139,-0.05682956,0.08401551
2025-10-24,quality_momentum,10,301070.SZ,,0.97872341,0.00102115,0.13523083,0.05408829,-0.06064713
2025-10-24,quality_momentum,11,301108.SZ,,0.97635937,-0.04692232,-0.11962931,-0.10089329,-0.07125117
2025-10-24,quality_momentum,12,002240.SZ,,0.97399527,0.00346197,0.03965498,0.13840391,0.26351558
2025-10-24,quality_momentum,13,603986.SH,,0.97163123,,,,
2025-10-24,quality_momentum,14,688102.SH,,0.96926713,0.01911291,0.07945778,0.0315052,0.10639744
2025-10-24,quality_momentum,15,603308.SH,,0.96690309,0.01107014,0.06165382,0.02274331,0.06995476
2025-10-24,quality_momentum,16,688027.SH,,0.96453899,0.03884505,0.19018382,0.34804176,0.27532934
2025-10-24,quality_momentum,17,688239.SH,,0.96217495,-0.00641612,0.07250856,0.1449817,0.28627198
2025-10-24,quality_momentum,18,601168.SH,,0.95981085,0.00422246,-0.00149182,-0.02761431,-0.03414487
2025-10-24,quality_momentum,19,002811.SZ,,0.95744681,-0.02032294,-0.03800905,-0.05937972,-0.06380121
2025-10-24,quality_momentum,20,688531.SH,,0.95508271,0.01016156,-0.02865722,-0.0619305,-0.09381731
2025-10-27,quality_momentum,1,300223.SZ,,1.0,0.01682957,0.04650348,0.01028551,0.07629027
2025-10-27,quality_momentum,2,688549.SH,,0.99798793,-0.01447865,-0.0522145,-0.0782702,-0.07108243
2025-10-27,quality_momentum,3,300606.SZ,,0.99597585,-0.01887474,-0.02981401,-0.05433305,-0.06640398
2025-10-27,quality_momentum,4,000878.SZ,,0.99396378,-0.03195472,-0.00627164,-0.06419516,-0.0352334
2025-10-27,quality_momentum,5,000807.SZ,,0.9919517,-0.02730518,0.02744735,0.04978636,0.10629098
2025-10-27,quality_momentum,6,002056.SZ,,0.98993963,-0.03036647,-0.01383758,-0.03312127,0.01187409
2025-10-27,quality_momentum,7,000792.SZ,,0.98792756,-0.01809599,0.03298373,0.01595715,0.0570701
2025-10-27,quality_momentum,8,001206.SZ,,0.98591548,0.00621687,-0.00514678,-0.04897792,0.01725586
2025-10-27,quality_momentum,9,301291.SZ,,0.98390341,-0.03180164,-0.07334295,-0.07274089,0.06593064
2025-10-27,quality_momentum,10,002654.SZ,,0.98189133,0.03723044,-0.0019,-0.00065786,0.10244771
2025-10-27,quality_momentum,11,002971.SZ,,0.97987926,0.01773459,-0.03489698,-0.05071379,-0.00353621
2025-10-27,quality_momentum,12,002811.SZ,,0.97786719,-0.01391201,-0.04844653,-0.04394206,-0.06721532
2025-10-27,quality_momentum,13,000893.SZ,,0.97585511,0.01492861,-0.00095192,-0.01375119,-0.02536529
2025-10-27,quality_momentum,14,300572.SZ,,0.97384304,-0.00586817,0.00542606,0.06647612,-0.10354829
2025-10-27,quality_momentum,15,002670.SZ,,0.97183096,-0.02281856,-0.05601553,-0.04828474,-0.07647933
2025-10-27,quality_momentum,16,688131.SH,,0.96981889,-0.00319434,-0.04884676,-0.11003039,-0.09591114
2025-10-27,quality_momentum,17,601127.SH,,0.96780682,0.00423812,-0.01013812,-0.03315217,-0.12064384
2025-10-27,quality_momentum,18,600288.SH,,0.96579474,-0.03230105,0.01168344,0.07377912,0.02979468
2025-10-27,quality_momentum,19,688239.SH,,0.96378267,0.01991894,0.07824684,0.14219153,0.23962078
2025-10-27,quality_momentum,20,600388.SH,,0.96177059,0.02667143,0.05333815,0.05143332,0.0857191
2025-10-28,quality_momentum,1,002532.SZ,,1.0,0.05839889,0.04739506,0.00416572,0.06625883
2025-10-28,quality_momentum,2,600388.SH,,0.99800795,-0.00251727,0.04377907,0.00489016,0.04686551
2025-10-28,quality_momentum,3,000792.SZ,,0.99601597,0.06690537,0.04453311,-0.00949816,0.05128701
2025-10-28,quality_momentum,4,000893.SZ,,0.99402392,0.01558249,-0.02567625,-0.06460397,-0.02194659
2025-10-28,quality_momentum,5,600801.SH,,0.99203187,0.000402,0.00086243,-0.00282087,0.1007703
2025-10-28,quality_momentum,6,300073.SZ,,0.99003983,0.05534343,-0.0038082,-0.08013284,-0.05518052
2025-10-28,quality_momentum,7,002409.SZ,,0.98804784,0.03513703,-0.04757908,-0.09436912,-0.02659142
2025-10-28,quality_momentum,8,600288.SH,,0.98605579,0.01010803,0.06014138,0.07348366,0.04079515
2025-10-28,quality_momentum,9,601600.SH,,0.98406374,0.04394225,0.07912348,0.01195929,0.16867563
2025-10-28,quality_momentum,10,002971.SZ,,0.9820717,-0.03827343,-0.05244834,-0.00698158,0.06469534
2025-10-28,quality_momentum,11,001333.SZ,,0.98007971,0.00077176,-0.02174734,-0.11144198,-0.072129
2025-10-28,quality_momentum,12,300223.SZ,,0.97808766,0.05026522,-0.04387583,-0.04166082,0.03143699
2025-10-28,quality_momentum,13,688549.SH,,0.97609562,0.00628928,-0.06741404,-0.10745049,-0.10199094
2025-10-28,quality_momentum,14,301070.SZ,,0.97410357,0.05178422,-0.02340379,-0.08460676,-0.12370452
2025-10-28,quality_momentum,15,002056.SZ,,0.97211158,0.03212648,-0.00142744,-0.05435752,0.02834576
2025-10-28,quality_momentum,16,688257.SH,,0.97011954,-0.01063536,-0.00356386,0.00641951,0.13412333
2025-10-28,quality_momentum,17,301557.SZ,,0.96812749,-0.00863973,-0.05371129,-0.05076265,-0.00147872
2025-10-28,quality_momentum,18,002156.SZ,,0.96613544,0.01622413,-0.05038214,-0.10679357,-0.13330009
2025-10-28,quality_momentum,19,688531.SH,,0.96414346,-0.05961812,-0.0918329,-0.10458452,-0.16163151
2025-10-28,quality_momentum,20,600118.SH,,0.96215141,0.02249027,0.04590494,0.01931955,0.04151471
2025-10-29,quality_momentum,1,002971.SZ,,1.0,-0.01772008,-0.03381784,0.05305427,0.05721744
2025-10-29,quality_momentum,2,688187.SH,,0.99814129,-0.0490141,-0.10551615,-0.0987359,-0.10325607
2025-10-29,quality_momentum,3,688531.SH,,0.99628252,-0.02141561,-0.04235579,-0.05360943,-0.124692
2025-10-29,quality_momentum,4,002466.SZ,,0.99442381,0.10186983,0.06556027,0.06952854,0.06933016
2025-10-29,quality_momentum,5,603061.SH,,0.99256504,-0.02795635,-0.10330847,-0.1318296,-0.09330843
2025-10-29,quality_momentum,6,688548.SH,,0.99070632,0.01350837,0.05588124,0.02891666,-0.0173083
2025-10-29,quality_momentum,7,300606.SZ,,0.98884761,-0.0396147,-0.06388655,-0.10122786,-0.11765806
2025-10-29,quality_momentum,8,000776.SZ,,0.98698884,-0.01276962,-0.06460905,-0.06795355,-0.04036155
2025-10-29,quality_momentum,9,600497.SH,,0.98513013,0.00398236,-0.0269,-0.0519,0.00259771
2025-10-29,quality_momentum,10,000878.SZ,,0.98327136,-0.00790109,-0.06572981,-0.07936859,-0.04990869
2025-10-29,quality_momentum,11,300768.SZ,,0.98141265,0.03213712,-0.00663933,-0.02818175,-0.10875045
2025-10-29,quality_momentum,12,002785.SZ,,0.97955388,-0.01032166,-0.02173155,-0.06383976,0.060583
2025-10-29,quality_momentum,13,002654.SZ,,0.97769517,-0.05927698,-0.05810611,-0.06454634,-0.00541283
2025-10-29,quality_momentum,14,002128.SZ,,0.97583646,0.01436983,0.0278619,0.00643334,0.08738569
2025-10-29,quality_momentum,15,300042.SZ,,0.97397768,-0.04370555,-0.04915842,-0.08944927,0.00506757
2025-10-29,quality_momentum,16,600115.SH,,0.97211897,-0.0019,0.0396801,0.027206,0.09581316
2025-10-29,quality_momentum,17,300684.SZ,,0.9702602,0.00468847,-0.05481327,-0.11225616,-0.12975669
2025-10-29,quality_momentum,18,002533.SZ,,0.96840149,-0.01617496,-0.01993157,0.0198881,-0.02594209
2025-10-29,quality_momentum,19,688257.SH,,0.96654278,-0.02665873,0.02957292,0.05559054,0.16553593
2025-10-29,quality_momentum,20,603186.SH,,0.96468401,-0.03048299,-0.05602527,-0.09251421,-0.16326225
2025-10-30,quality_momentum,1,600667.SH,,1.0,-0.02462728,0.02082728,0.09014548,0.05491815
2025-10-30,quality_momentum,2,002409.SZ,,0.99809521,-0.04403136,-0.09099535,-0.06621223,-0.03733983
2025-10-30,quality_momentum,3,600388.SH,,0.99619049,0.01735391,-0.02055224,-9.5e-05,-0.02416236
2025-10-30,quality_momentum,4,600115.SH,,0.9942857,-0.00397895,0.027206,0.027206,0.10412915
2025-10-30,quality_momentum,5,300073.SZ,,0.99238098,-0.02796707,-0.10244427,-0.03598763,-0.04715926
2025-10-30,quality_momentum,6,301148.SZ,,0.99047619,-0.00717234,-0.04115016,-0.04935164,-0.04495799
2025-10-30,quality_momentum,7,000035.SZ,,0.98857141,-0.013645,-0.01532281,-0.00022219,-0.00357789
2025-10-30,quality_momentum,8,600268.SH,,0.98666668,-0.01792023,-0.00695908,0.10349626,0.04025847
2025-10-30,quality_momentum,9,000878.SZ,,0.98476189,-0.01452346,-0.09630175,-0.04690546,-0.0304401
2025-10-30,quality_momentum,10,600819.SH,,0.98285717,0.0296534,-0.0043271,0.00538154,0.14615824
2025-10-30,quality_momentum,11,002056.SZ,,0.98095238,-0.01816394,-0.07020856,0.02969857,-0.02606353
2025-10-30,quality_momentum,12,605389.SH,,0.9790476,0.04877987,-0.01302483,-0.01101619,-0.06061443
2025-10-30,quality_momentum,13,000893.SZ,,0.97714287,-0.01018799,-0.04973331,-0.01918631,0.02580535
2025-10-30,quality_momentum,14,601899.SH,,0.97523808,-0.03404404,-0.10443943,-0.0475445,-0.03436548
2025-10-30,quality_momentum,15,600111.SH,,0.97333336,-0.02592466,-0.07551136,-0.07935537,-0.11241318
2025-10-30,quality_momentum,16,002414.SZ,,0.97142857,-0.01886111,-0.07327804,-0.07963848,-0.06055724
2025-10-30,quality_momentum,17,000021.SZ,,0.96952379,-0.05784401,-0.09245939,-0.07497688,-0.11029157
2025-10-30,quality_momentum,18,603186.SH,,0.96761906,-0.02109866,-0.09371972,-0.07118214,-0.15068963
2025-10-30,quality_momentum,19,601179.SH,,0.96571428,0.01809998,0.00309996,0.18559993,0.19810002
2025-10-30,quality_momentum,20,688257.SH,,0.96380955,0.03080221,0.04112924,0.12374546,0.20291929
2025-10-31,quality_momentum,1,600089.SH,,1.0,,,,
2025-10-31,quality_momentum,2,688257.SH,,0.99837136,0.0222667,0.04810002,0.14726664,0.12310006
2025-10-31,quality_momentum,3,601012.SH,,0.99674267,0.01728577,0.02056137,0.06875972,0.02758054
2025-10-31,quality_momentum,4,605389.SH,,0.99511403,0.00427645,-0.07322351,-0.06248827,-0.01778237
2025-10-31,quality_momentum,5,688548.SH,,0.99348533,0.00765884,-0.01807647,-0.01219411,-0.04675292
2025-10-31,quality_momentum,6,000923.SZ,,0.99185669,-0.0337809,-0.06141107,-0.02581068,-0.01358961
2025-10-31,quality_momentum,7,002466.SZ,,0.990228,-0.01311119,-0.00943538,0.06775633,0.06941044
2025-10-31,quality_momentum,8,688125.SH,,0.98859936,0.08534285,0.06575433,0.04221523,0.10081601
2025-10-31,quality_momentum,9,603308.SH,,0.98697066,-0.01101388,0.07734049,0.04417599,-0.05531771
2025-10-31,quality_momentum,10,688239.SH,,0.98534203,-0.00883797,0.02660177,0.12129516,-0.04502767
2025-10-31,quality_momentum,11,603730.SH,,0.98371333,-0.00063093,-0.00824515,-0.0247426,-0.07423501
2025-10-31,quality_momentum,12,600236.SH,,0.98208469,0.00878094,-0.0032351,-0.01391604,-0.04061832
2025-10-31,quality_momentum,13,605598.SH,,0.98045605,,,,
2025-10-31,quality_momentum,14,000762.SZ,,0.97882736,-0.01172609,0.01472889,0.09447193,0.1061877
2025-10-31,quality_momentum,15,000599.SZ,,0.97719872,-0.00815978,0.02000929,-0.00033502,0.12173067
2025-10-31,quality_momentum,16,688102.SH,,0.97557002,0.01321988,-0.01701998,0.07057131,0.08516981
2025-10-31,quality_momentum,17,603217.SH,,0.97394139,-0.01536152,-0.0522846,-0.01805381,-0.04997688
2025-10-31,quality_momentum,18,002169.SZ,,0.97231269,0.03926221,0.14458914,0.09374164,0.0307877
2025-10-31,quality_momentum,19,000901.SZ,,0.97068405,,,,
2025-10-31,quality_momentum,20,002056.SZ,,0.96905535,-0.00520651,0.03022098,0.06470372,-0.03071429
2025-11-03,quality_momentum,1,600388.SH,,1.0,-0.01877759,0.00171664,0.03064979,-0.036258
2025-11-03,quality_momentum,2,000923.SZ,,0.99841774,-0.04141701,-0.00958395,0.01456538,-0.00135115
2025-11-03,quality_momentum,3,688239.SH,,0.99683547,-0.04041959,0.11516949,0.08325862,-0.01681687
2025-11-03,quality_momentum,4,002169.SZ,,0.99525315,0.01670468,0.07716985,0.04810007,-0.01817905
2025-11-03,quality_momentum,5,605189.SH,,0.99367088,-0.07737171,-0.08333001,-0.12603114,-0.14340941
2025-11-03,quality_momentum,6,601168.SH,,0.99208862,-0.05403271,0.00757868,0.03472217,-0.01180946
2025-11-03,quality_momentum,7,600029.SH,,0.99050635,-0.02060498,0.00385539,0.02975472,0.04270438
2025-11-03,quality_momentum,8,000833.SZ,,0.98892403,-0.07938183,0.04834217,0.1336933,0.42425011
2025-11-03,quality_momentum,9,300975.SZ,,0.98734176,-0.03602968,-0.02374296,0.0117519,-0.05036417
2025-11-03,quality_momentum,10,600885.SH,,0.9857595,-0.03385611,0.08267067,0.0487779,0.00520134
2025-11-03,quality_momentum,11,002128.SZ,,0.98417723,-0.02463601,0.01967993,0.07362983,0.06168378
2025-11-03,quality_momentum,12,603530.SH,,0.98259491,,,,
2025-11-03,quality_momentum,13,688102.SH,,0.98101264,-0.03220305,-0.0178219,0.09209074,0.09619964
2025-11-03,quality_momentum,14,601898.SH,,0.97943038,-0.0019,0.0330162,0.05606089,0.01066985
2025-11-03,quality_momentum,15,600236.SH,,0.97784811,-0.03096213,-0.02039407,-0.02964108,-0.05606116
2025-11-03,quality_momentum,16,300596.SZ,,0.97626585,-0.04497164,-0.01814413,-0.01986705,-0.01568297
2025-11-03,quality_momentum,17,600228.SH,,0.97468352,-0.02738727,-0.01989099,0.07606101,0.07156323
2025-11-03,quality_momentum,18,603308.SH,,0.97310126,-0.01850706,0.06657211,0.04689918,-0.03230367
2025-11-03,quality_momentum,19,600221.SH,,0.97151899,-0.01829349,0.01449343,0.00356448,0.01449343
2025-11-03,quality_momentum,20,002768.SZ,,0.96993673,-0.03722603,0.03129109,0.12523511,0.06564663
2025-11-04,quality_momentum,1,600667.SH,,1.0,0.13143328,0.08698893,0.02032223,-0.04634446
2025-11-04,quality_momentum,2,605189.SH,,0.99826992,0.02119341,-0.04110516,-0.06419857,-0.08621794
2025-11-04,quality_momentum,3,600179.SH,,0.99653977,0.00270829,0.10409079,0.04879119,0.05339948
2025-11-04,quality_momentum,4,300421.SZ,,0.99480969,0.06485746,-0.0309645,-0.08818523,-0.12724061
2025-11-04,quality_momentum,5,603861.SH,,0.9930796,0.07565104,0.15320209,0.16626328,0.02422247
2025-11-04,quality_momentum,6,300863.SZ,,0.99134946,0.06841568,0.02125786,0.00652101,0.01052102
2025-11-04,quality_momentum,7,600236.SH,,0.98961937,0.01578711,0.00490272,0.00082113,-0.03999521
2025-11-04,quality_momentum,8,002532.SZ,,0.98788929,0.02153749,0.0785687,0.05981874,0.0160687
2025-11-04,quality_momentum,9,002379.SZ,,0.98615915,0.02976497,0.11914195,0.13191004,0.05325837
2025-11-04,quality_momentum,10,000833.SZ,,0.98442906,0.08865119,0.18642029,0.21529158,0.44363813
2025-11-04,quality_momentum,11,600228.SH,,0.98269898,-0.00651542,0.02733078,0.1088692,0.08425384
2025-11-04,quality_momentum,12,000792.SZ,,0.98096883,0.04914206,0.09890812,0.05935055,0.13846576
2025-11-04,quality_momentum,13,600556.SH,,0.97923875,0.0394476,-0.01261975,0.00422554,0.08998361
2025-11-04,quality_momentum,14,002128.SZ,,0.97750866,7.16e-05,0.06868359,0.0568539,0.03516618
2025-11-04,quality_momentum,15,300082.SZ,,0.97577852,0.01288955,0.09935146,0.32460739,0.29047768
2025-11-04,quality_momentum,16,300423.SZ,,0.97404844,0.04472578,0.01036999,-0.0019,-0.01907784
2025-11-04,quality_momentum,17,000807.SZ,,0.97231835,0.00203872,0.10969739,0.07993811,0.03704965
2025-11-04,quality_momentum,18,300302.SZ,,0.97058821,0.04013641,0.06769364,0.07469969,-0.01264262
2025-11-04,quality_momentum,19,002829.SZ,,0.96885812,0.02554121,-0.00368187,0.00879142,-0.03326134
2025-11-04,quality_momentum,20,688239.SH,,0.96712804,0.07527986,0.17445502,0.06860272,0.0108651
2025-11-05,quality_momentum,1,000833.SZ,,1.0,0.04202301,0.12686058,0.27968849,0.3278233
2025-11-05,quality_momentum,2,603099.SH,,0.99835795,-0.05608913,-0.02649506,-0.03009434,0.05788804
2025-11-05,quality_momentum,3,000792.SZ,,0.9967159,0.01995354,0.0300709,0.00538451,0.13124451
2025-11-05,quality_momentum,4,601969.SH,,0.99507391,-0.00596912,0.13746934,0.11814074,0.24937164
2025-11-05,quality_momentum,5,600667.SH,,0.99343187,-0.05974309,-0.02739012,-0.06660583,-0.18131171
2025-11-05,quality_momentum,6,300423.SZ,,0.99178982,-0.03120832,-0.03003596,-0.06520597,-0.05699957
2025-11-05,quality_momentum,7,600188.SH,,0.99014777,0.00067903,0.01035017,-0.03993996,-0.06637448
2025-11-05,quality_momentum,8,300001.SZ,,0.98850572,-0.0015669,-0.00256626,-0.03754297,-0.06252627
2025-11-05,quality_momentum,9,300882.SZ,,0.98686373,-0.01886463,0.07742144,0.05082814,-0.05279408
2025-11-05,quality_momentum,10,600221.SH,,0.98522168,-0.0019,-0.01265268,-0.00727634,-0.05566345
2025-11-05,quality_momentum,11,002532.SZ,,0.98357964,0.0591687,0.06451217,0.08741292,0.01031374
2025-11-05,quality_momentum,12,688663.SH,,0.98193759,-0.00575773,-0.0175451,-0.08934105,-0.11055836
2025-11-05,quality_momentum,13,002192.SZ,,0.98029554,0.04258868,0.08375732,0.08287198,0.40358915
2025-11-05,quality_momentum,14,600288.SH,,0.97865355,0.00734212,-0.01915199,-0.0339394,-0.07460483
2025-11-05,quality_momentum,15,001225.SZ,,0.9770115,-0.03242064,0.03059548,-0.05773482,0.04262424
2025-11-05,quality_momentum,16,601012.SH,,0.97536945,-0.01151103,0.04157821,-0.04995497,-0.03164827
2025-11-05,quality_momentum,17,920925.BJ,,0.97372741,-0.02059677,-0.03516917,-0.05496577,-0.10170761
2025-11-05,quality_momentum,18,600118.SH,,0.97208536,0.0063064,0.05249629,0.03209765,-0.03542872
2025-11-05,quality_momentum,19,002379.SZ,,0.97044337,0.06493174,0.08473373,0.13621883,0.00750597
2025-11-05,quality_momentum,20,605338.SH,,0.96880132,-0.01167556,0.11033749,0.13025059,0.01692689
2025-11-06,quality_momentum,1,002532.SZ,,1.0,-0.006936,-0.02420215,0.0232798,-0.09542519
2025-11-06,quality_momentum,2,000807.SZ,,0.99848253,0.03272319,0.00502464,0.07019774,-0.04181858
2025-11-06,quality_momentum,3,000792.SZ,,0.99696511,0.02305046,-0.01378116,0.04483269,0.05948611
2025-11-06,quality_momentum,4,002128.SZ,,0.99544764,0.02224188,0.01092536,0.05430524,-0.01547977
2025-11-06,quality_momentum,5,603568.SH,,0.99393022,-0.01331164,-0.0306404,-0.00443585,-0.00147729
2025-11-06,quality_momentum,6,300882.SZ,,0.99241275,0.05780142,0.11097313,0.11750293,-0.08398957
2025-11-06,quality_momentum,7,002379.SZ,,0.99089527,0.01666149,0.02826239,0.05842478,-0.0803223
2025-11-06,quality_momentum,8,601012.SH,,0.98937786,0.05540129,0.02859907,-0.03147483,-0.09154874
2025-11-06,quality_momentum,9,603823.SH,,0.98786038,-0.0335455,-0.05598513,-0.05713582,-0.1140979
2025-11-06,quality_momentum,10,000636.SZ,,0.98634297,0.00985812,-0.04669286,-0.07244875,-0.07468839
2025-11-06,quality_momentum,11,002663.SZ,,0.98482549,0.00230168,-0.01030345,-0.00610178,-0.06072357
2025-11-06,quality_momentum,12,000833.SZ,,0.98330802,0.04190408,0.06726422,0.24882044,0.24132771
2025-11-06,quality_momentum,13,600118.SH,,0.9817906,0.06507674,-0.00701627,0.02089064,-0.0614349
2025-11-06,quality_momentum,14,300082.SZ,,0.98027313,0.03008296,0.24117033,0.39362239,0.09724716
2025-11-06,quality_momentum,15,603308.SH,,0.97875571,-0.01385597,-0.06933183,-0.11787325,-0.15278476
2025-11-06,quality_momentum,16,603817.SH,,0.97723824,-0.00451784,0.03213138,0.02820468,-0.03724031
2025-11-06,quality_momentum,17,603049.SH,,0.97572076,-0.0072568,0.01088729,0.00864089,-0.03594178
2025-11-06,quality_momentum,18,000612.SZ,,0.97420335,0.05543081,0.0281752,0.0441526,-0.0789677
2025-11-06,quality_momentum,19,300980.SZ,,0.97268587,0.00092045,-0.0241501,-0.13665397,-0.24320367
2025-11-06,quality_momentum,20,600382.SH,,0.97116846,0.02947257,0.00725033,-0.03065816,-0.10124639
2025-11-07,quality_momentum,1,000792.SZ,,1.0,-0.01658312,-0.04015347,0.03673988,0.0131696
2025-11-07,quality_momentum,2,601012.SH,,0.99857754,-0.0053965,-0.09280909,-0.0403615,-0.17060624
2025-11-07,quality_momentum,3,600819.SH,,0.99715507,,,,
2025-11-07,quality_momentum,4,002459.SZ,,0.99573255,0.02304942,-0.04775302,-0.03022098,-0.1684543
2025-11-07,quality_momentum,5,600481.SH,,0.99431008,-0.01676488,-0.09514325,-0.09379193,-0.2100081
2025-11-07,quality_momentum,6,600382.SH,,0.99288762,-0.01584169,-0.05259707,-0.08935245,-0.1565261
2025-11-07,quality_momentum,7,603558.SH,,0.99146515,-0.00690416,-0.00523605,0.00310416,-0.04943957
2025-11-07,quality_momentum,8,300132.SZ,,0.99004269,0.02848309,0.07207621,0.06150819,-0.04813519
2025-11-07,quality_momentum,9,002176.SZ,,0.98862022,-0.01275135,-0.03612369,-0.02026388,-0.10457109
2025-11-07,quality_momentum,10,300882.SZ,,0.9871977,0.03419159,0.00866342,0.04035352,-0.148907
2025-11-07,quality_momentum,11,002192.SZ,,0.98577523,-0.01099093,-0.011799,0.15001922,
2025-11-07,quality_momentum,12,601969.SH,,0.98435277,0.00168427,-0.01534082,0.17372728,0.028566
2025-11-07,quality_momentum,13,300774.SZ,,0.9829303,-0.06346509,0.05506198,0.03204707,0.21156369
2025-11-07,quality_momentum,14,600388.SH,,0.98150784,-0.00770377,-0.05297363,-0.07270667,-0.11159234
2025-11-07,quality_momentum,15,002532.SZ,,0.98008537,0.00822291,0.02991488,0.01111519,-0.08722179
2025-11-07,quality_momentum,16,600496.SH,,0.97866285,-0.00649768,0.03488165,-0.00879651,-0.08235974
2025-11-07,quality_momentum,17,300001.SZ,,0.97724038,-0.02913737,-0.0631841,-0.05994151,-0.14295059
2025-11-07,quality_momentum,18,601888.SH,,0.97581792,,,,
2025-11-07,quality_momentum,19,002466.SZ,,0.97439545,-0.02251857,-0.07423676,-0.00035361,-0.06049106
2025-11-07,quality_momentum,20,300890.SZ,,0.97297299,-0.02902763,-0.0303574,0.00528088,-0.14392128
2025-11-10,quality_momentum,1,000792.SZ,,1.0,-0.0234686,0.0345706,0.09613922,0.00515884
2025-11-10,quality_momentum,2,002466.SZ,,0.99860531,-0.04926843,0.01564386,0.0858193,-0.08172454
2025-11-10,quality_momentum,3,600556.SH,,0.99721062,-0.01094976,0.06295677,0.09161435,-0.0335742
2025-11-10,quality_momentum,4,000762.SZ,,0.99581587,-0.02352716,0.00221949,0.0578323,-0.10591644
2025-11-10,quality_momentum,5,002459.SZ,,0.99442118,-0.02097895,-0.0755842,-0.06900523,-0.19597894
2025-11-10,quality_momentum,6,002214.SZ,,0.99302649,0.01943006,0.01001967,0.02256677,-0.04832408
2025-11-10,quality_momentum,7,002738.SZ,,0.99163181,-0.04272638,0.05614228,0.16468464,-0.00173601
2025-11-10,quality_momentum,8,300136.SZ,,0.99023712,0.00600512,-0.00798091,-0.0633168,-0.12625392
2025-11-10,quality_momentum,9,002176.SZ,,0.98884243,-0.02215322,0.00231934,0.05295229,-0.15464264
2025-11-10,quality_momentum,10,601918.SH,,0.98744768,-0.01624157,-0.0266718,-0.043621,-0.1035949
2025-11-10,quality_momentum,11,600438.SH,,0.98605299,-0.01862858,-0.06621225,-0.06955798,-0.14911186
2025-11-10,quality_momentum,12,301246.SZ,,0.9846583,0.04980726,0.08346585,0.02395359,-0.12238779
2025-11-10,quality_momentum,13,300329.SZ,,0.98326361,-0.00825463,0.01254252,0.00098857,-0.02558572
2025-11-10,quality_momentum,14,600179.SH,,0.98186892,-0.00408823,-0.02815828,0.04624,-0.13319106
2025-11-10,quality_momentum,15,600875.SH,,0.98047417,-0.04173575,-0.01504171,-0.09101704,-0.16206425
2025-11-10,quality_momentum,16,000922.SZ,,0.97907948,0.02896423,-0.02041857,-0.07940341,-0.150734
2025-11-10,quality_momentum,17,600510.SH,,0.9776848,0.05930218,0.08553165,0.01449347,-0.04998744
2025-11-10,quality_momentum,18,600118.SH,,0.97629011,-0.05059909,-0.0239147,-0.05326761,-0.06594269
2025-11-10,quality_momentum,19,002128.SZ,,0.97489542,-0.03987921,0.00132468,-0.01300713,-0.0656764
2025-11-10,quality_momentum,20,601012.SH,,0.97350067,-0.02382982,-0.08084734,-0.05716309,-0.17251402
2025-11-11,quality_momentum,1,600118.SH,,1.0,0.02895546,0.00791765,-0.02667796,0.01493025
2025-11-11,quality_momentum,2,300302.SZ,,0.99874371,0.0132844,-0.02836415,-0.08302794,-0.17760496
2025-11-11,quality_momentum,3,601288.SH,,0.99748743,0.02694619,0.01372498,-0.01632304,-0.03194807
2025-11-11,quality_momentum,4,601012.SH,,0.99623114,-0.06916458,-0.01535288,-0.05346949,-0.14450083
2025-11-11,quality_momentum,5,002250.SZ,,0.99497485,0.01097878,0.17840302,0.07006969,-0.08977883
2025-11-11,quality_momentum,6,002379.SZ,,0.99371856,0.03368558,0.00350538,-0.07126936,-0.08703512
2025-11-11,quality_momentum,7,603948.SH,,0.99246234,0.03976671,,-0.04217776,-0.08419165
2025-11-11,quality_momentum,8,688377.SH,,0.99120605,-0.00213258,-0.08352788,-0.13050462,-0.16701625
2025-11-11,quality_momentum,9,600989.SH,,0.98994976,0.00062524,-0.02614252,-0.06604142,-0.09634444
2025-11-11,quality_momentum,10,600496.SH,,0.98869348,0.02543482,-0.01784536,-0.04062439,-0.05884764
2025-11-11,quality_momentum,11,300975.SZ,,0.98743719,0.05918439,-0.04239417,-0.082202,-0.14534546
2025-11-11,quality_momentum,12,601898.SH,,0.9861809,-0.01961119,-0.032554,-0.02982914,-0.06661395
2025-11-11,quality_momentum,13,603656.SH,,0.98492461,-0.02138306,-0.02297352,-0.04961373,-0.09732738
2025-11-11,quality_momentum,14,301192.SZ,,0.98366833,-0.07705869,-0.10804939,-0.1434325,-0.25446225
2025-11-11,quality_momentum,15,002861.SZ,,0.98241204,0.00553677,-0.01776513,0.03677133,-0.04057133
2025-11-11,quality_momentum,16,600667.SH,,0.98115575,0.03505653,-0.01929137,-0.06711742,-0.14863917
2025-11-11,quality_momentum,17,600039.SH,,0.97989953,0.01364406,-0.02780673,-0.01951657,-0.04024202
2025-11-11,quality_momentum,18,601011.SH,,0.97864324,-0.02273337,0.0166185,-0.06671486,-0.16393709
2025-11-11,quality_momentum,19,600292.SH,,0.97738695,-0.02742049,-0.06167168,-0.10599668,-0.14360583
2025-11-11,quality_momentum,20,600438.SH,,0.97613066,-0.05331779,-0.03932917,-0.06314767,-0.11721195
2025-11-12,quality_momentum,1,601288.SH,,1.0,-0.0019,-0.03461027,-0.04512431,-0.07316167
2025-11-12,quality_momentum,2,600516.SH,,0.99865949,0.03904487,-0.00819921,0.05321806,0.01542279
2025-11-12,quality_momentum,3,002532.SZ,,0.99731904,-0.00330155,-0.06987478,-0.07267781,-0.08389014
2025-11-12,quality_momentum,4,600989.SH,,0.99597853,-0.01298319,-0.03968342,-0.06436857,-0.10164809
2025-11-12,quality_momentum,5,600118.SH,,0.99463809,-0.00462108,-0.03455306,-0.06720613,-0.06924694
2025-11-12,quality_momentum,6,601857.SH,,0.99329758,0.01241485,0.00832494,0.03695474,-0.00803502
2025-11-12,quality_momentum,7,600595.SH,,0.99195713,-0.02700462,-0.11068661,-0.08139792,-0.05071452
2025-11-12,quality_momentum,8,600039.SH,,0.99061662,-0.03149188,-0.01618574,-0.04577763,-0.0529205
2025-11-12,quality_momentum,9,600938.SH,,0.98927611,-0.0060351,-0.00775804,0.00464721,-0.04118326
2025-11-12,quality_momentum,10,000612.SZ,,0.98793566,-0.01607184,-0.07630207,-0.09313117,-0.14893275
2025-11-12,quality_momentum,11,000933.SZ,,0.98659515,-0.03005353,-0.0838013,-0.08270438,-0.10793289
2025-11-12,quality_momentum,12,300975.SZ,,0.9852547,-0.04070983,-0.10021826,-0.13644072,-0.20694525
2025-11-12,quality_momentum,13,601012.SH,,0.9839142,0.00771542,0.03367701,0.01733084,-0.09997688
2025-11-12,quality_momentum,14,002043.SZ,,0.98257375,0.02783975,0.02114831,-0.00115652,0.04270967
2025-11-12,quality_momentum,15,002397.SZ,,0.98123324,0.07269211,0.04238906,0.007424,0.040058
2025-11-12,quality_momentum,16,603861.SH,,0.97989279,0.02474693,-0.03372825,-0.09294367,-0.15586
2025-11-12,quality_momentum,17,600667.SH,,0.97855228,-0.02705728,-0.08995029,-0.1245415,-0.1863864
2025-11-12,quality_momentum,18,000766.SZ,,0.97721177,0.02950611,0.04877809,0.03129059,-0.0222426
2025-11-12,quality_momentum,19,002388.SZ,,0.97587132,0.0335267,0.10438017,0.02386487,0.00937217
2025-11-12,quality_momentum,20,301003.SZ,,0.97453082,-0.02094763,-0.05904289,-0.07713813,-0.11975715
2025-11-13,quality_momentum,1,601288.SH,,1.0,-0.01475053,-0.04395607,-0.04979721,-0.05797478
2025-11-13,quality_momentum,2,000792.SZ,,0.99879372,0.01512606,0.01247757,0.0120992,-0.01400744
2025-11-13,quality_momentum,3,002043.SZ,,0.99758744,-0.00839819,-0.01634046,-0.00695418,-0.01561838
2025-11-13,quality_momentum,4,000933.SZ,,0.99638116,-0.03839363,-0.07714458,-0.08316415,-0.0978368
2025-11-13,quality_momentum,5,002928.SZ,,0.99517488,-0.05496119,-0.08271631,-0.07536936,-0.17659391
2025-11-13,quality_momentum,6,301557.SZ,,0.99396867,0.07993596,0.14175229,0.15708435,0.22856871
2025-11-13,quality_momentum,7,600118.SH,,0.99276239,-0.01963529,-0.05328695,-0.0823911,-0.04214555
2025-11-13,quality_momentum,8,300483.SZ,,0.99155611,,,,
2025-11-13,quality_momentum,9,002066.SZ,,0.99034983,-0.01592918,-0.04454872,-0.04791569,-0.10739945
2025-11-13,quality_momentum,10,603162.SH,,0.98914355,0.06331735,0.00766519,-0.05059566,0.00505651
2025-11-13,quality_momentum,11,002466.SZ,,0.98793727,0.00310002,0.04982414,,-0.07396897
2025-11-13,quality_momentum,12,001217.SZ,,0.98673099,-0.0253321,-0.02602131,-0.06254785,-0.04049404
2025-11-13,quality_momentum,13,300137.SZ,,0.98552471,0.01127363,-0.01267846,-0.04261858,-0.03543298
2025-11-13,quality_momentum,14,300975.SZ,,0.98431844,-0.06111936,-0.10015032,-0.16071564,-0.16879101
2025-11-13,quality_momentum,15,300302.SZ,,0.98311216,-0.06416493,-0.11681851,-0.2162753,-0.19663463
2025-11-13,quality_momentum,16,601857.SH,,0.98190594,-0.01198063,-0.00694032,0.01725324,-0.01097251
2025-11-13,quality_momentum,17,002554.SZ,,0.98069966,-0.0071356,-0.0071356,-0.05949163,-0.08566962
2025-11-13,quality_momentum,18,600667.SH,,0.97949338,-0.02985701,-0.0771688,-0.1524376,-0.1524376
2025-11-13,quality_momentum,19,600773.SH,,0.9782871,-0.0079698,0.03148388,,-0.04514739
2025-11-13,quality_momentum,20,000155.SZ,,0.97708082,0.00042196,0.03447773,,-0.06459353
2025-11-14,quality_momentum,1,000933.SZ,,1.0,-0.02142365,-0.02025221,-0.04524242,-0.01595702
2025-11-14,quality_momentum,2,601118.SH,,0.99894071,-0.02250224,-0.06212189,-0.0811393,-0.04627397
2025-11-14,quality_momentum,3,002397.SZ,,0.99788135,-0.01293757,-0.04605017,-0.10123781,-0.01514513
2025-11-14,quality_momentum,4,600179.SH,,0.99682206,-0.00812411,-0.10563443,-0.15542702,-0.14297889
2025-11-14,quality_momentum,5,600221.SH,,0.99576271,-0.02295261,-0.0755842,-0.10716312,-0.09663681
2025-11-14,quality_momentum,6,002596.SZ,,0.99470341,0.02890084,-0.00806011,0.05354148,0.35333614
2025-11-14,quality_momentum,7,002043.SZ,,0.99364406,-0.0019,-0.02370232,-0.00989422,-0.00989422
2025-11-14,quality_momentum,8,000792.SZ,,0.99258476,0.0397667,0.0397667,-0.0245934,-0.00450416
2025-11-14,quality_momentum,9,600897.SH,,0.99152541,0.02624474,-0.04497866,-0.09207804,-0.07140025
2025-11-14,quality_momentum,10,601012.SH,,0.99046612,-0.02280905,-0.0382636,-0.13735452,-0.15189996
2025-11-14,quality_momentum,11,300189.SZ,,0.98940676,0.01592529,-0.00903012,0.01057766,0.08544398
2025-11-14,quality_momentum,12,002828.SZ,,0.98834747,0.00136264,-0.03126383,-0.07938774,-0.00597832
2025-11-14,quality_momentum,13,300619.SZ,,0.98728812,0.0603892,0.07972813,-0.05272069,0.14426604
2025-11-14,quality_momentum,14,000905.SZ,,0.98622882,,,,
2025-11-14,quality_momentum,15,605099.SH,,0.98516947,0.01509717,0.03322749,0.00886489,0.01877988
2025-11-14,quality_momentum,16,601288.SH,,0.98411018,-0.02201827,-0.03266918,-0.05042067,-0.05397096
2025-11-14,quality_momentum,17,600115.SH,,0.98305082,0.04683294,0.02344115,0.00589726,-0.01944389
2025-11-14,quality_momentum,18,600057.SH,,0.98199153,-0.00865668,-0.04694503,-0.06383695,-0.06596489
2025-11-14,quality_momentum,19,000766.SZ,,0.98093218,0.02459931,0.00751424,-0.0395569,-0.05350389
2025-11-14,quality_momentum,20,002466.SZ,,0.97987288,0.06174726,0.08507889,-0.06194461,-0.05062191
2025-11-17,quality_momentum,1,600115.SH,,1.0,-0.00561747,-0.03349853,-0.04279224,-0.05394465
2025-11-17,quality_momentum,2,002663.SZ,,0.99883991,-0.04271639,-0.0876143,-0.12843059,-0.10802244
2025-11-17,quality_momentum,3,601015.SH,,0.99767983,-0.10311457,-0.16181902,-0.19623199,-0.17396475
2025-11-17,quality_momentum,4,300321.SZ,,0.99651974,-0.03909008,-0.01532969,-0.06574291,0.00843064
2025-11-17,quality_momentum,5,001330.SZ,,0.9953596,0.03341073,-0.09088307,-0.05415987,0.01787399
2025-11-17,quality_momentum,6,300849.SZ,,0.99419951,-0.01195656,-0.03081264,-0.064125,-0.02264167
2025-11-17,quality_momentum,7,002128.SZ,,0.99303943,-0.04900146,-0.05443622,-0.05516084,-0.0461029
2025-11-17,quality_momentum,8,600897.SH,,0.99187934,-0.03821284,-0.08737486,-0.11754245,-0.10245866
2025-11-17,quality_momentum,9,002532.SZ,,0.99071926,-0.02220073,-0.05453153,-0.05753907,-0.02746385
2025-11-17,quality_momentum,10,600057.SH,,0.98955917,-0.03591365,-0.04158255,-0.06648461,-0.05730257
2025-11-17,quality_momentum,11,600029.SH,,0.98839909,0.00085482,-0.01429671,-0.0473546,-0.04597716
2025-11-17,quality_momentum,12,000933.SZ,,0.987239,-0.02300711,-0.02937908,-0.03415801,-0.00628072
2025-11-17,quality_momentum,13,600346.SH,,0.98607886,-0.04209604,-0.07788043,-0.09258627,-0.06072354
2025-11-17,quality_momentum,14,603049.SH,,0.98491877,-0.02620559,-0.03141391,-0.04634449,-0.03870559
2025-11-17,quality_momentum,15,002548.SZ,,0.98375869,-0.02091148,-0.04562624,-0.07414336,0.10076159
2025-11-17,quality_momentum,16,603356.SH,,0.9825986,-0.00507462,-0.09205874,-0.12190002,-0.11428098
2025-11-17,quality_momentum,17,603948.SH,,0.98143852,-0.0820997,-0.14000317,-0.14366373,-0.12402983
2025-11-17,quality_momentum,18,001301.SZ,,0.98027843,-0.0384263,-0.05389998,-0.08926837,-0.08958415
2025-11-17,quality_momentum,19,002176.SZ,,0.97911835,-0.0419,,-0.19870001,-0.19149999
2025-11-17,quality_momentum,20,002603.SZ,,0.97795826,-0.02720359,-0.06566516,-0.08084733,-0.04744651
2025-11-18,quality_momentum,1,001330.SZ,,1.0,-0.07420556,-0.08784818,-0.05101325,0.03493492
2025-11-18,quality_momentum,2,000792.SZ,,0.99844235,0.04248644,-0.0220417,-0.001527,-0.03211259
2025-11-18,quality_momentum,3,000905.SZ,,0.99688476,-0.0537267,-0.12169616,-0.1072526,-0.0792152
2025-11-18,quality_momentum,4,603817.SH,,0.99532712,-0.00569267,-0.104302,-0.07775333,-0.03982667
2025-11-18,quality_momentum,5,300626.SZ,,0.99376947,0.02646877,0.02008581,-0.01395674,0.01937656
2025-11-18,quality_momentum,6,600185.SH,,0.99221182,-0.0399952,-0.08081156,-0.07672989,-0.07672989
2025-11-18,quality_momentum,7,600057.SH,,0.99065423,-0.00659486,-0.02420052,-0.02641837,-0.00621967
2025-11-18,quality_momentum,8,603225.SH,,0.98909658,0.00330829,-0.04125187,-0.04703885,0.0073593
2025-11-18,quality_momentum,9,000155.SZ,,0.98753893,0.03469445,-0.08330405,-0.07508898,-0.10122785
2025-11-18,quality_momentum,10,600096.SH,,0.98598129,0.00359284,-0.05438705,-0.0708655,-0.06201598
2025-11-18,quality_momentum,11,300329.SZ,,0.9844237,-0.02384183,-0.09186157,-0.09241013,-0.03426425
2025-11-18,quality_momentum,12,002108.SZ,,0.98286605,0.005837,-0.09280909,-0.08507209,0.04065322
2025-11-18,quality_momentum,13,301093.SZ,,0.9813084,0.02029345,-0.01504375,0.06468044,0.0506748
2025-11-18,quality_momentum,14,301207.SZ,,0.97975075,-0.0277475,-0.09045932,-0.00359492,-0.03198481
2025-11-18,quality_momentum,15,600346.SH,,0.97819316,0.00780371,-0.05144043,-0.06216563,-0.02437191
2025-11-18,quality_momentum,16,300640.SZ,,0.97663552,-0.02924373,-0.06570206,-0.0201292,0.03065206
2025-11-18,quality_momentum,17,600493.SH,,0.97507787,-0.01042615,-0.09203398,-0.07863571,-0.04087684
2025-11-18,quality_momentum,18,600338.SH,,0.97352028,0.00918382,-0.1090428,-0.10042214,-0.11889501
2025-11-18,quality_momentum,19,002128.SZ,,0.97196263,0.03308102,-0.02053117,-0.0007593,-0.0155882
2025-11-18,quality_momentum,20,000683.SZ,,0.97040498,0.05576525,0.00231941,-0.0173712,0.00653882
2025-11-19,quality_momentum,1,601857.SH,,1.0,-0.00682125,-0.04028582,-0.04520708,-0.02158502
2025-11-19,quality_momentum,2,002388.SZ,,0.99790794,-0.05056561,-0.05527515,-0.01602868,-0.06626419
2025-11-19,quality_momentum,3,002006.SZ,,0.99581587,-0.09803729,-0.13237208,-0.15168535,-0.03151372
2025-11-19,quality_momentum,4,300329.SZ,,0.99372387,-0.01031277,-0.0540593,-0.06583715,-0.05293757
2025-11-19,quality_momentum,5,002176.SZ,,0.99163181,,-0.17214796,-0.16470994,-0.21594959
2025-11-19,quality_momentum,6,000683.SZ,,0.98953974,-0.04711278,-0.0670596,-0.08434682,-0.04312341
2025-11-19,quality_momentum,7,000796.SZ,,0.98744768,-0.00467392,-0.08095689,-0.05599152,-0.05737851
2025-11-19,quality_momentum,8,002596.SZ,,0.98535568,-0.00396616,0.00223223,0.25843053,
2025-11-19,quality_momentum,9,000792.SZ,,0.98326361,-0.04475717,-0.08475713,-0.06261431,-0.09118572
2025-11-19,quality_momentum,10,603391.SH,,0.98117155,-0.03363007,-0.03329611,0.03016415,0.1273585
2025-11-19,quality_momentum,11,300909.SZ,,0.97907948,-0.03009234,0.0002322,0.00425973,0.04595597
2025-11-19,quality_momentum,12,001330.SZ,,0.97698742,-0.05337064,-0.01513532,0.0348647,0.16574703
2025-11-19,quality_momentum,13,002795.SZ,,0.97489542,-0.01777308,-0.02253494,0.0076238,0.0107984
2025-11-19,quality_momentum,14,301046.SZ,,0.97280335,-0.04618284,-0.0372602,-0.06535011,-0.02338047
2025-11-19,quality_momentum,15,603909.SH,,0.97071129,-0.06003099,-0.09608693,-0.07842682,-0.04531429
2025-11-19,quality_momentum,16,300132.SZ,,0.96861923,-0.04367214,-0.09050763,-0.06012785,-0.05886206
2025-11-19,quality_momentum,17,300938.SZ,,0.96652722,0.04064045,-0.05163033,-0.05822116,0.03015516
2025-11-19,quality_momentum,18,600499.SH,,0.96443516,-0.05369859,-0.10261946,-0.08895038,-0.09902234
2025-11-19,quality_momentum,19,600130.SH,,0.9623431,-0.05745556,-0.09078891,-0.07301115,-0.11523333
2025-11-19,quality_momentum,20,600346.SH,,0.96025103,-0.04843516,-0.06360963,-0.0711969,-0.0206152
2025-11-20,quality_momentum,1,688433.SH,,1.0,-0.00712192,-0.00033344,0.09470576,-0.00346656
2025-11-20,quality_momentum,2,600618.SH,,0.99707603,-0.05113075,-0.07882306,0.03425385,-0.04497697
2025-11-20,quality_momentum,3,000792.SZ,,0.99415207,-0.02167607,-0.00115371,-0.02764622,-0.06234772
2025-11-20,quality_momentum,4,300720.SZ,,0.99122804,0.01213509,-0.02470698,-0.0482158,0.01108249
2025-11-20,quality_momentum,5,300745.SZ,,0.98830408,-0.01190002,-0.01523336,-0.00227038,-0.01597404
2025-11-20,quality_momentum,6,002043.SZ,,0.98538011,-0.01133396,0.00317985,-0.01060822,-0.04398995
2025-11-20,quality_momentum,7,000422.SZ,,0.98245615,-0.03164684,-0.07152022,-0.07848225,-0.10506457
2025-11-20,quality_momentum,8,002176.SZ,,0.97953218,-0.06711739,-0.10016088,-0.12537827,-0.17668263
2025-11-20,quality_momentum,9,000683.SZ,,0.97660822,-0.00747101,-0.02696966,-0.00468554,-0.01443483
2025-11-20,quality_momentum,10,002312.SZ,,0.97368419,-0.04317729,-0.065763,-0.08601221,-0.12417415
2025-11-20,quality_momentum,11,000762.SZ,,0.97076023,-0.07500348,-0.06052072,-0.07707242,-0.12879656
2025-11-20,quality_momentum,12,601857.SH,,0.96783626,-0.00981293,-0.03256273,-0.0295953,-0.01475852
2025-11-20,quality_momentum,13,000155.SZ,,0.9649123,-0.07499723,-0.06670788,-0.08931528,-0.12699425
2025-11-20,quality_momentum,14,603391.SH,,0.96198833,0.01655464,0.0615701,0.11055254,0.18989019
2025-11-20,quality_momentum,15,000686.SZ,,0.9590643,-0.05111472,-0.05006759,-0.05530316,-0.06472727
2025-11-20,quality_momentum,16,603755.SH,,0.95614034,-0.0540052,-0.02032101,-0.03058417,-0.08479476
2025-11-20,quality_momentum,17,688102.SH,,0.95321637,0.00861184,0.16080562,0.13841073,0.03237784
2025-11-20,quality_momentum,18,600343.SH,,0.95029241,0.07128433,0.26066987,0.22715031,0.39754133
2025-11-20,quality_momentum,19,002388.SZ,,0.94736844,-0.02830262,0.04100433,0.03440367,-0.01840164
2025-11-20,quality_momentum,20,300626.SZ,,0.94444442,-0.02029232,-0.05298987,0.02739161,-0.08228142
2025-11-21,quality_momentum,1,000792.SZ,,1.0,-0.02435908,-0.00075806,0.01865573,-0.03463698
2025-11-21,quality_momentum,2,300938.SZ,,0.99435025,-0.0168068,-0.02363915,0.0415783,0.05679568
2025-11-21,quality_momentum,3,688102.SH,,0.98870057,0.10619589,0.10619589,0.09715026,0.20841216
2025-11-21,quality_momentum,4,601857.SH,,0.98305082,-0.02782226,-0.0328073,-0.02682519,-0.01286714
2025-11-21,quality_momentum,5,000735.SZ,,0.97740114,-0.01825508,0.04249256,0.00744582,0.07637106
2025-11-21,quality_momentum,6,300720.SZ,,0.97175139,-0.02577544,-0.04999685,-0.00951245,0.05657755
2025-11-21,quality_momentum,7,603619.SH,,0.96610171,-0.00147149,-0.01218272,-0.03960349,-0.05502766
2025-11-21,quality_momentum,8,603355.SH,,0.96045196,-0.00603796,-0.02086549,0.07396209,0.16465178
2025-11-21,quality_momentum,9,002321.SZ,,0.95480227,-0.05435897,-0.08058853,-0.09370327,-0.1100967
2025-11-21,quality_momentum,10,600218.SH,,0.94915253,0.03361916,0.00265378,0.02269016,0.03726213
2025-11-21,quality_momentum,11,002466.SZ,,0.94350284,-0.04460853,-0.02471438,0.01014599,-0.06742291
2025-11-21,quality_momentum,12,301083.SZ,,0.9378531,0.10133788,0.18721308,0.07787475,0.15811877
2025-11-21,quality_momentum,13,300478.SZ,,0.93220341,0.02234658,0.04070476,-0.00813486,0.03481629
2025-11-21,quality_momentum,14,600141.SH,,0.92655367,-0.03273702,-0.04186224,0.02295839,0.05473945
2025-11-21,quality_momentum,15,002228.SZ,,0.92090398,0.0865521,0.00547103,0.04969705,0.20940221
2025-11-21,quality_momentum,16,603261.SH,,0.91525424,-0.00739017,-0.0007235,-0.01248825,-0.05758628
2025-11-21,quality_momentum,17,300568.SZ,,0.90960455,-0.02018868,-0.02214822,0.04120905,-0.01757606
2025-11-21,quality_momentum,18,688005.SH,,0.9039548,-0.00765817,-0.05692237,-0.02621223,-0.09499021
2025-11-21,quality_momentum,19,002043.SZ,,0.89830506,-0.00556299,0.02740408,-0.0019,-0.01874979
2025-11-21,quality_momentum,20,300626.SZ,,0.89265537,-0.00536982,-0.06921439,0.02516449,-0.01994301
2025-11-24,quality_momentum,1,688433.SH,,1.0,-0.00983108,0.08430688,0.07275518,-0.03431379
2025-11-24,quality_momentum,2,688367.SH,,0.99378884,0.04542588,0.12545668,0.21395223,0.15239008
2025-11-24,quality_momentum,3,002497.SZ,,0.98757762,0.02293905,-0.02489903,0.0307587,-0.00879964
2025-11-24,quality_momentum,4,002795.SZ,,0.98136646,0.02079042,-0.01162446,0.08886174,0.09210323
2025-11-24,quality_momentum,5,688031.SH,,0.97515529,0.04262051,-0.03331752,-0.03331752,0.13761749
2025-11-24,quality_momentum,6,603803.SH,,0.96894407,,,,
2025-11-24,quality_momentum,7,300938.SZ,,0.96273291,-0.02775119,0.00850353,0.08069769,0.08448084
2025-11-24,quality_momentum,8,300710.SZ,,0.95652175,-0.00113016,0.06276514,0.00695295,
2025-11-24,quality_momentum,9,300242.SZ,,0.95031059,0.01269853,0.04007081,0.01087375,0.01817302
2025-11-24,quality_momentum,10,300820.SZ,,0.94409937,-0.01819703,-0.01231665,-0.15848598,-0.16890269
2025-11-24,quality_momentum,11,000608.SZ,,0.93788821,0.02644005,0.02239147,0.06287736,0.04263437
2025-11-24,quality_momentum,12,000908.SZ,,0.93167704,0.02988208,0.05031339,0.02420674,-0.10519168
2025-11-24,quality_momentum,13,000510.SZ,,0.92546582,,,,
2025-11-24,quality_momentum,14,603391.SH,,0.91925466,0.06120344,0.11016899,0.12499658,0.16965175
2025-11-24,quality_momentum,15,688005.SH,,0.9130435,-0.02217024,-0.03310976,-0.03761431,-0.0804071
2025-11-24,quality_momentum,16,000735.SZ,,0.90683228,0.02660354,0.0004753,0.00641357,0.11092662
2025-11-24,quality_momentum,17,002919.SZ,,0.90062112,0.02695485,0.03552109,0.04183311,0.02064284
2025-11-24,quality_momentum,18,002205.SZ,,0.89440995,-0.02177143,-0.16613146,-0.16846928,-0.18775624
2025-11-24,quality_momentum,19,603619.SH,,0.88819873,-0.02202848,-0.03187864,-0.03873085,-0.06828116
2025-11-24,quality_momentum,20,688125.SH,,0.88198757,0.0498882,0.02985967,0.0567552,-0.00976843
2025-11-25,quality_momentum,1,301046.SZ,,1.0,-0.03466454,0.02984057,-0.06333347,0.06294637
2025-11-25,quality_momentum,2,002192.SZ,,0.99390244,-0.02483577,0.00397159,-0.05345958,-0.09767976
2025-11-25,quality_momentum,3,300242.SZ,,0.98780489,0.00529424,0.01068996,-0.00729564,0.06104962
2025-11-25,quality_momentum,4,600201.SH,,0.98170733,0.00962269,0.00797653,0.02279137,0.18163915
2025-11-25,quality_momentum,5,688031.SH,,0.97560978,-0.05022501,-0.05735259,-0.06105897,0.0668099
2025-11-25,quality_momentum,6,300481.SZ,,0.96951222,-0.00306279,-0.03678366,-0.0396907,-0.0827139
2025-11-25,quality_momentum,7,603730.SH,,0.96341461,0.00785611,-0.00555851,0.01395359,-0.03116832
2025-11-25,quality_momentum,8,002738.SZ,,0.95731705,0.02247863,0.08801612,0.05683039,0.01187236
2025-11-25,quality_momentum,9,000792.SZ,,0.9512195,-0.02128853,-0.00227286,-0.03247419,-0.06081126
2025-11-25,quality_momentum,10,603391.SH,,0.94512194,0.00037053,0.05226806,0.10400336,0.17228104
2025-11-25,quality_momentum,11,600996.SH,,0.93902439,0.02380922,0.07079509,0.06015672,0.01317093
2025-11-25,quality_momentum,12,000546.SZ,,0.93292683,-0.03116834,0.03062029,0.01273409,-0.0425504
2025-11-25,quality_momentum,13,688125.SH,,0.92682928,0.0160543,0.07821436,0.01959078,-0.04705778
2025-11-25,quality_momentum,14,000735.SZ,,0.92073172,0.03043256,-0.00420948,0.09740715,0.04544415
2025-11-25,quality_momentum,15,000908.SZ,,0.91463417,0.02010224,-0.00410019,-0.05800558,-0.15591538
2025-11-25,quality_momentum,16,603660.SH,,0.90853661,-0.03510314,-0.02924372,-0.03998588,-0.01459532
2025-11-25,quality_momentum,17,600097.SH,,0.902439,-0.04327935,-0.05477363,-0.07239815,-0.05937128
2025-11-25,quality_momentum,18,300036.SZ,,0.89634144,-0.04046039,-0.04714424,-0.0743936,-0.12992058
2025-11-25,quality_momentum,19,603177.SH,,0.89024389,-0.04001661,-0.06169075,-0.11849196,-0.09158608
2025-11-25,quality_momentum,20,002455.SZ,,0.88414633,-0.0019,0.02728776,0.00317614,-0.11992034
2025-11-26,quality_momentum,1,603391.SH,,1.0,0.04178933,0.05570519,0.09227471,0.2000417
2025-11-26,quality_momentum,2,000735.SZ,,0.99295777,-0.05782838,-0.05223552,,0.16700381
2025-11-26,quality_momentum,3,600201.SH,,0.98591548,-0.0189871,-0.0035274,0.04854745,0.180362
2025-11-26,quality_momentum,4,300478.SZ,,0.97887325,-0.03844486,-0.0617007,-0.01817906,0.07550863
2025-11-26,quality_momentum,5,301119.SZ,,0.97183096,-0.03841029,-0.02970727,-0.03183003,-0.01484842
2025-11-26,quality_momentum,6,301211.SZ,,0.96478873,0.02112633,-0.01637373,-0.02821579,-0.12690001
2025-11-26,quality_momentum,7,603730.SH,,0.95774651,-0.00069236,-0.01035409,0.01259277,-0.04779377
2025-11-26,quality_momentum,8,002752.SZ,,0.95070422,-0.01376943,-0.01228579,-0.01080207,0.26812966
2025-11-26,quality_momentum,9,300938.SZ,,0.94366199,0.01556038,0.08825875,0.09175084,0.10698889
2025-11-26,quality_momentum,10,301307.SZ,,0.9366197,-0.10313453,-0.03424571,-0.05375181,-0.06066546
2025-11-26,quality_momentum,11,000505.SZ,,0.92957747,-0.05266143,-0.04377816,-0.000631,0.12373449
2025-11-26,quality_momentum,12,000593.SZ,,0.92253524,0.02743086,0.09617514,0.25566192,0.05126223
2025-11-26,quality_momentum,13,002228.SZ,,0.91549295,0.00297805,-0.0019,0.0517585,0.10785606
2025-11-26,quality_momentum,14,000017.SZ,,0.90845072,-0.00455604,0.04059664,0.01536423,0.10434166
2025-11-26,quality_momentum,15,002400.SZ,,0.90140843,-0.03115815,-0.03742771,-0.10743815,-0.09071924
2025-11-26,quality_momentum,16,603660.SH,,0.8943662,-0.0019,0.01123133,-0.03220295,0.0465849
2025-11-26,quality_momentum,17,002811.SZ,,0.88732392,,,,
2025-11-26,quality_momentum,18,002453.SZ,,0.88028169,-0.0312742,-0.15515668,-0.11045682,-0.15387958
2025-11-26,quality_momentum,19,603803.SH,,0.87323946,-0.02242241,0.05500295,0.02048804,0.08485367
2025-11-26,quality_momentum,20,000065.SZ,,0.86619717,-0.04336731,-0.01386167,-0.03698772,-0.00907701
2025-11-27,quality_momentum,1,300005.SZ,,1.0,0.06368849,-0.04951909,-0.10163042,-0.08995031
2025-11-27,quality_momentum,2,000735.SZ,,0.99404764,0.02179664,0.12606204,0.00639387,0.15686772
2025-11-27,quality_momentum,3,300820.SZ,,0.98809522,0.00013733,-0.14230747,-0.18390336,-0.18169628
2025-11-27,quality_momentum,4,000701.SZ,,0.98214287,0.0008972,0.01348463,0.0204776,-0.0130888
2025-11-27,quality_momentum,5,301211.SZ,,0.97619045,-0.00897401,-0.05013152,-0.0764981,-0.17360419
2025-11-27,quality_momentum,6,000020.SZ,,0.97023809,-0.03120832,-0.0616889,-0.05699957,-0.04469013
2025-11-27,quality_momentum,7,603355.SH,,0.96428573,0.02712378,0.08649051,0.1155143,0.11914228
2025-11-27,quality_momentum,8,300626.SZ,,0.95833331,-0.02241627,-0.04888878,-0.10845195,-0.15213166
2025-11-27,quality_momentum,9,600218.SH,,0.95238096,-0.01505794,-0.04488249,-0.10453159,0.02090704
2025-11-27,quality_momentum,10,300659.SZ,,0.9464286,-0.00246024,0.03339407,-0.02711013,0.02667144
2025-11-27,quality_momentum,11,002453.SZ,,0.94047618,,-0.11111052,-0.14005786,-0.15453157
2025-11-27,quality_momentum,12,603730.SH,,0.93452382,-0.01637517,0.0029251,-0.02481912,-0.06462613
2025-11-27,quality_momentum,13,002753.SZ,,0.9285714,0.01959172,-0.00569268,-0.05373313,-0.08913138
2025-11-27,quality_momentum,14,300269.SZ,,0.92261904,-0.02020285,0.19776719,0.29760076,0.14618649
2025-11-27,quality_momentum,15,002279.SZ,,0.91666669,0.02393421,0.02070496,-0.09985477,-0.14183543
2025-11-27,quality_momentum,16,603931.SH,,0.91071427,0.00220798,0.04504841,0.0236282,0.12632765
2025-11-27,quality_momentum,17,603665.SH,,0.90476191,0.01408977,-0.02332631,-0.02524506,-0.0306816
2025-11-27,quality_momentum,18,300242.SZ,,0.89880955,-0.01591049,-0.03342361,-0.08596305,-0.02116447
2025-11-27,quality_momentum,19,603286.SH,,0.89285713,0.01436015,0.07289675,0.05521377,0.1318398
2025-11-27,quality_momentum,20,300434.SZ,,0.88690478,0.02605523,-0.02745914,-0.05461565,-0.11691602
2025-11-28,quality_momentum,1,301046.SZ,,1.0,-0.02737139,-0.02240938,0.05168917,0.02886416
2025-11-28,quality_momentum,2,688191.SH,,0.99567097,-0.0227446,-0.04413064,-0.0977311,-0.05983177
2025-11-28,quality_momentum,3,000735.SZ,,0.99134201,-0.01926106,,0.06638704,0.21337781
2025-11-28,quality_momentum,4,002398.SZ,,0.98701298,-0.0019,0.06586854,0.08405041,-0.03330494
2025-11-28,quality_momentum,5,301279.SZ,,0.98268396,-0.0526126,-0.06288767,-0.06156191,0.07466616
2025-11-28,quality_momentum,6,605056.SH,,0.97835499,0.00282688,-0.02500927,0.03959155,-0.00400082
2025-11-28,quality_momentum,7,603355.SH,,0.97402596,-0.0019,0.10451024,0.0823949,0.05899736
2025-11-28,quality_momentum,8,603489.SH,,0.969697,-0.06013525,-0.07248819,-0.08278231,-0.10513524
2025-11-28,quality_momentum,9,300434.SZ,,0.96536797,-0.01510899,-0.06949904,-0.0928091,-0.16118513
2025-11-28,quality_momentum,10,000668.SZ,,0.96103895,-0.04011138,-0.06694063,-0.0823878,-0.17750972
2025-11-28,quality_momentum,11,002975.SZ,,0.95670998,-0.02459518,-0.03831493,-0.0597279,-0.08332071
2025-11-28,quality_momentum,12,300710.SZ,,0.95238096,0.01241884,,,
2025-11-28,quality_momentum,13,603131.SH,,0.94805193,-0.01525743,-0.03150294,0.10279312,0.09737797
2025-11-28,quality_momentum,14,300518.SZ,,0.94372296,-0.04675047,-0.07111373,-0.07941936,-0.00522223
2025-11-28,quality_momentum,15,300909.SZ,,0.93939394,0.03823762,0.01254957,0.04030184,-0.02483578
2025-11-28,quality_momentum,16,601360.SH,,0.93506491,-0.01967779,-0.08338147,-0.08189999,-0.15523335
2025-11-28,quality_momentum,17,603931.SH,,0.93073595,0.02469265,0.01651029,0.01504921,0.09395034
2025-11-28,quality_momentum,18,002752.SZ,,0.92640692,-0.02817743,-0.02671754,0.0521146,0.10758902
2025-11-28,quality_momentum,19,002453.SZ,,0.92207789,-0.03118255,0.02006195,-0.05021624,-0.06046517
2025-11-28,quality_momentum,20,600201.SH,,0.91774893,-0.0019,0.05025974,0.08611956,0.28579362
2025-12-01,quality_momentum,1,300909.SZ,,1.0,-0.00719213,-0.02240717,0.02125332,-0.07576987
2025-12-01,quality_momentum,2,600711.SH,,0.99663299,-0.00109028,0.04924137,0.1264714,0.06712625
2025-12-01,quality_momentum,3,605056.SH,,0.99326599,0.00175912,-0.00608188,0.02789613,-0.05260573
2025-12-01,quality_momentum,4,002795.SZ,,0.98989898,-0.04053302,-0.0108153,0.00107177,-0.02864589
2025-12-01,quality_momentum,5,002956.SZ,,0.98653197,0.00287517,-0.06039583,-0.05084549,-0.04487653
2025-12-01,quality_momentum,6,300343.SZ,,0.98316497,0.0196947,0.00308342,-0.01186677,-0.04342824
2025-12-01,quality_momentum,7,603131.SH,,0.97979796,0.01090645,0.02261519,0.06652301,0.05920502
2025-12-01,quality_momentum,8,300006.SZ,,0.97643095,-0.00742481,-0.04609886,-0.04794052,-0.13449666
2025-12-01,quality_momentum,9,000668.SZ,,0.97306395,-0.00274529,-0.04501075,-0.04416546,-0.16504454
2025-12-01,quality_momentum,10,600201.SH,,0.969697,0.01276995,0.05677973,0.16354421,0.27030869
2025-12-01,quality_momentum,11,688191.SH,,0.96632999,0.00445883,-0.07682401,-0.08981814,-0.10889477
2025-12-01,quality_momentum,12,301046.SZ,,0.96296299,-0.06843087,-0.00495496,0.02627382,0.00624667
2025-12-01,quality_momentum,13,300005.SZ,,0.95959598,-0.11487075,-0.16340624,-0.12825987,-0.16591674
2025-12-01,quality_momentum,14,688102.SH,,0.95622897,0.02504605,-0.03397875,0.11016155,0.50793745
2025-12-01,quality_momentum,15,002029.SZ,,0.95286196,0.01130749,-0.02642832,0.14149617,0.0914962
2025-12-01,quality_momentum,16,300640.SZ,,0.94949496,0.00829106,-0.05285538,0.06179428,-0.00826945
2025-12-01,quality_momentum,17,603489.SH,,0.94612795,-0.02344901,-0.03313048,-0.03344281,-0.06810862
2025-12-01,quality_momentum,18,300155.SZ,,0.94276094,0.0329258,-0.02345889,-0.01185032,0.02795072
2025-12-01,quality_momentum,19,002878.SZ,,0.93939394,-0.01203999,-0.12551176,-0.10330022,-0.16220902
2025-12-01,quality_momentum,20,688125.SH,,0.93602693,0.01296484,-0.05676483,-0.06473786,-0.02703514
2025-12-02,quality_momentum,1,600969.SH,,1.0,-0.01944386,0.01783679,0.04415258,0.04634561
2025-12-02,quality_momentum,2,002795.SZ,,0.99655175,-0.01581031,0.08001657,0.04755907,-0.04672225
2025-12-02,quality_momentum,3,000908.SZ,,0.99310344,0.00392748,-0.09980213,-0.1056296,-0.10096765
2025-12-02,quality_momentum,4,301626.SZ,,0.9896552,-0.02759669,-0.01163892,-0.0280073,-0.01627366
2025-12-02,quality_momentum,5,000735.SZ,,0.98620689,,-0.03236218,-0.04916886,0.15356218
2025-12-02,quality_momentum,6,603268.SH,,0.98275864,0.07154195,0.02990769,0.03249363,0.01762421
2025-12-02,quality_momentum,7,000608.SZ,,0.97931033,-0.0129294,-0.03131174,-0.04234123,-0.15631179
2025-12-02,quality_momentum,8,002029.SZ,,0.97586209,-0.05683484,0.01579092,0.10238304,0.03255064
2025-12-02,quality_momentum,9,300605.SZ,,0.97241378,-0.05260282,-0.0696711,-0.02147828,-0.22679962
2025-12-02,quality_momentum,10,920152.BJ,,0.96896553,-0.18047143,-0.22247141,-0.17961427,-0.31332855
2025-12-02,quality_momentum,11,300270.SZ,,0.96551722,-0.05929129,,,-0.09842171
2025-12-02,quality_momentum,12,600201.SH,,0.96206897,0.03504777,0.07038912,0.15312012,
2025-12-02,quality_momentum,13,002769.SZ,,0.95862067,,,,
2025-12-02,quality_momentum,14,600754.SH,,0.95517242,0.00755535,-0.04047788,-0.1032616,-0.06430544
2025-12-02,quality_momentum,15,603131.SH,,0.95172411,-0.03080177,0.10359133,0.09636587,-0.02646648
2025-12-02,quality_momentum,16,605056.SH,,0.94827586,-0.03314996,0.03091252,0.00851669,-0.08731661
2025-12-02,quality_momentum,17,300937.SZ,,0.94482756,0.01868826,0.04221765,-0.03131176,-0.07895885
2025-12-02,quality_momentum,18,301017.SZ,,0.94137931,-0.01362416,0.04430688,0.03672067,-0.01914142
2025-12-02,quality_momentum,19,002398.SZ,,0.93793106,0.02025185,0.03765697,0.0503152,-0.11740637
2025-12-02,quality_momentum,20,002084.SZ,,0.93448275,,,,
2025-12-03,quality_momentum,1,300155.SZ,,1.0,-0.01692499,-0.0052389,0.00978617,-0.00356941
2025-12-03,quality_momentum,2,603131.SH,,0.99640286,0.0397667,0.08440959,0.13872503,0.0066566
2025-12-03,quality_momentum,3,300938.SZ,,0.99280578,-0.03876506,-0.0016097,0.0120332,-0.07911333
2025-12-03,quality_momentum,4,000007.SZ,,0.98920864,-0.0249992,-0.04809831,-0.01248716,0.10493346
2025-12-03,quality_momentum,5,000893.SZ,,0.9856115,-0.00513484,0.02462574,0.00694191,0.03001718
2025-12-03,quality_momentum,6,000701.SZ,,0.98201442,-0.0285312,0.10995088,,-0.14837141
2025-12-03,quality_momentum,7,600201.SH,,0.97841728,0.00429677,0.10576851,0.12358418,0.06471502
2025-12-03,quality_momentum,8,002860.SZ,,0.97482014,-0.01006584,-0.07916129,-0.08983971,-0.16333218
2025-12-03,quality_momentum,9,301227.SZ,,0.971223,-0.00937064,-0.02431202,-0.02217751,-0.0471508
2025-12-03,quality_momentum,10,600754.SH,,0.96762592,-0.03412176,-0.05098203,-0.09182133,-0.06859162
2025-12-03,quality_momentum,11,688102.SH,,0.96402878,0.01335345,0.16454233,0.23228574,0.55933817
2025-12-03,quality_momentum,12,600630.SH,,0.96043164,-0.01509504,-0.01132502,-0.08484064,-0.15364361
2025-12-03,quality_momentum,13,600996.SH,,0.95683455,-0.02821572,-0.01768942,-0.00979467,-0.10277717
2025-12-03,quality_momentum,14,002228.SZ,,0.95323741,-0.03662223,0.06291478,0.05134074,-0.09217775
2025-12-03,quality_momentum,15,600711.SH,,0.94964027,0.00042556,0.07406897,0.0825961,0.02678214
2025-12-03,quality_momentum,16,000608.SZ,,0.94604319,0.00925241,-0.04279224,-0.06137958,-0.12829411
2025-12-03,quality_momentum,17,300909.SZ,,0.94244605,0.0023957,0.04716177,0.00578709,-0.05231826
2025-12-03,quality_momentum,18,301300.SZ,,0.93884891,-0.00505787,0.03094213,0.0090474,-0.0989526
2025-12-03,quality_momentum,19,600191.SH,,0.93525177,0.0468596,0.08022146,0.04343794,0.02461845
2025-12-03,quality_momentum,20,000816.SZ,,0.93165469,-0.04016533,-0.00955305,0.02361018,-0.14985922
2025-12-04,quality_momentum,1,600711.SH,,1.0,0.08858726,0.05997159,0.05378447,0.02362207
2025-12-04,quality_momentum,2,000735.SZ,,0.99658704,0.08270627,0.06390492,0.1473361,0.02277682
2025-12-04,quality_momentum,3,301550.SZ,,0.99317408,0.07084068,0.06386049,0.04034831,-0.00079787
2025-12-04,quality_momentum,4,600645.SH,,0.98976111,0.00965057,-0.05230254,-0.07085342,-0.09920482
2025-12-04,quality_momentum,5,300938.SZ,,0.98634815,0.02552621,0.0324581,0.04270526,-0.01998312
2025-12-04,quality_momentum,6,603931.SH,,0.98293513,-0.00619182,0.06820017,0.09824299,-0.05254384
2025-12-04,quality_momentum,7,603906.SH,,0.97952217,-0.00809044,-0.0399952,-0.05380477,-0.11142377
2025-12-04,quality_momentum,8,300889.SZ,,0.97610921,0.00054696,-0.05899623,-0.09325398,-0.15687558
2025-12-04,quality_momentum,9,000426.SZ,,0.97269624,0.03336303,0.03659549,0.0204333,0.002214
2025-12-04,quality_momentum,10,301408.SZ,,0.96928328,0.02919751,-0.05190004,-0.08726591,0.46212439
2025-12-04,quality_momentum,11,688433.SH,,0.96587032,0.00350444,-0.0351985,-0.08488466,-0.03153741
2025-12-04,quality_momentum,12,002795.SZ,,0.96245736,0.04757525,0.01609099,-0.01989099,-0.10234979
2025-12-04,quality_momentum,13,000701.SZ,,0.9590444,0.10617119,0.0952273,-0.03473171,-0.12501903
2025-12-04,quality_momentum,14,603162.SH,,0.95563138,0.04534418,0.0358953,-0.02788417,-0.06095509
2025-12-04,quality_momentum,15,002084.SZ,,0.95221841,0.02476664,0.01810003,-0.09967779,-0.14190003
2025-12-04,quality_momentum,16,300053.SZ,,0.94880545,0.06444501,-0.00431249,0.0903799,0.05600114
2025-12-04,quality_momentum,17,000816.SZ,,0.94539249,0.03523531,0.02727776,0.01666762,-0.09739069
2025-12-04,quality_momentum,18,000960.SZ,,0.94197953,0.00330639,-0.05061694,-0.03127896,-0.00041243
2025-12-04,quality_momentum,19,603131.SH,,0.93856657,0.09095716,0.08381427,0.11488573,0.0116714
2025-12-04,quality_momentum,20,688234.SH,,0.9351536,-0.04271869,-0.04716319,-0.06154911,-0.01347892
2025-12-05,quality_momentum,1,603131.SH,,1.0,-0.04765162,6.077e-05,-0.00680195,-0.03490654
2025-12-05,quality_momentum,2,300867.SZ,,0.99707603,-0.00363755,-0.00276882,-0.08530569,-0.12396772
2025-12-05,quality_momentum,3,605056.SH,,0.99415207,-0.0084557,-0.00795139,-0.04375572,-0.07300435
2025-12-05,quality_momentum,4,688699.SH,,0.99122804,0.0068354,0.01099515,-0.06180019,-0.09715794
2025-12-05,quality_momentum,5,002752.SZ,,0.98830408,,,,
2025-12-05,quality_momentum,6,300189.SZ,,0.98538011,0.00811676,0.16838388,0.12497817,0.00143897
2025-12-05,quality_momentum,7,000735.SZ,,0.98245615,0.01326798,0.1302777,0.13569483,0.03276956
2025-12-05,quality_momentum,8,301046.SZ,,0.97953218,-0.05087959,-0.00252793,-0.02356405,-0.20441179
2025-12-05,quality_momentum,9,002029.SZ,,0.97660822,,,,
2025-12-05,quality_momentum,10,300909.SZ,,0.97368419,0.01922683,-0.0210461,-0.06440001,-0.05779782
2025-12-05,quality_momentum,11,300632.SZ,,0.97076023,0.09790921,0.01590038,-0.09598775,-0.09662349
2025-12-05,quality_momentum,12,603803.SH,,0.96783626,0.03261409,0.05622892,0.015357,0.05622892
2025-12-05,quality_momentum,13,600984.SH,,0.9649123,-0.0403615,0.006647,-0.0019,-0.08523331
2025-12-05,quality_momentum,14,603909.SH,,0.96198833,0.04443787,0.01005821,-0.08859653,-0.13194479
2025-12-05,quality_momentum,15,600630.SH,,0.9590643,-0.03144753,-0.10346975,-0.15702468,-0.14040416
2025-12-05,quality_momentum,16,003016.SZ,,0.95614034,-0.00577597,,-0.03969064,-0.06682249
2025-12-05,quality_momentum,17,000893.SZ,,0.95321637,-0.0254898,-0.0423103,-0.08395131,-0.03615646
2025-12-05,quality_momentum,18,301408.SZ,,0.95029241,-0.04093016,-0.05985384,-0.12963503,0.32039456
2025-12-05,quality_momentum,19,688682.SH,,0.94736844,0.02129776,0.32012542,0.24529377,0.30041979
2025-12-05,quality_momentum,20,300215.SZ,,0.94444442,-0.02174128,-0.05613278,0.02323228,-0.10242907
2025-12-08,quality_momentum,1,603131.SH,,1.0,0.03919585,0.0689904,-0.00874934,-0.00635209
2025-12-08,quality_momentum,2,603803.SH,,0.99718308,0.02795067,-0.02999488,0.00336773,0.04112017
2025-12-08,quality_momentum,3,600855.SH,,0.99436617,,,,
2025-12-08,quality_momentum,4,000893.SZ,,0.99154931,-0.04223613,-0.04811843,-0.0491689,-0.01618568
2025-12-08,quality_momentum,5,300308.SZ,,0.9887324,0.0664577,0.02776207,-0.00416276,0.09441815
2025-12-08,quality_momentum,6,300938.SZ,,0.98591548,-0.0059627,0.00390384,-0.03556223,0.00506454
2025-12-08,quality_momentum,7,002729.SZ,,0.98309857,-0.00362506,-0.05480397,-0.07148017,-0.09563198
2025-12-08,quality_momentum,8,300189.SZ,,0.98028171,-0.05313974,0.0840504,0.07578591,0.25595121
2025-12-08,quality_momentum,9,300053.SZ,,0.9774648,-0.01737609,0.07607628,0.05107627,0.03798096
2025-12-08,quality_momentum,10,300909.SZ,,0.97464788,-0.03638281,-0.07172762,-0.09672761,-0.05340869
2025-12-08,quality_momentum,11,300867.SZ,,0.97183096,-0.01364942,-0.06282259,-0.0702203,-0.12940223
2025-12-08,quality_momentum,12,000039.SZ,,0.96901411,-0.01136372,-0.03029126,-0.0366004,-0.00715762
2025-12-08,quality_momentum,13,003016.SZ,,0.96619719,,,,
2025-12-08,quality_momentum,14,003009.SZ,,0.96338028,0.05241851,0.04449002,0.06760072,0.05241851
2025-12-08,quality_momentum,15,600868.SH,,0.96056336,-0.0019,-0.053848,0.02407406,-0.06164027
2025-12-08,quality_momentum,16,600984.SH,,0.95774651,0.01365559,-0.00412227,0.03143335,-0.03523335
2025-12-08,quality_momentum,17,300508.SZ,,0.95492959,-0.05325713,-0.12324113,-0.07560945,-0.11366161
2025-12-08,quality_momentum,18,600630.SH,,0.95211267,-0.03329866,-0.10561076,-0.12178584,-0.12178584
2025-12-08,quality_momentum,19,603931.SH,,0.94929576,0.04162685,0.07092363,0.00814462,-0.06774819
2025-12-08,quality_momentum,20,000426.SZ,,0.94647884,0.01948733,0.0035914,-0.00565715,0.04954516
2025-12-09,quality_momentum,1,301369.SZ,,1.0,0.04009172,0.01116214,0.02983489,0.21358165
2025-12-09,quality_momentum,2,300938.SZ,,0.9968254,0.01587385,-0.01384642,-0.04065294,-0.05930091
2025-12-09,quality_momentum,3,603196.SH,,0.99365079,-0.0033925,-0.07652687,-0.07988509,-0.06757158
2025-12-09,quality_momentum,4,600984.SH,,0.99047619,0.03092267,0.02216995,-0.02159369,-0.12662651
2025-12-09,quality_momentum,5,600969.SH,,0.98730159,0.0284983,0.00019649,0.00019649,-0.00504468
2025-12-09,quality_momentum,6,600336.SH,,0.98412699,0.01908766,0.01908766,0.08081606,0.04501347
2025-12-09,quality_momentum,7,000426.SZ,,0.98095238,0.00970158,-0.0361388,-0.05877601,0.0244158
2025-12-09,quality_momentum,8,301093.SZ,,0.97777778,-0.00867292,0.01304025,-0.0198283,-0.00867292
2025-12-09,quality_momentum,9,688656.SH,,0.97460318,-0.00185001,-0.00185001,-0.01840083,-0.08355404
2025-12-09,quality_momentum,10,002187.SZ,,0.97142857,-0.04130883,-0.15337784,0.00548921,0.03504584
2025-12-09,quality_momentum,11,603131.SH,,0.96825397,0.00665264,-0.00025523,-0.1137421,-0.14663683
2025-12-09,quality_momentum,12,300749.SZ,,0.96507937,-0.00853357,-0.0748685,-0.12544898,-0.06491826
2025-12-09,quality_momentum,13,603803.SH,,0.96190476,-0.00872011,-0.04708327,-0.05049333,-0.01639268
2025-12-09,quality_momentum,14,000603.SZ,,0.95873016,0.02041106,-0.01255597,-0.01921598,0.04372105
2025-12-09,quality_momentum,15,002795.SZ,,0.95555556,0.01135481,-0.02988234,-0.09173802,-0.0652284
2025-12-09,quality_momentum,16,300478.SZ,,0.95238096,0.04829434,-0.02230153,-0.02651134,0.0298358
2025-12-09,quality_momentum,17,301355.SZ,,0.94920635,-0.10446413,-0.15125897,-0.17113079,-0.08074619
2025-12-09,quality_momentum,18,301057.SZ,,0.94603175,-0.02547699,-0.03692865,-0.05107479,0.01426708
2025-12-09,quality_momentum,19,002639.SZ,,0.94285715,-0.00979473,0.31257366,0.2678368,0.23559998
2025-12-09,quality_momentum,20,688313.SH,,0.93968254,0.03412828,0.1023247,0.03648729,0.03530775
2025-12-10,quality_momentum,1,000816.SZ,,1.0,-0.04667614,-0.02180048,-0.17105424,-0.07155174
2025-12-10,quality_momentum,2,301369.SZ,,0.99708456,-0.03647853,-0.00762103,0.02451765,0.12547678
2025-12-10,quality_momentum,3,600969.SH,,0.99416912,-0.02224588,0.00013464,-0.02021124,-0.02224588
2025-12-10,quality_momentum,4,600984.SH,,0.99125367,-0.05062882,-0.01673044,-0.06122198,-0.13325591
2025-12-10,quality_momentum,5,300242.SZ,,0.98833817,-0.04789659,-0.04789659,-0.17055414,-0.12626116
2025-12-10,quality_momentum,6,002830.SZ,,0.98542273,-0.09095468,-0.06806914,-0.07652686,-0.02727308
2025-12-10,quality_momentum,7,300131.SZ,,0.98250729,-0.00760206,-0.03254856,-0.09812234,0.05583346
2025-12-10,quality_momentum,8,002098.SZ,,0.97959185,-0.04731238,-0.07511595,-0.12330874,-0.02136242
2025-12-10,quality_momentum,9,600868.SH,,0.9766764,-0.0362915,0.04307357,-0.04422807,-0.06539207
2025-12-10,quality_momentum,10,300938.SZ,,0.97376096,-0.00962968,-0.04856472,-0.09179402,-0.08864491
2025-12-10,quality_momentum,11,301213.SZ,,0.97084546,-0.01587055,-0.00984115,-0.03528233,
2025-12-10,quality_momentum,12,002290.SZ,,0.96793002,-0.03513536,-0.07718825,-0.06045756,-0.04598773
2025-12-10,quality_momentum,13,603803.SH,,0.96501458,-0.0516854,-0.01906737,-0.09546216,0.02127601
2025-12-10,quality_momentum,14,002187.SZ,,0.96209913,-0.08779745,-0.01984876,-0.00318208,0.04297172
2025-12-10,quality_momentum,15,301329.SZ,,0.95918369,0.02183157,-0.01581162,-0.10173636,-0.02235825
2025-12-10,quality_momentum,16,002639.SZ,,0.95626825,,,,
2025-12-10,quality_momentum,17,300867.SZ,,0.95335275,-0.06363911,-0.07103038,-0.13233478,-0.12972608
2025-12-10,quality_momentum,18,603877.SH,,0.95043731,-0.0587862,-0.09471436,-0.10010355,-0.10130118
2025-12-10,quality_momentum,19,300605.SZ,,0.94752187,-0.03556449,-0.11061971,-0.15090666,-0.12000161
2025-12-10,quality_momentum,20,300350.SZ,,0.94460642,-0.03343748,-0.09519829,-0.15958729,-0.14776073
2025-12-11,quality_momentum,1,300200.SZ,,1.0,0.01388531,0.04782373,-0.04057405,0.00914975
2025-12-11,quality_momentum,2,688702.SH,,0.99625468,-0.0019,-0.08096712,-0.10057635,-0.08909096
2025-12-11,quality_momentum,3,300155.SZ,,0.99250937,-0.04067225,-0.0164396,-0.00351555,-0.07621342
2025-12-11,quality_momentum,4,301369.SZ,,0.98876405,0.00515888,0.02372099,0.0970107,0.16193445
2025-12-11,quality_momentum,5,603650.SH,,0.98501873,0.02566338,0.04418599,0.00405371,0.04131941
2025-12-11,quality_momentum,6,300640.SZ,,0.98127341,-0.04274154,-0.09843466,0.10701093,0.06740692
2025-12-11,quality_momentum,7,603355.SH,,0.9775281,-0.02808426,-0.03691037,-0.11281504,-0.10516573
2025-12-11,quality_momentum,8,000408.SZ,,0.97378278,-0.01975713,-0.00217465,0.02831978,0.11114948
2025-12-11,quality_momentum,9,301329.SZ,,0.97003746,0.01328788,-0.09782325,-0.09142838,-0.05225968
2025-12-11,quality_momentum,10,002752.SZ,,0.96629214,0.00873829,-0.06572982,-0.10163408,0.06325957
2025-12-11,quality_momentum,11,002228.SZ,,0.96254683,-0.06842359,-0.15211461,-0.1242176,0.39080386
2025-12-11,quality_momentum,12,002544.SZ,,0.95880151,-0.0242632,-0.06415444,0.00112208,-0.0242632
2025-12-11,quality_momentum,13,688068.SH,,0.95505619,0.02628556,-0.12134348,-0.15530941,-0.15188212
2025-12-11,quality_momentum,14,001311.SZ,,0.95131087,0.01534141,-0.04549138,-0.00970738,0.01794387
2025-12-11,quality_momentum,15,300447.SZ,,0.94756556,-0.0115263,-0.03757389,-0.0347426,0.02244882
2025-12-11,quality_momentum,16,000603.SZ,,0.94382024,-0.04413078,-0.05057823,-0.02317657,-0.02124236
2025-12-11,quality_momentum,17,603803.SH,,0.94007492,0.00984346,0.00623009,0.05862395,0.07307741
2025-12-11,quality_momentum,18,301629.SZ,,0.9363296,0.03572215,0.03465104,0.00220585,0.03719492
2025-12-11,quality_momentum,19,300659.SZ,,0.93258429,-0.11192181,-0.13697627,-0.15386083,-0.15495012
2025-12-11,quality_momentum,20,300131.SZ,,0.92883897,-0.02340539,-0.07501825,-0.05566344,0.07336883
2025-12-12,quality_momentum,1,300255.SZ,,1.0,-0.04145625,-0.07911502,-0.08378586,-0.08699709
2025-12-12,quality_momentum,2,603355.SH,,0.99638987,0.00142328,-0.06745886,-0.10915074,-0.05628064
2025-12-12,quality_momentum,3,002544.SZ,,0.99277979,-0.0114827,-0.04950437,0.0154106,0.0058279
2025-12-12,quality_momentum,4,600984.SH,,0.98916966,-0.0083102,-0.053182,-0.08523331,-0.12369481
2025-12-12,quality_momentum,5,300200.SZ,,0.98555958,0.00043099,-0.03220305,-0.08503907,-0.02521002
2025-12-12,quality_momentum,6,603650.SH,,0.98194945,0.04960217,-0.0186382,-0.04288708,-0.02228627
2025-12-12,quality_momentum,7,300308.SZ,,0.97833937,-0.00400531,0.01036317,0.03320519,0.09922277
2025-12-12,quality_momentum,8,301213.SZ,,0.97472924,-0.03403773,-0.05885839,,
2025-12-12,quality_momentum,9,688307.SH,,0.97111911,0.07502308,0.01304497,0.00425378,-0.00453742
2025-12-12,quality_momentum,10,603766.SH,,0.96750903,0.00634351,0.03107397,0.01522111,-0.00316825
2025-12-12,quality_momentum,11,301279.SZ,,0.9638989,-0.03515121,-0.12628424,-0.11612416,-0.0594739
2025-12-12,quality_momentum,12,301629.SZ,,0.96028882,-0.03411504,0.00025052,-0.06344839,-0.02998606
2025-12-12,quality_momentum,13,002752.SZ,,0.95667869,,-0.13611051,-0.05716319,
2025-12-12,quality_momentum,14,000408.SZ,,0.95306861,0.01516291,0.04145666,0.1141839,0.22187622
2025-12-12,quality_momentum,15,300115.SZ,,0.94945848,-0.04044228,-0.07374064,-0.04857018,0.05997722
2025-12-12,quality_momentum,16,300228.SZ,,0.94584835,-0.01755761,-0.08018812,-0.04574127,0.09830881
2025-12-12,quality_momentum,17,001359.SZ,,0.94223827,0.01950081,0.15244504,0.21340484,0.17676415
2025-12-12,quality_momentum,18,000935.SZ,,0.93862814,0.03006724,0.02678856,0.02514917,0.01326397
2025-12-12,quality_momentum,19,300136.SZ,,0.93501806,0.05058544,-0.02300525,0.08946352,0.40159901
2025-12-12,quality_momentum,20,000703.SZ,,0.93140793,0.00555353,-0.0491049,0.04654725,0.22294483
2025-12-15,quality_momentum,1,300255.SZ,,1.0,-0.0596508,-0.05554745,-0.02515238,-0.06770549
2025-12-15,quality_momentum,2,600868.SH,,0.99622643,-0.05253292,-0.1006342,-0.08544434,-0.12341899
2025-12-15,quality_momentum,3,603803.SH,,0.99245286,-0.02722751,0.02342751,0.03565461,0.00334021
2025-12-15,quality_momentum,4,300308.SZ,,0.98867923,-0.02264545,0.02366259,0.09690447,0.08477368
2025-12-15,quality_momentum,5,603268.SH,,0.98490566,0.0140773,-0.06864398,0.03907411,0.13455144
2025-12-15,quality_momentum,6,300228.SZ,,0.98113209,-0.02841114,-0.05704312,-0.04855958,0.08081478
2025-12-15,quality_momentum,7,300593.SZ,,0.97735852,-0.03318492,0.01895659,-0.0685667,0.14707579
2025-12-15,quality_momentum,8,300655.SZ,,0.97358489,-0.00639934,-0.04576953,-0.0283341,-0.08851411
2025-12-15,quality_momentum,9,600301.SH,,0.96981132,-0.03943147,0.01195393,0.01069448,-0.09056497
2025-12-15,quality_momentum,10,688283.SH,,0.96603775,-0.07297775,-0.04532201,-0.08951948,-0.00991241
2025-12-15,quality_momentum,11,300200.SZ,,0.96226418,0.02910774,-0.05771395,-0.07786895,-0.05151234
2025-12-15,quality_momentum,12,000935.SZ,,0.95849055,-0.01103422,-0.00587142,0.00048282,-0.00507712
2025-12-15,quality_momentum,13,300189.SZ,,0.95471698,-0.07551963,-0.16447668,0.16527795,0.16374415
2025-12-15,quality_momentum,14,601231.SH,,0.95094341,0.03035807,0.05828884,0.13854063,0.14365474
2025-12-15,quality_momentum,15,688147.SH,,0.94716984,-0.04938487,-0.03914594,0.00255164,-0.02386176
2025-12-15,quality_momentum,16,603650.SH,,0.94339621,-0.03373674,-0.07087958,-0.06169593,-0.10047143
2025-12-15,quality_momentum,17,001296.SZ,,0.93962264,0.00600511,0.02001878,-0.0019,-0.0033373
2025-12-15,quality_momentum,18,603931.SH,,0.93584907,-0.01571213,-0.08532542,-0.07703808,-0.12399942
2025-12-15,quality_momentum,19,603766.SH,,0.9320755,-0.01070508,0.00438926,-0.02705724,-0.02705724
2025-12-15,quality_momentum,20,002066.SZ,,0.92830187,0.05447373,-0.03694319,-0.01815189,-0.03389599
2025-12-16,quality_momentum,1,600336.SH,,1.0,0.07335653,0.02318544,-0.03496738,-0.06917482
2025-12-16,quality_momentum,2,603650.SH,,0.99610895,-0.03604842,-0.05986793,-0.02213605,-0.05839241
2025-12-16,quality_momentum,3,603391.SH,,0.9922179,-0.03086361,-0.00401189,0.0095648,-0.00039144
2025-12-16,quality_momentum,4,000505.SZ,,0.98832685,-0.11420586,-0.10464787,0.01960541,0.04947399
2025-12-16,quality_momentum,5,300308.SZ,,0.9844358,0.03398877,0.05736391,0.12492229,0.12736395
2025-12-16,quality_momentum,6,000935.SZ,,0.98054475,0.00411201,0.00250877,0.02415209,0.00290958
2025-12-16,quality_momentum,7,605339.SH,,0.9766537,-0.02623426,-0.03174391,-0.06342436,-0.09831878
2025-12-16,quality_momentum,8,600549.SH,,0.97276264,0.03749395,0.01476666,0.08395855,0.02587773
2025-12-16,quality_momentum,9,688307.SH,,0.96887159,0.0293639,0.02043136,-0.00368651,-0.01574547
2025-12-16,quality_momentum,10,300131.SZ,,0.96498054,-0.02123488,-0.01040739,-0.04985049,0.15819279
2025-12-16,quality_momentum,11,300346.SZ,,0.96108949,0.0019265,-0.07885577,-0.02570952,-0.07715507
2025-12-16,quality_momentum,12,600135.SH,,0.95719844,-0.03230546,0.016118,-0.03906215,0.0566585
2025-12-16,quality_momentum,13,001296.SZ,,0.95330739,0.01057774,0.01414277,-0.02435992,-0.05074135
2025-12-16,quality_momentum,14,002788.SZ,,0.94941634,,,,
2025-12-16,quality_momentum,15,300200.SZ,,0.94552529,-0.06355413,-0.11468192,-0.08310297,-0.10039618
2025-12-16,quality_momentum,16,600868.SH,,0.94163424,-0.0365667,-0.04190003,-0.06056667,-0.10056664
2025-12-16,quality_momentum,17,000657.SZ,,0.93774319,0.07261279,0.06038503,0.18304458,0.07032011
2025-12-16,quality_momentum,18,603338.SH,,0.93385214,0.00043879,-0.02211383,-0.06320969,-0.04633697
2025-12-16,quality_momentum,19,688562.SH,,0.92996109,-0.03939998,0.02680365,-0.06532597,0.06985922
2025-12-16,quality_momentum,20,301319.SZ,,0.92607003,-0.01836339,-0.0212089,-0.02507077,0.04118946
2025-12-17,quality_momentum,1,603650.SH,,1.0,-0.00626487,0.00355615,0.02385295,-0.03878345
2025-12-17,quality_momentum,2,300346.SZ,,0.99613899,-0.04044295,-0.0467962,-0.0311249,-0.08788047
2025-12-17,quality_momentum,3,300658.SZ,,0.99227798,-0.0338596,0.03258275,0.1528519,
2025-12-17,quality_momentum,4,000935.SZ,,0.98841697,-0.00269683,0.00367766,-0.0019,-0.01146174
2025-12-17,quality_momentum,5,603766.SH,,0.98455596,-0.01970234,-0.05039598,-0.04364338,-0.01294974
2025-12-17,quality_momentum,6,001288.SZ,,0.98069501,-0.04754566,-0.01271083,0.01131316,-0.04244054
2025-12-17,quality_momentum,7,688292.SH,,0.976834,0.07870835,0.13878444,0.02585663,0.10456389
2025-12-17,quality_momentum,8,300308.SZ,,0.97297299,0.00910533,0.08130759,0.11597024,0.07451376
2025-12-17,quality_momentum,9,300131.SZ,,0.96911198,0.03910942,-0.00663189,0.16844699,0.14242175
2025-12-17,quality_momentum,10,002066.SZ,,0.96525097,-0.017444,0.00172703,-0.02210722,-0.0262523
2025-12-17,quality_momentum,11,600549.SH,,0.96138996,-0.02498069,0.0041738,-0.02036453,0.01826522
2025-12-17,quality_momentum,12,300137.SZ,,0.95752895,0.02902783,0.05789385,0.12696597,0.07026494
2025-12-17,quality_momentum,13,000408.SZ,,0.95366794,0.00346191,0.06954773,0.05761739,0.13764423
2025-12-17,quality_momentum,14,603421.SH,,0.94980693,-0.01634053,-0.05484832,-0.0031034,-0.14028755
2025-12-17,quality_momentum,15,000825.SZ,,0.94594592,0.00851663,0.06268334,0.0564333,0.02935
2025-12-17,quality_momentum,16,688498.SH,,0.94208497,-0.00961944,-0.00538222,-0.01268561,-0.00037458
2025-12-17,quality_momentum,17,000975.SZ,,0.93822396,-0.00230802,0.02665979,-0.00230802,0.0095239
2025-12-17,quality_momentum,18,002922.SZ,,0.93436295,0.01961938,0.06037581,0.07439608,0.0082076
2025-12-17,quality_momentum,19,300596.SZ,,0.93050194,0.00200265,-0.00786876,-0.00075215,-0.03289176
2025-12-17,quality_momentum,20,600686.SH,,0.92664093,-0.02086028,0.03785526,0.01706016,0.07944547
2025-12-18,quality_momentum,1,300446.SZ,,1.0,0.10313662,0.00412668,0.1091633,0.05664503
2025-12-18,quality_momentum,2,000935.SZ,,0.99641579,-0.00269747,0.01883367,-0.0130643,0.01883367
2025-12-18,quality_momentum,3,600549.SH,,0.99283153,-0.00065652,0.06748571,-0.0016513,0.05306145
2025-12-18,quality_momentum,4,600271.SH,,0.98924732,-0.00574615,-0.06920767,-0.01151533,0.09233082
2025-12-18,quality_momentum,5,300346.SZ,,0.98566306,-0.04551234,0.00955373,0.0115361,-0.01864006
2025-12-18,quality_momentum,6,600336.SH,,0.98207885,0.00256927,-0.054414,-0.04771004,-0.1125145
2025-12-18,quality_momentum,7,600301.SH,,0.97849464,0.02170244,-0.04214843,-0.06078201,-0.06053356
2025-12-18,quality_momentum,8,301629.SZ,,0.97491038,-0.03212357,0.02872358,0.032946,0.03392383
2025-12-18,quality_momentum,9,000408.SZ,,0.97132617,0.06209999,0.07143334,0.07850003,0.21356669
2025-12-18,quality_momentum,10,002571.SZ,,0.96774191,-0.00895642,0.18559997,-0.02508553,0.30051936
2025-12-18,quality_momentum,11,605136.SH,,0.9641577,-0.00675433,-0.09089672,-0.08685139,-0.10626893
2025-12-18,quality_momentum,12,300200.SZ,,0.96057349,-0.03309866,0.0013841,0.04982418,-0.02817259
2025-12-18,quality_momentum,13,603308.SH,,0.95698923,-0.02667965,-0.03239802,0.02049691,0.01906734
2025-12-18,quality_momentum,14,601698.SH,,0.95340502,0.0172837,-0.05455303,0.04912043,0.62993683
2025-12-18,quality_momentum,15,002769.SZ,,0.94982082,-0.02735459,0.07173635,0.01264542,0.06537268
2025-12-18,quality_momentum,16,001360.SZ,,0.94623655,0.00650341,0.02517754,0.10220833,0.01210565
2025-12-18,quality_momentum,17,300593.SZ,,0.94265234,-0.08982411,-0.07851439,0.07471439,0.08055167
2025-12-18,quality_momentum,18,301319.SZ,,0.93906808,0.00941848,0.005436,0.00795123,0.10352873
2025-12-18,quality_momentum,19,000657.SZ,,0.93548387,0.01418182,0.1315064,0.05548304,0.05804153
2025-12-18,quality_momentum,20,002595.SZ,,0.93189967,0.00752125,0.01498487,0.02868851,0.03823211
2025-12-19,quality_momentum,1,300658.SZ,,1.0,0.04758805,0.16960173,0.09622293,
2025-12-19,quality_momentum,2,600191.SH,,0.9970414,0.00680945,0.09469541,0.0479812,-0.00427529
2025-12-19,quality_momentum,3,002285.SZ,,0.99408287,-0.03719415,-0.09307652,-0.13719412,-0.12248826
2025-12-19,quality_momentum,4,600301.SH,,0.99112427,-0.0261718,-0.10359896,-0.06816209,-0.04437572
2025-12-19,quality_momentum,5,603993.SH,,0.98816568,0.00999185,-0.00460268,0.08242432,0.18188377
2025-12-19,quality_momentum,6,600969.SH,,0.98520708,0.00320733,-0.01824321,-0.00700723,0.06142998
2025-12-19,quality_momentum,7,000935.SZ,,0.98224854,0.00528277,-0.00030379,-0.01347219,0.01885022
2025-12-19,quality_momentum,8,603766.SH,,0.97928995,-0.03556582,-0.02870798,-0.01997981,-0.0168626
2025-12-19,quality_momentum,9,301319.SZ,,0.97633135,-0.00811765,0.00203779,0.08701185,0.10110508
2025-12-19,quality_momentum,10,603129.SH,,0.97337276,-0.02601993,-0.06834719,-0.067541,-0.07933218
2025-12-19,quality_momentum,11,002297.SZ,,0.97041422,-0.01813687,0.17288509,0.18721169,0.14996247
2025-12-19,quality_momentum,12,300306.SZ,,0.96745563,-0.01930291,-0.06481832,-0.07017306,-0.07151176
2025-12-19,quality_momentum,13,002571.SZ,,0.96449703,0.02145021,0.02043496,0.10672941,0.28642477
2025-12-19,quality_momentum,14,688627.SH,,0.96153843,0.11495437,0.1980262,0.10572418,0.09418645
2025-12-19,quality_momentum,15,601231.SH,,0.9585799,,,,
2025-12-19,quality_momentum,16,000807.SZ,,0.9556213,-0.0114628,0.00288146,0.0486465,0.18833232
2025-12-19,quality_momentum,17,600795.SH,,0.95266271,-0.00700203,0.00830414,-0.03081156,-0.15326053
2025-12-19,quality_momentum,18,605117.SH,,0.94970417,0.00025906,-0.0169,0.00378182,-0.01383185
2025-12-19,quality_momentum,19,002430.SZ,,0.94674557,0.00176673,-0.00856665,0.02810003,0.04843336
2025-12-19,quality_momentum,20,601318.SH,,0.94378698,-0.00393791,0.00246678,0.03157887,0.07364588
2025-12-22,quality_momentum,1,603766.SH,,1.0,-0.00060973,0.01358387,-0.0019,0.01164833
2025-12-22,quality_momentum,2,603703.SH,,0.99717516,-0.07037361,-0.0004735,0.00309285,0.0765593
2025-12-22,quality_momentum,3,300478.SZ,,0.99435025,-0.02669332,0.00728283,-0.01536797,-0.14147752
2025-12-22,quality_momentum,4,000975.SZ,,0.99152541,0.01119,-0.03641016,-0.05307017,-0.01816339
2025-12-22,quality_momentum,5,000426.SZ,,0.98870057,-0.00492366,-0.01426945,-0.04752946,0.15093115
2025-12-22,quality_momentum,6,000917.SZ,,0.98587573,-0.0019,0.02312502,,0.09219417
2025-12-22,quality_momentum,7,603993.SH,,0.98305082,-0.00029741,0.01519404,-0.02593846,0.1492752
2025-12-22,quality_momentum,8,600795.SH,,0.98022598,0.00835647,0.01177524,-0.09591708,-0.14378033
2025-12-22,quality_momentum,9,002383.SZ,,0.97740114,-0.05453155,0.0904361,0.06919884,0.27972512
2025-12-22,quality_momentum,10,300658.SZ,,0.97457629,0.00785613,0.05175861,0.06476674,
2025-12-22,quality_momentum,11,601198.SH,,0.97175139,-0.01456712,0.00654479,-0.00260372,-0.01667835
2025-12-22,quality_momentum,12,601899.SH,,0.96892655,-0.01762902,-0.01581414,-0.04757455,0.09307875
2025-12-22,quality_momentum,13,002544.SZ,,0.96610171,-0.02834833,0.01667687,0.03745768,0.10672726
2025-12-22,quality_momentum,14,688562.SH,,0.96327686,-0.05213473,0.06946153,0.10138642,0.13002496
2025-12-22,quality_momentum,15,000935.SZ,,0.96045196,0.0123631,-0.01933267,-0.00744673,0.06862301
2025-12-22,quality_momentum,16,300346.SZ,,0.95762712,0.01628181,0.01827736,-0.03959402,0.2663927
2025-12-22,quality_momentum,17,000807.SZ,,0.95480227,0.01361726,0.03016895,-0.0019,0.14258276
2025-12-22,quality_momentum,18,300446.SZ,,0.95197737,-0.04450548,0.05545358,0.01366739,0.06569527
2025-12-22,quality_momentum,19,601318.SH,,0.94915253,0.00699735,0.02552125,0.01545708,0.06825751
2025-12-22,quality_momentum,20,300906.SZ,,0.94632769,0.01923424,-0.02758222,-0.04202839,-0.05754471
2025-12-23,quality_momentum,1,603993.SH,,1.0,-0.01789997,0.06796666,0.03863338,0.14210001
2025-12-23,quality_momentum,2,000506.SZ,,0.99723756,-0.03321676,-0.03748719,-0.0567043,-0.05883952
2025-12-23,quality_momentum,3,300762.SZ,,0.99447513,0.08684656,0.15698987,0.1798627,0.37260439
2025-12-23,quality_momentum,4,002937.SZ,,0.99171269,0.00212867,0.05047249,0.08493974,0.09120659
2025-12-23,quality_momentum,5,300446.SZ,,0.98895025,0.04859207,0.06185694,0.04902003,0.17738974
2025-12-23,quality_momentum,6,601318.SH,,0.98618782,-0.00435772,0.02455656,-0.0075383,0.0187737
2025-12-23,quality_momentum,7,600362.SH,,0.98342544,-0.01588597,0.17315836,0.16942874,0.26127018
2025-12-23,quality_momentum,8,002769.SZ,,0.980663,-0.03322936,0.08277402,0.01757502,-0.02814896
2025-12-23,quality_momentum,9,000960.SZ,,0.97790056,-0.04146837,0.01500647,-0.0134108,0.11356766
2025-12-23,quality_momentum,10,601168.SH,,0.97513813,-0.01985263,0.0714384,0.02980357,0.05463167
2025-12-23,quality_momentum,11,000603.SZ,,0.97237569,-0.04393818,-0.01846047,-0.00795096,0.03472428
2025-12-23,quality_momentum,12,600595.SH,,0.96961325,-0.01787054,0.00055702,-0.03629803,0.03004107
2025-12-23,quality_momentum,13,000975.SZ,,0.96685082,-0.04262044,-0.02147713,-0.05554131,-0.04262044
2025-12-23,quality_momentum,14,601698.SH,,0.96408838,0.05540287,0.2178329,0.38715641,0.93735041
2025-12-23,quality_momentum,15,002371.SZ,,0.96132594,-0.00397903,-0.04476904,-0.02445719,0.04383804
2025-12-23,quality_momentum,16,603129.SH,,0.95856351,-0.02282726,-0.02198176,-0.01479456,-0.0567901
2025-12-23,quality_momentum,17,601179.SH,,0.95580113,-0.014387,-0.0175088,-0.04768571,0.09383353
2025-12-23,quality_momentum,18,688568.SH,,0.95303869,0.0238447,0.13256803,0.13065318,0.29831277
2025-12-23,quality_momentum,19,688539.SH,,0.95027626,0.04610374,0.18845168,0.14401251,0.27376534
2025-12-23,quality_momentum,20,600459.SH,,0.94751382,-0.05688785,-0.03936958,-0.08462507,-0.00433313
2025-12-24,quality_momentum,1,002560.SZ,,1.0,,,,
2025-12-24,quality_momentum,2,301042.SZ,,0.99766898,-0.02678534,-0.08894129,-0.02724402,-0.08779447
2025-12-24,quality_momentum,3,601168.SH,,0.99533802,0.02338198,0.00549014,0.08755935,0.11711982
2025-12-24,quality_momentum,4,002378.SZ,,0.993007,-0.02138925,-0.04827098,-0.03953441,0.15401396
2025-12-24,quality_momentum,5,603528.SH,,0.99067599,0.0105402,-0.02678041,-0.07558416,0.06221484
2025-12-24,quality_momentum,6,000960.SZ,,0.98834497,0.01832478,-0.02736815,0.05727604,0.29884906
2025-12-24,quality_momentum,7,002927.SZ,,0.98601401,0.01557371,0.00209401,-0.02536486,0.19680192
2025-12-24,quality_momentum,8,603993.SH,,0.98368299,0.03007828,-0.01165616,0.09295087,0.25555258
2025-12-24,quality_momentum,9,000603.SZ,,0.98135197,0.00940315,-0.00721916,0.07888448,0.25075959
2025-12-24,quality_momentum,10,300308.SZ,,0.97902095,-0.02779141,-0.04360542,-0.03898524,-0.11817901
2025-12-24,quality_momentum,11,601318.SH,,0.97668999,0.01896954,0.00896955,0.00099861,-0.0033493
2025-12-24,quality_momentum,12,600549.SH,,0.97435898,-0.00635547,-0.02269209,0.03745645,0.23572377
2025-12-24,quality_momentum,13,002379.SZ,,0.97202796,-0.00842177,-0.00581305,0.07027388,0.32288255
2025-12-24,quality_momentum,14,603901.SH,,0.969697,0.01441202,0.01441202,0.00377372,0.07256805
2025-12-24,quality_momentum,15,601126.SH,,0.96736598,0.05224019,-0.0210083,-0.0359764,0.04810006
2025-12-24,quality_momentum,16,002297.SZ,,0.96503496,,,,
2025-12-24,quality_momentum,17,600362.SH,,0.96270394,0.05105506,0.105665,0.29880919,0.35176434
2025-12-24,quality_momentum,18,300478.SZ,,0.96037298,-0.01772086,-0.03981046,-0.0108552,-0.13981047
2025-12-24,quality_momentum,19,002478.SZ,,0.95804197,0.02623601,0.02271903,0.0004447,-0.02769132
2025-12-24,quality_momentum,20,002518.SZ,,0.95571095,-0.01228406,-0.03540316,-0.0467668,0.04923635
2025-12-25,quality_momentum,1,601318.SH,,1.0,0.00605005,-0.02546615,0.02592518,-0.03937869
2025-12-25,quality_momentum,2,301040.SZ,,0.99789917,-0.00521456,-0.04697791,-0.04498914,0.053453
2025-12-25,quality_momentum,3,002430.SZ,,0.99579829,-0.00027927,-0.03042515,-0.00676224,0.11479362
2025-12-25,quality_momentum,4,300447.SZ,,0.99369746,-0.00687519,-0.02843404,-0.01958936,0.28334041
2025-12-25,quality_momentum,5,000603.SZ,,0.99159664,0.01322167,0.02406976,0.09211707,0.232814
2025-12-25,quality_momentum,6,600362.SH,,0.98949581,,,,
2025-12-25,quality_momentum,7,002384.SZ,,0.98739493,-0.00756166,0.03608067,-0.02053649,-0.07679973
2025-12-25,quality_momentum,8,003009.SZ,,0.9852941,0.0001417,0.03324662,0.17864539,
2025-12-25,quality_momentum,9,688623.SH,,0.98319328,-0.01552091,0.06609094,0.09912159,0.20127823
2025-12-25,quality_momentum,10,301042.SZ,,0.98109245,-0.04929504,-0.0316542,-0.1187999,-0.04929504
2025-12-25,quality_momentum,11,688372.SH,,0.97899157,-0.03213477,0.05396855,0.03115161,0.16241925
2025-12-25,quality_momentum,12,688072.SH,,0.97689074,-0.02190001,-0.02047136,0.00381435,0.00895719
2025-12-25,quality_momentum,13,000960.SZ,,0.97478992,0.035912,0.00691053,0.05316603,0.30316611
2025-12-25,quality_momentum,14,603993.SH,,0.97268909,0.05167144,0.02278493,0.09001179,0.18665046
2025-12-25,quality_momentum,15,600875.SH,,0.97058821,0.01419652,-0.02403285,-0.01437486,0.01902555
2025-12-25,quality_momentum,16,002204.SZ,,0.96848738,-0.0005842,-0.0111105,-0.02690002,0.06125789
2025-12-25,quality_momentum,17,688249.SH,,0.96638656,-0.00542731,0.01779424,-0.0024879,0.08981072
2025-12-25,quality_momentum,18,601601.SH,,0.96428573,-0.01272102,-0.01624959,0.0707887,0.0707887
2025-12-25,quality_momentum,19,600271.SH,,0.96218485,0.00780868,0.1718864,0.10295436,
2025-12-25,quality_momentum,20,300658.SZ,,0.96008402,-0.00884445,0.0204765,,
2025-12-26,quality_momentum,1,603993.SH,,1.0,-0.09113233,0.00507902,0.08982483,0.13718273
2025-12-26,quality_momentum,2,002430.SZ,,0.99797159,-0.01290326,-0.02520096,0.01784109,0.0401712
2025-12-26,quality_momentum,3,603212.SH,,0.99594319,-0.04304133,-0.04237775,-0.058967,-0.05432203
2025-12-26,quality_momentum,4,002379.SZ,,0.99391478,-0.04731664,0.0256,0.15143337,0.18518332
2025-12-26,quality_momentum,5,601168.SH,,0.99188644,-0.08019177,-0.00510281,0.02407865,0.0368901
2025-12-26,quality_momentum,6,000960.SZ,,0.98985803,-0.08148967,-0.00154628,0.11836888,0.33697514
2025-12-26,quality_momentum,7,600113.SH,,0.98782963,-0.01210724,0.0002652,0.003049,-0.05850373
2025-12-26,quality_momentum,8,003009.SZ,,0.98580122,0.00232065,0.16794425,0.28466676,0.17696773
2025-12-26,quality_momentum,9,600549.SH,,0.98377281,-0.0393696,0.01975452,0.06184692,0.20418269
2025-12-26,quality_momentum,10,688788.SH,,0.98174441,-0.00629715,-0.04587163,-0.05154534,-0.01466592
2025-12-26,quality_momentum,11,601318.SH,,0.979716,-0.01950565,-0.02725206,0.03880428,-0.0392239
2025-12-26,quality_momentum,12,000603.SZ,,0.9776876,-0.03298809,0.05088489,0.1091751,0.2778927
2025-12-26,quality_momentum,13,002769.SZ,,0.97565925,-0.0565448,-0.08620917,-0.08620917,0.09021551
2025-12-26,quality_momentum,14,601369.SH,,0.97363085,-0.0367071,-0.0602255,-0.07339579,-0.05364036
2025-12-26,quality_momentum,15,600309.SH,,0.97160244,-0.02036081,0.00174016,0.06739277,0.0208509
2025-12-26,quality_momentum,16,688623.SH,,0.96957403,0.02813455,0.07865241,0.18302517,0.26461326
2025-12-26,quality_momentum,17,300045.SZ,,0.96754563,-0.00152962,0.10921111,0.09217411,0.28291477
2025-12-26,quality_momentum,18,002383.SZ,,0.96551722,-0.00017284,0.10690831,0.21485305,0.15181327
2025-12-26,quality_momentum,19,002446.SZ,,0.96348882,-0.01355047,0.03693491,0.03790581,0.19421645
2025-12-26,quality_momentum,20,688636.SH,,0.96146047,-0.00608606,0.02879768,-0.00050462,0.27298375
2025-12-29,quality_momentum,1,688072.SH,,1.0,0.01744835,0.04267239,0.09757177,0.06044791
2025-12-29,quality_momentum,2,000807.SZ,,0.99806201,0.08844479,0.18085858,0.14258276,0.12878962
2025-12-29,quality_momentum,3,603993.SH,,0.99612403,0.06597091,0.13603108,0.17762928,0.27341475
2025-12-29,quality_momentum,4,600219.SH,,0.99418604,0.03911564,0.08208436,0.1231,0.14849065
2025-12-29,quality_momentum,5,601702.SH,,0.99224806,0.01641684,0.03621885,0.00651583,-0.02764252
2025-12-29,quality_momentum,6,002532.SZ,,0.99031007,0.06344655,0.1241726,0.19281949,0.19942007
2025-12-29,quality_momentum,7,600711.SH,,0.98837209,0.07452862,0.1102429,0.19024293,0.21310006
2025-12-29,quality_momentum,8,300308.SZ,,0.9864341,0.01573472,-0.0214761,-0.01322498,-0.05836333
2025-12-29,quality_momentum,9,601318.SH,,0.98449612,-0.01580681,0.03609291,0.0499996,-0.04276023
2025-12-29,quality_momentum,10,300876.SZ,,0.98255813,-0.03215526,-0.09424412,-0.08319443,-0.16001628
2025-12-29,quality_momentum,11,600549.SH,,0.98062015,0.02691694,0.07039524,0.11033458,0.26705851
2025-12-29,quality_momentum,12,002937.SZ,,0.97868216,0.05789921,0.03869361,0.07535887,0.01294068
2025-12-29,quality_momentum,13,002384.SZ,,0.97674417,-0.00201365,-0.05655294,-0.08950367,-0.14972414
2025-12-29,quality_momentum,14,300818.SZ,,0.97480619,-0.00022403,0.02268097,0.06178716,0.08608881
2025-12-29,quality_momentum,15,002935.SZ,,0.9728682,-0.02988166,0.00773302,0.02378812,
2025-12-29,quality_momentum,16,603979.SH,,0.97093022,0.04089946,0.05543512,0.05058997,0.02057649
2025-12-29,quality_momentum,17,300221.SZ,,0.96899223,-0.00680198,-0.00876271,0.03045294,0.08535493
2025-12-29,quality_momentum,18,002353.SZ,,0.96705425,-0.01176481,-0.00162966,-0.01541347,0.1847217
2025-12-29,quality_momentum,19,601168.SH,,0.96511626,0.0409571,0.10157486,0.08304203,0.1564011
2025-12-29,quality_momentum,20,300034.SZ,,0.96317828,-0.02377185,0.01285072,0.01285072,0.11763203
2025-12-30,quality_momentum,1,601318.SH,,1.0,0.0042065,0.07239492,0.0245612,-0.01905608
2025-12-30,quality_momentum,2,603993.SH,,0.99804688,0.03346639,0.12060124,0.09753614,0.23695179
2025-12-30,quality_momentum,3,300308.SZ,,0.99609375,-0.01449141,-0.02129589,-0.0862561,0.00918112
2025-12-30,quality_momentum,4,002379.SZ,,0.99414062,0.02602832,0.15191414,0.11106377,0.22319383
2025-12-30,quality_momentum,5,600595.SH,,0.9921875,0.02736209,0.06934688,0.06680233,0.21311268
2025-12-30,quality_momentum,6,002560.SZ,,0.99023438,0.01715719,-0.00791803,0.02919332,0.0913799
2025-12-30,quality_momentum,7,002544.SZ,,0.98828125,0.03043463,0.05980277,0.12654849,0.04971675
2025-12-30,quality_momentum,8,002446.SZ,,0.98632812,0.04302188,0.04399846,0.11919373,
2025-12-30,quality_momentum,9,002297.SZ,,0.984375,0.04870036,0.03240537,0.0838633,-0.00447288
2025-12-30,quality_momentum,10,688562.SH,,0.98242188,0.03740885,0.03222531,0.12423392,0.05771128
2025-12-30,quality_momentum,11,600135.SH,,0.98046875,,,,
2025-12-30,quality_momentum,12,600309.SH,,0.97851562,0.00330833,0.06906352,0.03976665,0.04171978
2025-12-30,quality_momentum,13,688072.SH,,0.9765625,-0.03080832,0.08398059,0.03518874,0.09853667
2025-12-30,quality_momentum,14,603308.SH,,0.97460938,-0.01806685,-0.06492717,0.04730334,0.19303909
2025-12-30,quality_momentum,15,003009.SZ,,0.97265625,,,,
2025-12-30,quality_momentum,16,601601.SH,,0.97070312,0.0100332,0.12363696,0.12459161,0.07733627
2025-12-30,quality_momentum,17,688282.SH,,0.96875,0.0227774,-0.0339968,0.15132581,0.31374516
2025-12-30,quality_momentum,18,300952.SZ,,0.96679688,0.03140785,0.06674984,0.09904073,0.15421495
2025-12-30,quality_momentum,19,300045.SZ,,0.96484375,0.0764609,0.05992607,0.04770464,0.09515251
2025-12-30,quality_momentum,20,300132.SZ,,0.96289062,0.00503646,-0.02155319,-0.019241,-0.00652427
2025-12-31,quality_momentum,1,300053.SZ,,1.0,-0.05369488,-0.06548973,0.15758722,0.06989485
2025-12-31,quality_momentum,2,601168.SH,,0.99801588,0.01844985,0.0013131,0.02523315,0.0941371
2025-12-31,quality_momentum,3,001267.SZ,,0.99603176,-0.00548265,-0.00548265,0.06034808,0.14722674
2025-12-31,quality_momentum,4,603993.SH,,0.99404764,0.02730798,0.06493169,0.14661493,0.19958522
2025-12-31,quality_momentum,5,300818.SZ,,0.99206346,-0.03739834,-0.00058525,0.05279363,0.01203631
2025-12-31,quality_momentum,6,601899.SH,,0.99007934,0.01793009,0.02359572,0.08081957,0.06382235
2025-12-31,quality_momentum,7,300308.SZ,,0.98809522,-0.02618029,-0.01796876,-0.08414381,-0.02779043
2025-12-31,quality_momentum,8,601888.SH,,0.9861111,-0.03416848,-0.00738563,0.02843238,-0.04707584
2025-12-31,quality_momentum,9,600029.SH,,0.98412699,0.00564722,0.02074155,-0.00441572,-0.06982452
2025-12-31,quality_momentum,10,601212.SH,,0.98214287,0.02437255,-0.03638276,0.00795221,0.20828058
2025-12-31,quality_momentum,11,300447.SZ,,0.98015875,-0.03086172,-0.03031527,0.13197983,0.07624209
2025-12-31,quality_momentum,12,600776.SH,,0.97817463,,,,
2025-12-31,quality_momentum,13,000917.SZ,,0.97619045,0.01724312,-0.0055463,0.1722112,0.02088942
2025-12-31,quality_momentum,14,300952.SZ,,0.97420633,-0.005837,0.05075749,0.07782443,0.36350356
2025-12-31,quality_momentum,15,301119.SZ,,0.97222221,-0.02793774,0.06225091,0.09621322,0.0384774
2025-12-31,quality_momentum,16,600219.SH,,0.97023809,-9.499e-05,0.03781116,0.066692,0.066692
2025-12-31,quality_momentum,17,300132.SZ,,0.96825397,-0.01682539,-0.02715835,-0.00304813,-0.00075187
2025-12-31,quality_momentum,18,601318.SH,,0.96626985,0.04434277,0.05836001,-0.00623535,-0.04409664
2025-12-31,quality_momentum,19,002937.SZ,,0.96428573,0.00784163,0.04341983,0.00572392,-0.00232354
2025-12-31,quality_momentum,20,600711.SH,,0.96230161,0.01441853,0.08752561,0.10906598,0.08165087
2026-01-05,quality_momentum,1,002544.SZ,,1.0,0.04214901,0.1077849,,-0.01006805
2026-01-05,quality_momentum,2,601318.SH,,0.99809158,0.0186801,-0.02676193,-0.06543597,-0.08546355
2026-01-05,quality_momentum,3,300308.SZ,,0.99618322,0.01592176,-0.05150393,-0.04348415,-0.00269208
2026-01-05,quality_momentum,4,300053.SZ,,0.9942748,0.01919245,0.11654243,0.34693726,0.17495238
2026-01-05,quality_momentum,5,600115.SH,,0.99236643,0.01983915,0.02485583,-0.01026124,0.02318363
2026-01-05,quality_momentum,6,600711.SH,,0.99045801,0.03856237,0.03727791,0.06682188,0.05461889
2026-01-05,quality_momentum,7,002080.SZ,,0.98854959,-0.03876152,-0.02954614,-0.0406046,0.0441769
2026-01-05,quality_momentum,8,600219.SH,,0.98664123,0.02512705,0.02873065,0.0377397,0.11521716
2026-01-05,quality_momentum,9,002595.SZ,,0.98473281,0.0097457,-0.0402484,-0.04342451,-0.01272228
2026-01-05,quality_momentum,10,600309.SH,,0.98282444,0.06586587,0.03665648,0.01173105,0.06755344
2026-01-05,quality_momentum,11,688485.SH,,0.98091602,-0.02173005,0.06835494,0.07232093,0.15334079
2026-01-05,quality_momentum,12,688027.SH,,0.97900766,0.01544617,0.06087843,0.22309059,0.15933062
2026-01-05,quality_momentum,13,001267.SZ,,0.97709924,-0.04819214,0.01023482,-0.01268651,0.08933597
2026-01-05,quality_momentum,14,600549.SH,,0.97519082,0.0287459,0.02615277,0.14826499,0.34204154
2026-01-05,quality_momentum,15,600029.SH,,0.97328246,0.01058432,-0.00564534,-0.02811723,-0.02811723
2026-01-05,quality_momentum,16,600801.SH,,0.97137403,-0.03016433,-0.01344456,-0.06240957,-0.01463886
2026-01-05,quality_momentum,17,301345.SZ,,0.96946567,-0.03527299,-0.0379714,-0.07729681,-0.11074921
2026-01-05,quality_momentum,18,002585.SZ,,0.96755725,0.04960217,0.05389402,0.02671229,0.09538186
2026-01-05,quality_momentum,19,002975.SZ,,0.96564883,-0.03098957,-0.02186105,-0.0364667,0.00552455
2026-01-05,quality_momentum,20,603568.SH,,0.96374047,0.00591249,-0.00033748,-0.01830624,0.04341252
2026-01-06,quality_momentum,1,601318.SH,,1.0,-0.00893758,-0.06943289,-0.07687633,-0.10001884
2026-01-06,quality_momentum,2,002595.SZ,,0.99828768,0.00414648,-0.02515583,-0.04841166,-0.04841166
2026-01-06,quality_momentum,3,600711.SH,,0.99657536,0.02834699,0.04871727,0.03945811,0.00427293
2026-01-06,quality_momentum,4,002544.SZ,,0.99486303,-0.01810561,0.13249511,0.01849675,-0.12036886
2026-01-06,quality_momentum,5,600549.SH,,0.99315071,0.00450443,0.14174141,0.13190603,0.24146693
2026-01-06,quality_momentum,6,000960.SZ,,0.99143833,0.00536236,0.09472133,0.19323732,0.20523608
2026-01-06,quality_momentum,7,600115.SH,,0.98972601,-0.0035367,-0.02481331,-0.02317661,0.04392647
2026-01-06,quality_momentum,8,002064.SZ,,0.98801368,0.01840012,0.04929157,0.03428712,0.18080084
2026-01-06,quality_momentum,9,000612.SZ,,0.98630136,0.001467,0.04523798,0.09995177,0.12520431
2026-01-06,quality_momentum,10,603568.SH,,0.98458904,0.00585193,-0.01042713,-0.02127987,0.03918525
2026-01-06,quality_momentum,11,920640.BJ,,0.98287672,0.02790391,0.26476668,0.26319804,0.13038762
2026-01-06,quality_momentum,12,600232.SH,,0.9811644,0.01484645,0.0016886,0.01484645,0.02441582
2026-01-06,quality_momentum,13,688372.SH,,0.97945207,0.00735926,0.08324888,0.11465778,0.18918577
2026-01-06,quality_momentum,14,688020.SH,,0.97773975,0.11656596,0.10237197,0.14331642,0.190266
2026-01-06,quality_momentum,15,300131.SZ,,0.97602737,0.0026455,0.01108706,0.0032948,-0.02982204
2026-01-06,quality_momentum,16,300855.SZ,,0.97431505,0.02458022,0.09003696,0.03886174,0.12722826
2026-01-06,quality_momentum,17,600497.SH,,0.97260273,-0.01470409,0.11205647,0.09028946,0.13510379
2026-01-06,quality_momentum,18,603331.SH,,0.9708904,-0.00858649,0.04044767,0.02336004,0.02187412
2026-01-06,quality_momentum,19,600219.SH,,0.96917808,0.00862631,0.03669646,0.02441581,0.15774913
2026-01-06,quality_momentum,20,601601.SH,,0.96746576,-0.00211202,-0.00592882,-0.03285843,-0.06233255
2026-01-07,quality_momentum,1,600549.SH,,1.0,-0.01076368,0.10696359,0.13900905,0.33446364
2026-01-07,quality_momentum,2,601318.SH,,0.9982729,-0.0396538,-0.07781654,-0.09008316,-0.10057787
2026-01-07,quality_momentum,3,603228.SH,,0.99654579,-0.03550285,-0.10119256,-0.11003543,-0.14288029
2026-01-07,quality_momentum,4,300228.SZ,,0.99481863,0.05202164,0.07162944,-0.0156255,-0.02248825
2026-01-07,quality_momentum,5,002927.SZ,,0.99309152,0.00429044,0.13571902,0.04571905,-0.02904284
2026-01-07,quality_momentum,6,600973.SH,,0.99136442,-0.00445102,,-0.02358368,-0.05292042
2026-01-07,quality_momentum,7,920640.BJ,,0.98963732,0.14052198,0.34361916,0.21668343,0.10320281
2026-01-07,quality_momentum,8,002595.SZ,,0.98791021,-0.05703171,-0.06015239,-0.03241314,-0.02004606
2026-01-07,quality_momentum,9,002544.SZ,,0.98618305,0.07847481,,-0.00161603,-0.10016754
2026-01-07,quality_momentum,10,603169.SH,,0.98445594,,,,
2026-01-07,quality_momentum,11,601888.SH,,0.98272884,0.01302533,0.02989752,-0.0316426,0.04720228
2026-01-07,quality_momentum,12,603663.SH,,0.98100173,-0.02080409,0.03645616,-0.0068315,0.04549724
2026-01-07,quality_momentum,13,688292.SH,,0.97927463,-0.0500302,0.1061332,0.32358472,0.09297534
2026-01-07,quality_momentum,14,600309.SH,,0.97754747,-0.02533748,-0.04877504,-0.05585504,0.03777284
2026-01-07,quality_momentum,15,300045.SZ,,0.97582036,0.04207574,0.35669853,0.16005928,0.02062417
2026-01-07,quality_momentum,16,600219.SH,,0.97409326,-0.00884444,-0.00016385,0.02066947,0.12309999
2026-01-07,quality_momentum,17,301321.SZ,,0.97236615,-0.00443813,-0.01205232,0.21383603,0.06612031
2026-01-07,quality_momentum,18,300771.SZ,,0.97063905,-6.05e-06,0.07575145,-0.00821316,-0.01389494
2026-01-07,quality_momentum,19,688072.SH,,0.96891195,-0.04038855,-0.04697422,-0.03566518,0.00881525
2026-01-07,quality_momentum,20,002709.SZ,,0.96718478,-0.02476853,-0.02589357,-0.05323327,-0.03456222
2026-01-08,quality_momentum,1,600309.SH,,1.0,-0.01027507,-0.01852502,-2.5e-05,0.06859994
2026-01-08,quality_momentum,2,601318.SH,,0.99861306,-0.02597935,-0.03376965,-0.04439286,-0.07838726
2026-01-08,quality_momentum,3,688072.SH,,0.99722606,0.01710402,-0.03679221,0.05918245,0.01988307
2026-01-08,quality_momentum,4,603516.SH,,0.99583912,-0.00953757,0.12431357,0.07296515,-0.07849119
2026-01-08,quality_momentum,5,600875.SH,,0.99445218,0.02211575,0.00518662,0.0162102,0.06148583
2026-01-08,quality_momentum,6,300053.SZ,,0.99306518,0.0914269,0.04548876,0.00293561,-0.00141643
2026-01-08,quality_momentum,7,300807.SZ,,0.99167824,0.12847853,0.11592081,0.06181185,0.05996516
2026-01-08,quality_momentum,8,600201.SH,,0.99029124,0.03828911,0.0028282,0.00814728,0.02942391
2026-01-08,quality_momentum,9,600549.SH,,0.9889043,,,,
2026-01-08,quality_momentum,10,600331.SH,,0.98751736,0.03028018,0.01177659,0.10831721,0.13245237
2026-01-08,quality_momentum,11,300775.SZ,,0.98613036,0.06088855,-0.00374676,-0.02005947,0.19846928
2026-01-08,quality_momentum,12,688027.SH,,0.98474342,0.02051323,0.07968989,0.10611692,0.03818455
2026-01-08,quality_momentum,13,300397.SZ,,0.98335648,-0.00311954,-0.0458024,-0.08360727,-0.10129019
2026-01-08,quality_momentum,14,300672.SZ,,0.98196948,0.00494875,0.05383155,0.15176833,0.33223234
2026-01-08,quality_momentum,15,688378.SH,,0.98058254,0.00730639,-0.00412219,0.03936988,0.02984609
2026-01-08,quality_momentum,16,000830.SZ,,0.97919554,-0.00600322,0.00044463,0.0180296,0.18215627
2026-01-08,quality_momentum,17,600877.SH,,0.97780859,0.11472122,0.2188084,0.14251414,0.16976211
2026-01-08,quality_momentum,18,002430.SZ,,0.97642165,-0.00249839,-0.03840507,-0.03960197,-0.0177588
2026-01-08,quality_momentum,19,300034.SZ,,0.97503465,0.02050895,-0.03271235,0.05365554,0.07046225
2026-01-08,quality_momentum,20,002255.SZ,,0.97364771,0.07424944,-0.02488851,-0.03638272,-0.04212983
2026-01-09,quality_momentum,1,000830.SZ,,1.0,-0.02191172,0.01458028,0.01046027,0.17526303
2026-01-09,quality_momentum,2,300228.SZ,,0.99868596,0.03503184,-0.0492485,-0.0738697,0.01893333
2026-01-09,quality_momentum,3,002430.SZ,,0.99737185,0.02953704,-0.05579227,-0.03722938,-0.00489409
2026-01-09,quality_momentum,4,300397.SZ,,0.99605781,0.02252012,-0.05562401,-0.11972658,-0.09774852
2026-01-09,quality_momentum,5,688127.SH,,0.99474376,0.03703634,-0.0261166,0.02540289,0.05982834
2026-01-09,quality_momentum,6,300376.SZ,,0.99342972,,0.09445042,0.10758905,0.06671318
2026-01-09,quality_momentum,7,000936.SZ,,0.99211562,-0.00301237,-0.04083222,-0.04973099,-0.0096864
2026-01-09,quality_momentum,8,300771.SZ,,0.99080157,0.02270982,-0.05712208,-0.05412086,-0.04991916
2026-01-09,quality_momentum,9,300034.SZ,,0.98948753,0.00494938,0.00312284,-0.01559858,0.02549725
2026-01-09,quality_momentum,10,000825.SZ,,0.98817348,0.00715803,-0.01639267,-0.05081301,0.00896963
2026-01-09,quality_momentum,11,600875.SH,,0.98685938,-0.0265059,-0.04534483,-0.02189231,0.05154098
2026-01-09,quality_momentum,12,300775.SZ,,0.98554534,-0.00103128,-0.08240973,-0.09688993,0.09569624
2026-01-09,quality_momentum,13,688372.SH,,0.98423129,0.03540974,0.05214053,0.17778881,0.15921767
2026-01-09,quality_momentum,14,003031.SZ,,0.98291719,-0.00711742,-0.05643419,0.02219935,-0.02252117
2026-01-09,quality_momentum,15,002669.SZ,,0.98160315,-0.00889747,-0.07123843,-0.04388474,0.00955036
2026-01-09,quality_momentum,16,601888.SH,,0.9802891,-0.00597143,-0.0653722,-0.0751853,-0.0295647
2026-01-09,quality_momentum,17,600141.SH,,0.97897506,-0.01855777,0.0666115,0.07708974,0.1335111
2026-01-09,quality_momentum,18,301200.SZ,,0.97766095,-0.04211093,0.05100117,0.06361486,0.288139
2026-01-09,quality_momentum,19,002937.SZ,,0.97634691,0.04181583,-0.02459863,-0.00988658,0.03424968
2026-01-09,quality_momentum,20,301248.SZ,,0.97503287,,,,
2026-01-12,quality_momentum,1,002134.SZ,,1.0,-0.01039746,0.01741248,0.01741248,-0.04245617
2026-01-12,quality_momentum,2,600875.SH,,0.99887514,0.00637748,0.01741409,0.06944408,0.05840738
2026-01-12,quality_momentum,3,002937.SZ,,0.99775028,-0.03371635,-0.04539573,-0.05747792,-0.01680131
2026-01-12,quality_momentum,4,603212.SH,,0.99662542,-0.05620468,-0.01911856,-0.0038868,0.03121258
2026-01-12,quality_momentum,5,000408.SZ,,0.99550056,0.0451285,0.05916691,0.0625595,0.10058007
2026-01-12,quality_momentum,6,002281.SZ,,0.99437571,-0.06729696,0.03699182,-0.03133526,-0.05890584
2026-01-12,quality_momentum,7,688175.SH,,0.99325085,-0.04343852,-0.04620773,0.03071537,-0.05728464
2026-01-12,quality_momentum,8,002008.SZ,,0.99212599,-0.02563343,0.02502837,0.09349027,0.16811373
2026-01-12,quality_momentum,9,301200.SZ,,0.99100113,0.00741899,0.11860974,0.11359177,0.32824739
2026-01-12,quality_momentum,10,002448.SZ,,0.98987627,-0.01120237,0.0252318,0.06709221,0.0996504
2026-01-12,quality_momentum,11,002558.SZ,,0.98875141,-0.02750002,-0.08070004,0.03409999,-0.07230004
2026-01-12,quality_momentum,12,003031.SZ,,0.98762655,-0.02600084,-0.03586599,0.00309498,-0.04610574
2026-01-12,quality_momentum,13,605389.SH,,0.98650169,0.00092053,-0.00574617,0.00438207,0.04297182
2026-01-12,quality_momentum,14,600309.SH,,0.98537683,0.00565641,0.02461135,0.05317171,0.08608674
2026-01-12,quality_momentum,15,002214.SZ,,0.98425198,0.00559461,0.02218987,0.08482371,0.11962036
2026-01-12,quality_momentum,16,002438.SZ,,0.98312712,-0.04846712,-0.0544373,-0.03354174,-0.04189997
2026-01-12,quality_momentum,17,688698.SH,,0.98200226,0.00878432,-0.06927898,-0.00084122,-0.04916152
2026-01-12,quality_momentum,18,001376.SZ,,0.9808774,-0.03857479,0.10078953,0.20592405,0.26949369
2026-01-12,quality_momentum,19,300018.SZ,,0.97975254,0.02144945,0.03674738,0.04399372,0.02144945
2026-01-12,quality_momentum,20,600029.SH,,0.97862768,-0.01343848,-0.02754106,-0.0019,-0.01984876
2026-01-13,quality_momentum,1,300034.SZ,,1.0,0.05831197,0.0385625,0.00725225,0.07468963
2026-01-13,quality_momentum,2,002558.SZ,,0.99898785,-0.02755684,-0.03905104,0.04756631,-0.0396668
2026-01-13,quality_momentum,3,002466.SZ,,0.99797571,-0.03248896,-0.04924787,-0.0321636,-0.00124916
2026-01-13,quality_momentum,4,603169.SH,,0.99696356,0.00641942,-0.0443293,-0.07843911,-0.07344747
2026-01-13,quality_momentum,5,600456.SH,,0.99595141,-0.01358524,-0.00215969,0.0001774,0.05860383
2026-01-13,quality_momentum,6,002171.SZ,,0.99493927,-0.01726318,0.00927319,-0.02703971,-0.00748659
2026-01-13,quality_momentum,7,600499.SH,,0.99392712,,,,
2026-01-13,quality_momentum,8,600426.SH,,0.99291497,0.01093227,0.04331843,0.15941991,0.11939541
2026-01-13,quality_momentum,9,300492.SZ,,0.99190283,0.03466447,0.04047391,-0.12480692,-0.00565899
2026-01-13,quality_momentum,10,300943.SZ,,0.99089068,0.00623008,0.06354717,0.07208377,0.1554171
2026-01-13,quality_momentum,11,600309.SH,,0.98987854,-0.01677223,-0.0116877,0.09381628,0.07474929
2026-01-13,quality_momentum,12,600765.SH,,0.98886639,0.05017789,-0.0019,0.02913633,0.06806325
2026-01-13,quality_momentum,13,603650.SH,,0.98785424,0.00279044,0.18421631,0.15194617,0.11442271
2026-01-13,quality_momentum,14,002318.SZ,,0.9868421,-0.01329027,-0.03004072,0.04366115,0.1130079
2026-01-13,quality_momentum,15,002756.SZ,,0.98582995,-0.04838652,-0.0808189,-0.0846027,0.01810002
2026-01-13,quality_momentum,16,300648.SZ,,0.9848178,-0.02877553,-0.02877553,-0.05960816,-0.07692066
2026-01-13,quality_momentum,17,002297.SZ,,0.98380566,-0.02280301,-0.03367258,-0.00775282,0.05412007
2026-01-13,quality_momentum,18,601888.SH,,0.98279351,-0.02679127,-0.03700864,0.04255653,-0.01548696
2026-01-13,quality_momentum,19,300132.SZ,,0.98178136,-0.01220919,-0.00304539,0.03819168,-0.00762729
2026-01-13,quality_momentum,20,000807.SZ,,0.98076922,-0.02396981,-0.0323205,-0.0177067,-0.00637363
2026-01-14,quality_momentum,1,300034.SZ,,1.0,0.02536032,0.0189996,-0.04824259,-0.00735206
2026-01-14,quality_momentum,2,600426.SH,,0.99902439,0.03218746,0.09945744,0.13294161,0.14892952
2026-01-14,quality_momentum,3,300377.SZ,,0.99804878,-0.04546676,-0.08455468,-0.1289358,-0.16720943
2026-01-14,quality_momentum,4,601133.SH,,0.99707317,0.03402823,0.10588445,0.08792039,0.06396832
2026-01-14,quality_momentum,5,688127.SH,,0.99609756,0.03800274,0.04481538,0.03264987,0.14116578
2026-01-14,quality_momentum,6,600765.SH,,0.99512196,-0.00489996,0.01709998,-0.02640003,-0.00890004
2026-01-14,quality_momentum,7,688002.SH,,0.99414635,0.02353866,0.01554641,0.00891877,0.15453281
2026-01-14,quality_momentum,8,002897.SZ,,0.99317074,0.01585593,0.0045224,0.03342301,-0.00057775
2026-01-14,quality_momentum,9,601168.SH,,0.99219513,0.02476666,0.01043334,-0.00089995,0.27276667
2026-01-14,quality_momentum,10,002466.SZ,,0.99121952,0.02864716,-0.0013965,0.03569647,0.00095328
2026-01-14,quality_momentum,11,300818.SZ,,0.99024391,-0.02757396,0.03019242,0.05381248,0.53571232
2026-01-14,quality_momentum,12,600682.SH,,0.9892683,-0.01309825,,-0.15307586,-0.2057074
2026-01-14,quality_momentum,13,000561.SZ,,0.98829269,-0.04627643,-0.07994128,-0.1136062,-0.10212949
2026-01-14,quality_momentum,14,002558.SZ,,0.98731709,-0.03160297,0.08931555,0.05750594,-0.06467646
2026-01-14,quality_momentum,15,601899.SH,,0.98634148,-0.00033178,-0.02803693,-0.02176415,0.14263739
2026-01-14,quality_momentum,16,601126.SH,,0.98536587,0.08292404,0.14610932,0.12043127,0.1091791
2026-01-14,quality_momentum,17,002192.SZ,,0.98439026,0.01924695,-0.0019,0.04290285,0.03896015
2026-01-14,quality_momentum,18,000830.SZ,,0.98341465,0.00562751,0.06005717,0.13649033,0.16949553
2026-01-14,quality_momentum,19,301200.SZ,,0.98243904,0.01951876,0.01494455,0.19507967,0.19827424
2026-01-14,quality_momentum,20,300909.SZ,,0.98146343,0.00322821,-0.01195132,-0.00702821,-0.01748971
2026-01-15,quality_momentum,1,600426.SH,,1.0,-0.00394202,0.10690983,0.12703818,0.09436608
2026-01-15,quality_momentum,2,600198.SH,,0.99907321,,,,
2026-01-15,quality_momentum,3,002371.SZ,,0.99814641,0.03104358,-0.00191941,-0.02334246,-0.08100325
2026-01-15,quality_momentum,4,600459.SH,,0.99721962,-0.00473557,0.00613405,0.07844028,
2026-01-15,quality_momentum,5,601133.SH,,0.99629289,,,,
2026-01-15,quality_momentum,6,688081.SH,,0.9953661,-0.02696968,-0.01694181,0.04823925,-0.04368273
2026-01-15,quality_momentum,7,688312.SH,,0.9944393,0.03049983,-0.01068634,0.00935759,-0.04336068
2026-01-15,quality_momentum,8,688072.SH,,0.99351251,0.02190952,-0.03361958,-0.03893706,-0.05234975
2026-01-15,quality_momentum,9,002353.SZ,,0.99258572,-0.00238939,0.02587091,0.08434905,0.10722645
2026-01-15,quality_momentum,10,300054.SZ,,0.99165893,0.02628421,-0.00792404,-0.00813924,-0.06859531
2026-01-15,quality_momentum,11,603660.SH,,0.99073213,-0.0054461,0.01937666,0.02646885,-0.09143895
2026-01-15,quality_momentum,12,300818.SZ,,0.9898054,0.01417378,0.01364677,0.09691428,0.26397617
2026-01-15,quality_momentum,13,002194.SZ,,0.98887861,-0.02470825,-0.07032481,-0.01829341,-0.07460132
2026-01-15,quality_momentum,14,688120.SH,,0.98795182,0.06952866,0.03267968,0.05358953,0.04629545
2026-01-15,quality_momentum,15,301566.SZ,,0.98702502,0.05131512,-0.00589114,0.01317761,-0.08837452
2026-01-15,quality_momentum,16,002466.SZ,,0.98609823,-0.04831698,-0.03121601,0.00217166,-0.05320295
2026-01-15,quality_momentum,17,600237.SH,,0.98517144,-0.03939996,-0.00670764,0.00290773,-0.07593842
2026-01-15,quality_momentum,18,002128.SZ,,0.98424464,-0.02444906,-0.03294579,-0.05418762,-0.03523335
2026-01-15,quality_momentum,19,600686.SH,,0.98331791,-0.0019,0.05405858,0.12193421,-0.13091549
2026-01-15,quality_momentum,20,688368.SH,,0.98239112,0.05606993,-0.01453159,0.05449092,0.28381424
2026-01-16,quality_momentum,1,688072.SH,,1.0,-0.0406597,-0.03427726,-0.04957444,-0.13109895
2026-01-16,quality_momentum,2,002371.SZ,,0.99909663,-0.01869565,-0.02907495,-0.04303987,-0.1118076
2026-01-16,quality_momentum,3,600237.SH,,0.99819332,0.06403407,0.08001808,0.03905904,-0.05484707
2026-01-16,quality_momentum,4,601231.SH,,0.99728996,-0.0518537,-0.05894594,-0.06141275,0.01567634
2026-01-16,quality_momentum,5,300818.SZ,,0.99638665,0.04063114,0.06449009,0.19208351,0.24654399
2026-01-16,quality_momentum,6,601899.SH,,0.99548328,-0.0114693,-0.0050898,0.02787138,-0.02183616
2026-01-16,quality_momentum,7,688312.SH,,0.99457997,-0.00668728,-0.00987873,0.00075958,0.02442977
2026-01-16,quality_momentum,8,603992.SH,,0.9936766,-0.01686719,0.01236565,-0.00119837,0.00371276
2026-01-16,quality_momentum,9,002560.SZ,,0.99277323,0.04326133,-0.02494147,0.04879126,-0.10512581
2026-01-16,quality_momentum,10,600961.SH,,0.99186993,0.00336318,0.05178423,0.19809996,
2026-01-16,quality_momentum,11,600331.SH,,0.99096656,0.01464137,0.01990451,0.08757365,
2026-01-16,quality_momentum,12,605358.SH,,0.99006325,-0.02072899,-0.00878868,0.01302537,-0.04116524
2026-01-16,quality_momentum,13,603516.SH,,0.98915988,,-0.08114334,-0.11393232,-0.30195828
2026-01-16,quality_momentum,14,603097.SH,,0.98825657,,,,
2026-01-16,quality_momentum,15,600257.SH,,0.98735321,0.025127,0.05485676,0.0116135,0.00215402
2026-01-16,quality_momentum,16,002851.SZ,,0.98644984,0.07424209,0.17129791,0.21495274,0.28744005
2026-01-16,quality_momentum,17,603203.SH,,0.98554653,0.00914973,0.08991795,0.04387744,-0.01531753
2026-01-16,quality_momentum,18,002548.SZ,,0.98464316,0.01822386,0.01203191,0.01512788,0.00583997
2026-01-16,quality_momentum,19,688175.SH,,0.98373985,0.02786374,-0.00067266,-0.01785585,-0.01448054
2026-01-16,quality_momentum,20,002897.SZ,,0.98283648,-0.02248824,0.00563673,0.0238353,-0.04252503
2026-01-19,quality_momentum,1,000830.SZ,,1.0,0.07552635,0.09951771,0.0504446,-0.06024244
2026-01-19,quality_momentum,2,002218.SZ,,0.99903566,-0.01016446,0.03942227,0.27082719,0.25636445
2026-01-19,quality_momentum,3,600875.SH,,0.99807137,-0.03869176,-0.00815459,-0.01220172,-0.08026644
2026-01-19,quality_momentum,4,002214.SZ,,0.99710703,0.00598177,0.01386363,0.03011978,-0.1334271
2026-01-19,quality_momentum,5,002558.SZ,,0.99614275,-0.01483441,-0.04051006,-0.10460274,-0.17352165
2026-01-19,quality_momentum,6,688448.SH,,0.9951784,-0.01529998,0.04809996,0.03770002,0.32330005
2026-01-19,quality_momentum,7,600232.SH,,0.99421406,-0.05068055,0.013621,-0.03737679,0.01805558
2026-01-19,quality_momentum,8,300034.SZ,,0.99324977,-0.06954574,0.02035187,-0.03216259,-0.09268767
2026-01-19,quality_momentum,9,002956.SZ,,0.99228543,0.02164188,0.010398,0.00020822,-0.01173834
2026-01-19,quality_momentum,10,000893.SZ,,0.99132115,-0.01108754,0.06115171,0.0645745,-0.04549577
2026-01-19,quality_momentum,11,600426.SH,,0.9903568,0.03918467,0.05808359,0.03945856,-0.03641111
2026-01-19,quality_momentum,12,600409.SH,,0.98939246,0.02377763,0.0394695,0.03518989,0.07085323
2026-01-19,quality_momentum,13,002927.SZ,,0.98842818,-0.09260694,-0.08238019,-0.13306936,-0.14418541
2026-01-19,quality_momentum,14,000506.SZ,,0.98746383,,,,
2026-01-19,quality_momentum,15,600596.SH,,0.98649949,0.02124816,0.02973583,0.023563,-0.08291849
2026-01-19,quality_momentum,16,300192.SZ,,0.9855352,-0.04873538,-0.05084505,-0.0930392,-0.14662571
2026-01-19,quality_momentum,17,600331.SH,,0.98457086,-0.01151539,0.0409994,0.07724199,0.08981595
2026-01-19,quality_momentum,18,000533.SZ,,0.98360658,-0.0113538,-0.0113538,-0.00820256,-0.00295044
2026-01-19,quality_momentum,19,300360.SZ,,0.98264223,-0.02335473,-0.03120401,-0.05108886,-0.09870795
2026-01-19,quality_momentum,20,002064.SZ,,0.98167789,0.03685972,0.05236359,-0.03213254,-0.11507826
2026-01-20,quality_momentum,1,600309.SH,,1.0,-0.01384897,-0.0245218,-0.01930139,-0.02974222
2026-01-20,quality_momentum,2,002558.SZ,,0.99898988,-0.01832871,-0.07269986,-0.0850214,-0.17244561
2026-01-20,quality_momentum,3,605599.SH,,0.99797982,0.00939027,0.06960541,0.06422899,0.37444414
2026-01-20,quality_momentum,4,603596.SH,,0.9969697,0.04765752,0.01951594,-0.01995311,-0.10703281
2026-01-20,quality_momentum,5,002539.SZ,,0.99595958,-0.00564528,0.05502885,0.11345586,0.07600264
2026-01-20,quality_momentum,6,002585.SZ,,0.99494952,-0.0122359,0.01489589,-0.02386381,-0.11042712
2026-01-20,quality_momentum,7,301369.SZ,,0.9939394,-0.00684627,-0.08549242,-0.10485359,-0.16526913
2026-01-20,quality_momentum,8,600966.SH,,0.99292928,-0.00046532,0.01531661,0.04974989,0.04401102
2026-01-20,quality_momentum,9,600596.SH,,0.99191922,-0.01472051,0.00564153,-0.00265411,-0.0901353
2026-01-20,quality_momentum,10,300093.SZ,,0.9909091,0.0009902,0.09636593,0.06515207,0.08422723
2026-01-20,quality_momentum,11,002218.SZ,,0.98989898,-0.02898336,0.25018333,0.41476666,0.32726665
2026-01-20,quality_momentum,12,002318.SZ,,0.98888886,0.01380012,0.03398594,0.06442491,0.08845566
2026-01-20,quality_momentum,13,603130.SH,,0.9878788,-0.02527396,0.08854714,-0.02866152,0.02977342
2026-01-20,quality_momentum,14,300448.SZ,,0.98686868,-0.00297992,0.00457944,-0.0019,-0.00297992
2026-01-20,quality_momentum,15,000408.SZ,,0.98585856,-0.00658008,0.02117356,-0.0223615,-0.05152998
2026-01-20,quality_momentum,16,600875.SH,,0.9848485,0.04011683,0.04470046,0.02101824,-0.02443626
2026-01-20,quality_momentum,17,600232.SH,,0.98383838,0.02141,0.08551259,0.012086,0.10299506
2026-01-20,quality_momentum,18,002214.SZ,,0.98282826,0.02204925,0.03231314,0.02204925,-0.07081495
2026-01-20,quality_momentum,19,300132.SZ,,0.9818182,0.0102145,-0.01841978,-0.04595282,-0.09000575
2026-01-20,quality_momentum,20,688367.SH,,0.98080808,0.08345487,0.05170892,0.08615031,0.08824673
2026-01-21,quality_momentum,1,002539.SZ,,1.0,0.03193458,0.05298722,0.14622024,0.08306237
2026-01-21,quality_momentum,2,601778.SH,,0.99893957,-0.03801739,-0.05381876,-0.0583334,0.05001876
2026-01-21,quality_momentum,3,002970.SZ,,0.99787909,-0.0113899,-0.03579256,0.01538523,0.13875413
2026-01-21,quality_momentum,4,002956.SZ,,0.99681866,-0.00639202,-0.01641279,-0.03265323,-0.03023446
2026-01-21,quality_momentum,5,300448.SZ,,0.99575824,-0.02244051,0.00999189,-0.02352161,0.00350545
2026-01-21,quality_momentum,6,600773.SH,,0.99469775,0.04395901,0.02479407,-0.01832709,-0.06829284
2026-01-21,quality_momentum,7,600459.SH,,0.99363732,0.06832475,0.12169554,0.28040345,0.01167677
2026-01-21,quality_momentum,8,601899.SH,,0.9925769,0.0218334,0.07090001,0.16583342,0.01490005
2026-01-21,quality_momentum,9,000629.SZ,,0.99151641,0.0255725,0.16293507,0.1904077,0.031067
2026-01-21,quality_momentum,10,605599.SH,,0.99045599,0.02468165,0.06508567,0.18948761,0.28039669
2026-01-21,quality_momentum,11,600875.SH,,0.98939556,-0.01179738,-0.01582967,-0.0330584,-0.04955395
2026-01-21,quality_momentum,12,600595.SH,,0.98833507,-0.00821584,0.02125789,0.11388946,-0.04926842
2026-01-21,quality_momentum,13,002448.SZ,,0.98727465,-0.00747881,-0.0109655,-0.02421516,-0.02700459
2026-01-21,quality_momentum,14,300749.SZ,,0.98621422,-0.0161857,0.13167142,0.1223857,0.31952857
2026-01-21,quality_momentum,15,601100.SH,,0.98515379,0.01462895,-0.08214788,-0.07710659,-0.01016445
2026-01-21,quality_momentum,16,600096.SH,,0.98409331,0.00297806,0.04281546,0.08915691,-0.03171031
2026-01-21,quality_momentum,17,300684.SZ,,0.98303288,-0.01593511,-0.04207548,0.01739824,-0.04575962
2026-01-21,quality_momentum,18,002493.SZ,,0.98197246,0.07573258,0.0480616,0.08956811,0.07265807
2026-01-21,quality_momentum,19,002552.SZ,,0.98091197,0.00526119,0.0006576,0.12239669,0.02214098
2026-01-21,quality_momentum,20,001226.SZ,,0.97985154,0.02537452,-0.00548352,-0.00150182,0.04010678
2026-01-22,quality_momentum,1,002214.SZ,,1.0,0.02428812,0.01410388,-0.08725403,-0.07561486
2026-01-22,quality_momentum,2,300551.SZ,,0.99901086,0.01807773,-0.04740498,-0.06793777,-0.06349826
2026-01-22,quality_momentum,3,000551.SZ,,0.99802178,-0.00818929,-0.03649118,-0.0899503,-0.05535911
2026-01-22,quality_momentum,4,605389.SH,,0.99703264,0.00303978,-0.0332253,-0.07322528,-0.07418913
2026-01-22,quality_momentum,5,603203.SH,,0.9960435,-0.02548144,-0.04783465,-0.11464868,-0.11759636
2026-01-22,quality_momentum,6,002414.SZ,,0.99505442,0.03163831,0.01710504,-0.0393511,-0.07400727
2026-01-22,quality_momentum,7,600076.SH,,0.99406528,,,,
2026-01-22,quality_momentum,8,600309.SH,,0.99307615,-0.01813069,-0.01287614,0.01351334,-0.0451041
2026-01-22,quality_momentum,9,688150.SH,,0.99208707,-0.04114176,-0.03083247,-0.07240217,-0.11330671
2026-01-22,quality_momentum,10,600096.SH,,0.99109793,0.01374179,0.02479897,0.0401711,-0.07687309
2026-01-22,quality_momentum,11,600459.SH,,0.99010879,0.10002472,0.05628023,,-0.11563576
2026-01-22,quality_momentum,12,603499.SH,,0.98911971,0.00659983,-0.02527442,-0.07117324,-0.0456738
2026-01-22,quality_momentum,13,688378.SH,,0.98813057,0.09963843,0.12579228,0.12702306,0.14456155
2026-01-22,quality_momentum,14,002539.SZ,,0.98714143,0.0242818,0.08100911,0.06064546,0.0206454
2026-01-22,quality_momentum,15,002989.SZ,,0.98615235,-0.01787344,-0.06971194,-0.14957931,-0.18544431
2026-01-22,quality_momentum,16,600456.SH,,0.98516321,0.00789201,-0.00214472,-0.04963562,-0.07411541
2026-01-22,quality_momentum,17,688652.SH,,0.98417407,-0.01198964,-0.00414214,-0.0818968,-0.05082695
2026-01-22,quality_momentum,18,300487.SZ,,0.98318499,-0.03087952,-0.03774672,-0.06782506,-0.06713835
2026-01-22,quality_momentum,19,000408.SZ,,0.98219585,0.00885273,-0.03415804,-0.04491077,-0.15587845
2026-01-22,quality_momentum,20,002326.SZ,,0.98120672,0.04199908,-0.02609636,-0.1107835,-0.10698126
2026-01-23,quality_momentum,1,600459.SH,,1.0,-0.04914093,0.08543632,,-0.13885911
2026-01-23,quality_momentum,2,688127.SH,,0.99909663,0.01621274,0.04863671,0.0264989,0.08240238
2026-01-23,quality_momentum,3,600331.SH,,0.99819332,0.00500134,0.06435259,,0.22584336
2026-01-23,quality_momentum,4,300228.SZ,,0.99728996,-0.00839351,-0.00468286,-0.03993337,-0.01488702
2026-01-23,quality_momentum,5,600367.SH,,0.99638665,0.01671828,0.0377864,-0.080293,-0.0734336
2026-01-23,quality_momentum,6,603159.SH,,0.99548328,-0.0640797,-0.06783783,-0.07911217,-0.06237149
2026-01-23,quality_momentum,7,002522.SZ,,0.99457997,-0.03507536,-0.05087314,-0.06035186,-0.04771361
2026-01-23,quality_momentum,8,605358.SH,,0.9936766,-0.04873264,0.00262486,-0.05529369,-0.10325746
2026-01-23,quality_momentum,9,600456.SH,,0.99277323,-0.02420309,0.04003936,-0.08820311,-0.07462732
2026-01-23,quality_momentum,10,603596.SH,,0.99186993,-0.05786958,-0.07173198,-0.11331918,-0.10552164
2026-01-23,quality_momentum,11,002585.SZ,,0.99096656,-0.03747818,-0.07559758,-0.12642354,-0.10990509
2026-01-23,quality_momentum,12,300551.SZ,,0.99006325,-0.0465137,-0.04216114,-0.09330362,-0.04433737
2026-01-23,quality_momentum,13,300487.SZ,,0.98915988,-0.01547849,-0.00034419,-0.06017438,-0.04433289
2026-01-23,quality_momentum,14,600226.SH,,0.98825657,-0.05102836,-0.06846103,-0.02250224,-0.05102836
2026-01-23,quality_momentum,15,601168.SH,,0.98735321,,,,
2026-01-23,quality_momentum,16,000959.SZ,,0.98644984,-0.01064129,0.00334471,-0.0281238,-0.02987209
2026-01-23,quality_momentum,17,000420.SZ,,0.98554653,-0.02795203,-0.03196005,-0.04598814,-0.06202019
2026-01-23,quality_momentum,18,300448.SZ,,0.98464316,0.00239188,-0.0308699,-0.01048366,0.09573952
2026-01-23,quality_momentum,19,000933.SZ,,0.98373985,0.00699298,0.10358905,-0.04452497,-0.01569946
2026-01-23,quality_momentum,20,000408.SZ,,0.98283648,0.00065315,-0.04977238,-0.13392128,-0.09285744
2026-01-26,quality_momentum,1,000807.SZ,,1.0,0.00655918,0.07393082,-0.0022021,-0.04208128
2026-01-26,quality_momentum,2,600226.SH,,0.99909908,0.01143332,-0.03356668,-0.01189999,-0.01023337
2026-01-26,quality_momentum,3,600577.SH,,0.99819821,0.00226667,-0.03384446,-0.04356665,-0.02967779
2026-01-26,quality_momentum,4,603499.SH,,0.99729729,-0.02194272,-0.06799812,-0.02194272,-0.03132429
2026-01-26,quality_momentum,5,600331.SH,,0.99639642,0.02071823,0.0063248,0.00975182,0.18110205
2026-01-26,quality_momentum,6,000959.SZ,,0.9954955,-0.012482,-0.00366371,-0.05833743,-0.01424571
2026-01-26,quality_momentum,7,002919.SZ,,0.99459457,-0.00596501,-0.02303816,0.02249022,0.05785612
2026-01-26,quality_momentum,8,603876.SH,,0.99369371,-0.03431895,0.07228951,0.05171601,0.13650401
2026-01-26,quality_momentum,9,603799.SH,,0.99279279,-0.01041338,-0.03620745,-0.09846923,-0.10164589
2026-01-26,quality_momentum,10,000830.SZ,,0.99189192,-0.02366165,0.01416215,-0.10708137,-0.08480158
2026-01-26,quality_momentum,11,000408.SZ,,0.990991,-0.04689149,-0.05750274,-0.10525313,-0.09803752
2026-01-26,quality_momentum,12,688127.SH,,0.99009007,0.03829323,-0.02847593,-0.03462571,0.1138478
2026-01-26,quality_momentum,13,002214.SZ,,0.98918921,-0.0019,-0.10166134,-0.16037263,-0.12648237
2026-01-26,quality_momentum,14,301026.SZ,,0.98828828,0.01914328,0.02507096,-0.05347087,-0.06473344
2026-01-26,quality_momentum,15,300221.SZ,,0.98738736,-0.01279691,-0.04632579,-0.03794361,-0.0714725
2026-01-26,quality_momentum,16,002064.SZ,,0.98648649,0.00929105,0.06124945,-0.08743156,-0.00589678
2026-01-26,quality_momentum,17,605155.SH,,0.98558557,0.0272005,0.07587775,0.09122172,0.05206822
2026-01-26,quality_momentum,18,300072.SZ,,0.98468471,-0.03893709,-0.0667148,-0.15930739,-0.14078888
2026-01-26,quality_momentum,19,600096.SH,,0.98378378,-0.01435142,0.00043453,-0.07012317,-0.07920222
2026-01-26,quality_momentum,20,688017.SH,,0.98288286,0.06830126,0.043559,0.08077058,0.11002926
2026-01-27,quality_momentum,1,600426.SH,,1.0,0.03760954,0.00600195,-0.00053757,0.01090657
2026-01-27,quality_momentum,2,688720.SH,,0.99910235,-0.04259624,-0.10388577,-0.11307922,-0.10155678
2026-01-27,quality_momentum,3,600096.SH,,0.99820465,0.05562565,-0.02580336,-0.04839325,-0.07150855
2026-01-27,quality_momentum,4,601899.SH,,0.997307,0.05582955,-0.11132024,-0.04779367,-0.06953277
2026-01-27,quality_momentum,5,600399.SH,,0.99640936,-0.02927753,-0.07538707,-0.04368674,-0.07826891
2026-01-27,quality_momentum,6,600331.SH,,0.99551165,0.03362277,,0.08724208,0.12276492
2026-01-27,quality_momentum,7,000933.SZ,,0.99461401,0.08035749,-0.06464395,-0.03282171,-0.06524437
2026-01-27,quality_momentum,8,002335.SZ,,0.99371636,-0.04005635,-0.02509904,-0.07393907,-0.08614909
2026-01-27,quality_momentum,9,301086.SZ,,0.99281865,0.06911551,0.04860507,0.14953809,-0.03066087
2026-01-27,quality_momentum,10,605003.SH,,0.99192101,-0.06042934,0.07104123,-0.03601765,0.00251185
2026-01-27,quality_momentum,11,603267.SH,,0.99102336,-0.04043754,-0.10301988,-0.09972606,-0.08161015
2026-01-27,quality_momentum,12,688711.SH,,0.99012566,-0.02607915,-0.06966121,-0.06727315,-0.08548207
2026-01-27,quality_momentum,13,002532.SZ,,0.98922801,,,,
2026-01-27,quality_momentum,14,688295.SH,,0.98833036,-0.02589991,-0.06618564,-0.0884714,-0.14475709
2026-01-27,quality_momentum,15,300151.SZ,,0.98743266,-0.02642929,-0.0657904,-0.0395497,-0.04126111
2026-01-27,quality_momentum,16,000683.SZ,,0.98653501,0.04055286,-0.02076792,-0.0243056,0.01107179
2026-01-27,quality_momentum,17,600596.SH,,0.98563737,0.02451506,-0.04265475,-0.08944721,-0.05322076
2026-01-27,quality_momentum,18,605358.SH,,0.98473966,-0.03098374,-0.0869645,-0.12260853,-0.15212962
2026-01-27,quality_momentum,19,000959.SZ,,0.98384202,0.02305542,-0.00903012,-0.00724763,-0.0197253
2026-01-27,quality_momentum,20,600711.SH,,0.98294437,0.06217314,,-0.08084742,-0.12032107
2026-01-28,quality_momentum,1,603225.SH,,1.0,-0.03647943,-0.07806815,-0.06451677,0.01912805
2026-01-28,quality_momentum,2,600309.SH,,0.99899089,-0.01483989,-0.07477179,-0.02812023,0.00604551
2026-01-28,quality_momentum,3,600596.SH,,0.99798185,-0.03498825,-0.12616468,-0.10190001,-0.04748825
2026-01-28,quality_momentum,4,300835.SZ,,0.99697274,-0.03118764,0.02448515,-0.00981566,0.03451157
2026-01-28,quality_momentum,5,600096.SH,,0.99596369,-0.04213853,-0.10969937,-0.11267993,-0.09454778
2026-01-28,quality_momentum,6,600348.SH,,0.99495459,-0.02132739,-0.084722,-0.0223499,-0.02030488
2026-01-28,quality_momentum,7,600346.SH,,0.99394554,0.00663702,-0.0519582,-0.03760043,-0.00733271
2026-01-28,quality_momentum,8,603799.SH,,0.99293643,-0.05189994,-0.11314995,-0.10564997,-0.06440001
2026-01-28,quality_momentum,9,000807.SZ,,0.99192733,-0.03946751,-0.10757562,-0.12865671,-0.13757564
2026-01-28,quality_momentum,10,600426.SH,,0.99091828,-0.01684098,-0.07791573,-0.04515031,-0.03178202
2026-01-28,quality_momentum,11,688143.SH,,0.98990917,-0.06719851,-0.01607913,0.02421937,0.14138359
2026-01-28,quality_momentum,12,600456.SH,,0.98890013,-0.09682792,-0.12404983,-0.11846588,-0.12707449
2026-01-28,quality_momentum,13,301127.SZ,,0.98789102,-0.05521879,-0.06664429,-0.05685102,-0.09439186
2026-01-28,quality_momentum,14,000820.SZ,,0.98688191,0.01136259,-0.068213,-0.16105117,0.01136259
2026-01-28,quality_momentum,15,000959.SZ,,0.98587286,-0.0175522,-0.07146524,-0.02624781,-0.03668258
2026-01-28,quality_momentum,16,002970.SZ,,0.98486376,,,,
2026-01-28,quality_momentum,17,002080.SZ,,0.98385471,-0.04669304,-0.0785257,-0.08102686,0.08495771
2026-01-28,quality_momentum,18,600909.SH,,0.9828456,-0.04622851,-0.1218478,-0.13488565,-0.14792345
2026-01-28,quality_momentum,19,301021.SZ,,0.98183656,-0.02245624,-0.03748476,1.9e-07,-0.07306945
2026-01-28,quality_momentum,20,600367.SH,,0.98082745,-0.0546804,-0.12725344,-0.12772472,-0.09944948
2026-01-29,quality_momentum,1,600096.SH,,1.0,-0.04020227,-0.06245892,-0.11421881,-0.06245892
2026-01-29,quality_momentum,2,002478.SZ,,0.99879229,0.01663753,0.05680227,-0.02249739,0.13095269
2026-01-29,quality_momentum,3,002203.SZ,,0.99758452,-0.06439999,-0.08611049,-0.14400524,-0.0716368
2026-01-29,quality_momentum,4,603799.SH,,0.99637681,-0.0961106,-0.05558424,-0.09992634,-0.04690004
2026-01-29,quality_momentum,5,688176.SH,,0.9951691,-0.04296464,-0.05969462,-0.07338286,-0.08250832
2026-01-29,quality_momentum,6,002008.SZ,,0.99396133,-0.01422031,0.02992759,-0.01237222,0.04779204
2026-01-29,quality_momentum,7,000807.SZ,,0.99275362,-0.10327606,-0.07744056,-0.13332377,-0.13641281
2026-01-29,quality_momentum,8,300835.SZ,,0.99154592,0.07176137,0.08154656,0.01739872,0.20848331
2026-01-29,quality_momentum,9,002284.SZ,,0.99033815,-0.03382112,-0.04194651,-0.04833068,-0.05355409
2026-01-29,quality_momentum,10,600367.SH,,0.98913044,-0.06607913,-0.06757166,-0.11632786,-0.07155171
2026-01-29,quality_momentum,11,301265.SZ,,0.98792273,0.00082113,-0.02502925,-0.04951901,-0.00121972
2026-01-29,quality_momentum,12,000683.SZ,,0.98671496,-0.03445814,-0.03794646,-0.06236508,-0.01236512
2026-01-29,quality_momentum,13,002871.SZ,,0.98550725,0.0201773,0.00261581,-0.01695272,0.01164742
2026-01-29,quality_momentum,14,600309.SH,,0.98429954,-0.00603978,-0.03823849,-0.05962766,-0.00132502
2026-01-29,quality_momentum,15,600331.SH,,0.98309177,,0.10279069,0.05180496,0.16533318
2026-01-29,quality_momentum,16,600596.SH,,0.98188406,-0.03536006,-0.08250836,-0.10380108,-0.02623454
2026-01-29,quality_momentum,17,002810.SZ,,0.98067635,0.00500053,0.04985384,0.08608161,0.15968709
2026-01-29,quality_momentum,18,688187.SH,,0.97946858,-0.01655771,-0.024835,-0.04121712,0.01068835
2026-01-29,quality_momentum,19,002364.SZ,,0.97826087,-0.07375803,-0.01873699,-0.12216453,0.0332774
2026-01-29,quality_momentum,20,000672.SZ,,0.97705317,0.05236916,0.08058913,0.07190604,0.11459784
2026-01-30,quality_momentum,1,600141.SH,,1.0,-0.06169896,-0.05039246,-0.04009096,-0.01697534
2026-01-30,quality_momentum,2,002532.SZ,,0.99850523,0.02784824,0.03070861,0.03642947,0.00192397
2026-01-30,quality_momentum,3,601899.SH,,0.99701047,0.02440862,0.03227412,0.04203819,0.06916048
2026-01-30,quality_momentum,4,002169.SZ,,0.9955157,0.01012105,0.00486182,-0.0019,0.15362212
2026-01-30,quality_momentum,5,000923.SZ,,0.99402094,0.03444787,0.04353486,0.01497582,0.03185156
2026-01-30,quality_momentum,6,000672.SZ,,0.99252617,0.01457218,0.03996686,0.01937662,0.10242395
2026-01-30,quality_momentum,7,000893.SZ,,0.99103141,-0.04238438,-0.02503394,-0.0179853,0.0011725
2026-01-30,quality_momentum,8,600486.SH,,0.98953664,-0.06565151,-0.08162115,-0.08516993,-0.08593036
2026-01-30,quality_momentum,9,600096.SH,,0.98804188,-0.03526922,-0.03849844,-0.02692689,-0.00459105
2026-01-30,quality_momentum,10,001226.SZ,,0.98654711,0.00196102,0.00852473,-0.01367607,-0.05846371
2026-01-30,quality_momentum,11,600378.SH,,0.98505229,-0.04090709,-0.01171998,-0.00899218,-0.01990328
2026-01-30,quality_momentum,12,688017.SH,,0.98355752,-0.02605926,-0.07269645,-0.02402383,0.07075489
2026-01-30,quality_momentum,13,601600.SH,,0.98206276,0.00501777,0.00732367,0.00655501,-0.0019
2026-01-30,quality_momentum,14,600596.SH,,0.98056799,-0.06484254,-0.03887877,-0.01684886,0.01226211
2026-01-30,quality_momentum,15,000959.SZ,,0.97907323,-0.04139736,0.00528132,-0.00369537,-0.01805802
2026-01-30,quality_momentum,16,000933.SZ,,0.97757846,0.01219351,0.02308398,0.02820891,-0.02528243
2026-01-30,quality_momentum,17,603009.SH,,0.9760837,-0.02476757,-0.04382382,-0.04001257,-0.05816134
2026-01-30,quality_momentum,18,002478.SZ,,0.97458893,-0.01100007,0.04157828,-0.03223367,0.09820108
2026-01-30,quality_momentum,19,603687.SH,,0.97309417,-0.0288565,-0.04972606,-0.00885655,0.01027388
2026-01-30,quality_momentum,20,000683.SZ,,0.9715994,-0.05598652,-0.01151535,-0.00550571,0.00531154
2026-02-02,quality_momentum,1,002493.SZ,,1.0,0.02355455,-0.01208181,0.06282725,0.08682728
2026-02-02,quality_momentum,2,600176.SH,,0.99763596,0.01276997,0.06851565,0.09834453,0.38880904
2026-02-02,quality_momentum,3,001226.SZ,,0.99527186,0.02867693,-0.00305387,-0.01151538,-0.10613073
2026-02-02,quality_momentum,4,688017.SH,,0.99290782,0.00272504,-0.08596636,0.02512455,0.03215279
2026-02-02,quality_momentum,5,601339.SH,,0.99054372,-0.00781719,0.06023019,0.07058523,0.05727159
2026-02-02,quality_momentum,6,601233.SH,,0.98817968,0.02835868,-0.00092389,0.0639858,0.19087695
2026-02-02,quality_momentum,7,600409.SH,,0.98581558,-0.00455956,-0.0417936,0.02203613,0.12841915
2026-02-02,quality_momentum,8,002169.SZ,,0.98345155,0.00923586,-0.0590641,0.00775105,0.1525172
2026-02-02,quality_momentum,9,688601.SH,,0.98108745,0.00322534,0.01632327,-0.0075947,-0.02391969
2026-02-02,quality_momentum,10,000301.SZ,,0.97872341,0.02717913,-0.00028453,0.04818077,0.06514361
2026-02-02,quality_momentum,11,603331.SH,,0.97635937,-0.01635782,-0.03202048,0.07400362,0.20231682
2026-02-02,quality_momentum,12,600219.SH,,0.97399527,0.0171896,-0.07825831,0.00544217,0.00103686
2026-02-02,quality_momentum,13,300263.SZ,,0.97163123,0.08943709,0.05177232,0.1110943,0.09602837
2026-02-02,quality_momentum,14,002271.SZ,,0.96926713,0.03325151,0.10476668,0.10597883,0.0465848
2026-02-02,quality_momentum,15,603687.SH,,0.96690309,-0.03585893,-0.05015738,0.04814462,0.01507938
2026-02-02,quality_momentum,16,605123.SH,,0.96453899,0.09549369,0.06120017,0.03033598,-0.04168046
2026-02-02,quality_momentum,17,000962.SZ,,0.96217495,,,,
2026-02-02,quality_momentum,18,000672.SZ,,0.95981085,0.00822832,0.00012566,-0.01607958,0.03321141
2026-02-02,quality_momentum,19,002353.SZ,,0.95744681,0.05498888,-0.06845557,0.0189889,0.15032222
2026-02-02,quality_momentum,20,600331.SH,,0.95508271,0.09904849,0.04823549,0.16747669,0.26571508
2026-02-03,quality_momentum,1,688667.SH,,1.0,-0.01654303,-0.02618307,0.017014,0.07924713
2026-02-03,quality_momentum,2,000878.SZ,,0.99785405,-0.05829998,-0.07989998,-0.09989995,-0.0235
2026-02-03,quality_momentum,3,600482.SH,,0.99570817,0.00652798,-0.02242037,0.0974038,0.20770055
2026-02-03,quality_momentum,4,601233.SH,,0.99356222,-0.01279535,0.03931269,0.05162912,0.1402127
2026-02-03,quality_momentum,5,601168.SH,,0.99141634,-0.04797753,-0.05993433,-0.075394,0.00986906
2026-02-03,quality_momentum,6,002938.SZ,,0.98927039,-0.0283169,-0.05937677,-0.07282539,-0.05809593
2026-02-03,quality_momentum,7,300383.SZ,,0.98712444,-0.08315002,-0.01127498,0.09435004,-0.02814998
2026-02-03,quality_momentum,8,300398.SZ,,0.98497856,-0.02418609,-0.02059159,-0.00225945,0.15482176
2026-02-03,quality_momentum,9,688498.SH,,0.98283261,-0.02811723,-0.06931575,-0.05982764,-0.00314845
2026-02-03,quality_momentum,10,002487.SZ,,0.98068672,-0.00094957,-0.02724452,-0.00855294,0.04926423
2026-02-03,quality_momentum,11,688017.SH,,0.97854078,-0.05407553,-0.00442753,0.02716661,0.04973381
2026-02-03,quality_momentum,12,600988.SH,,0.97639483,-0.08809411,-0.06586636,-0.09525636,-0.0386992
2026-02-03,quality_momentum,13,603986.SH,,0.97424895,-0.05802085,-0.00896314,-0.00536163,0.10303374
2026-02-03,quality_momentum,14,688563.SH,,0.972103,-0.02114428,0.0207156,-0.00751876,0.03967888
2026-02-03,quality_momentum,15,002452.SZ,,0.96995705,0.00952859,-0.03809049,-0.05142379,0.0152428
2026-02-03,quality_momentum,16,300846.SZ,,0.96781117,-0.08809402,-0.038094,0.02421943,0.18466717
2026-02-03,quality_momentum,17,002092.SZ,,0.96566522,0.020182,0.05015046,0.1369012,0.2047246
2026-02-03,quality_momentum,18,002318.SZ,,0.96351933,-0.0019,-0.01835604,0.01161747,0.03483231
2026-02-03,quality_momentum,19,000672.SZ,,0.96137339,0.0128059,-0.00724756,-0.0166059,0.04088076
2026-02-03,quality_momentum,20,300667.SZ,,0.95922744,-0.01029507,-0.04831978,-0.05177656,-0.00535678
2026-02-04,quality_momentum,1,688498.SH,,1.0,-0.08138717,0.0183051,-0.0480539,0.01092051
2026-02-04,quality_momentum,2,301086.SZ,,0.99757868,-0.05843919,-0.03485639,-0.03478206,-0.04966076
2026-02-04,quality_momentum,3,600176.SH,,0.99515736,-0.00235664,0.02549726,0.2035795,0.25837393
2026-02-04,quality_momentum,4,300016.SZ,,0.9927361,0.00789436,-0.03128298,0.00201772,-0.0195298
2026-02-04,quality_momentum,5,601233.SH,,0.99031478,-0.01962026,0.04407704,0.14225707,0.14177813
2026-02-04,quality_momentum,6,000786.SZ,,0.98789346,-0.01442541,-0.03067454,-0.03270568,-0.04556958
2026-02-04,quality_momentum,7,001330.SZ,,0.98547214,0.0768486,0.32496079,,-0.00729376
2026-02-04,quality_momentum,8,002922.SZ,,0.98305082,-0.10440002,-0.03326362,-0.04485453,0.05946364
2026-02-04,quality_momentum,9,002647.SZ,,0.98062956,0.00253951,0.00808892,0.00586911,0.1723508
2026-02-04,quality_momentum,10,601778.SH,,0.97820824,-0.08988283,-0.00833783,-0.04696442,-0.00833783
2026-02-04,quality_momentum,11,301073.SZ,,0.97578692,0.04873688,0.01083687,-0.05253682,-0.09571791
2026-02-04,quality_momentum,12,600316.SH,,0.9733656,0.00968639,-0.02997488,-0.03755062,-0.08501058
2026-02-04,quality_momentum,13,688027.SH,,0.97094429,-0.02723532,0.0651045,0.03535782,-0.00040969
2026-02-04,quality_momentum,14,688017.SH,,0.96852303,-0.03999519,0.07667143,0.09576671,0.10762379
2026-02-04,quality_momentum,15,600348.SH,,0.96610171,-0.04678512,-0.02068911,0.00018771,0.00958232
2026-02-04,quality_momentum,16,001210.SZ,,0.96368039,-0.04314575,0.02629864,-0.02420635,-0.03051956
2026-02-04,quality_momentum,17,688092.SH,,0.96125907,-0.00810911,0.00496277,0.01084514,0.02097581
2026-02-04,quality_momentum,18,688545.SH,,0.95883775,0.00399546,0.12841106,0.18634965,0.2180634
2026-02-04,quality_momentum,19,605123.SH,,0.95641649,0.01449343,-0.01501475,-0.07649018,-0.07173611
2026-02-04,quality_momentum,20,603737.SH,,0.95399517,-0.01074963,-0.01305047,0.00535656,-0.07977615
2026-02-05,quality_momentum,1,002922.SZ,,1.0,0.03709722,0.08191868,0.14978396,0.14649198
2026-02-05,quality_momentum,2,600316.SH,,0.99753088,-0.00608502,-0.04529202,-0.04881628,-0.06908063
2026-02-05,quality_momentum,3,300921.SZ,,0.99506176,0.08676476,0.0759859,0.12814166,-0.03075955
2026-02-05,quality_momentum,4,600522.SH,,0.99259257,0.11761219,0.15907562,0.21370977,0.3644415
2026-02-05,quality_momentum,5,688038.SH,,0.99012345,0.0430542,0.0247055,0.02562296,0.10865046
2026-02-05,quality_momentum,6,002353.SZ,,0.98765433,0.0432137,0.13701202,0.17653117,0.39388626
2026-02-05,quality_momentum,7,688563.SH,,0.98518521,0.00893036,-0.01897861,-0.0224498,0.02559239
2026-02-05,quality_momentum,8,603212.SH,,0.98271602,0.05231684,0.05231684,0.00171443,-0.10430968
2026-02-05,quality_momentum,9,603199.SH,,0.9802469,0.01199838,-0.02810186,-0.0552151,-0.09463182
2026-02-05,quality_momentum,10,002452.SZ,,0.97777778,0.03075306,0.01646738,0.05728366,0.12361022
2026-02-05,quality_momentum,11,300599.SZ,,0.97530866,-0.01524516,-0.11399963,-0.11844799,-0.11222026
2026-02-05,quality_momentum,12,601872.SH,,0.97283953,0.01114343,0.06940432,0.14505647,0.51983901
2026-02-05,quality_momentum,13,600482.SH,,0.97037035,-0.02242037,0.0974038,0.15603329,0.25423773
2026-02-05,quality_momentum,14,601233.SH,,0.96790123,0.06977234,0.08244907,0.15022086,0.19702733
2026-02-05,quality_momentum,15,000738.SZ,,0.96543211,-0.0124111,-0.01023638,-0.00806167,0.01332286
2026-02-05,quality_momentum,16,002957.SZ,,0.96296299,,,,
2026-02-05,quality_momentum,17,600590.SH,,0.9604938,0.04666119,0.1410856,0.21033025,0.36770435
2026-02-05,quality_momentum,18,600176.SH,,0.95802468,0.02139838,0.09449112,0.22240341,0.20001874
2026-02-05,quality_momentum,19,000962.SZ,,0.95555556,0.05572625,-0.0146514,0.18716321,0.42600577
2026-02-05,quality_momentum,20,300269.SZ,,0.95308644,-0.00631989,-0.04388896,-0.0936127,-0.11571213
2026-02-06,quality_momentum,1,300448.SZ,,1.0,-0.02633795,-0.03318054,-0.03024797,0.09389667
2026-02-06,quality_momentum,2,603881.SH,,0.99763036,-0.04927607,0.06685614,0.03988818,-0.0500049
2026-02-06,quality_momentum,3,603638.SH,,0.99526066,0.00498772,0.04846591,0.11088521,0.02263732
2026-02-06,quality_momentum,4,688027.SH,,0.99289101,0.04635772,0.01713367,0.08155535,-0.015575
2026-02-06,quality_momentum,5,688038.SH,,0.99052131,-0.00628983,-0.01638639,0.00819656,0.02224395
2026-02-06,quality_momentum,6,600969.SH,,0.98815167,-0.10847784,-0.19174179,-0.21422307,-0.13928549
2026-02-06,quality_momentum,7,002879.SZ,,0.98578197,-0.01827891,-0.02270561,-0.01031077,0.00916685
2026-02-06,quality_momentum,8,600522.SH,,0.98341233,0.01422203,0.08829605,0.10267518,0.33099757
2026-02-06,quality_momentum,9,002945.SZ,,0.98104268,0.00800096,-0.04892967,-0.07120694,-0.09546434
2026-02-06,quality_momentum,10,600538.SH,,0.97867298,-0.10474165,-0.09662258,-0.08173758,-0.14533707
2026-02-06,quality_momentum,11,000738.SZ,,0.97630334,-0.01288901,-0.027541,0.08418059,0.02117693
2026-02-06,quality_momentum,12,600316.SH,,0.97393364,-0.03706917,-0.04458961,-0.05166776,-0.03972347
2026-02-06,quality_momentum,13,001335.SZ,,0.97156399,0.00582266,-0.04841583,-0.05901207,-0.14539858
2026-02-06,quality_momentum,14,000672.SZ,,0.96919429,-0.02071723,0.00549245,0.07941718,-0.03751832
2026-02-06,quality_momentum,15,300005.SZ,,0.96682465,-0.02933484,-0.02864896,-0.04373817,-0.01218806
2026-02-06,quality_momentum,16,300508.SZ,,0.96445495,-0.03512334,-0.06438626,0.0227425,-0.00167994
2026-02-06,quality_momentum,17,601872.SH,,0.96208531,0.02728461,0.06591116,0.14917298,0.62041773
2026-02-06,quality_momentum,18,002291.SZ,,0.95971566,0.01194082,-0.07917798,-0.0953256,-0.17952399
2026-02-06,quality_momentum,19,603199.SH,,0.95734596,-0.01088874,-0.04010223,-0.06706853,-0.10212476
2026-02-06,quality_momentum,20,300263.SZ,,0.95497632,-0.0061123,-0.02043406,-0.02127654,-0.00105752
2026-02-09,quality_momentum,1,603012.SH,,1.0,-0.0353528,-0.02818429,-0.04252125,-0.08194781
2026-02-09,quality_momentum,2,300654.SZ,,0.99797159,-0.01442763,-0.09033037,-0.10285799,-0.17728688
2026-02-09,quality_momentum,3,605488.SH,,0.99594319,0.01855456,-0.03144547,-0.05871819,-0.20053635
2026-02-09,quality_momentum,4,603212.SH,,0.99391478,-0.03451471,-0.08094921,-0.10140244,-0.24346992
2026-02-09,quality_momentum,5,000636.SZ,,0.99188644,-1.321e-05,0.04998684,0.17923212,0.08913778
2026-02-09,quality_momentum,6,300263.SZ,,0.98985803,-0.01120627,0.00317616,-0.01543639,-0.08904045
2026-02-09,quality_momentum,7,601619.SH,,0.98782963,-0.03773617,0.00492597,0.11072799,0.12779284
2026-02-09,quality_momentum,8,600482.SH,,0.98580122,,,,
2026-02-09,quality_momentum,9,301021.SZ,,0.98377281,-0.04849246,-0.04119065,0.00505412,-0.01111415
2026-02-09,quality_momentum,10,603016.SH,,0.98174441,-0.02222748,-0.04199031,-0.06005923,-0.1306408
2026-02-09,quality_momentum,11,300448.SZ,,0.979716,-0.00590796,-0.00490594,-0.0469901,0.0812664
2026-02-09,quality_momentum,12,002318.SZ,,0.9776876,0.01251173,0.03368821,0.02309997,-0.02395887
2026-02-09,quality_momentum,13,603881.SH,,0.97565925,0.0445167,0.09475898,-0.00649064,-0.10672021
2026-02-09,quality_momentum,14,601778.SH,,0.97363085,-0.02997769,-0.03213751,-0.02997769,-0.04077687
2026-02-09,quality_momentum,15,601872.SH,,0.97160244,0.0256229,0.09818335,0.16490564,0.56607332
2026-02-09,quality_momentum,16,603051.SH,,0.96957403,-0.00930744,-0.0356037,-0.05190002,-0.17930744
2026-02-09,quality_momentum,17,688127.SH,,0.96754563,-0.03930156,-0.03103386,-0.04146691,0.02172206
2026-02-09,quality_momentum,18,002548.SZ,,0.96551722,-0.02039219,-0.05737658,-0.04599679,-0.12565538
2026-02-09,quality_momentum,19,300835.SZ,,0.96348882,0.0202192,0.1777027,0.13862986,0.18233845
2026-02-09,quality_momentum,20,300251.SZ,,0.96146047,,,,
2026-02-10,quality_momentum,1,603012.SH,,1.0,-0.0019,0.0104609,-0.00560831,-0.00808045
2026-02-10,quality_momentum,2,300654.SZ,,0.99802369,-0.05712389,-0.09145224,-0.10861645,-0.15861639
2026-02-10,quality_momentum,3,002488.SZ,,0.99604744,-0.0238697,-0.02614245,-0.00493033,-0.06705152
2026-02-10,quality_momentum,4,300383.SZ,,0.99407113,0.03857892,-0.00132994,-0.1136446,-0.11820559
2026-02-10,quality_momentum,5,600893.SH,,0.99209487,-0.02449998,0.13809997,0.14230003,0.16589998
2026-02-10,quality_momentum,6,300005.SZ,,0.99011856,-0.02798096,-0.04308053,-0.02592198,-0.03690345
2026-02-10,quality_momentum,7,001210.SZ,,0.98814231,-0.0556678,-0.01982267,-0.05363122,-0.0609632
2026-02-10,quality_momentum,8,001226.SZ,,0.986166,0.03626794,-0.06926646,-0.0982741,-0.15743437
2026-02-10,quality_momentum,9,603881.SH,,0.98418975,0.07024241,0.04318901,-0.05893144,-0.09646491
2026-02-10,quality_momentum,10,300398.SZ,,0.98221344,0.0344179,0.04124996,0.15523769,0.06426329
2026-02-10,quality_momentum,11,300440.SZ,,0.98023713,0.02926712,0.0557923,0.09226447,0.11878965
2026-02-10,quality_momentum,12,603991.SH,,0.97826087,-0.0060779,0.02678113,0.05478478,0.07646498
2026-02-10,quality_momentum,13,000301.SZ,,0.97628456,0.03101536,0.0051533,0.04277082,0.07176768
2026-02-10,quality_momentum,14,600482.SH,,0.97430831,0.02576662,0.04809997,0.09843327,0.16143336
2026-02-10,quality_momentum,15,300113.SZ,,0.972332,0.05272652,0.00701859,-0.02085207,-0.06618836
2026-02-10,quality_momentum,16,300408.SZ,,0.97035575,0.02397898,0.14498556,0.14605643,0.07966346
2026-02-10,quality_momentum,17,603638.SH,,0.96837944,0.00221521,0.06188601,0.01250329,-0.0800893
2026-02-10,quality_momentum,18,300805.SZ,,0.96640319,-0.0514186,-0.05073082,-0.08443098,-0.18140483
2026-02-10,quality_momentum,19,002772.SZ,,0.96442688,-0.03111343,-0.0771809,-0.0075179,0.03180786
2026-02-10,quality_momentum,20,301045.SZ,,0.96245056,-0.02697376,-0.004604,0.0170282,0.02981095
2026-02-11,quality_momentum,1,600309.SH,,1.0,-0.0220577,-0.01226034,0.01183872,-0.00358919
2026-02-11,quality_momentum,2,001226.SZ,,0.99808431,-0.03535587,-0.14565,-0.16476765,-0.18020883
2026-02-11,quality_momentum,3,000672.SZ,,0.99616855,0.02745293,0.02078176,-0.0092382,-0.04392805
2026-02-11,quality_momentum,4,300065.SZ,,0.99425286,-0.01932285,0.02532323,-0.02004882,-0.03638272
2026-02-11,quality_momentum,5,300005.SZ,,0.99233717,-0.0082425,-0.02233696,-0.00401419,-0.00683311
2026-02-11,quality_momentum,6,300398.SZ,,0.99042147,-0.00259396,0.06680228,0.12231928,-0.00814566
2026-02-11,quality_momentum,7,000301.SZ,,0.98850572,-0.02693793,0.00037616,-0.02466177,0.00037616
2026-02-11,quality_momentum,8,300440.SZ,,0.98659003,-0.01154634,0.0559778,0.06755334,0.06755334
2026-02-11,quality_momentum,9,300739.SZ,,0.98467433,0.00614539,0.14812365,0.54566272,0.4112566
2026-02-11,quality_momentum,10,600989.SH,,0.98275864,-0.00987316,-0.00315896,-0.0207838,0.12483102
2026-02-11,quality_momentum,11,300113.SZ,,0.98084289,-0.03643137,-0.06426787,-0.05158288,-0.14566323
2026-02-11,quality_momentum,12,688059.SH,,0.9789272,0.00512138,-0.00596507,0.13335501,0.1490608
2026-02-11,quality_momentum,13,600966.SH,,0.9770115,0.01181565,0.0641848,0.03675338,0.01430947
2026-02-11,quality_momentum,14,300846.SZ,,0.97509581,,,,
2026-02-11,quality_momentum,15,600392.SH,,0.97318006,0.04820442,0.02489195,0.11153076,-0.04574134
2026-02-11,quality_momentum,16,603638.SH,,0.97126436,0.02187054,-0.00353932,-0.00271962,-0.09985078
2026-02-11,quality_momentum,17,603991.SH,,0.96934867,0.02429342,0.06182599,0.05094041,0.07531961
2026-02-11,quality_momentum,18,603045.SH,,0.96743298,-0.0019,0.05690245,0.09526746,0.20247427
2026-02-11,quality_momentum,19,300666.SZ,,0.96551722,0.06263563,0.09776836,0.19683342,0.13259943
2026-02-11,quality_momentum,20,603588.SH,,0.96360153,-0.00286153,0.10386923,0.15483074,0.24233073
2026-02-12,quality_momentum,1,301162.SZ,,1.0,-0.03076061,-0.07015329,-0.03800992,0.01341942
2026-02-12,quality_momentum,2,600550.SH,,0.99823636,-0.00895584,0.11163435,0.08854258,0.1821923
2026-02-12,quality_momentum,3,001373.SZ,,0.99647266,-0.00234995,-0.04441967,-0.05701812,-0.06466717
2026-02-12,quality_momentum,4,688663.SH,,0.99470901,0.00303655,-0.02164611,0.01097025,0.0382975
2026-02-12,quality_momentum,5,603991.SH,,0.99294531,0.00472982,0.03213317,0.0422989,0.0699232
2026-02-12,quality_momentum,6,002487.SZ,,0.99118167,0.0079562,0.07032489,0.10264034,0.01765085
2026-02-12,quality_momentum,7,600259.SH,,0.98941797,0.01151896,0.11140224,0.24780837,0.04547457
2026-02-12,quality_momentum,8,600938.SH,,0.98765433,0.03578112,0.04476665,0.14186813,0.28911449
2026-02-12,quality_momentum,9,300739.SZ,,0.98589063,0.07603429,0.32204364,0.47791223,0.37368687
2026-02-12,quality_momentum,10,603379.SH,,0.98412699,-0.00903556,0.04062226,0.09537689,0.10149302
2026-02-12,quality_momentum,11,600989.SH,,0.98236334,-0.00993724,-0.00909119,0.11104419,0.3301643
2026-02-12,quality_momentum,12,300738.SZ,,0.98059964,-0.00461317,-0.09724885,0.0062395,-0.14143488
2026-02-12,quality_momentum,13,601975.SH,,0.978836,-0.00451095,0.04509741,0.17825666,0.26441856
2026-02-12,quality_momentum,14,301607.SZ,,0.9770723,-0.01962496,-0.04942629,-0.05371145,-0.12207912
2026-02-12,quality_momentum,15,300373.SZ,,0.97530866,-4.039e-05,0.05574764,-0.0025973,-0.106735
2026-02-12,quality_momentum,16,600583.SH,,0.97354496,-0.01027995,0.02323963,0.08189885,0.13078155
2026-02-12,quality_momentum,17,002296.SZ,,0.97178131,-0.00471494,0.01358204,0.03680511,-0.05116108
2026-02-12,quality_momentum,18,300065.SZ,,0.97001761,0.044646,0.008813,0.12148383,-0.00153058
2026-02-12,quality_momentum,19,300440.SZ,,0.96825397,0.03381431,0.06952862,0.14355454,0.06368441
2026-02-12,quality_momentum,20,600893.SH,,0.96649033,,,,
2026-02-13,quality_momentum,1,002008.SZ,,1.0,0.06881074,0.27199002,0.35932787,0.25993081
2026-02-13,quality_momentum,2,002478.SZ,,0.99832493,0.04037942,0.16629862,0.20857804,0.21776915
2026-02-13,quality_momentum,3,300548.SZ,,0.99664992,0.06683124,-0.06639401,-0.01112237,-0.10122704
2026-02-13,quality_momentum,4,300623.SZ,,0.99497485,-0.01010362,-0.00444598,-0.05932577,-0.12127762
2026-02-13,quality_momentum,5,603379.SH,,0.99329984,0.05090142,0.05940835,0.11763653,0.06879525
2026-02-13,quality_momentum,6,603588.SH,,0.99162477,0.06986147,0.11925566,0.18076544,0.31869652
2026-02-13,quality_momentum,7,002467.SZ,,0.98994976,-0.04614778,-0.0916598,,-0.11441578
2026-02-13,quality_momentum,8,600026.SH,,0.98827469,,,,
2026-02-13,quality_momentum,9,300852.SZ,,0.98659968,-0.02117055,0.08533582,0.10357042,-0.00956679
2026-02-13,quality_momentum,10,300739.SZ,,0.98492461,0.05646239,0.42231606,0.36134036,0.32649718
2026-02-13,quality_momentum,11,002487.SZ,,0.9832496,0.05330006,0.10978008,0.15650003,0.06146004
2026-02-13,quality_momentum,12,002028.SZ,,0.98157454,0.03569536,0.03467173,0.03029801,0.06556697
2026-02-13,quality_momentum,13,002270.SZ,,0.97989953,-0.01396233,0.02781467,0.04046543,0.07429891
2026-02-13,quality_momentum,14,300766.SZ,,0.97822446,-0.1026752,-0.08437197,-0.05422559,-0.05099558
2026-02-13,quality_momentum,15,001259.SZ,,0.97654939,0.05542842,0.0201277,-0.01969156,-0.02053874
2026-02-13,quality_momentum,16,603002.SH,,0.97487438,0.08126433,0.19586875,0.14921563,0.05286673
2026-02-13,quality_momentum,17,603638.SH,,0.97319931,-0.05954022,-0.0587665,-0.08120361,-0.14425975
2026-02-13,quality_momentum,18,300097.SZ,,0.9715243,-0.01116998,0.00736998,-0.02275751,-0.04825001
2026-02-13,quality_momentum,19,002318.SZ,,0.96984923,0.0079522,0.00650336,0.01200902,0.01519644
2026-02-13,quality_momentum,20,603311.SH,,0.96817422,-0.00483421,-0.03476385,-0.06880134,-0.03476385
2026-02-24,quality_momentum,1,002135.SZ,,1.0,-0.00347731,-0.00032269,0.02018199,0.07065521
2026-02-24,quality_momentum,2,002487.SZ,,0.99846858,0.00431674,0.0346428,0.02645476,-0.0041745
2026-02-24,quality_momentum,3,603379.SH,,0.99693722,-0.00454695,0.04783533,0.00827,0.0150964
2026-02-24,quality_momentum,4,300852.SZ,,0.99540579,0.05493498,0.06106211,0.01648156,0.05894932
2026-02-24,quality_momentum,5,002648.SZ,,0.99387443,0.01284414,0.03799593,0.01761432,0.1130176
2026-02-24,quality_momentum,6,601096.SH,,0.99234301,0.043777,-0.01495057,-0.08836004,0.14002489
2026-02-24,quality_momentum,7,000672.SZ,,0.99081165,0.01571257,-0.09713809,-0.07626398,-0.07495933
2026-02-24,quality_momentum,8,600409.SH,,0.98928022,0.03339416,0.02986469,-0.0019,-0.02072351
2026-02-24,quality_momentum,9,000157.SZ,,0.98774886,0.00112419,-0.01097257,-0.04827099,-0.01601288
2026-02-24,quality_momentum,10,002539.SZ,,0.98621744,0.00955959,-0.0368819,-0.09478298,-0.09779862
2026-02-24,quality_momentum,11,603311.SH,,0.98468608,-0.0019,-0.04839794,-0.10313605,-0.02603181
2026-02-24,quality_momentum,12,300398.SZ,,0.98315465,0.04290515,0.00426883,-0.0726792,-0.06001688
2026-02-24,quality_momentum,13,600273.SH,,0.98162329,-0.0078022,-0.0078022,-0.09464875,-0.11151214
2026-02-24,quality_momentum,14,300201.SZ,,0.98009187,0.00911319,0.02232908,-0.00520395,0.12144798
2026-02-24,quality_momentum,15,600452.SH,,0.97856051,-0.0175121,0.15175653,0.09095127,0.29966121
2026-02-24,quality_momentum,16,603637.SH,,0.97702909,-0.01682536,-0.02204923,-0.06234776,-0.03473581
2026-02-24,quality_momentum,17,001373.SZ,,0.97549772,-0.02998859,-0.04277693,-0.05625033,-0.00509706
2026-02-24,quality_momentum,18,002785.SZ,,0.9739663,0.04173319,0.05776163,0.04440458,0.00500119
2026-02-24,quality_momentum,19,600983.SH,,0.97243494,,,,
2026-02-24,quality_momentum,20,000301.SZ,,0.97090352,0.00718402,-0.00644205,0.1018093,-0.11620736
2026-02-25,quality_momentum,1,002487.SZ,,1.0,0.04511637,0.08911874,0.08278962,0.00247011
2026-02-25,quality_momentum,2,002648.SZ,,0.99875623,-0.01514785,0.0570744,0.02245903,0.21177525
2026-02-25,quality_momentum,3,603379.SH,,0.99751246,0.0088557,0.06431034,0.02310345,0.00103333
2026-02-25,quality_momentum,4,300623.SZ,,0.99626863,-0.014225,-0.06856674,-0.12935099,-0.1315919
2026-02-25,quality_momentum,5,600583.SH,,0.99502486,-0.01688637,0.13978939,0.05668309,-0.0141616
2026-02-25,quality_momentum,6,000672.SZ,,0.99378109,-0.04805383,-0.08202823,-0.04805383,-0.09228464
2026-02-25,quality_momentum,7,002318.SZ,,0.99253732,-0.01550545,-0.01011995,-0.02967782,-0.03137844
2026-02-25,quality_momentum,8,601678.SH,,0.99129355,-0.03001953,0.00512982,-0.04056434,-0.0019
2026-02-25,quality_momentum,9,000301.SZ,,0.99004978,-0.03565842,-0.00640109,0.02585693,-0.09867419
2026-02-25,quality_momentum,10,000875.SZ,,0.98880595,0.02076668,0.05143334,0.06743337,0.06476671
2026-02-25,quality_momentum,11,300843.SZ,,0.98756218,0.01816119,0.00966068,-0.06667387,0.04808298
2026-02-25,quality_momentum,12,600966.SH,,0.98631841,-0.02876913,-0.01007758,-0.03227383,-0.04278791
2026-02-25,quality_momentum,13,001228.SZ,,0.98507464,-0.01424572,-0.06744969,-0.03393993,-0.02835496
2026-02-25,quality_momentum,14,002493.SZ,,0.98383087,0.00870308,0.06304373,-0.0197926,-0.05425251
2026-02-25,quality_momentum,15,600938.SH,,0.98258704,-0.01934673,0.15539719,0.1612127,0.17838249
2026-02-25,quality_momentum,16,002897.SZ,,0.98134327,0.06694363,0.16507523,0.18931359,0.1881354
2026-02-25,quality_momentum,17,600452.SH,,0.9800995,-0.00356952,0.19509492,0.17506157,0.31446059
2026-02-25,quality_momentum,18,002658.SZ,,0.97885573,0.01280585,0.03946027,0.01740146,-0.02947355
2026-02-25,quality_momentum,19,300176.SZ,,0.97761196,-0.02757241,-0.04346478,-0.0691372,-0.04957729
2026-02-25,quality_momentum,20,600968.SH,,0.97636819,-0.01057679,0.16078982,0.17163581,0.05883754
2026-02-26,quality_momentum,1,000301.SZ,,1.0,0.01906269,0.13008756,0.02372111,-0.09351493
2026-02-26,quality_momentum,2,600452.SH,,0.99881375,,,,
2026-02-26,quality_momentum,3,002001.SZ,,0.9976275,0.02008154,0.05289449,0.06054024,0.22460526
2026-02-26,quality_momentum,4,300776.SZ,,0.9964413,0.03517772,-0.07781597,-0.02258441,-0.08859826
2026-02-26,quality_momentum,5,002318.SZ,,0.99525505,-0.01368161,-0.04644025,-0.02575064,-0.05362417
2026-02-26,quality_momentum,6,002296.SZ,,0.9940688,0.02238869,-0.0643566,-0.05811095,-0.07615399
2026-02-26,quality_momentum,7,300623.SZ,,0.99288255,-0.05748708,-0.15533161,-0.12101511,-0.14625616
2026-02-26,quality_momentum,8,600499.SH,,0.9916963,0.00091695,-0.09485776,-0.05316759,0.00091695
2026-02-26,quality_momentum,9,002534.SZ,,0.99051011,0.00255322,-0.06424539,-0.02565067,-0.05682332
2026-02-26,quality_momentum,10,603379.SH,,0.98932385,0.03942117,0.00017297,0.02034983,-0.04971647
2026-02-26,quality_momentum,11,002487.SZ,,0.9881376,-0.01801979,-0.02579183,-0.0067936,0.06113971
2026-02-26,quality_momentum,12,300304.SZ,,0.98695135,0.02399223,-0.0019,0.00999648,0.00509794
2026-02-26,quality_momentum,13,002637.SZ,,0.9857651,0.00376567,-0.04580938,-0.0649312,0.02359574
2026-02-26,quality_momentum,14,300444.SZ,,0.98457891,-0.0167057,-0.08764954,0.09248615,0.04560153
2026-02-26,quality_momentum,15,600708.SH,,0.98339266,-0.04930407,-0.08767871,-0.06962003,-0.09896543
2026-02-26,quality_momentum,16,002452.SZ,,0.9822064,-0.00820633,-0.04244058,0.007109,0.11071256
2026-02-26,quality_momentum,17,601975.SH,,0.98102015,0.13093202,0.35148339,0.15850103,0.10837562
2026-02-26,quality_momentum,18,002658.SZ,,0.9798339,0.01621601,-0.03450865,-0.0009942,-0.06711738
2026-02-26,quality_momentum,19,301588.SZ,,0.97864771,-0.0389076,-0.01105241,0.00924203,0.08086959
2026-02-26,quality_momentum,20,603050.SH,,0.97746146,-0.02982793,-0.06631441,-0.00054866,0.00080268
2026-02-27,quality_momentum,1,002487.SZ,,1.0,0.05719888,0.05105494,-0.07884558,0.1885622
2026-02-27,quality_momentum,2,000591.SZ,,0.99891424,0.00333558,0.03474922,0.0801244,0.09757641
2026-02-27,quality_momentum,3,000301.SZ,,0.99782842,0.00722554,0.03992511,0.01939283,-0.12737526
2026-02-27,quality_momentum,4,002001.SZ,,0.99674267,0.04766363,0.05265108,0.14149148,0.21007
2026-02-27,quality_momentum,5,300279.SZ,,0.99565691,0.02916217,0.05621632,0.01112606,0.05321024
2026-02-27,quality_momentum,6,300304.SZ,,0.99457109,0.01106046,-0.00258212,0.01515325,-0.06738432
2026-02-27,quality_momentum,7,605111.SH,,0.99348533,0.00049136,-0.06494347,-0.11211735,-0.0979869
2026-02-27,quality_momentum,8,002028.SZ,,0.99239957,0.03682262,0.0515719,0.06004689,-0.01215429
2026-02-27,quality_momentum,9,601369.SH,,0.99131382,0.00998456,-0.01802904,0.01083351,-0.02566904
2026-02-27,quality_momentum,10,002493.SZ,,0.990228,-0.00931199,-0.08652016,-0.01610636,-0.16311063
2026-02-27,quality_momentum,11,300373.SZ,,0.98914224,0.00182173,-0.03655924,-0.10611036,-0.10634289
2026-02-27,quality_momentum,12,002539.SZ,,0.98805648,-0.00689997,-0.05939995,-0.01752495,-0.01314996
2026-02-27,quality_momentum,13,002296.SZ,,0.98697066,-0.00257751,-0.05068049,-0.08658832,-0.1218187
2026-02-27,quality_momentum,14,301045.SZ,,0.9858849,0.02397666,0.01309397,0.15747124,0.15892226
2026-02-27,quality_momentum,15,002992.SZ,,0.98479915,-0.01569071,-0.04627769,-0.07067658,-0.05600186
2026-02-27,quality_momentum,16,603077.SH,,0.98371333,-0.0019,-0.05240508,-0.012001,0.09237609
2026-02-27,quality_momentum,17,002299.SZ,,0.98262757,0.0206959,0.02174685,0.03803696,-0.03132717
2026-02-27,quality_momentum,18,000582.SZ,,0.98154181,-0.0105956,-0.0279869,-0.0279869,-0.02276957
2026-02-27,quality_momentum,19,688683.SH,,0.98045605,0.02597913,-0.05218664,-0.04749663,-0.03342678
2026-02-27,quality_momentum,20,601096.SH,,0.97937024,0.00801736,0.07578596,0.11380249,0.05760414
2026-03-02,quality_momentum,1,002001.SZ,,1.0,-0.01853209,-0.01140409,0.04383799,0.08215098
2026-03-02,quality_momentum,2,300843.SZ,,0.99867898,-0.09433698,-0.11702601,-0.08593362,-0.03147983
2026-03-02,quality_momentum,3,002487.SZ,,0.99735796,-0.06515968,-0.04692768,-0.08394418,0.0229619
2026-03-02,quality_momentum,4,000831.SZ,,0.99603701,-0.10173998,-0.07917998,-0.07949998,-0.17006001
2026-03-02,quality_momentum,5,002734.SZ,,0.99471599,-0.02930362,-0.07714382,-0.03580612,0.02736146
2026-03-02,quality_momentum,6,603379.SH,,0.99339497,-0.05194582,-0.03281838,-0.04552634,-0.10893524
2026-03-02,quality_momentum,7,300737.SZ,,0.99207395,-0.10446409,-0.12625899,-0.14292562,-0.14805382
2026-03-02,quality_momentum,8,000301.SZ,,0.990753,,,,
2026-03-02,quality_momentum,9,300775.SZ,,0.98943198,-0.12564432,-0.10989089,-0.08911463,-0.12427443
2026-03-02,quality_momentum,10,002493.SZ,,0.98811096,-0.05728274,-0.0448372,-0.14129019,-0.19231696
2026-03-02,quality_momentum,11,002648.SZ,,0.98678994,-0.05315104,-0.01723498,0.03240181,0.08607417
2026-03-02,quality_momentum,12,002299.SZ,,0.98546898,-0.02913534,-0.01320519,-0.00241386,-0.05225967
2026-03-02,quality_momentum,13,000778.SZ,,0.98414797,-0.04364571,-0.04364571,-0.04933828,-0.08728894
2026-03-02,quality_momentum,14,605589.SH,,0.98282695,-0.06563622,-0.05409773,-0.0900868,-0.08376813
2026-03-02,quality_momentum,15,300602.SZ,,0.98150593,-0.08732088,-0.06627875,-0.09734092,-0.11237097
2026-03-02,quality_momentum,16,001203.SZ,,0.98018491,-0.07351798,-0.05813341,0.0193202,0.04398867
2026-03-02,quality_momentum,17,002270.SZ,,0.97886395,-0.05947833,0.01475263,0.03055836,-0.12834653
2026-03-02,quality_momentum,18,002144.SZ,,0.97754294,-0.0164808,0.00842808,-0.0298465,-0.03106155
2026-03-02,quality_momentum,19,601118.SH,,0.97622192,-0.07055282,-0.0627808,-0.01096732,-0.01744403
2026-03-02,quality_momentum,20,000571.SZ,,0.9749009,-0.05774414,-0.03177013,-0.0304714,-0.07982207
2026-03-03,quality_momentum,1,002493.SZ,,1.0,-0.02561538,0.0494834,-0.1046668,-0.15934399
2026-03-03,quality_momentum,2,300440.SZ,,0.9981584,0.01555934,-0.01394099,0.03362071,-0.05789041
2026-03-03,quality_momentum,3,601233.SH,,0.99631673,-0.0556085,-0.04111574,-0.09525043,-0.18561697
2026-03-03,quality_momentum,4,688081.SH,,0.99447513,0.02837298,-0.01381066,0.00107764,-0.03118041
2026-03-03,quality_momentum,5,300201.SZ,,0.99263352,0.04229889,0.11412207,0.12517175,0.23124913
2026-03-03,quality_momentum,6,605196.SH,,0.99079192,,,,
2026-03-03,quality_momentum,7,002135.SZ,,0.98895025,0.05982843,0.04902597,0.04748275,0.12464325
2026-03-03,quality_momentum,8,603876.SH,,0.98710865,0.04313024,0.01127964,0.09090618,0.14142794
2026-03-03,quality_momentum,9,600216.SH,,0.98526704,0.03167314,0.09821984,-0.00070096,-0.04566501
2026-03-03,quality_momentum,10,000533.SZ,,0.98342544,,,,
2026-03-03,quality_momentum,11,000415.SZ,,0.98158377,0.0057923,-0.05189995,-0.06728455,-0.14805381
2026-03-03,quality_momentum,12,600710.SH,,0.97974217,0.02124813,0.12310004,0.12464322,-0.00421481
2026-03-03,quality_momentum,13,300279.SZ,,0.97790056,0.0594066,0.01418039,0.08352717,0.12774824
2026-03-03,quality_momentum,14,600452.SH,,0.97605896,0.05825042,0.12967901,0.18907744,0.04020528
2026-03-03,quality_momentum,15,002126.SZ,,0.9742173,0.02411768,0.08937157,0.10804551,-0.02707829
2026-03-03,quality_momentum,16,002772.SZ,,0.97237569,0.02660755,0.01710511,0.00592561,-0.00134098
2026-03-03,quality_momentum,17,002487.SZ,,0.97053409,0.05943885,-0.07149597,-0.03168472,0.05973369
2026-03-03,quality_momentum,18,002144.SZ,,0.96869242,0.01536272,-0.00744868,0.01412969,-0.05862003
2026-03-03,quality_momentum,19,600388.SH,,0.96685082,-0.00088014,0.00319938,0.01033858,-0.0687027
2026-03-03,quality_momentum,20,603991.SH,,0.96500921,0.04697421,0.06344868,0.15680397,0.16833613
2026-03-04,quality_momentum,1,002092.SZ,,1.0,-0.00729083,0.00618625,0.12074149,0.10995983
2026-03-04,quality_momentum,2,000415.SZ,,0.99823636,-0.04960993,-0.07823581,-0.08777783,-0.16220529
2026-03-04,quality_momentum,3,002911.SZ,,0.99647266,-0.01590376,-0.06809983,-0.03054412,-0.03818257
2026-03-04,quality_momentum,4,300215.SZ,,0.99470901,0.03656148,0.06121631,0.04346489,-0.14193944
2026-03-04,quality_momentum,5,002135.SZ,,0.99294531,0.00827441,-0.03823725,-0.00480701,0.07804182
2026-03-04,quality_momentum,6,600452.SH,,0.99118167,0.04349005,0.15412832,0.11653973,-0.03736103
2026-03-04,quality_momentum,7,600989.SH,,0.98941797,0.03158733,0.0596858,0.27985524,0.2952516
2026-03-04,quality_momentum,8,002487.SZ,,0.98765433,-0.04135545,-0.07858795,-0.07594838,-0.01996058
2026-03-04,quality_momentum,9,601096.SH,,0.98589063,0.0088362,0.08245576,0.05638221,-0.05711473
2026-03-04,quality_momentum,10,688398.SH,,0.98412699,-0.04746353,-0.02148434,-0.01029324,-0.00949391
2026-03-04,quality_momentum,11,600028.SH,,0.98236334,-0.0446586,-0.10534826,-0.09707238,-0.14534828
2026-03-04,quality_momentum,12,000301.SZ,,0.98059964,-0.03766641,-0.13547663,-0.12306788,-0.16613358
2026-03-04,quality_momentum,13,002028.SZ,,0.978836,0.01512297,0.01778977,-0.03110134,-0.04327964
2026-03-04,quality_momentum,14,603727.SH,,0.9770723,0.02502715,-0.08584929,-0.02513128,-0.05417035
2026-03-04,quality_momentum,15,600406.SH,,0.97530866,0.00742638,0.06891171,0.051986,-0.03713316
2026-03-04,quality_momentum,16,002606.SZ,,0.97354496,0.0989468,0.08662959,0.06430476,-0.05424803
2026-03-04,quality_momentum,17,002270.SZ,,0.97178131,0.01360608,0.029394,0.0158615,-0.17021128
2026-03-04,quality_momentum,18,002144.SZ,,0.97001761,0.00597872,-0.03220307,-0.01705156,-0.04856668
2026-03-04,quality_momentum,19,002126.SZ,,0.96825397,0.1367503,0.07846809,0.06006313,-0.07388364
2026-03-04,quality_momentum,20,002554.SZ,,0.96649033,-0.02770643,-0.10942688,-0.09652367,-0.14598603
2026-03-05,quality_momentum,1,600406.SH,,1.0,0.03437657,0.0521726,0.02479404,-0.04433664
2026-03-05,quality_momentum,2,300189.SZ,,0.99823636,0.07839195,-0.00068354,-0.01284892,-0.08705818
2026-03-05,quality_momentum,3,600313.SH,,0.99647266,0.05954572,0.01014819,-0.0019,-0.00912894
2026-03-05,quality_momentum,4,300903.SZ,,0.99470901,0.14929952,0.2922919,0.2926075,0.16666061
2026-03-05,quality_momentum,5,600968.SH,,0.99294531,0.06827545,-0.07207545,-0.05063295,-0.11496044
2026-03-05,quality_momentum,6,600583.SH,,0.99118167,0.06520528,-0.06111055,-0.06505789,-0.12295266
2026-03-05,quality_momentum,7,002533.SZ,,0.98941797,0.01715975,0.01970102,-0.01015918,-0.10101053
2026-03-05,quality_momentum,8,600989.SH,,0.98765433,0.17091191,0.05396591,0.27966427,0.16309065
2026-03-05,quality_momentum,9,600938.SH,,0.98589063,0.09325613,-0.01345641,0.06768443,-0.00976822
2026-03-05,quality_momentum,10,600089.SH,,0.98412699,-0.0201099,-0.01825803,-0.04973956,-0.13245556
2026-03-05,quality_momentum,11,000912.SZ,,0.98236334,0.18277584,0.07275611,0.10615495,0.03935737
2026-03-05,quality_momentum,12,301045.SZ,,0.98059964,0.12029102,0.21579667,0.13105878,0.07487899
2026-03-05,quality_momentum,13,601857.SH,,0.978836,0.08695296,-0.05036529,-0.00674657,-0.0325947
2026-03-05,quality_momentum,14,300201.SZ,,0.9770723,0.03081981,0.04104473,0.04922471,0.1780591
2026-03-05,quality_momentum,15,002452.SZ,,0.97530866,0.01595712,0.05702852,0.10077854,0.00077853
2026-03-05,quality_momentum,16,600101.SH,,0.97354496,-0.00100637,0.00435558,0.00524921,-0.06534952
2026-03-05,quality_momentum,17,000875.SZ,,0.97178131,-0.00065783,-0.01059563,-0.01308016,-0.10624783
2026-03-05,quality_momentum,18,300648.SZ,,0.97001761,0.0027541,0.02490145,-0.04378735,-0.12531522
2026-03-05,quality_momentum,19,601808.SH,,0.96825397,0.08655337,-0.06969662,-0.03156108,-0.11206954
2026-03-05,quality_momentum,20,002937.SZ,,0.96649033,0.01999779,0.02948689,-7.521e-05,-0.06978318
2026-03-06,quality_momentum,1,002135.SZ,,1.0,-0.02833177,0.0054421,0.07298982,-0.06357401
2026-03-06,quality_momentum,2,301588.SZ,,0.99828476,0.00929397,0.00817458,-0.06234781,-0.10637767
2026-03-06,quality_momentum,3,000591.SZ,,0.99656945,0.01584193,0.0706807,0.01422904,-0.03415807
2026-03-06,quality_momentum,4,600409.SH,,0.99485421,-0.06992718,0.04118388,0.00603654,-0.2173195
2026-03-06,quality_momentum,5,600406.SH,,0.99313891,0.02187803,0.00569575,-0.03690665,-0.11022234
2026-03-06,quality_momentum,6,002092.SZ,,0.99142367,-0.08410854,0.02018593,0.06435767,-0.13932325
2026-03-06,quality_momentum,7,605196.SH,,0.98970842,-0.01554524,0.07587781,0.07353857,-0.21047702
2026-03-06,quality_momentum,8,300189.SZ,,0.98799312,-0.11676486,-0.05032346,-0.07847661,-0.19671982
2026-03-06,quality_momentum,9,600216.SH,,0.98627788,-0.03732227,-0.03786728,-0.02751304,-0.18446126
2026-03-06,quality_momentum,10,300304.SZ,,0.98456264,0.00279484,-0.02805699,-0.08305362,-0.15682962
2026-03-06,quality_momentum,11,002299.SZ,,0.98284733,-0.0190804,-0.03474492,-0.06860032,-0.11862563
2026-03-06,quality_momentum,12,002595.SZ,,0.98113209,-0.02636038,-0.04712093,-0.07188969,-0.1309853
2026-03-06,quality_momentum,13,600268.SH,,0.97941679,,,,
2026-03-06,quality_momentum,14,601778.SH,,0.97770154,0.05226665,0.22934993,0.2064333,0.08143324
2026-03-06,quality_momentum,15,300296.SZ,,0.9759863,0.0357213,0.04907084,0.11824559,-0.05772526
2026-03-06,quality_momentum,16,603050.SH,,0.974271,-0.01668665,-0.00443484,-0.02851594,-0.07583326
2026-03-06,quality_momentum,17,002281.SZ,,0.97255576,0.0114419,0.17244259,0.08212827,0.02491211
2026-03-06,quality_momentum,18,002772.SZ,,0.97084045,-0.03316721,0.01181364,0.0085224,0.00358539
2026-03-06,quality_momentum,19,603058.SH,,0.96912521,-0.0011481,0.01088196,-0.05904287,-0.10340379
2026-03-06,quality_momentum,20,300669.SZ,,0.96740997,0.02407046,0.02735093,-0.0880127,-0.13421277
2026-03-09,quality_momentum,1,603991.SH,,1.0,0.04680777,0.01599268,0.03189723,-0.03003123
2026-03-09,quality_momentum,2,601001.SH,,0.99791664,-0.01180682,0.08376432,0.00917227,0.00334477
2026-03-09,quality_momentum,3,300016.SZ,,0.99583334,0.0237645,-0.02481476,-0.03398061,-0.15680372
2026-03-09,quality_momentum,4,600395.SH,,0.99374998,0.0065459,0.052154,0.01837025,-0.0069676
2026-03-09,quality_momentum,5,002595.SZ,,0.99166667,0.01242786,-0.03476979,-0.06943058,-0.10830544
2026-03-09,quality_momentum,6,002937.SZ,,0.98958331,0.00379399,-0.02503169,-0.07343027,-0.16524516
2026-03-09,quality_momentum,7,300304.SZ,,0.98750001,-0.00790806,-0.04128585,-0.09068504,-0.16678655
2026-03-09,quality_momentum,8,600339.SH,,0.98541665,0.00507679,0.05158843,0.01670468,-0.08794652
2026-03-09,quality_momentum,9,002452.SZ,,0.98333335,0.01177521,0.05365557,0.03399743,-0.07796836
2026-03-09,quality_momentum,10,002772.SZ,,0.98124999,0.0190513,0.10568779,0.03717144,-0.0007674
2026-03-09,quality_momentum,11,301193.SZ,,0.97916669,0.00232241,-0.04623498,-0.07719906,-0.23201966
2026-03-09,quality_momentum,12,601369.SH,,0.97708333,0.0288564,0.00308749,-0.08086926,-0.14820094
2026-03-09,quality_momentum,13,000967.SZ,,0.97500002,0.02487537,0.08308254,0.03186018,-0.0251828
2026-03-09,quality_momentum,14,002828.SZ,,0.97291666,0.03193457,0.05975411,0.0394534,-0.08235118
2026-03-09,quality_momentum,15,000591.SZ,,0.97083336,-0.01140867,0.04881316,-0.04944352,-0.07321536
2026-03-09,quality_momentum,16,301115.SZ,,0.96875,0.03059424,0.06583456,-0.004646,-0.0508703
2026-03-09,quality_momentum,17,601225.SH,,0.96666664,0.01866763,0.0960021,0.05486675,0.09229992
2026-03-09,quality_momentum,18,688330.SH,,0.96458334,-0.03462723,-0.00517275,-0.0549909,-0.14662723
2026-03-09,quality_momentum,19,000875.SZ,,0.96249998,0.00061262,-0.0019,-0.04963865,-0.09737735
2026-03-09,quality_momentum,20,600216.SH,,0.96041667,-0.0583972,-0.02845374,-0.06969659,-0.15557232
2026-03-10,quality_momentum,1,600216.SH,,1.0,0.05738141,0.06875867,-0.0468102,-0.1054928
2026-03-10,quality_momentum,2,000875.SZ,,0.99839228,0.00060626,0.01063136,-0.09588498,-0.09337872
2026-03-10,quality_momentum,3,000951.SZ,,0.99678457,0.03109157,0.00077501,-0.0094791,0.01013753
2026-03-10,quality_momentum,4,601369.SH,,0.99517685,-0.00270642,-0.07448059,-0.12851284,-0.1752871
2026-03-10,quality_momentum,5,002930.SZ,,0.99356914,0.00983019,0.02815864,-0.0077651,-0.04148944
2026-03-10,quality_momentum,6,002937.SZ,,0.99196142,-0.00614635,-0.05710171,-0.10204154,-0.15299697
2026-03-10,quality_momentum,7,603220.SH,,0.9903537,-0.01500342,-0.10569311,-0.12258964,-0.12052069
2026-03-10,quality_momentum,8,000586.SZ,,0.98874599,-0.02659878,-0.0561169,-0.09045423,-0.12177956
2026-03-10,quality_momentum,9,000591.SZ,,0.98713827,0.06210002,0.00609996,-0.02590004,-0.01630001
2026-03-10,quality_momentum,10,300040.SZ,,0.98553056,-0.00688754,-0.02683765,-0.03681274,0.0891224
2026-03-10,quality_momentum,11,603507.SH,,0.98392284,0.02754641,0.16329439,0.10322369,0.12678087
2026-03-10,quality_momentum,12,300056.SZ,,0.98231512,-0.01859942,-0.09227329,-0.09816724,-0.12960139
2026-03-10,quality_momentum,13,603058.SH,,0.98070741,-0.01000012,-0.07848321,-0.11235656,-0.13297508
2026-03-10,quality_momentum,14,600131.SH,,0.97909969,0.03498889,-0.01967776,-0.11256666,-0.10056664
2026-03-10,quality_momentum,15,603985.SH,,0.97749197,-0.01523329,-0.02856658,-0.06056666,0.00450004
2026-03-10,quality_momentum,16,600406.SH,,0.97588426,-0.0113156,-0.05319874,-0.08956239,-0.12235457
2026-03-10,quality_momentum,17,002879.SZ,,0.97427654,-0.0275515,-0.06256781,-0.10694885,-0.17942449
2026-03-10,quality_momentum,18,002648.SZ,,0.97266883,0.10272859,0.11284137,0.00510123,-0.00967905
2026-03-10,quality_momentum,19,300447.SZ,,0.97106111,-0.01501031,-0.10180956,-0.15108621,-0.19132131
2026-03-10,quality_momentum,20,301361.SZ,,0.96945339,0.13446361,-0.02485462,-0.05553636,-0.08190007
2026-03-11,quality_momentum,1,600995.SH,,1.0,-0.01450505,-0.0883346,-0.11954704,-0.04451704
2026-03-11,quality_momentum,2,000951.SZ,,0.99860919,-0.0126898,-0.03944854,-0.06361771,-0.02175322
2026-03-11,quality_momentum,3,300651.SZ,,0.99721837,-0.05528196,-0.05693975,-0.05727133,0.01103107
2026-03-11,quality_momentum,4,600158.SH,,0.99582756,-0.00638424,-0.01266232,-0.04225873,0.05460225
2026-03-11,quality_momentum,5,603067.SH,,0.99443674,-0.04903063,-0.11349951,,-0.16990973
2026-03-11,quality_momentum,6,301182.SZ,,0.99304593,0.08426941,0.12047506,0.08173502,-0.03213175
2026-03-11,quality_momentum,7,301175.SZ,,0.99165505,-0.02465772,-0.05946361,-0.08222127,-0.09828555
2026-03-11,quality_momentum,8,688202.SH,,0.99026424,-0.03309294,-0.10250413,-0.18666884,-0.21842383
2026-03-11,quality_momentum,9,600406.SH,,0.98887342,-0.01861586,-0.05434185,-0.08646243,-0.09432871
2026-03-11,quality_momentum,10,002028.SZ,,0.98748261,-0.03504713,-0.04177724,-0.01444462,-0.03275794
2026-03-11,quality_momentum,11,603320.SH,,0.98609179,-0.05410557,-0.13180688,-0.14354308,-0.18401253
2026-03-11,quality_momentum,12,601117.SH,,0.98470098,0.02382016,-0.0152745,-0.03996583,-0.0389371
2026-03-11,quality_momentum,13,000683.SZ,,0.98331016,-0.02208172,-0.10381729,-0.10785366,-0.14619875
2026-03-11,quality_momentum,14,002353.SZ,,0.98191935,-0.03350431,-0.09626657,-0.0934097,-0.10644425
2026-03-11,quality_momentum,15,688063.SH,,0.98052853,0.09204439,0.0204034,0.00810278,0.09299059
2026-03-11,quality_momentum,16,600216.SH,,0.97913772,-0.02790341,-0.06916958,-0.07877955,-0.14831039
2026-03-11,quality_momentum,17,000591.SZ,,0.97774684,-0.00490758,-0.09814059,-0.10565943,-0.04400529
2026-03-11,quality_momentum,18,000875.SZ,,0.97635603,-0.00690005,-0.0544,-0.10315,-0.06690003
2026-03-11,quality_momentum,19,300040.SZ,,0.97496521,0.02566896,-0.05202531,-0.0432534,0.07203479
2026-03-11,quality_momentum,20,603960.SH,,0.9735744,-0.09353347,-0.10907132,-0.14970876,-0.21106331
2026-03-12,quality_momentum,1,601001.SH,,1.0,-0.02712817,-0.08778301,-0.06899612,-0.11623176
2026-03-12,quality_momentum,2,603871.SH,,0.99863017,-0.04227271,-0.06090621,-0.09817333,-0.11308016
2026-03-12,quality_momentum,3,301087.SZ,,0.99726027,-0.01495054,-0.03550524,-0.08868629,-0.08444486
2026-03-12,quality_momentum,4,603912.SH,,0.99589044,-0.05515443,-0.06994739,0.00894809,-0.13207757
2026-03-12,quality_momentum,5,600409.SH,,0.99452055,-0.00749283,-0.13836531,-0.20212371,-0.23008792
2026-03-12,quality_momentum,6,300651.SZ,,0.99315071,-0.04042891,-0.02501735,0.00265343,-0.0908667
2026-03-12,quality_momentum,7,600406.SH,,0.99178082,-0.02789999,-0.06523335,-0.06923328,-0.11156665
2026-03-12,quality_momentum,8,300040.SZ,,0.99041098,-0.04824148,-0.0579976,-0.04946104,0.09809996
2026-03-12,quality_momentum,9,601117.SH,,0.98904109,0.01414813,-0.06308361,-0.09718583,-0.09818887
2026-03-12,quality_momentum,10,600995.SH,,0.98767126,-0.06025868,-0.10220393,-0.10038022,-0.05539543
2026-03-12,quality_momentum,11,601225.SH,,0.98630136,-0.01276547,-0.0449873,-0.00864409,-0.02775241
2026-03-12,quality_momentum,12,600486.SH,,0.98493153,-0.0273681,-0.11074985,-0.15447587,-0.16587259
2026-03-12,quality_momentum,13,601216.SH,,0.98356164,-0.04070592,-0.09145219,-0.1511537,-0.19294473
2026-03-12,quality_momentum,14,301175.SZ,,0.9821918,-0.01559864,-0.05806439,-0.07039313,-0.11422878
2026-03-12,quality_momentum,15,002929.SZ,,0.98082191,-0.04970037,-0.07807597,-0.01713519,-0.10530889
2026-03-12,quality_momentum,16,603688.SH,,0.97945207,-0.03910094,-0.09138322,-0.11470922,-0.1673937
2026-03-12,quality_momentum,17,300113.SZ,,0.97808218,-0.06581895,-0.07734533,0.01032499,-0.03368479
2026-03-12,quality_momentum,18,000683.SZ,,0.97671235,-0.03794531,-0.10591642,-0.12960332,-0.12342413
2026-03-12,quality_momentum,19,002772.SZ,,0.97534245,-0.06018214,-0.08676705,-0.05762598,-0.20128648
2026-03-12,quality_momentum,20,301125.SZ,,0.97397262,0.0117363,-0.02751994,-0.10396614,-0.22504054
2026-03-13,quality_momentum,1,301040.SZ,,1.0,-0.04131241,-0.00997829,-0.01536387,-0.3093663
2026-03-13,quality_momentum,2,600406.SH,,0.99854225,-0.01250918,-0.04604781,-0.07787534,-0.08471999
2026-03-13,quality_momentum,3,000875.SZ,,0.99708456,-0.06378122,-0.11204855,-0.11947433,-0.12194957
2026-03-13,quality_momentum,4,601918.SH,,0.99562681,-0.03663048,-0.05579218,-0.05698977,-0.04142093
2026-03-13,quality_momentum,5,000582.SZ,,0.99416912,0.00698103,-0.03920016,-0.08715756,-0.04452878
2026-03-13,quality_momentum,6,301122.SZ,,0.99271137,-0.06712991,-0.06741733,-0.12115291,-0.15764716
2026-03-13,quality_momentum,7,002159.SZ,,0.99125367,0.01577298,-0.03233695,-0.05786469,-0.07897416
2026-03-13,quality_momentum,8,002887.SZ,,0.98979592,-0.00524723,-0.04123052,-0.09478698,-0.05043553
2026-03-13,quality_momentum,9,301125.SZ,,0.98833817,0.05558061,-0.03655141,-0.19146381,-0.22122329
2026-03-13,quality_momentum,10,600096.SH,,0.98688048,-0.07716386,-0.11273066,-0.17858653,-0.20359802
2026-03-13,quality_momentum,11,600233.SH,,0.98542273,-0.01451519,-0.03052689,-0.05915379,0.00246686
2026-03-13,quality_momentum,12,000951.SZ,,0.98396504,-0.01034817,-0.03524811,-0.03658204,-0.01034817
2026-03-13,quality_momentum,13,000731.SZ,,0.98250729,-0.05510441,-0.03817577,-0.07566065,-0.0538952
2026-03-13,quality_momentum,14,601101.SH,,0.98104954,-0.04745314,-0.05287619,-0.05179152,-0.03660714
2026-03-13,quality_momentum,15,000007.SZ,,0.97959185,0.02508759,0.0805216,0.01122913,-0.0456637
2026-03-13,quality_momentum,16,600330.SH,,0.9781341,,-0.11445411,-0.14746275,-0.1041727
2026-03-13,quality_momentum,17,000591.SZ,,0.9766764,-0.04793169,-0.05586824,-0.04951906,-0.04951906
2026-03-13,quality_momentum,18,301109.SZ,,0.97521865,-0.01945376,-0.04097128,-0.07551264,-0.03361005
2026-03-13,quality_momentum,19,601118.SH,,0.97376096,-0.04109089,-0.10430202,-0.17130577,-0.16624889
2026-03-13,quality_momentum,20,600216.SH,,0.97230321,-0.07908116,-0.08858901,-0.1629738,-0.11040112
2026-03-16,quality_momentum,1,000792.SZ,,1.0,-0.0351084,-0.09027705,-0.05171255,-0.00431029
2026-03-16,quality_momentum,2,000893.SZ,,0.99845916,-0.05178944,-0.06568272,-0.07436602,0.00662544
2026-03-16,quality_momentum,3,600096.SH,,0.99691832,-0.03167677,-0.08651547,-0.11331443,-0.13490253
2026-03-16,quality_momentum,4,603007.SH,,0.99537748,-0.01363026,-0.01802905,-0.05175339,-0.04882084
2026-03-16,quality_momentum,5,603400.SH,,0.9938367,-0.04340619,-0.04269302,-0.0900472,-0.03556143
2026-03-16,quality_momentum,6,000007.SZ,,0.99229586,0.03361136,0.03006022,-0.03670112,-0.04664433
2026-03-16,quality_momentum,7,688786.SH,,0.99075502,-0.08504853,-0.08421705,-0.17374032,-0.15489334
2026-03-16,quality_momentum,8,688156.SH,,0.98921418,-0.05388355,-0.04430767,-0.13094696,0.06558744
2026-03-16,quality_momentum,9,603050.SH,,0.98767334,0.02763587,-0.01793375,-0.07995903,-0.12890418
2026-03-16,quality_momentum,10,000933.SZ,,0.9861325,-0.07566122,-0.10944505,-0.16293604,-0.10156213
2026-03-16,quality_momentum,11,601611.SH,,0.98459166,-0.06910273,-0.10988392,-0.15755768,-0.18914871
2026-03-16,quality_momentum,12,600233.SH,,0.98305082,-0.01172805,-0.02941848,-0.06529067,0.01284193
2026-03-16,quality_momentum,13,000422.SZ,,0.98151004,-0.0439076,-0.10173637,-0.07282199,-0.07391312
2026-03-16,quality_momentum,14,601669.SH,,0.9799692,-0.03374715,-0.04967073,-0.06718664,-0.07196373
2026-03-16,quality_momentum,15,002177.SZ,,0.97842836,-0.03062931,-0.0637785,-0.16543591,-0.16212103
2026-03-16,quality_momentum,16,601991.SH,,0.97688752,-0.00659494,-0.02772163,-0.03945876,-0.03711129
2026-03-16,quality_momentum,17,603002.SH,,0.97534668,-0.05644549,-0.02553641,-0.15190005,-0.06735456
2026-03-16,quality_momentum,18,601117.SH,,0.97380584,-0.02588337,-0.06133688,-0.08949125,-0.06133688
2026-03-16,quality_momentum,19,000155.SZ,,0.97226501,-0.01151541,-0.04585607,-0.06371322,0.15881422
2026-03-16,quality_momentum,20,002135.SZ,,0.97072417,0.00084729,-0.00464722,-0.10217473,-0.07332854
2026-03-17,quality_momentum,1,002001.SZ,,1.0,0.00683482,-0.05797209,-0.03796646,-0.02556858
2026-03-17,quality_momentum,2,301555.SZ,,0.99770641,-0.0498634,-0.14579011,-0.14145171,-0.20652765
2026-03-17,quality_momentum,3,603050.SH,,0.99541283,-0.01501469,-0.10353935,-0.0863262,-0.17403111
2026-03-17,quality_momentum,4,002140.SZ,,0.99311924,0.01313223,-0.08994578,-0.05916555,-0.08207178
2026-03-17,quality_momentum,5,301180.SZ,,0.99082571,-0.01245659,0.00097905,-0.00285971,-0.03165052
2026-03-17,quality_momentum,6,603007.SH,,0.98853213,0.00255107,-0.03157356,-0.00783471,-0.04344299
2026-03-17,quality_momentum,7,002487.SZ,,0.98623854,-0.02023329,-0.01162215,0.00504446,-0.01745549
2026-03-17,quality_momentum,8,600328.SH,,0.98394495,0.02661521,-0.02844874,-0.05303081,-0.1346434
2026-03-17,quality_momentum,9,002135.SZ,,0.98165137,0.01590818,-0.12655752,-0.07724249,-0.08957128
2026-03-17,quality_momentum,10,002812.SZ,,0.97935778,-0.0121988,-0.05455455,-0.03004045,-0.00639674
2026-03-17,quality_momentum,11,605098.SH,,0.97706419,0.00138585,-0.07108584,-0.04352106,-0.03585404
2026-03-17,quality_momentum,12,600032.SH,,0.97477067,-0.0345797,0.03622644,0.2671632,0.09831788
2026-03-17,quality_momentum,13,300279.SZ,,0.97247708,-0.00634842,-0.09620601,-0.10955125,-0.17360814
2026-03-17,quality_momentum,14,600110.SH,,0.97018349,-0.01905679,-0.05827255,-0.04479215,0.13167845
2026-03-17,quality_momentum,15,600121.SH,,0.9678899,-0.01737387,-0.01543968,-0.01930815,-0.08894067
2026-03-17,quality_momentum,16,300296.SZ,,0.96559632,-0.02855131,-0.10039365,-0.1061874,-0.14906113
2026-03-17,quality_momentum,17,301115.SZ,,0.96330273,0.06092472,-0.02693548,0.02785905,-0.03213146
2026-03-17,quality_momentum,18,688628.SH,,0.96100914,-0.02860891,-0.07659442,-0.0338149,-0.02634544
2026-03-17,quality_momentum,19,002463.SZ,,0.95871562,0.00423571,-0.07075577,-0.05541663,-0.1099559
2026-03-17,quality_momentum,20,000007.SZ,,0.95642203,0.01593266,-0.04922507,-0.04922507,-0.09997958
2026-03-18,quality_momentum,1,002208.SZ,,1.0,,-0.19616753,-0.18279174,-0.23693183
2026-03-18,quality_momentum,2,002859.SZ,,0.99777776,-0.03884242,-0.08414911,,-0.04418627
2026-03-18,quality_momentum,3,688498.SH,,0.99555558,0.12238085,0.18383044,0.26444198,0.18722798
2026-03-18,quality_momentum,4,600666.SH,,0.99333334,,,,
2026-03-18,quality_momentum,5,002150.SZ,,0.9911111,-0.025767,0.142813,0.13133262,-0.04691507
2026-03-18,quality_momentum,6,002652.SZ,,0.98888886,-0.03549685,-0.13628731,-0.06909371,-0.08490397
2026-03-18,quality_momentum,7,600032.SH,,0.98666668,0.04314503,0.21882068,0.43616311,0.10170362
2026-03-18,quality_momentum,8,301180.SZ,,0.98444444,0.068905,0.0533861,0.06551025,-0.04215218
2026-03-18,quality_momentum,9,002001.SZ,,0.9822222,-0.04268211,-0.03095024,-0.04743064,-0.04268211
2026-03-18,quality_momentum,10,300296.SZ,,0.98000002,-0.00547139,-0.07570947,-0.07689997,-0.12689994
2026-03-18,quality_momentum,11,603139.SH,,0.97777778,-0.02656522,-0.12487392,-0.01493731,-0.0618013
2026-03-18,quality_momentum,12,301555.SZ,,0.97555554,-0.03784932,-0.1274696,-0.09278608,-0.1619
2026-03-18,quality_momentum,13,002452.SZ,,0.97333336,-0.00809472,-0.04526285,-0.04437788,-0.07712123
2026-03-18,quality_momentum,14,688359.SH,,0.97111112,-0.10550613,-0.15141342,-0.09978203,-0.11764128
2026-03-18,quality_momentum,15,688106.SH,,0.96888888,0.00426393,0.08584479,0.02348073,-0.06607692
2026-03-18,quality_momentum,16,300369.SZ,,0.96666664,-0.0060365,-0.09703962,-0.07325476,-0.14150707
2026-03-18,quality_momentum,17,600328.SH,,0.96444446,-0.02102047,-0.03344873,-0.0927222,-0.16442393
2026-03-18,quality_momentum,18,688331.SH,,0.96222222,0.01818163,-0.04939608,-0.02939773,0.1786682
2026-03-18,quality_momentum,19,300080.SZ,,0.95999998,-0.0603415,0.01433383,0.00784025,-0.20644542
2026-03-18,quality_momentum,20,600667.SH,,0.9577778,0.02050147,-0.0897136,-0.07985694,-0.16767062
2026-03-19,quality_momentum,1,601088.SH,,1.0,0.03142648,-0.02514625,-0.0235005,-0.02062039
2026-03-19,quality_momentum,2,300264.SZ,,0.99646646,-0.08285242,-0.07047146,-0.05618569,-0.12570954
2026-03-19,quality_momentum,3,601225.SH,,0.99293286,0.03544441,-0.02113807,-0.02113807,-0.02566465
2026-03-19,quality_momentum,4,000990.SZ,,0.98939931,-0.06472181,-0.0420648,0.01972718,-0.01322851
2026-03-19,quality_momentum,5,603685.SH,,0.98586571,-0.05052582,-0.03607903,-0.02515584,0.13023523
2026-03-19,quality_momentum,6,001286.SZ,,0.98233217,-0.01843614,-0.0236581,-0.01495486,-0.04367552
2026-03-19,quality_momentum,7,003036.SZ,,0.97879857,-0.01656992,0.0983445,0.17169419,0.22988491
2026-03-19,quality_momentum,8,603098.SH,,0.97526503,-0.00758176,-0.00758176,-0.02178639,-0.12576364
2026-03-19,quality_momentum,9,600032.SH,,0.97173142,0.02503971,0.25348793,0.29874657,0.01210863
2026-03-19,quality_momentum,10,600152.SH,,0.96819788,-0.07890537,0.00772558,0.08152243,0.07938334
2026-03-19,quality_momentum,11,002135.SZ,,0.96466434,-0.1217347,-0.07214796,-0.09969618,-0.09831875
2026-03-19,quality_momentum,12,603991.SH,,0.96113074,-0.07115838,-0.07549882,-0.04822953,-0.04605928
2026-03-19,quality_momentum,13,300400.SZ,,0.9575972,-0.08063371,-0.08103957,-0.01569871,0.00946366
2026-03-19,quality_momentum,14,600389.SH,,0.95406359,-0.04596781,-0.0395271,-0.06393389,-0.01647625
2026-03-19,quality_momentum,15,688063.SH,,0.95053005,0.08878205,0.05618914,0.03634415,-0.08298822
2026-03-19,quality_momentum,16,300486.SZ,,0.94699645,-0.08897123,-0.11686417,-0.14324942,-0.04826259
2026-03-19,quality_momentum,17,688032.SH,,0.94346291,0.09893339,0.05309999,0.07643328,-0.01840003
2026-03-19,quality_momentum,18,688331.SH,,0.93992931,-0.0788482,-0.0438049,-0.06324614,0.18254701
2026-03-19,quality_momentum,19,000839.SZ,,0.93639576,-0.0737232,-0.05438614,-0.08753535,-0.10963477
2026-03-19,quality_momentum,20,002652.SZ,,0.93286216,-0.07960954,-0.06324964,-0.09392451,-0.09392451
2026-03-20,quality_momentum,1,601225.SH,,1.0,-0.03462729,-0.06262731,-0.03935455,-0.08262728
2026-03-20,quality_momentum,2,301358.SZ,,0.9951691,-0.00164208,-0.00912402,0.03009173,-0.10858216
2026-03-20,quality_momentum,3,301027.SZ,,0.99033815,0.01835437,0.09089328,0.03107225,-0.06077895
2026-03-20,quality_momentum,4,601088.SH,,0.98550725,-0.03375343,-0.06361606,-0.04848572,-0.05465729
2026-03-20,quality_momentum,5,688345.SH,,0.98067635,0.11646156,0.0347754,0.02262972,0.03025053
2026-03-20,quality_momentum,6,600603.SH,,0.9758454,-0.04426199,-0.08790771,-0.06608485,-0.12898598
2026-03-20,quality_momentum,7,000973.SZ,,0.9710145,0.0677774,0.09680967,0.2226162,0.13358388
2026-03-20,quality_momentum,8,002487.SZ,,0.9661836,0.02685178,0.01885734,0.0342851,0.02194287
2026-03-20,quality_momentum,9,603991.SH,,0.96135265,-0.01071998,0.07271477,0.02121434,0.01117787
2026-03-20,quality_momentum,10,301308.SZ,,0.95652175,-0.0019,0.04687423,-0.00112579,-0.06377095
2026-03-20,quality_momentum,11,600121.SH,,0.95169079,0.00790396,0.07653139,0.03731574,-0.1901353
2026-03-20,quality_momentum,12,300486.SZ,,0.9468599,-0.0522716,-0.03575633,-0.06052924,0.02204712
2026-03-20,quality_momentum,13,600032.SH,,0.942029,0.13556057,0.33807899,0.19956905,-0.06380982
2026-03-20,quality_momentum,14,002655.SZ,,0.93719804,-0.0173211,0.03843211,0.02894219,0.11257217
2026-03-20,quality_momentum,15,600575.SH,,0.93236715,-0.01424567,0.01785312,-0.00683828,-0.0809123
2026-03-20,quality_momentum,16,603985.SH,,0.92753625,0.00401075,0.05935732,0.00186142,0.07279101
2026-03-20,quality_momentum,17,000518.SZ,,0.92270529,-0.0122449,0.00844482,0.00844482,-0.04327935
2026-03-20,quality_momentum,18,603301.SH,,0.9178744,-0.01870221,0.01912977,0.01837096,-0.00200846
2026-03-20,quality_momentum,19,600563.SH,,0.9130435,-0.00124439,0.1183262,0.1088195,-0.02181475
2026-03-20,quality_momentum,20,301216.SZ,,0.90821254,0.01589364,-0.02997433,0.02577892,0.08469548
2026-03-23,quality_momentum,1,601225.SH,,1.0,-0.02445643,-0.02445643,-0.01956914,-0.06656169
2026-03-23,quality_momentum,2,601857.SH,,0.99065423,-0.0335667,-0.00690004,0.03476666,-0.02273331
2026-03-23,quality_momentum,3,600666.SH,,0.9813084,,,,
2026-03-23,quality_momentum,4,601088.SH,,0.97196263,-0.025548,-0.02390292,-0.02040708,-0.02616485
2026-03-23,quality_momentum,5,000990.SZ,,0.9626168,-0.03106671,0.03143331,0.07414166,-0.0019
2026-03-23,quality_momentum,6,300040.SZ,,0.95327103,0.03852801,0.07063268,-0.07443274,-0.19333879
2026-03-23,quality_momentum,7,688314.SH,,0.94392526,-0.00411725,0.10674747,0.17149249,0.19211331
2026-03-23,quality_momentum,8,003036.SZ,,0.93457943,0.05792099,0.12857577,0.26564594,0.14317771
2026-03-23,quality_momentum,9,301358.SZ,,0.92523366,-0.0088641,-0.00796131,0.01409174,-0.09269184
2026-03-23,quality_momentum,10,600328.SH,,0.91588783,-0.04928404,-0.09370653,-0.08284773,-0.15491092
2026-03-23,quality_momentum,11,300080.SZ,,0.90654206,-0.00669237,-0.08656457,-0.16324189,-0.24950385
2026-03-23,quality_momentum,12,301216.SZ,,0.89719623,-0.01316654,-0.07765761,0.019856,0.04627401
2026-03-23,quality_momentum,13,301128.SZ,,0.88785046,0.05040163,0.07746505,0.09341749,0.21389368
2026-03-23,quality_momentum,14,002575.SZ,,0.87850469,-0.01342078,-0.02839775,0.00270829,-0.10673874
2026-03-23,quality_momentum,15,603538.SH,,0.86915886,,,,
2026-03-23,quality_momentum,16,000509.SZ,,0.85981309,,,,
2026-03-23,quality_momentum,17,601898.SH,,0.85046726,-0.04526049,-0.04309242,-0.0425504,-0.05610054
2026-03-23,quality_momentum,18,301365.SZ,,0.84112149,-0.01234728,-0.07307206,-0.07307206,-0.02638577
2026-03-23,quality_momentum,19,301180.SZ,,0.83177572,-0.04509855,-0.11908755,-0.05612796,-0.15033747
2026-03-23,quality_momentum,20,002025.SZ,,0.8224299,0.05856222,-0.05286546,0.02928076,0.12234821
2026-03-24,quality_momentum,1,600645.SH,,1.0,-0.00061427,0.01063614,0.00710028,-0.07904566
2026-03-24,quality_momentum,2,000966.SZ,,0.99275362,0.06994464,,-0.07568643,-0.14170587
2026-03-24,quality_momentum,3,601088.SH,,0.98550725,-0.00927147,0.00673521,-0.02612069,-0.01622175
2026-03-24,quality_momentum,4,600207.SH,,0.97826087,-0.03463327,0.07829636,0.09466296,-0.05754651
2026-03-24,quality_momentum,5,301180.SZ,,0.9710145,0.05525661,-0.05233224,-0.03071846,-0.06530056
2026-03-24,quality_momentum,6,001289.SZ,,0.96376812,-0.00760246,-0.06307155,-0.13046402,-0.20874293
2026-03-24,quality_momentum,7,603098.SH,,0.95652175,0.03295704,0.00495712,-0.00075722,-0.15732863
2026-03-24,quality_momentum,8,600468.SH,,0.94927537,0.04330992,-0.03742197,-0.07617336,-0.16766961
2026-03-24,quality_momentum,9,301027.SZ,,0.942029,0.00679569,-0.04842173,-0.07842175,-0.08885652
2026-03-24,quality_momentum,10,601225.SH,,0.93478262,-0.00843845,0.01617697,-0.02459227,-0.02728457
2026-03-24,quality_momentum,11,002655.SZ,,0.92753625,-0.0064403,-0.01552089,0.01909892,0.11047229
2026-03-24,quality_momentum,12,301609.SZ,,0.92028987,-0.02166964,-0.04917519,-0.15094587,-0.20698851
2026-03-24,quality_momentum,13,002575.SZ,,0.9130435,0.01325153,0.007424,-0.00539647,-0.06833353
2026-03-24,quality_momentum,14,300040.SZ,,0.90579712,-0.02247145,-0.03047137,-0.1619,-0.21447141
2026-03-24,quality_momentum,15,600563.SH,,0.89855075,0.03363034,0.02484241,-0.03402119,-0.10030908
2026-03-24,quality_momentum,16,300080.SZ,,0.89130437,-0.00350517,-0.10302362,-0.19130607,-0.24267046
2026-03-24,quality_momentum,17,688314.SH,,0.884058,0.07121112,0.17143332,0.10921108,0.1981
2026-03-24,quality_momentum,18,001872.SZ,,0.87681162,-0.00856374,-0.01122915,-0.02455664,-0.01878137
2026-03-24,quality_momentum,19,301266.SZ,,0.86956519,-0.08442788,-0.23963232,-0.25450219,-0.26472528
2026-03-24,quality_momentum,20,002594.SZ,,0.86231881,-0.00283701,-0.03197872,-0.00958366,-0.06290074
2026-03-25,quality_momentum,1,001289.SZ,,1.0,-0.0383963,-0.0780209,-0.15935562,-0.21253606
2026-03-25,quality_momentum,2,600995.SH,,0.99328858,-0.02572446,-0.08967431,-0.12290312,-0.14233887
2026-03-25,quality_momentum,3,301609.SZ,,0.98657715,-0.03294172,-0.10747698,-0.15132126,-0.20463589
2026-03-25,quality_momentum,4,688345.SH,,0.97986579,0.0065999,-0.06530451,-0.10022298,0.18257053
2026-03-25,quality_momentum,5,600563.SH,,0.97315437,-0.02523749,-0.0378207,-0.04667283,-0.11683161
2026-03-25,quality_momentum,6,600979.SH,,0.96644294,-0.00534827,-0.11914143,-0.16569315,-0.22603796
2026-03-25,quality_momentum,7,301292.SZ,,0.95973152,0.15766526,0.41838984,0.28795506,0.17317249
2026-03-25,quality_momentum,8,601088.SH,,0.95302016,0.00722365,0.01083076,-0.01144805,-0.01526732
2026-03-25,quality_momentum,9,301105.SZ,,0.94630873,-0.00932658,-0.02434106,-0.02482544,-0.01739886
2026-03-25,quality_momentum,10,000767.SZ,,0.93959731,,,,
2026-03-25,quality_momentum,11,603985.SH,,0.93288589,-0.01253292,-0.03936834,0.01835321,0.02999877
2026-03-25,quality_momentum,12,000966.SZ,,0.92617452,0.02527393,-0.11965364,-0.16313186,-0.21385653
2026-03-25,quality_momentum,13,300080.SZ,,0.9194631,-0.0806781,-0.15784852,-0.21411861,-0.26074241
2026-03-25,quality_momentum,14,600681.SH,,0.91275167,0.05482274,-0.06072353,-0.08173187,-0.14055539
2026-03-25,quality_momentum,15,003816.SZ,,0.90604025,0.01823427,0.02718276,0.01599709,0.01375991
2026-03-25,quality_momentum,16,601225.SH,,0.89932889,0.00468148,0.00971446,-0.00964292,-0.02358018
2026-03-25,quality_momentum,17,000968.SZ,,0.89261746,0.12259792,0.08243736,0.00713616,-0.07318517
2026-03-25,quality_momentum,18,600930.SH,,0.88590604,-0.04305223,-0.129472,-0.14593294,-0.1706243
2026-03-25,quality_momentum,19,300040.SZ,,0.87919462,0.0506088,-0.09174828,-0.14075643,-0.22010301
2026-03-25,quality_momentum,20,301180.SZ,,0.87248319,-0.12911495,-0.06687048,-0.10276321,-0.07277685
2026-03-26,quality_momentum,1,000600.SZ,,1.0,-0.01072355,-0.08131172,-0.129351,-0.12248827
2026-03-26,quality_momentum,2,301358.SZ,,0.99367088,0.03611737,-0.01604305,-0.08299519,-0.01578352
2026-03-26,quality_momentum,3,000791.SZ,,0.98734176,-0.03814,-0.12081276,-0.17630541,-0.0992952
2026-03-26,quality_momentum,4,001289.SZ,,0.98101264,-0.02192163,-0.09226798,-0.12581776,-0.1799303
2026-03-26,quality_momentum,5,300137.SZ,,0.97468352,-0.043631,-0.02431107,-0.01503753,0.02128392
2026-03-26,quality_momentum,6,600979.SH,,0.9683544,-0.05034294,-0.14549868,-0.18010072,-0.24930489
2026-03-26,quality_momentum,7,300939.SZ,,0.96202534,-0.04999522,-0.07570953,-0.12618574,-0.09428098
2026-03-26,quality_momentum,8,603659.SH,,0.95569623,0.0007858,-0.02875764,-0.07799664,-0.00279527
2026-03-26,quality_momentum,9,002025.SZ,,0.94936711,0.02978773,0.08015462,0.00910728,0.270615
2026-03-26,quality_momentum,10,600157.SH,,0.94303799,0.01882543,-0.05889477,-0.0796202,-0.11070825
2026-03-26,quality_momentum,11,600207.SH,,0.93670887,0.02934997,0.04497496,,-0.12690003
2026-03-26,quality_momentum,12,603098.SH,,0.93037975,0.01954933,0.01375218,-0.10798694,-0.15146518
2026-03-26,quality_momentum,13,002616.SZ,,0.92405063,-0.01085526,-0.03025819,-0.12727313,-0.1481687
2026-03-26,quality_momentum,14,688127.SH,,0.91772151,-0.00612389,0.0241471,0.04491447,0.21228507
2026-03-26,quality_momentum,15,300975.SZ,,0.91139239,-0.00980508,-0.00924048,-0.00754648,0.19629321
2026-03-26,quality_momentum,16,003816.SZ,,0.90506327,0.00687187,0.01125781,0.00248594,-0.02163688
2026-03-26,quality_momentum,17,688345.SH,,0.89873415,-0.02194551,-0.10349455,-0.06363119,0.16871506
2026-03-26,quality_momentum,18,000966.SZ,,0.89240509,,-0.16063018,-0.21001293,-0.2382316
2026-03-26,quality_momentum,19,603017.SH,,0.88607597,0.00877617,0.17247719,,-0.05101032
2026-03-26,quality_momentum,20,002246.SZ,,0.87974685,0.0570198,0.01364824,-0.0080375,0.00382828
2026-03-27,quality_momentum,1,600645.SH,,1.0,0.00063968,0.04381424,-0.11301111,-0.09904284
2026-03-27,quality_momentum,2,000993.SZ,,0.99441344,-0.05607465,-0.05416257,-0.195654,-0.19374193
2026-03-27,quality_momentum,3,002246.SZ,,0.98882681,0.01201036,-0.04169909,-0.08188456,-0.03976711
2026-03-27,quality_momentum,4,002812.SZ,,0.98324025,0.01879356,-0.07069193,-0.07558564,-0.0583876
2026-03-27,quality_momentum,5,301358.SZ,,0.97765362,-0.01715007,-0.09677499,-0.13627501,-0.03565005
2026-03-27,quality_momentum,6,601778.SH,,0.97206706,-0.06486295,-0.08338154,-0.1000482,0.02772963
2026-03-27,quality_momentum,7,600207.SH,,0.96648043,-0.04886969,0.03900909,,-0.14129396
2026-03-27,quality_momentum,8,605162.SH,,0.96089387,-0.07378355,0.2173902,0.16188526,0.22557946
2026-03-27,quality_momentum,9,600780.SH,,0.95530725,-0.08835166,-0.13738391,-0.18254518,-0.15673873
2026-03-27,quality_momentum,10,000690.SZ,,0.94972068,-0.07462729,-0.1146273,-0.16917272,-0.14553642
2026-03-27,quality_momentum,11,000862.SZ,,0.94413406,-0.09961574,-0.15291524,-0.21509801,-0.19352439
2026-03-27,quality_momentum,12,002616.SZ,,0.93854749,-0.03503249,-0.07268312,-0.1796108,-0.12840603
2026-03-27,quality_momentum,13,300040.SZ,,0.93296087,-0.08425299,-0.13366472,-0.20778239,-0.19601768
2026-03-27,quality_momentum,14,000966.SZ,,0.9273743,-0.09161963,-0.13647941,-0.190685,-0.17573175
2026-03-27,quality_momentum,15,301419.SZ,,0.92178774,-0.00239355,-0.0270727,-0.01769461,0.12741888
2026-03-27,quality_momentum,16,301609.SZ,,0.91620111,-0.08165463,-0.12676471,-0.20254957,-0.17223567
2026-03-27,quality_momentum,17,600681.SH,,0.91061455,-0.05874215,-0.07979472,-0.14295262,-0.13874209
2026-03-27,quality_momentum,18,601991.SH,,0.90502793,-0.06780908,-0.10644546,-0.1587182,-0.12917277
2026-03-27,quality_momentum,19,002648.SZ,,0.89944136,-0.00501422,-0.05103495,-0.06833599,0.00190624
2026-03-27,quality_momentum,20,301349.SZ,,0.89385474,-0.00060225,-0.03137717,0.08375081,0.1660645
2026-03-30,quality_momentum,1,000722.SZ,,1.0,-0.07235892,-0.12730402,-0.16414948,-0.14475713
2026-03-30,quality_momentum,2,002246.SZ,,0.99537039,-0.05601589,-0.07621404,-0.15090917,-0.03391219
2026-03-30,quality_momentum,3,603826.SH,,0.99074072,,,,
2026-03-30,quality_momentum,4,300763.SZ,,0.9861111,-0.00349836,-0.08811379,-0.1004015,-0.03356833
2026-03-30,quality_momentum,5,600645.SH,,0.98148149,-0.00791648,,-0.08549719,-0.09214701
2026-03-30,quality_momentum,6,688063.SH,,0.97685188,-0.04888069,-0.1092663,-0.12101143,-0.02653932
2026-03-30,quality_momentum,7,688032.SH,,0.97222221,-0.00728913,-0.06656955,-0.08424268,-0.08083485
2026-03-30,quality_momentum,8,600163.SH,,0.9675926,0.02050896,-0.10414085,-0.13635377,-0.14055544
2026-03-30,quality_momentum,9,600121.SH,,0.96296299,-0.10626437,-0.14231741,-0.21821876,-0.20493608
2026-03-30,quality_momentum,10,300975.SZ,,0.95833331,0.00844474,0.01016892,0.09005395,0.19407693
2026-03-30,quality_momentum,11,301358.SZ,,0.9537037,-0.03744199,-0.10294087,-0.1070028,0.05763288
2026-03-30,quality_momentum,12,000990.SZ,,0.94907409,-0.04933469,-0.07256795,-0.07256795,0.03875827
2026-03-30,quality_momentum,13,603098.SH,,0.94444442,-0.02856669,-0.14523335,-0.18578888,-0.19578886
2026-03-30,quality_momentum,14,600563.SH,,0.93981481,-0.0324054,-0.06351785,-0.09592037,-0.04067674
2026-03-30,quality_momentum,15,688275.SH,,0.93518519,-0.04057595,-0.05960419,-0.02933604,0.13979398
2026-03-30,quality_momentum,16,000968.SZ,,0.93055558,-0.0620852,-0.00560377,,-0.08615925
2026-03-30,quality_momentum,17,688150.SH,,0.92592591,-0.01424561,-0.01350485,0.02526056,0.18328522
2026-03-30,quality_momentum,18,688700.SH,,0.9212963,-0.00229181,0.00299815,0.13387583,0.19813921
2026-03-30,quality_momentum,19,002733.SZ,,0.91666669,-0.04841158,-0.03659307,0.06557996,0.1944401
2026-03-30,quality_momentum,20,301200.SZ,,0.91203701,-0.03885077,-0.08714872,-0.08546124,0.11139651
2026-03-31,quality_momentum,1,002246.SZ,,1.0,-0.00069128,-0.04259297,-0.04783066,0.02670598
2026-03-31,quality_momentum,2,000155.SZ,,0.99468082,-0.01698484,0.01632759,0.04461161,0.01381339
2026-03-31,quality_momentum,3,600152.SH,,0.9893617,-0.03098063,-0.06381368,-0.08445161,0.11442268
2026-03-31,quality_momentum,4,600158.SH,,0.98404253,-0.03161133,-0.09358081,0.01762466,-0.05113599
2026-03-31,quality_momentum,5,688150.SH,,0.97872341,0.0141,-0.02315005,0.11809997,0.17185
2026-03-31,quality_momentum,6,301200.SZ,,0.97340423,-0.04661299,-0.06147705,0.04335679,0.13459547
2026-03-31,quality_momentum,7,002756.SZ,,0.96808511,-0.00524672,-0.03121729,-0.02693343,0.02888984
2026-03-31,quality_momentum,8,600163.SH,,0.96276593,-0.0827219,-0.18272191,-0.16628356,-0.17039312
2026-03-31,quality_momentum,9,605162.SH,,0.95744681,0.13369316,0.08199831,0.24386269,0.04047284
2026-03-31,quality_momentum,10,002866.SZ,,0.95212764,-0.02235458,-0.05599099,-0.02962735,0.07219088
2026-03-31,quality_momentum,11,301182.SZ,,0.94680852,-0.01673586,-0.02757096,-0.02090322,0.11228561
2026-03-31,quality_momentum,12,600110.SH,,0.94148934,-0.03108924,-0.05271084,0.05431627,0.11377564
2026-03-31,quality_momentum,13,600645.SH,,0.93617022,0.04747876,-0.10989616,-0.08727752,-0.09141894
2026-03-31,quality_momentum,14,000065.SZ,,0.93085104,-0.08497306,-0.11495433,-0.03375511,-0.08996995
2026-03-31,quality_momentum,15,600207.SH,,0.92553192,0.02347315,,-0.14070596,-0.21085517
2026-03-31,quality_momentum,16,603301.SH,,0.92021275,0.00230843,-0.0776515,-0.11011643,-0.13025668
2026-03-31,quality_momentum,17,301358.SZ,,0.91489363,-0.048886,-0.09047591,-0.06217904,0.07733143
2026-03-31,quality_momentum,18,002812.SZ,,0.90957445,-0.03147889,-0.03657867,0.00611403,0.04108419
2026-03-31,quality_momentum,19,688251.SH,,0.90425533,-0.03027842,-0.06811625,-0.0259541,-0.01108915
2026-03-31,quality_momentum,20,300464.SZ,,0.89893615,0.01692059,-0.00817349,0.01441124,-0.08220111
2026-04-01,quality_momentum,1,600645.SH,,1.0,,-0.12333286,-0.1366905,-0.1366905
2026-04-01,quality_momentum,2,300677.SZ,,0.99459457,0.02134372,0.05620929,0.01891529,-0.08151839
2026-04-01,quality_momentum,3,603985.SH,,0.98918921,-0.00537395,0.03283939,0.00951438,0.24375756
2026-04-01,quality_momentum,4,002756.SZ,,0.98378378,-0.01466017,-0.04770248,-0.06462665,0.0592149
2026-04-01,quality_momentum,5,002636.SZ,,0.97837836,-0.02989999,0.07776665,0.26843338,0.28876661
2026-04-01,quality_momentum,6,600110.SH,,0.97297299,0.02259892,0.0883005,0.1116858,0.1005499
2026-04-01,quality_momentum,7,002655.SZ,,0.96756756,-0.00840402,0.02845232,0.16070166,0.18400787
2026-04-01,quality_momentum,8,603738.SH,,0.96216214,-0.03497986,-0.05170989,-0.0247137,0.06692124
2026-04-01,quality_momentum,9,688150.SH,,0.95675677,-0.01690982,0.02172204,0.16197787,0.20872987
2026-04-01,quality_momentum,10,688032.SH,,0.95135134,-0.07180309,-0.08937733,-0.08772236,-0.10498143
2026-04-01,quality_momentum,11,600158.SH,,0.94594592,0.021722,0.03047094,0.03572024,-0.01852297
2026-04-01,quality_momentum,12,603629.SH,,0.94054055,-0.0332386,0.04786371,0.16345428,0.51951726
2026-04-01,quality_momentum,13,603301.SH,,0.93513513,-0.01207756,-0.10387567,-0.12393152,-0.08920789
2026-04-01,quality_momentum,14,301516.SZ,,0.9297297,0.05301628,0.01588233,0.01274429,0.04830915
2026-04-01,quality_momentum,15,300464.SZ,,0.92432433,0.02519363,-0.0092891,0.02149908,-0.04623493
2026-04-01,quality_momentum,16,000037.SZ,,0.91891891,,-0.14500643,-0.17118451,-0.12319148
2026-04-01,quality_momentum,17,600773.SH,,0.91351354,0.0253264,-0.00700484,-0.01381146,0.22044829
2026-04-01,quality_momentum,18,688069.SH,,0.90810812,-0.00956552,0.09008605,0.12945889,0.24374454
2026-04-01,quality_momentum,19,600563.SH,,0.90270269,-0.05482182,-0.08752462,-0.07534721,-0.05972344
2026-04-01,quality_momentum,20,301282.SZ,,0.89729732,0.01792195,0.00528188,0.07537669,0.28997024
2026-04-02,quality_momentum,1,600645.SH,,1.0,-0.09575112,-0.0727738,-0.07892263,-0.09089677
2026-04-02,quality_momentum,2,002382.SZ,,0.99450547,0.00544388,-0.04106771,-0.04106771,-0.09859522
2026-04-02,quality_momentum,3,300464.SZ,,0.98901099,-0.05225972,-0.03067695,-0.029478,-0.029478
2026-04-02,quality_momentum,4,603985.SH,,0.98351645,-0.00588405,0.06035098,0.02300041,0.19282104
2026-04-02,quality_momentum,5,000065.SZ,,0.97802198,-0.04244054,0.04539727,-0.03906218,-0.05595406
2026-04-02,quality_momentum,6,600773.SH,,0.97252744,-0.01128708,-0.02453942,-0.02453942,0.24326833
2026-04-02,quality_momentum,7,688150.SH,,0.96703297,-0.02388358,0.11726059,0.13824485,0.2281774
2026-04-02,quality_momentum,8,688251.SH,,0.96153843,-0.02948236,0.01442418,0.01555004,0.00147737
2026-04-02,quality_momentum,9,600158.SH,,0.95604396,-0.08737009,0.02459576,-0.01984872,-0.06600257
2026-04-02,quality_momentum,10,002840.SZ,,0.95054942,0.01372494,0.11268331,0.09966242,0.18299575
2026-04-02,quality_momentum,11,600428.SH,,0.94505495,-0.03488976,-0.04313718,-0.06891032,-0.06994122
2026-04-02,quality_momentum,12,300400.SZ,,0.93956041,0.10484157,0.12049162,0.02177577,0.13333278
2026-04-02,quality_momentum,13,000951.SZ,,0.93406594,0.04194848,0.0240685,0.06365982,0.0083171
2026-04-02,quality_momentum,14,600310.SH,,0.9285714,-0.10250364,-0.08439506,-0.12061233,-0.1145761
2026-04-02,quality_momentum,15,002655.SZ,,0.92307693,0.02319551,0.06738527,0.15030948,0.25287359
2026-04-02,quality_momentum,16,600982.SH,,0.91758239,-0.08061198,-0.04304491,-0.05377833,-0.00011113
2026-04-02,quality_momentum,17,300750.SZ,,0.91208792,-0.02694993,-0.01664996,0.04310001,0.08060001
2026-04-02,quality_momentum,18,001203.SZ,,0.90659338,-0.01250423,-0.05985321,-0.06478535,0.14532559
2026-04-02,quality_momentum,19,603701.SH,,0.90109891,-0.04448015,0.02339505,0.00273741,0.04700387
2026-04-02,quality_momentum,20,603876.SH,,0.89560437,-0.00369857,-0.00010143,0.07094168,0.11500641
2026-04-03,quality_momentum,1,603985.SH,,1.0,0.04059993,0.01709998,0.08359995,0.18159996
2026-04-03,quality_momentum,2,000951.SZ,,0.99337751,-0.00067658,0.00584875,0.06009021,-0.03901256
2026-04-03,quality_momentum,3,002638.SZ,,0.98675495,0.01983917,0.01983917,0.10921113,0.08988747
2026-04-03,quality_momentum,4,000155.SZ,,0.98013246,-0.02041859,0.02279133,0.0555073,0.06106287
2026-04-03,quality_momentum,5,002713.SZ,,0.97350991,0.06433062,0.12320227,0.18370921,0.15590869
2026-04-03,quality_momentum,6,600602.SH,,0.96688741,0.01614016,0.02721024,0.01819016,-0.02773032
2026-04-03,quality_momentum,7,301365.SZ,,0.96026492,0.03885237,0.08831248,0.05417798,0.06602057
2026-04-03,quality_momentum,8,002655.SZ,,0.95364237,0.00980828,0.13966461,0.13647139,0.20565714
2026-04-03,quality_momentum,9,300022.SZ,,0.94701988,0.00113949,0.03153464,-0.03128196,0.01127124
2026-04-03,quality_momentum,10,002580.SZ,,0.94039732,0.04793387,0.14427944,0.51238562,
2026-04-03,quality_momentum,11,002810.SZ,,0.93377483,-0.00453394,0.03541337,0.07360483,0.16096209
2026-04-03,quality_momentum,12,300603.SZ,,0.92715234,0.01886123,0.02059129,0.0058854,0.00848061
2026-04-03,quality_momentum,13,600428.SH,,0.92052978,-0.0019,0.02155419,-0.05520491,-0.04560996
2026-04-03,quality_momentum,14,002840.SZ,,0.91390729,,,,
2026-04-03,quality_momentum,15,002382.SZ,,0.9072848,0.04305758,-0.05293276,-0.07844917,-0.1136861
2026-04-03,quality_momentum,16,603876.SH,,0.90066224,-0.00685494,0.066118,0.09629821,0.17737928
2026-04-03,quality_momentum,17,688667.SH,,0.89403975,0.00060259,0.05463911,0.33279281,0.33520262
2026-04-03,quality_momentum,18,002428.SZ,,0.8874172,0.03836204,0.12100509,0.07689022,0.31422414
2026-04-03,quality_momentum,19,603017.SH,,0.8807947,-0.01730721,0.02157758,-0.00043265,0.13749837
2026-04-03,quality_momentum,20,300055.SZ,,0.87417221,0.00348599,0.04567628,0.12018252,0.02233692
2026-04-07,quality_momentum,1,301150.SZ,,1.0,-0.01341055,-0.01996271,0.03936086,0.19501865
2026-04-07,quality_momentum,2,002281.SZ,,0.994012,0.00364392,0.12038036,0.16546402,0.26902052
2026-04-07,quality_momentum,3,688178.SH,,0.98802394,0.02004563,0.07376326,0.00596111,0.08883038
2026-04-07,quality_momentum,4,603985.SH,,0.98203593,0.02112162,-0.01484958,0.01296817,0.14294417
2026-04-07,quality_momentum,5,000951.SZ,,0.97604793,-0.0202299,0.01765198,-0.02919118,-0.01982256
2026-04-07,quality_momentum,6,301349.SZ,,0.97005987,0.00862635,0.00967897,0.07967897,0.10967893
2026-04-07,quality_momentum,7,600158.SH,,0.96407187,0.01589661,-0.02817122,-0.0341034,-0.06715428
2026-04-07,quality_momentum,8,688150.SH,,0.95808381,0.07502306,0.09521538,0.15194613,0.31733077
2026-04-07,quality_momentum,9,002580.SZ,,0.95209581,-0.02088732,0.22911261,0.54746707,
2026-04-07,quality_momentum,10,600602.SH,,0.9461078,-0.02203696,-0.03895197,-0.01680134,-0.08566965
2026-04-07,quality_momentum,11,002460.SZ,,0.94011974,0.05566876,0.07545809,0.1224897,0.04988617
2026-04-07,quality_momentum,12,301511.SZ,,0.93413174,-0.00238935,0.06000362,0.14613034,0.51486053
2026-04-07,quality_momentum,13,002382.SZ,,0.92814374,-0.08910935,-0.08910935,-0.1205047,-0.14376049
2026-04-07,quality_momentum,14,002810.SZ,,0.92215568,0.01702608,0.01042397,0.01086414,0.16315285
2026-04-07,quality_momentum,15,603588.SH,,0.91616768,0.0660013,0.00118647,-0.04943084,-0.02535675
2026-04-07,quality_momentum,16,301365.SZ,,0.91017962,0.0543249,0.02085769,0.00914416,0.04963947
2026-04-07,quality_momentum,17,002713.SZ,,0.90419161,0.03260919,0.09319201,0.16527795,0.12079942
2026-04-07,quality_momentum,18,600428.SH,,0.89820361,-0.01042878,-0.03708118,-0.06906415,-0.05094052
2026-04-07,quality_momentum,19,300501.SZ,,0.89221555,0.01856461,-0.0173867,0.05672834,0.08991416
2026-04-07,quality_momentum,20,688607.SH,,0.88622755,0.0406078,0.06456977,0.04848568,0.09460414
2026-04-08,quality_momentum,1,002382.SZ,,1.0,-0.00699554,-0.03374713,-0.05412928,-0.02992545
2026-04-08,quality_momentum,2,301150.SZ,,0.99484539,0.02067255,0.04234938,0.08158265,0.14464249
2026-04-08,quality_momentum,3,002281.SZ,,0.98969072,,,,
2026-04-08,quality_momentum,4,000155.SZ,,0.98453611,-0.00490296,0.0269288,-0.03132942,0.0269288
2026-04-08,quality_momentum,5,603985.SH,,0.97938144,-0.0464382,0.01591526,0.05904703,0.16875166
2026-04-08,quality_momentum,6,301216.SZ,,0.97422683,-0.02988441,0.00978965,0.02820975,0.05513153
2026-04-08,quality_momentum,7,002460.SZ,,0.96907216,-0.00870432,0.03078536,0.01061524,-0.00250754
2026-04-08,quality_momentum,8,002294.SZ,,0.96391755,-0.02330288,-0.01174222,,-0.11360127
2026-04-08,quality_momentum,9,000617.SZ,,0.95876288,-0.03507533,-0.06066778,-0.07109432,-0.1251227
2026-04-08,quality_momentum,10,601998.SH,,0.95360827,-0.00791687,-0.01393374,0.00772697,-0.0019
2026-04-08,quality_momentum,11,002653.SZ,,0.94845361,-0.06211544,0.02264524,0.02582377,0.02900231
2026-04-08,quality_momentum,12,300964.SZ,,0.943299,-0.0182495,0.00707882,-0.03446496,-0.01288904
2026-04-08,quality_momentum,13,603826.SH,,0.93814433,-0.01309397,0.09212985,0.17571202,0.33578666
2026-04-08,quality_momentum,14,300050.SZ,,0.93298972,0.01974504,0.11498311,0.08035111,0.05870607
2026-04-08,quality_momentum,15,002025.SZ,,0.92783505,,,,
2026-04-08,quality_momentum,16,603507.SH,,0.92268044,,,,
2026-04-08,quality_momentum,17,301365.SZ,,0.91752577,-0.01013829,-0.0411903,-0.03105087,0.09442445
2026-04-08,quality_momentum,18,603876.SH,,0.91237116,0.06228308,0.09235493,0.11704074,0.07978753
2026-04-08,quality_momentum,19,301511.SZ,,0.90721649,0.08867532,0.12294704,0.14840599,0.60299595
2026-04-08,quality_momentum,20,600428.SH,,0.90206188,0.03035809,-0.0470613,-0.02663119,-0.02555584
2026-04-09,quality_momentum,1,000155.SZ,,1.0,-0.00551443,0.01677467,0.02219636,0.00894339
2026-04-09,quality_momentum,2,600186.SH,,0.99456519,-0.03356224,-0.01245408,0.05614756,0.26195224
2026-04-09,quality_momentum,3,603876.SH,,0.98913044,0.00442644,0.05503802,0.05630328,0.02720168
2026-04-09,quality_momentum,4,301216.SZ,,0.98369563,-0.01647729,0.02178803,0.08410583,0.09686089
2026-04-09,quality_momentum,5,300342.SZ,,0.97826087,0.01293522,-0.01746773,0.00597546,0.29956524
2026-04-09,quality_momentum,6,002460.SZ,,0.97282606,0.02379123,0.06856735,0.04361017,-0.02379874
2026-04-09,quality_momentum,7,603042.SH,,0.96739131,-0.05525091,-0.0349687,-0.03144141,-0.10507458
2026-04-09,quality_momentum,8,301282.SZ,,0.9619565,-0.01256671,0.09863333,0.19730003,0.16609997
2026-04-09,quality_momentum,9,301349.SZ,,0.95652175,-0.00947313,0.05920157,0.05007934,0.07383144
2026-04-09,quality_momentum,10,000065.SZ,,0.95108694,-0.06316481,-0.04406074,-0.05525967,-0.11125438
2026-04-09,quality_momentum,11,000593.SZ,,0.94565219,0.0050848,-0.03798852,0.0970522,0.1412897
2026-04-09,quality_momentum,12,300050.SZ,,0.94021738,0.13086844,0.08143336,0.02493617,-0.01037457
2026-04-09,quality_momentum,13,002294.SZ,,0.93478262,-0.00285787,0.00368747,-0.06192555,-0.11428825
2026-04-09,quality_momentum,14,603985.SH,,0.92934781,0.00791357,0.03637284,0.22969963,0.1791599
2026-04-09,quality_momentum,15,300975.SZ,,0.92391306,0.01341107,-0.00620623,-0.02582344,0.00623395
2026-04-09,quality_momentum,16,605319.SH,,0.91847825,0.02201303,0.04701305,0.04846234,-0.0022623
2026-04-09,quality_momentum,17,301309.SZ,,0.9130435,-0.02746894,-0.08338355,-0.01566788,-0.05781461
2026-04-09,quality_momentum,18,600428.SH,,0.90760869,-0.05919164,-0.09044166,-0.05919164,-0.06440004
2026-04-09,quality_momentum,19,301186.SZ,,0.90217394,-0.00682694,-9.349e-05,0.09516027,0.20897202
2026-04-09,quality_momentum,20,300054.SZ,,0.89673913,-0.01611801,0.01212846,-0.02900903,0.0445455
2026-04-10,quality_momentum,1,002460.SZ,,1.0,0.01181659,-0.00798304,-0.00488193,8.34e-06
2026-04-10,quality_momentum,2,000990.SZ,,0.99532712,-0.04175507,-0.03632027,-0.04266089,0.08505652
2026-04-10,quality_momentum,3,002181.SZ,,0.99065423,0.03903103,0.05187207,0.0944082,0.04946442
2026-04-10,quality_momentum,4,301349.SZ,,0.98598129,0.09071186,0.0719813,0.07267508,0.039203
2026-04-10,quality_momentum,5,301150.SZ,,0.9813084,0.04931734,0.08881239,0.09620638,0.07636871
2026-04-10,quality_momentum,6,600186.SH,,0.97663552,0.03079752,0.02534793,0.07575663,0.25014352
2026-04-10,quality_momentum,7,603985.SH,,0.97196263,0.05300763,0.09771125,0.16379477,0.21530113
2026-04-10,quality_momentum,8,002733.SZ,,0.96728975,0.02943333,0.01876664,0.04509996,-0.00423336
2026-04-10,quality_momentum,9,600110.SH,,0.9626168,0.06616278,0.07872822,0.0357963,0.00333562
2026-04-10,quality_momentum,10,301282.SZ,,0.95794392,0.03853126,0.06144237,0.23826178,0.12748011
2026-04-10,quality_momentum,11,600746.SH,,0.95327103,-0.03283816,-0.0378282,,-0.14062258
2026-04-10,quality_momentum,12,603227.SH,,0.94859815,-0.02744405,-0.0615027,-0.1504336,-0.17313933
2026-04-10,quality_momentum,13,301186.SZ,,0.94392526,0.02104113,0.06890384,0.12452354,0.10933949
2026-04-10,quality_momentum,14,301365.SZ,,0.93925232,-0.00975346,0.00071776,-0.02186075,0.0844874
2026-04-10,quality_momentum,15,300054.SZ,,0.93457943,0.0038692,0.0002154,0.02233079,0.09809997
2026-04-10,quality_momentum,16,605016.SH,,0.92990655,-0.0015363,-0.04262725,-0.04553631,-0.03826357
2026-04-10,quality_momentum,17,603248.SH,,0.92523366,-0.06005127,-0.0876143,-0.1097992,-0.16021937
2026-04-10,quality_momentum,18,603876.SH,,0.92056078,0.01989383,0.04294497,0.03917291,0.16155347
2026-04-10,quality_momentum,19,000155.SZ,,0.91588783,0.03377099,-0.02487467,0.02470209,0.06520996
2026-04-10,quality_momentum,20,300400.SZ,,0.91121495,0.00946805,0.08786868,0.1070769,0.00829209
2026-04-13,quality_momentum,1,301150.SZ,,1.0,0.00684937,0.02211784,0.07684423,0.07890289
2026-04-13,quality_momentum,2,301216.SZ,,0.99581587,-0.01835656,0.04151741,0.02366022,0.05027086
2026-04-13,quality_momentum,3,002460.SZ,,0.99163181,0.0276329,0.00363008,-0.01590164,-0.01213651
2026-04-13,quality_momentum,4,002866.SZ,,0.98744768,0.0578803,0.06315495,0.15766047,0.13128682
2026-04-13,quality_momentum,5,000973.SZ,,0.98326361,-0.00661449,-0.09723786,-0.0584741,0.02638705
2026-04-13,quality_momentum,6,600234.SH,,0.97907948,0.03459211,0.0534267,0.2876821,0.37596934
2026-04-13,quality_momentum,7,605319.SH,,0.97489542,-0.00705464,-0.00568006,-0.07062853,-0.06581752
2026-04-13,quality_momentum,8,300050.SZ,,0.97071129,-0.01094389,-0.06262349,-0.07037542,-0.09621519
2026-04-13,quality_momentum,9,301349.SZ,,0.96652722,-0.02332857,-0.03174129,0.01397298,-0.0495191
2026-04-13,quality_momentum,10,603876.SH,,0.9623431,0.02599171,0.02722219,0.07193101,0.15888752
2026-04-13,quality_momentum,11,603826.SH,,0.95815897,-0.00940339,0.20887764,0.13282036,0.20546702
2026-04-13,quality_momentum,12,000155.SZ,,0.9539749,-0.01474293,-0.00948898,0.00335395,0.03954781
2026-04-13,quality_momentum,13,000951.SZ,,0.94979078,-0.08484931,-0.07870496,-0.09521797,-0.13899682
2026-04-13,quality_momentum,14,002638.SZ,,0.94560671,0.01549129,0.02853475,-0.01929129,-0.0127695
2026-04-13,quality_momentum,15,300501.SZ,,0.94142258,0.00229725,0.01751239,0.0264316,0.01932909
2026-04-13,quality_momentum,16,301511.SZ,,0.93723851,0.01920986,0.04053744,0.13629364,0.45664184
2026-04-13,quality_momentum,17,605016.SH,,0.93305439,-0.0237103,-0.0248008,-0.05279062,-0.04733803
2026-04-13,quality_momentum,18,000967.SZ,,0.92887032,0.0535593,0.2121381,0.1774761,0.12461648
2026-04-13,quality_momentum,19,301081.SZ,,0.92468619,-0.00862047,0.00280426,0.11301928,0.0122129
2026-04-13,quality_momentum,20,002733.SZ,,0.92050207,0.01232108,0.03914723,-0.00286965,-0.05716825
2026-04-14,quality_momentum,1,603985.SH,,1.0,0.06757068,0.13184282,0.12617181,0.28590711
2026-04-14,quality_momentum,2,002866.SZ,,0.99601597,-0.02180877,0.10925715,0.19594315,0.08271218
2026-04-14,quality_momentum,3,300400.SZ,,0.99203187,0.00717441,0.02496032,-0.00734463,-0.09119217
2026-04-14,quality_momentum,4,603929.SH,,0.98804784,-0.02119492,-0.03198967,-0.03444069,-0.00325582
2026-04-14,quality_momentum,5,000973.SZ,,0.98406374,-0.07821577,-0.05400526,-0.07505792,0.01599471
2026-04-14,quality_momentum,6,000155.SZ,,0.98007971,-0.04625245,0.00223954,-0.01668415,0.06255891
2026-04-14,quality_momentum,7,301509.SZ,,0.97609562,-0.00996277,-0.06173444,-0.09250043,-0.25396873
2026-04-14,quality_momentum,8,301365.SZ,,0.97211158,0.01233366,-0.01050643,0.03815296,0.11892087
2026-04-14,quality_momentum,9,603876.SH,,0.96812749,-0.00708754,-0.01067898,0.05955246,0.07351898
2026-04-14,quality_momentum,10,002638.SZ,,0.96414346,0.0130573,-0.010447,-0.0339512,-0.027541
2026-04-14,quality_momentum,11,000608.SZ,,0.96015936,-0.03499689,-0.07991417,-0.0775501,-0.16738464
2026-04-14,quality_momentum,12,300501.SZ,,0.95617533,0.01429648,0.00384709,0.02944795,0.03206153
2026-04-14,quality_momentum,13,600186.SH,,0.95219123,0.00343333,0.05276665,0.06476667,0.31143339
2026-04-14,quality_momentum,14,301282.SZ,,0.9482072,-0.04599982,0.1129534,0.0967188,0.05455746
2026-04-14,quality_momentum,15,688607.SH,,0.94422311,-0.02861874,0.01528748,0.04200621,-0.01658748
2026-04-14,quality_momentum,16,002460.SZ,,0.94023907,-0.04955717,-0.04658577,-0.06647151,-0.06692857
2026-04-14,quality_momentum,17,002181.SZ,,0.93625498,-0.01911563,0.02055504,-0.00489402,0.0834293
2026-04-14,quality_momentum,18,301150.SZ,,0.93227094,0.02667143,0.03364416,0.14758972,0.06493669
2026-04-14,quality_momentum,19,002810.SZ,,0.92828685,0.01287618,0.11891702,0.14846938,0.16802608
2026-04-14,quality_momentum,20,002756.SZ,,0.92430282,-0.00860793,-0.02821577,-0.06007854,-0.01866987
2026-04-15,quality_momentum,1,002866.SZ,,1.0,0.02349139,0.11447745,0.1542574,0.09077877
2026-04-15,quality_momentum,2,002460.SZ,,0.99647886,0.02366104,0.00374024,-0.01486058,0.04214176
2026-04-15,quality_momentum,3,300400.SZ,,0.99295777,0.00169714,-0.00441797,0.03191297,-0.07959784
2026-04-15,quality_momentum,4,000973.SZ,,0.98943663,-0.01785444,0.02431081,0.04311422,0.25735922
2026-04-15,quality_momentum,5,603659.SH,,0.98591548,0.01675649,0.01647271,0.01562115,0.04826135
2026-04-15,quality_momentum,6,600186.SH,,0.98239434,0.06176055,0.03523531,0.13470474,0.50075253
2026-04-15,quality_momentum,7,600867.SH,,0.97887325,-0.0019,-0.02131748,-0.04073496,-0.07956993
2026-04-15,quality_momentum,8,600773.SH,,0.97535211,0.04168352,0.11190147,0.13611455,0.3346618
2026-04-15,quality_momentum,9,301282.SZ,,0.97183096,0.13802397,0.13117984,0.17959558,0.04499478
2026-04-15,quality_momentum,10,603985.SH,,0.96830988,0.10724715,0.04405667,0.10150255,0.16911191
2026-04-15,quality_momentum,11,301150.SZ,,0.96478873,-0.01496218,0.03778255,0.05630107,0.07283538
2026-04-15,quality_momentum,12,688700.SH,,0.96126759,0.00204713,0.02367062,0.10501606,0.0689769
2026-04-15,quality_momentum,13,002850.SZ,,0.95774651,,,,
2026-04-15,quality_momentum,14,002733.SZ,,0.95422536,0.05002691,0.00757093,-0.02214818,-0.02312796
2026-04-15,quality_momentum,15,688607.SH,,0.95070422,0.04160616,0.10325324,0.12653153,0.02555222
2026-04-15,quality_momentum,16,002463.SZ,,0.94718307,0.0136014,0.04427883,0.13663657,0.12135203
2026-04-15,quality_momentum,17,301377.SZ,,0.94366199,-0.01476364,0.02537267,0.07400903,0.03817174
2026-04-15,quality_momentum,18,002638.SZ,,0.94014084,-0.00400531,-0.05032106,-0.0587421,-0.06505794
2026-04-15,quality_momentum,19,002756.SZ,,0.9366197,0.02407406,-0.0183935,-0.05384801,0.1117364
2026-04-15,quality_momentum,20,300502.SZ,,0.93309861,0.10473991,0.16107793,0.24357288,0.10272778
2026-04-16,quality_momentum,1,301377.SZ,,1.0,0.03797658,0.04796877,0.02669511,0.08259881
2026-04-16,quality_momentum,2,300750.SZ,,0.99663299,-0.05225529,-0.01952011,-0.01731486,0.01721245
2026-04-16,quality_momentum,3,603803.SH,,0.99326599,-0.01480321,-0.01093228,-0.05609356,-0.07931934
2026-04-16,quality_momentum,4,301191.SZ,,0.98989898,-0.02867854,-0.04223555,0.01145574,-0.01653083
2026-04-16,quality_momentum,5,688521.SH,,0.98653197,0.01295234,-0.02658357,-0.01033882,0.23016751
2026-04-16,quality_momentum,6,600186.SH,,0.98316497,-0.01561579,-0.00439382,0.19261363,0.36343657
2026-04-16,quality_momentum,7,000155.SZ,,0.97979796,-0.0030765,-0.02190001,-0.01484114,0.02751176
2026-04-16,quality_momentum,8,603659.SH,,0.97643095,-0.01193067,0.00729481,-0.03227058,0.020669
2026-04-16,quality_momentum,9,000951.SZ,,0.97306395,-0.01479518,0.00101183,-0.00231598,-0.08384672
2026-04-16,quality_momentum,10,301222.SZ,,0.969697,0.02177797,0.0004678,0.10070452,0.23935226
2026-04-16,quality_momentum,11,002866.SZ,,0.96632999,,,,
2026-04-16,quality_momentum,12,600867.SH,,0.96296299,-0.01452136,-0.05723978,-0.07665726,-0.10384176
2026-04-16,quality_momentum,13,688629.SH,,0.95959598,0.10662713,0.0601155,0.00244107,0.0988752
2026-04-16,quality_momentum,14,301150.SZ,,0.95622897,0.01820383,0.13045041,-0.07862983,0.19763085
2026-04-16,quality_momentum,15,301216.SZ,,0.95286196,-0.00324229,-0.02807449,0.00984493,0.01320064
2026-04-16,quality_momentum,16,605319.SH,,0.94949496,-0.05191725,-0.06537018,-0.05019252,-0.07675345
2026-04-16,quality_momentum,17,300502.SZ,,0.94612795,0.06900904,0.03264544,0.00311811,-0.02026365
2026-04-16,quality_momentum,18,688331.SH,,0.94276094,-0.02076052,-0.08026881,-0.12397329,-0.16293014
2026-04-16,quality_momentum,19,002848.SZ,,0.93939394,0.02846304,-0.0104808,-0.0302828,0.00470069
2026-04-16,quality_momentum,20,002229.SZ,,0.93602693,-0.01690747,-0.05692753,,-0.16097955
2026-04-17,quality_momentum,1,300666.SZ,,1.0,-0.01348397,0.01043946,0.00540296,0.15215434
2026-04-17,quality_momentum,2,300400.SZ,,0.99718308,-0.02169503,0.01400664,-0.09097743,-0.0757777
2026-04-17,quality_momentum,3,000973.SZ,,0.99436617,-0.0019,0.01642315,0.05862189,0.17911054
2026-04-17,quality_momentum,4,603507.SH,,0.99154931,-0.00256906,0.03244427,0.00434442,0.0351205
2026-04-17,quality_momentum,5,000815.SZ,,0.9887324,-0.00745045,-0.03705264,-0.12400921,-0.01207582
2026-04-17,quality_momentum,6,603803.SH,,0.98591548,0.00202153,0.03731565,-0.0790242,-0.02869737
2026-04-17,quality_momentum,7,300964.SZ,,0.98309857,-0.02817778,-0.03225086,-0.10188687,-0.03947724
2026-04-17,quality_momentum,8,002183.SZ,,0.98028171,0.00461465,-0.03121593,-0.07356125,-0.02795861
2026-04-17,quality_momentum,9,300054.SZ,,0.9774648,-0.01185123,0.04053332,0.07207667,0.26096146
2026-04-17,quality_momentum,10,605319.SH,,0.97464788,-0.01787678,0.00390972,0.01480296,-0.03457974
2026-04-17,quality_momentum,11,688700.SH,,0.97183096,-0.03553519,0.04111422,0.00068733,0.02801592
2026-04-17,quality_momentum,12,688679.SH,,0.96901411,-0.03193437,0.00280415,0.04170412,-0.05581712
2026-04-17,quality_momentum,13,688521.SH,,0.96619719,0.05414522,0.04998756,-0.02568181,0.14145604
2026-04-17,quality_momentum,14,000155.SZ,,0.96338028,0.01223426,0.0069339,0.03755819,0.03225783
2026-04-17,quality_momentum,15,601208.SH,,0.96056336,-0.0391501,0.0019346,-0.04599754,0.13367929
2026-04-17,quality_momentum,16,688300.SH,,0.95774651,0.00157808,0.01095835,-0.09443795,-0.03225416
2026-04-17,quality_momentum,17,603701.SH,,0.95492959,0.0069424,0.02904854,0.01819644,-0.02521189
2026-04-17,quality_momentum,18,688072.SH,,0.95211267,0.02129587,0.01614125,0.00910515,0.2020433
2026-04-17,quality_momentum,19,002408.SZ,,0.94929576,-0.013912,-0.06796608,-0.06946754,-0.01841647
2026-04-17,quality_momentum,20,920047.BJ,,0.94647884,-0.00793825,-0.02739481,-0.08542901,-0.09582819
2026-04-20,quality_momentum,1,301216.SZ,,1.0,-0.01111812,0.02746156,0.02404742,0.03770399
2026-04-20,quality_momentum,2,000973.SZ,,0.99754298,-0.02410991,-0.05242748,0.08805,0.14690621
2026-04-20,quality_momentum,3,300166.SZ,,0.99508601,-0.02567967,0.0206282,0.00310625,0.19271831
2026-04-20,quality_momentum,4,603211.SH,,0.99262899,-0.07819628,-0.11671479,-0.07597407,0.01995191
2026-04-20,quality_momentum,5,603124.SH,,0.99017197,0.0254691,0.02933202,0.08382367,0.0719062
2026-04-20,quality_momentum,6,300055.SZ,,0.98771501,0.00335854,0.04104482,0.02088707,-0.04221551
2026-04-20,quality_momentum,7,000990.SZ,,0.98525798,-0.01554876,0.12093896,0.11729928,0.05087526
2026-04-20,quality_momentum,8,603507.SH,,0.98280096,0.00390227,0.00234009,0.00680346,0.05299842
2026-04-20,quality_momentum,9,605319.SH,,0.980344,-5.498e-05,0.0161812,0.00326607,-0.0107561
2026-04-20,quality_momentum,10,603118.SH,,0.97788697,-0.04020647,-0.02878176,-0.02609359,0.02834191
2026-04-20,quality_momentum,11,603196.SH,,0.97542995,0.02605024,0.01518072,,-0.10127891
2026-04-20,quality_momentum,12,002183.SZ,,0.97297299,-0.03426243,-0.06824302,-0.07309742,0.09680552
2026-04-20,quality_momentum,13,605376.SH,,0.97051597,0.00384182,0.0655199,0.09672936,0.19276569
2026-04-20,quality_momentum,14,300432.SZ,,0.96805894,-0.01917446,0.02497139,0.02689077,0.04608461
2026-04-20,quality_momentum,15,002246.SZ,,0.96560198,-0.02925678,-0.07990372,-0.09986672,-0.07361907
2026-04-20,quality_momentum,16,000815.SZ,,0.96314496,-0.03771398,-0.03585347,-0.10422562,0.01810001
2026-04-20,quality_momentum,17,002848.SZ,,0.96068794,0.0109119,-0.00931737,0.0432787,0.02035219
2026-04-20,quality_momentum,18,000062.SZ,,0.95823097,-0.00025255,0.01325647,0.25938495,0.18920255
2026-04-20,quality_momentum,19,300666.SZ,,0.95577395,-0.00463882,-0.01336499,0.06688983,0.14841849
2026-04-20,quality_momentum,20,300400.SZ,,0.95331693,-0.01380047,-0.05743549,-0.07654839,0.05579926
2026-04-21,quality_momentum,1,002025.SZ,,1.0,0.01503085,0.02749184,-0.07923987,0.03670218
2026-04-21,quality_momentum,2,603659.SH,,0.99751246,-0.01211543,0.01963503,-0.02730039,-0.0742358
2026-04-21,quality_momentum,3,002812.SZ,,0.99502486,-0.01628468,0.06682664,0.04405095,0.06762585
2026-04-21,quality_momentum,4,601000.SH,,0.99253732,-0.0019,0.00429834,0.00223219,-0.00809834
2026-04-21,quality_momentum,5,301081.SZ,,0.99004978,-0.00561739,-0.0966955,-0.00685663,0.0389922
2026-04-21,quality_momentum,6,300432.SZ,,0.98756218,0.02544373,0.06216251,-0.0370563,0.05942807
2026-04-21,quality_momentum,7,300750.SZ,,0.98507464,0.00374611,0.00630838,-0.02233042,-0.00419023
2026-04-21,quality_momentum,8,688521.SH,,0.98258704,0.09262739,0.01389065,-0.03274573,0.1748251
2026-04-21,quality_momentum,9,002733.SZ,,0.9800995,-0.01570671,-0.01800785,0.07502301,-0.03049964
2026-04-21,quality_momentum,10,002848.SZ,,0.97761196,-0.00389738,-0.0065605,0.03005736,0.0420414
2026-04-21,quality_momentum,11,301216.SZ,,0.97512436,0.02635638,0.03772781,-0.0129269,0.03772781
2026-04-21,quality_momentum,12,300499.SZ,,0.97263682,0.06287249,0.00532371,-0.06739484,0.06239091
2026-04-21,quality_momentum,13,603077.SH,,0.97014928,0.00144448,-0.02196687,-0.02865583,-0.03534478
2026-04-21,quality_momentum,14,002686.SZ,,0.96766168,-0.01055259,-0.06617685,-0.07482951,-0.02044136
2026-04-21,quality_momentum,15,002135.SZ,,0.96517414,0.01124058,-0.05446245,-0.01766873,0.24251516
2026-04-21,quality_momentum,16,300394.SZ,,0.96268654,0.08161357,-0.06435491,-0.12205003,-0.04032495
2026-04-21,quality_momentum,17,300037.SZ,,0.960199,0.00542486,0.03313184,0.05337401,0.05674241
2026-04-21,quality_momentum,18,002832.SZ,,0.95771146,-0.01754187,-0.02832932,0.02237191,0.04934063
2026-04-21,quality_momentum,19,605056.SH,,0.95522386,-0.02204395,-0.10225978,-0.07456187,-0.07672015
2026-04-21,quality_momentum,20,603196.SH,,0.95273632,0.01260161,0.03586435,-0.14087277,-0.13301778
2026-04-22,quality_momentum,1,301191.SZ,,1.0,-0.03401541,-0.02202822,-0.05023336,0.04733073
2026-04-22,quality_momentum,2,300432.SZ,,0.99773753,0.01521026,0.0171114,0.06920268,0.01559051
2026-04-22,quality_momentum,3,688629.SH,,0.99547511,-0.04134252,0.01374354,-0.0447529,0.02271441
2026-04-22,quality_momentum,4,603659.SH,,0.99321264,-0.03118868,0.02962025,0.03017815,-0.06075626
2026-04-22,quality_momentum,5,300265.SZ,,0.99095023,-0.05802995,-0.07920176,-0.10677437,-0.03488859
2026-04-22,quality_momentum,6,300975.SZ,,0.98868775,-0.01362612,-0.0741326,-0.05583993,0.10410372
2026-04-22,quality_momentum,7,688097.SH,,0.98642534,-0.0403616,-0.11133229,-0.12079504,-0.04997699
2026-04-22,quality_momentum,8,688300.SH,,0.98416287,-0.07432458,-0.0757814,-0.11220183,0.00580029
2026-04-22,quality_momentum,9,002135.SZ,,0.98190045,-0.06026575,-0.04210753,0.01885228,0.21081077
2026-04-22,quality_momentum,10,603876.SH,,0.97963798,0.0105482,0.17237392,0.17859799,0.25909586
2026-04-22,quality_momentum,11,300666.SZ,,0.97737557,-0.03672588,0.04163237,0.06775176,0.13615969
2026-04-22,quality_momentum,12,300383.SZ,,0.97511309,-0.02223901,-0.09794521,-0.09794521,-0.03692828
2026-04-22,quality_momentum,13,002730.SZ,,0.97285068,0.02175591,0.037885,0.12534018,0.24720398
2026-04-22,quality_momentum,14,688503.SH,,0.97058821,-0.05315001,0.05018326,0.05705826,0.19372499
2026-04-22,quality_momentum,15,000155.SZ,,0.96832579,-0.0223319,0.03954781,0.06640123,-0.03809375
2026-04-22,quality_momentum,16,688372.SH,,0.96606332,-0.04837127,0.00531106,-0.01578793,0.09150987
2026-04-22,quality_momentum,17,301200.SZ,,0.96380091,-0.04731796,-0.0560097,-0.06465117,-0.01415886
2026-04-22,quality_momentum,18,001203.SZ,,0.96153843,-0.03854461,0.05372914,0.14600289,0.0396011
2026-04-22,quality_momentum,19,301216.SZ,,0.95927602,0.0084887,0.00513749,0.02088819,-0.00860243
2026-04-22,quality_momentum,20,300303.SZ,,0.95701355,-0.02981147,-0.05676044,-0.11835815,0.03948591
2026-04-23,quality_momentum,1,300782.SZ,,1.0,-0.00247614,-0.00334025,-0.0244636,0.03074524
2026-04-23,quality_momentum,2,300490.SZ,,0.99782133,-0.00508638,-0.01358345,0.0676698,0.05811058
2026-04-23,quality_momentum,3,300432.SZ,,0.99564272,0.01641779,-0.07853554,0.0530533,0.0231467
2026-04-23,quality_momentum,4,688127.SH,,0.99346405,-0.01772738,-0.00981369,0.1031359,0.24989854
2026-04-23,quality_momentum,5,300666.SZ,,0.99128538,0.02902786,0.08057422,0.19011028,0.13882162
2026-04-23,quality_momentum,6,603876.SH,,0.98910677,,,,
2026-04-23,quality_momentum,7,301183.SZ,,0.98692811,-0.02892128,-0.06104891,-0.02668718,0.32863192
2026-04-23,quality_momentum,8,688629.SH,,0.98474944,0.07096201,-0.02165917,0.09411731,0.0230305
2026-04-23,quality_momentum,9,688388.SH,,0.98257083,-0.01784055,0.01807875,0.07886508,0.0159533
2026-04-23,quality_momentum,10,601208.SH,,0.98039216,0.0206608,0.04087765,0.17008946,0.36463972
2026-04-23,quality_momentum,11,300570.SZ,,0.97821349,0.03850016,0.07543748,0.06397148,0.33707662
2026-04-23,quality_momentum,12,000155.SZ,,0.97603488,0.04994737,0.07080556,0.04100818,-0.0448083
2026-04-23,quality_momentum,13,688662.SH,,0.97385621,0.00974488,-0.01107031,0.03812913,0.17859492
2026-04-23,quality_momentum,14,688200.SH,,0.97167754,-0.02661698,-0.01617673,0.11913778,0.17152769
2026-04-23,quality_momentum,15,300069.SZ,,0.96949893,0.01389584,0.07545924,,
2026-04-23,quality_momentum,16,605006.SH,,0.96732026,0.01287838,0.09859266,0.17248428,0.62273057
2026-04-23,quality_momentum,17,300054.SZ,,0.96514159,0.03433186,0.05752031,0.15752027,0.15752027
2026-04-23,quality_momentum,18,301191.SZ,,0.96296299,0.05346792,-0.0487905,-0.02951771,0.01141215
2026-04-23,quality_momentum,19,002290.SZ,,0.96078432,,,,
2026-04-23,quality_momentum,20,300501.SZ,,0.95860565,0.07749804,0.02508619,0.05348566,0.15096495
2026-04-24,quality_momentum,1,000155.SZ,,1.0,0.0088649,0.03492717,-0.00699916,-0.07838727
2026-04-24,quality_momentum,2,603118.SH,,0.99777776,-0.02936154,-0.02400315,0.06976778,0.18363245
2026-04-24,quality_momentum,3,301150.SZ,,0.99555558,0.05178794,0.08523829,0.23576515,0.35284157
2026-04-24,quality_momentum,4,300570.SZ,,0.99333334,0.10017104,0.03885444,0.14491959,0.32953491
2026-04-24,quality_momentum,5,688517.SH,,0.9911111,-0.01270322,0.03990367,0.03285808,0.128208
2026-04-24,quality_momentum,6,300502.SZ,,0.98888886,-0.02385119,-0.00262806,-0.04840524,0.16573747
2026-04-24,quality_momentum,7,603158.SH,,0.98666668,-0.01227035,-0.01671481,0.09439632,0.10772965
2026-04-24,quality_momentum,8,600498.SH,,0.98444444,5.886e-05,-0.03813896,-0.02618991,0.18928515
2026-04-24,quality_momentum,9,001203.SZ,,0.9822222,-0.00565003,0.08143331,0.09622495,-0.0852334
2026-04-24,quality_momentum,10,002487.SZ,,0.98000002,0.02872507,-0.02909695,-0.01801249,-0.055951
2026-04-24,quality_momentum,11,688802.SH,,0.97777778,-0.01022178,-0.01298182,0.10489612,0.09224703
2026-04-24,quality_momentum,12,301165.SZ,,0.97555554,-0.02842233,-0.08772493,0.01160953,0.0758789
2026-04-24,quality_momentum,13,300432.SZ,,0.97333336,-0.01805275,0.03224096,0.02453169,-0.06908066
2026-04-24,quality_momentum,14,600259.SH,,0.97111112,-0.0235555,0.01425919,0.06680396,0.15089764
2026-04-24,quality_momentum,15,603306.SH,,0.96888888,-0.02479918,0.0662723,0.04232273,0.15230169
2026-04-24,quality_momentum,16,603659.SH,,0.96666664,-0.00244055,-0.0019,0.0032351,-0.10703512
2026-04-24,quality_momentum,17,002709.SZ,,0.96444446,0.06253105,0.12698992,0.20409315,0.0949741
2026-04-24,quality_momentum,18,300476.SZ,,0.96222222,0.00236809,0.04316648,0.03375147,0.21577506
2026-04-24,quality_momentum,19,300438.SZ,,0.95999998,-0.00394771,0.21208269,0.27161171,0.2365087
2026-04-24,quality_momentum,20,301365.SZ,,0.9577778,0.04689524,0.07038919,0.09297953,0.10171442
2026-04-27,quality_momentum,1,300666.SZ,,1.0,-0.00070815,0.1006029,0.07438128,0.0807579
2026-04-27,quality_momentum,2,002192.SZ,,0.99769586,-0.00728877,0.26280903,0.16163238,0.01778547
2026-04-27,quality_momentum,3,300501.SZ,,0.99539173,0.01481735,0.04293284,0.03609392,0.11360155
2026-04-27,quality_momentum,4,002245.SZ,,0.99308753,0.01078292,0.02151465,0.0995634,0.31809996
2026-04-27,quality_momentum,5,600498.SH,,0.99078339,0.00122806,-0.07521374,-0.00483254,0.1546983
2026-04-27,quality_momentum,6,301191.SZ,,0.98847926,-0.06045029,-0.04141327,0.01131467,0.02472568
2026-04-27,quality_momentum,7,603688.SH,,0.98617512,0.02629052,0.06476669,0.20419526,0.36743333
2026-04-27,quality_momentum,8,300037.SZ,,0.98387098,-0.01819779,0.04624595,0.01454746,-0.05124204
2026-04-27,quality_momentum,9,603958.SH,,0.98156685,-0.01466593,0.03214252,-0.01424046,0.0436319
2026-04-27,quality_momentum,10,603196.SH,,0.97926265,-0.0928091,-0.08706747,-0.07686014,-0.09089524
2026-04-27,quality_momentum,11,688503.SH,,0.97695851,0.01849604,0.01790205,0.09710992,0.12710992
2026-04-27,quality_momentum,12,000155.SZ,,0.97465438,0.0070686,-0.0209583,-0.0288058,-0.11905247
2026-04-27,quality_momentum,13,688629.SH,,0.97235024,-0.07482507,0.03467197,0.00561879,-0.05146572
2026-04-27,quality_momentum,14,601208.SH,,0.9700461,-0.01793536,0.10398886,0.27678408,0.29751946
2026-04-27,quality_momentum,15,300835.SZ,,0.96774191,-0.05398227,0.08831189,0.19961234,0.29062627
2026-04-27,quality_momentum,16,301205.SZ,,0.96543777,-0.20159344,-0.05940952,0.08239124,0.11909617
2026-04-27,quality_momentum,17,688662.SH,,0.96313363,-0.02682478,0.02159236,0.0581201,0.14105951
2026-04-27,quality_momentum,18,603132.SH,,0.9608295,-0.02772285,-0.01813828,-0.00276704,0.0126042
2026-04-27,quality_momentum,19,300502.SZ,,0.95852536,-0.01742088,0.00286422,0.02724359,0.14634875
2026-04-27,quality_momentum,20,603601.SH,,0.95622122,0.01175186,0.09025014,0.15850958,0.12096688
2026-04-28,quality_momentum,1,002487.SZ,,1.0,-0.01785197,-0.00663938,-0.04582559,-0.11032682
2026-04-28,quality_momentum,2,002831.SZ,,0.99744898,0.01974732,-0.00137195,0.08046539,0.08574521
2026-04-28,quality_momentum,3,002283.SZ,,0.99489796,0.06321625,0.16461165,0.05670461,0.150173
2026-04-28,quality_momentum,4,600110.SH,,0.99234694,0.04617692,0.09521541,0.06252308,-0.03939994
2026-04-28,quality_momentum,5,300054.SZ,,0.98979592,0.02067183,0.14823683,0.11728599,0.20945432
2026-04-28,quality_momentum,6,688700.SH,,0.9872449,0.0210508,0.0421984,0.0210508,0.25711636
2026-04-28,quality_momentum,7,601208.SH,,0.98469388,0.09391342,0.16303396,0.28778817,0.2737393
2026-04-28,quality_momentum,8,688170.SH,,0.98214287,0.03472749,0.04077445,0.13977243,0.27643444
2026-04-28,quality_momentum,9,002181.SZ,,0.97959185,0.04637588,0.25327237,0.26361723,
2026-04-28,quality_momentum,10,300438.SZ,,0.97704083,,,,
2026-04-28,quality_momentum,11,300666.SZ,,0.97448981,0.02190956,0.08923093,0.05107617,0.12857619
2026-04-28,quality_momentum,12,601339.SH,,0.97193879,0.04188699,0.0762066,0.00875097,-0.0172846
2026-04-28,quality_momentum,13,301377.SZ,,0.96938777,0.02195754,0.0609279,0.06765466,0.07438142
2026-04-28,quality_momentum,14,600769.SH,,0.96683675,-0.02304029,0.05447413,0.151207,0.47471754
2026-04-28,quality_momentum,15,002216.SZ,,0.96428573,-0.00734963,-0.01688641,-0.03800352,-0.06525148
2026-04-28,quality_momentum,16,002859.SZ,,0.96173471,0.02283498,0.03593,0.03551428,0.0735521
2026-04-28,quality_momentum,17,002468.SZ,,0.95918369,-0.00310485,-0.00912888,-0.02117705,-0.06816507
2026-04-28,quality_momentum,18,002903.SZ,,0.95663267,,,,
2026-04-28,quality_momentum,19,605006.SH,,0.95408165,,,,
2026-04-28,quality_momentum,20,301358.SZ,,0.95153064,0.13127503,0.15318308,0.04817554,0.00479117
2026-04-29,quality_momentum,1,300432.SZ,,1.0,-0.00012506,-0.03278395,-0.05195325,-0.15347972
2026-04-29,quality_momentum,2,605098.SH,,0.9972145,-0.01721345,-0.01769201,-0.02247745,-0.06267524
2026-04-29,quality_momentum,3,301216.SZ,,0.99442899,-0.01074668,-0.00419358,-0.03073356,-0.03892493
2026-04-29,quality_momentum,4,300501.SZ,,0.99164343,-0.00262676,-0.00916747,0.07222787,0.09475697
2026-04-29,quality_momentum,5,000155.SZ,,0.98885792,-0.04561581,-0.05326605,-0.09971416,-0.1210256
2026-04-29,quality_momentum,6,603659.SH,,0.98607242,-0.01000809,-0.04244054,-0.09000806,-0.14838649
2026-04-29,quality_momentum,7,300666.SZ,,0.98328692,0.07368134,0.04810001,0.06205346,0.15507676
2026-04-29,quality_momentum,8,301285.SZ,,0.98050141,-0.00093374,0.04167911,0.0645799,0.1686479
2026-04-29,quality_momentum,9,605055.SH,,0.97771585,-0.00100879,0.08900911,0.12287713,0.15496274
2026-04-29,quality_momentum,10,300750.SZ,,0.97493035,0.02273606,0.00369912,-0.00169839,-0.0705226
2026-04-29,quality_momentum,11,002487.SZ,,0.97214484,-0.00636373,-0.01517378,0.00902447,-0.07472975
2026-04-29,quality_momentum,12,300246.SZ,,0.96935934,0.05633528,0.07104116,0.18927647,0.13633532
2026-04-29,quality_momentum,13,002795.SZ,,0.96657383,0.03135934,0.06240154,0.04244585,0.06572745
2026-04-29,quality_momentum,14,002460.SZ,,0.96378833,0.03660577,0.00901948,-0.01523332,-0.10075059
2026-04-29,quality_momentum,15,605117.SH,,0.96100277,0.01316663,0.01363331,0.0753666,0.0613
2026-04-29,quality_momentum,16,688503.SH,,0.95821726,0.01128125,0.08997489,0.12715771,0.09371283
2026-04-29,quality_momentum,17,002042.SZ,,0.95543176,-0.00988402,0.06796031,0.00408802,-0.02784808
2026-04-29,quality_momentum,18,002216.SZ,,0.95264626,-0.01559863,-0.02792738,-0.03203698,-0.06902327
2026-04-29,quality_momentum,19,002181.SZ,,0.94986075,,,,
2026-04-29,quality_momentum,20,300054.SZ,,0.94707519,0.06833407,0.10177892,0.11850129,0.19542438
2026-04-30,quality_momentum,1,002460.SZ,,1.0,0.00252723,-0.05004616,-0.07594542,-0.175226
2026-04-30,quality_momentum,2,600769.SH,,0.99748743,0.04309367,0.13878443,0.31559058,
2026-04-30,quality_momentum,3,000155.SZ,,0.99497485,0.00152854,-0.04875713,-0.08418575,-0.08189998
2026-04-30,quality_momentum,4,002831.SZ,,0.99246234,0.00074553,0.08275607,0.14386717,0.19360267
2026-04-30,quality_momentum,5,603507.SH,,0.98994976,-0.01274873,-0.08720102,-0.0712469,-0.00849435
2026-04-30,quality_momentum,6,300953.SZ,,0.98743719,0.03363575,0.06060009,0.03823401,0.06952857
2026-04-30,quality_momentum,7,000338.SZ,,0.98492461,,,,
2026-04-30,quality_momentum,8,002795.SZ,,0.98241204,0.02921588,0.06569658,-0.0019,0.01741334
2026-04-30,quality_momentum,9,603659.SH,,0.97989953,0.01145144,-0.08636872,-0.10271746,-0.15448856
2026-04-30,quality_momentum,10,603296.SH,,0.97738695,0.0430026,0.12772443,0.03001196,0.01382067
2026-04-30,quality_momentum,11,600527.SH,,0.97487438,,,,
2026-04-30,quality_momentum,12,603076.SH,,0.9723618,0.02371668,-0.00031871,-0.03605558,-0.14358251
2026-04-30,quality_momentum,13,600499.SH,,0.96984923,0.00939368,-0.04912794,-0.052208,-0.17027783
2026-04-30,quality_momentum,14,300866.SZ,,0.96733665,-0.01724265,-0.02985406,0.01271961,0.0286245
2026-04-30,quality_momentum,15,002887.SZ,,0.96482414,-0.0156615,0.03556181,0.0539104,0.15176976
2026-04-30,quality_momentum,16,600482.SH,,0.96231157,0.00369795,-0.02988987,-0.03803235,-0.06551321
2026-04-30,quality_momentum,17,000977.SZ,,0.95979899,0.02936764,0.08401557,0.02148028,0.00865977
2026-04-30,quality_momentum,18,300246.SZ,,0.95728642,0.00032351,0.04868365,0.12872815,0.14429239
2026-04-30,quality_momentum,19,002386.SZ,,0.95477384,-0.02332859,-0.04618571,-0.07189997,-0.08047145
2026-04-30,quality_momentum,20,603308.SH,,0.95226133,0.0540087,0.0293622,-0.02434124,-0.05495487
2026-05-06,quality_momentum,1,301216.SZ,,1.0,-0.01197799,-0.03831089,-0.07634733,-0.06919516
2026-05-06,quality_momentum,2,002831.SZ,,0.99763036,0.04955117,0.08279652,0.14058018,0.17277014
2026-05-06,quality_momentum,3,300750.SZ,,0.99526066,-0.0440333,-0.04917461,-0.04322261,-0.10617729
2026-05-06,quality_momentum,4,002887.SZ,,0.99289101,0.01825506,0.10585197,0.11592946,0.19344889
2026-05-06,quality_momentum,5,603601.SH,,0.99052131,-0.00131135,0.0546039,0.0593125,0.04577511
2026-05-06,quality_momentum,6,603076.SH,,0.98815167,0.00334209,-0.02348498,-0.11321671,-0.16101192
2026-05-06,quality_momentum,7,002460.SZ,,0.98578197,-0.03275407,-0.05600469,-0.09468243,-0.14669341
2026-05-06,quality_momentum,8,688257.SH,,0.98341233,-0.01986878,-0.05775941,0.0871625,0.13729273
2026-05-06,quality_momentum,9,603296.SH,,0.98104268,0.01557747,0.02782972,0.08819007,0.00701888
2026-05-06,quality_momentum,10,605055.SH,,0.97867298,0.02667149,0.0586042,0.06532689,0.0838143
2026-05-06,quality_momentum,11,002560.SZ,,0.97630334,0.03550152,-0.02486591,,-0.11212225
2026-05-06,quality_momentum,12,002832.SZ,,0.97393364,-0.00893164,0.03426275,0.02672883,0.00714069
2026-05-06,quality_momentum,13,603345.SH,,0.97156399,-0.0563645,-0.06418407,-0.06536609,-0.11082893
2026-05-06,quality_momentum,14,600769.SH,,0.96919429,0.02963429,0.24491623,0.30980404,
2026-05-06,quality_momentum,15,600573.SH,,0.96682465,-0.01404285,-0.00404284,-0.04118573,-0.07975711
2026-05-06,quality_momentum,16,603659.SH,,0.96445495,-0.04734229,-0.09466679,-0.11160686,-0.11456466
2026-05-06,quality_momentum,17,002902.SZ,,0.96208531,0.02859354,0.19992334,0.2552519,0.20809692
2026-05-06,quality_momentum,18,603507.SH,,0.95971566,0.01465911,-0.03523338,-0.02146991,-0.00921185
2026-05-06,quality_momentum,19,300006.SZ,,0.95734596,-0.06187003,-0.02139027,-0.02738727,-0.07536331
2026-05-06,quality_momentum,20,002415.SZ,,0.95497632,-0.00301357,-0.01749025,-0.03892679,-0.06663373
2026-05-07,quality_momentum,1,688257.SH,,1.0,-0.02125826,-0.01515908,0.10125568,0.14063515
2026-05-07,quality_momentum,2,603076.SH,,0.99775279,-0.03042762,-0.06509019,-0.11601048,-0.16447671
2026-05-07,quality_momentum,3,002831.SZ,,0.99550563,0.02695819,0.08492555,0.04075996,0.11027062
2026-05-07,quality_momentum,4,300750.SZ,,0.99325842,-0.02194455,-0.0419668,-0.04849243,-0.07829199
2026-05-07,quality_momentum,5,000833.SZ,,0.99101126,-0.0015296,-0.01115921,0.0458778,-0.05745556
2026-05-07,quality_momentum,6,603659.SH,,0.98876405,-0.05542117,-0.07232254,-0.09598451,-0.09429433
2026-05-07,quality_momentum,7,000688.SZ,,0.98651683,-0.04916214,-0.11099844,-0.14077151,-0.10662619
2026-05-07,quality_momentum,8,300501.SZ,,0.98426968,0.03689939,0.0976608,0.07277061,0.07716295
2026-05-07,quality_momentum,9,002756.SZ,,0.98202246,-0.04316213,-0.04935149,-0.10869613,-0.17847767
2026-05-07,quality_momentum,10,300723.SZ,,0.97977531,-0.04751405,-0.01616902,-0.06622749,-0.07394682
2026-05-07,quality_momentum,11,000990.SZ,,0.9775281,-0.02177899,-0.03128633,-0.03215066,-0.12463119
2026-05-07,quality_momentum,12,603010.SH,,0.97528088,0.0826987,0.0928216,0.0826987,-0.03371485
2026-05-07,quality_momentum,13,300476.SZ,,0.97303373,0.08650045,0.10911102,0.06355953,0.03716558
2026-05-07,quality_momentum,14,688517.SH,,0.97078651,0.05157823,0.03549129,0.02679563,-0.00972613
2026-05-07,quality_momentum,15,301516.SZ,,0.9685393,-0.00928688,-0.0328326,-0.02359895,-0.03467928
2026-05-07,quality_momentum,16,688521.SH,,0.96629214,0.00179004,-0.03348671,-0.0314203,0.03131033
2026-05-07,quality_momentum,17,603929.SH,,0.96404493,0.00690228,-0.06232922,-0.07221944,-0.11901023
2026-05-07,quality_momentum,18,002952.SZ,,0.96179777,-0.00720973,-0.03906813,0.00447165,0.03739204
2026-05-07,quality_momentum,19,301377.SZ,,0.95955056,0.02905013,-0.00081934,-0.01542983,0.13063222
2026-05-07,quality_momentum,20,002638.SZ,,0.95730335,0.02581857,-0.01895755,-0.03175072,-0.09784889
2026-05-08,quality_momentum,1,603118.SH,,1.0,-0.01010706,0.11552423,-0.04293535,-0.11111718
2026-05-08,quality_momentum,2,002831.SZ,,0.99823636,0.00078292,0.05419758,0.00297804,0.0354171
2026-05-08,quality_momentum,3,300666.SZ,,0.99647266,0.03258278,0.05519446,0.07170093,0.11900619
2026-05-08,quality_momentum,4,603296.SH,,0.99470901,-0.0494,0.00643332,-0.06439997,-0.07773334
2026-05-08,quality_momentum,5,000762.SZ,,0.99294531,-0.01945301,-0.08521142,-0.13865655,-0.16642709
2026-05-08,quality_momentum,6,688629.SH,,0.99118167,-0.00679637,-0.00218808,-0.08024104,0.06614433
2026-05-08,quality_momentum,7,300750.SZ,,0.98941797,0.01307731,0.01941822,-0.04603634,-0.06717273
2026-05-08,quality_momentum,8,300620.SZ,,0.98765433,0.02955017,0.07577753,0.02211742,0.02200365
2026-05-08,quality_momentum,9,300501.SZ,,0.98589063,0.03967859,0.05165886,0.02699364,0.02840305
2026-05-08,quality_momentum,10,301377.SZ,,0.98412699,-0.00672178,0.00023834,0.00438931,0.38178976
2026-05-08,quality_momentum,11,000688.SZ,,0.98236334,-0.02091221,-0.10023916,-0.11946987,-0.06221465
2026-05-08,quality_momentum,12,300568.SZ,,0.98059964,0.00386044,0.01250098,-0.06468796,0.05172676
2026-05-08,quality_momentum,13,002812.SZ,,0.978836,0.01304392,-0.00650776,-0.06790253,-0.10090379
2026-05-08,quality_momentum,14,601339.SH,,0.9770723,0.00278386,0.01449346,-0.02766119,-0.07684146
2026-05-08,quality_momentum,15,300037.SZ,,0.97530866,0.01143329,-0.01689997,-0.04962729,0.10037273
2026-05-08,quality_momentum,16,301323.SZ,,0.97354496,0.03590824,0.04864791,0.0127575,0.16741507
2026-05-08,quality_momentum,17,600110.SH,,0.97178131,-0.01183674,-0.00732001,-0.09765424,-0.08320078
2026-05-08,quality_momentum,18,002496.SZ,,0.97001761,0.02418693,0.04157833,0.04592614,0.13723041
2026-05-08,quality_momentum,19,002245.SZ,,0.96825397,0.02033208,0.14794441,0.14216396,0.38490226
2026-05-08,quality_momentum,20,688805.SH,,0.96649033,0.05151837,-0.02833576,-0.05823552,0.11040627
2026-05-11,quality_momentum,1,300285.SZ,,1.0,0.03457411,0.03989329,-0.01836406,0.3066106
2026-05-11,quality_momentum,2,603296.SH,,0.99868768,-0.04284484,0.02163457,-0.01843547,-0.03077138
2026-05-11,quality_momentum,3,300440.SZ,,0.99737531,-0.06283751,-0.06127496,-0.05606671,-0.08370032
2026-05-11,quality_momentum,4,000938.SZ,,0.99606299,-0.0512942,0.00151724,-0.01929671,-0.05440075
2026-05-11,quality_momentum,5,688383.SH,,0.99475068,0.2041784,0.25398241,0.23349218,0.38045295
2026-05-11,quality_momentum,6,603175.SH,,0.9934383,-0.04980956,0.00820205,-0.08511664,-0.06671297
2026-05-11,quality_momentum,7,300179.SZ,,0.99212599,-0.04003261,0.04371654,0.06117909,0.29282554
2026-05-11,quality_momentum,8,603488.SH,,0.99081367,-0.02314185,-0.04928561,-0.0623575,-0.08850126
2026-05-11,quality_momentum,9,300568.SZ,,0.9895013,0.02902785,-0.05287368,-0.05345093,-0.01906604
2026-05-11,quality_momentum,10,603118.SH,,0.98818898,-0.02672498,,-0.01972304,-0.11202095
2026-05-11,quality_momentum,11,603203.SH,,0.98687667,,,,
2026-05-11,quality_momentum,12,600114.SH,,0.98556429,-0.01461189,-0.05557231,-0.09399041,0.10292153
2026-05-11,quality_momentum,13,688630.SH,,0.98425198,0.01191794,-0.00137438,0.00395761,0.1632772
2026-05-11,quality_momentum,14,300006.SZ,,0.98293966,-0.02177769,-0.01719051,-0.0875269,-0.12116602
2026-05-11,quality_momentum,15,002796.SZ,,0.98162729,-0.02327322,-0.14781044,-0.23683773,-0.08402718
2026-05-11,quality_momentum,16,603165.SH,,0.98031497,-0.00632241,0.02905631,0.00749744,-0.017931
2026-05-11,quality_momentum,17,002937.SZ,,0.97900259,-0.0267611,-0.01593918,0.0408025,-0.00717224
2026-05-11,quality_momentum,18,300504.SZ,,0.97769028,-0.00940667,0.02705447,0.00292575,0.01204103
2026-05-11,quality_momentum,19,301377.SZ,,0.97637796,-0.026168,-0.04040853,0.0666064,0.3502803
2026-05-11,quality_momentum,20,300432.SZ,,0.97506559,0.02276362,-0.08560702,-0.10877597,-0.09980732
2026-05-12,quality_momentum,1,300617.SZ,,1.0,0.03817346,-0.03738479,-6.453e-05,-0.0572686
2026-05-12,quality_momentum,2,688079.SH,,0.99864864,0.00788699,0.01076547,0.05797329,0.47305681
2026-05-12,quality_momentum,3,300568.SZ,,0.99729729,-0.02356669,-0.09801113,-0.0730102,-0.03743326
2026-05-12,quality_momentum,4,300790.SZ,,0.99594593,0.01584288,-0.01295291,0.00304472,0.02195107
2026-05-12,quality_momentum,5,300747.SZ,,0.99459457,0.05008944,-0.0180804,0.0588427,0.03868352
2026-05-12,quality_momentum,6,688630.SH,,0.99324322,0.04624815,-0.04901112,0.02402593,0.09813708
2026-05-12,quality_momentum,7,688383.SH,,0.99189192,0.01354466,0.02134826,0.08304557,0.17677017
2026-05-12,quality_momentum,8,301377.SZ,,0.99054056,0.03013937,0.03441419,0.06338784,0.40981902
2026-05-12,quality_momentum,9,688112.SH,,0.98918921,0.012353,0.10719731,0.22632452,0.2122474
2026-05-12,quality_momentum,10,002628.SZ,,0.98783785,,,,
2026-05-12,quality_momentum,11,688720.SH,,0.98648649,0.06344974,0.08791282,0.11340951,0.29246085
2026-05-12,quality_momentum,12,003022.SZ,,0.98513514,-0.01298475,-0.00704652,-0.05019768,-0.03871711
2026-05-12,quality_momentum,13,301123.SZ,,0.98378378,0.01764789,-0.05083618,0.02097236,0.06192983
2026-05-12,quality_momentum,14,600673.SH,,0.98243243,0.06021512,-0.0353672,0.00693539,0.04227675
2026-05-12,quality_momentum,15,300432.SZ,,0.98108107,-0.07520415,-0.09745069,-0.13136755,-0.11823842
2026-05-12,quality_momentum,16,000007.SZ,,0.97972971,-0.06992721,-0.14203602,-0.1617639,-0.17264832
2026-05-12,quality_momentum,17,603132.SH,,0.97837836,-0.0019,-0.0729,-0.0809,-0.11940002
2026-05-12,quality_momentum,18,301285.SZ,,0.977027,0.0703511,0.0968184,0.1032263,0.04982734
2026-05-12,quality_momentum,19,002685.SZ,,0.9756757,0.02810005,-0.04856667,-0.04523337,-0.05189998
2026-05-12,quality_momentum,20,300322.SZ,,0.97432435,0.06952854,0.01114342,0.03226144,0.03598812
2026-05-13,quality_momentum,1,000977.SZ,,1.0,-0.08395127,-0.10446408,-0.07471977,-0.17708412
2026-05-13,quality_momentum,2,300866.SZ,,0.99869621,-0.03206108,-0.02671697,-0.02173899,-0.0764637
2026-05-13,quality_momentum,3,603308.SH,,0.99739242,-0.06309404,-0.0792632,-0.0827458,-0.14381546
2026-05-13,quality_momentum,4,605589.SH,,0.99608868,-0.0076471,0.01143337,0.10131842,0.01005403
2026-05-13,quality_momentum,5,300617.SZ,,0.99478489,-0.03866471,-0.07763532,-0.07542941,-0.01660588
2026-05-13,quality_momentum,6,688079.SH,,0.9934811,0.0499814,0.01292316,0.1201068,0.25237589
2026-05-13,quality_momentum,7,603175.SH,,0.99217731,-0.00897896,-0.10071037,-0.06610214,-0.10975566
2026-05-13,quality_momentum,8,603530.SH,,0.99087352,-0.07542947,-0.13866475,-0.10057653,-0.16895886
2026-05-13,quality_momentum,9,603124.SH,,0.98956972,-0.04846605,-0.09337171,-0.06627735,0.04142077
2026-05-13,quality_momentum,10,603296.SH,,0.98826599,-0.03504048,-0.07289176,-0.07636283,-0.1328917
2026-05-13,quality_momentum,11,300442.SZ,,0.9869622,-0.01504902,-0.02636101,-0.06020028,-0.15069632
2026-05-13,quality_momentum,12,688517.SH,,0.98565841,-0.01852512,-0.03764396,0.01846575,-0.07920675
2026-05-13,quality_momentum,13,301630.SZ,,0.98435462,-0.00637415,-0.0586093,-0.0105872,-0.00268297
2026-05-13,quality_momentum,14,301377.SZ,,0.98305082,-0.04708634,0.05918534,0.04073421,0.43695195
2026-05-13,quality_momentum,15,301165.SZ,,0.98174709,-0.07987234,-0.13093222,-0.08024098,-0.14175077
2026-05-13,quality_momentum,16,688158.SH,,0.9804433,-0.0971381,-0.11618571,-0.07923336,-0.21599526
2026-05-13,quality_momentum,17,605055.SH,,0.97913951,-0.04048263,0.02014728,0.01542285,0.17920238
2026-05-13,quality_momentum,18,600744.SH,,0.97783571,-0.07823585,-0.10767974,-0.16874844,-0.02589131
2026-05-13,quality_momentum,19,300490.SZ,,0.97653192,-0.03102623,-0.06694855,-0.10335631,-0.21986115
2026-05-13,quality_momentum,20,688372.SH,,0.97522819,-0.04319409,-0.07190001,0.05310003,-0.0328412
2026-05-14,quality_momentum,1,688398.SH,,1.0,-0.0009548,0.09639862,0.03748244,-0.00316025
2026-05-14,quality_momentum,2,300476.SZ,,0.99873418,-0.05327666,-0.05496763,-0.02667236,0.06339891
2026-05-14,quality_momentum,3,688689.SH,,0.99746835,0.01667581,0.03144122,-0.02476262,0.03525171
2026-05-14,quality_momentum,4,605589.SH,,0.99620253,-0.04236239,0.04249307,0.03162601,0.12596131
2026-05-14,quality_momentum,5,002560.SZ,,0.9949367,-0.0795173,-0.11652089,-0.15623213,-0.1733801
2026-05-14,quality_momentum,6,601138.SH,,0.99367088,-0.05398633,-0.02060508,-0.050677,0.13119348
2026-05-14,quality_momentum,7,603296.SH,,0.99240506,-0.04027932,-0.07959892,-0.08831766,-0.0319026
2026-05-14,quality_momentum,8,300236.SZ,,0.99113923,0.0245037,0.06656173,0.05612552,0.06172045
2026-05-14,quality_momentum,9,603867.SH,,0.98987341,-0.06287871,0.01244791,-0.00266867,0.02525859
2026-05-14,quality_momentum,10,600744.SH,,0.98860759,-0.05266745,-0.03023539,-0.09989296,0.0346997
2026-05-14,quality_momentum,11,000690.SZ,,0.98734176,-0.01448992,0.02327992,-0.02299517,0.07788442
2026-05-14,quality_momentum,12,002135.SZ,,0.98607594,-0.08513832,0.00836222,-0.0098818,-0.09768113
2026-05-14,quality_momentum,13,600236.SH,,0.98481011,-0.01591874,0.02987567,-0.02059159,0.04950184
2026-05-14,quality_momentum,14,002962.SZ,,0.98354429,-0.05955195,-0.03806356,-0.00085183,0.03531173
2026-05-14,quality_momentum,15,301489.SZ,,0.98227847,-0.018023,0.15753843,0.11333555,0.03963646
2026-05-14,quality_momentum,16,603165.SH,,0.98101264,-0.03139065,-0.03943354,-0.01798577,-0.09037185
2026-05-14,quality_momentum,17,600982.SH,,0.97974682,-0.03476384,0.0247041,-0.04728339,0.06470633
2026-05-14,quality_momentum,18,301536.SZ,,0.97848099,-0.02649022,0.01984864,-0.03971419,-0.01857757
2026-05-14,quality_momentum,19,300747.SZ,,0.97721517,-0.01938344,0.05743778,0.00445764,0.10673875
2026-05-14,quality_momentum,20,301096.SZ,,0.97594935,-0.00979954,-0.041553,0.0049154,
2026-05-15,quality_momentum,1,300738.SZ,,1.0,-0.02720292,-0.04181451,-0.09634053,-0.21715303
2026-05-15,quality_momentum,2,603118.SH,,0.99863017,0.01389988,,-0.07299942,-0.15989865
2026-05-15,quality_momentum,3,300236.SZ,,0.99726027,0.01375834,0.08605119,0.00216708,-0.07072697
2026-05-15,quality_momentum,4,688135.SH,,0.99589044,0.02111794,0.13364996,0.01344533,-0.07120944
2026-05-15,quality_momentum,5,300322.SZ,,0.99452055,0.02507735,-0.04021999,-0.04175283,-0.01048365
2026-05-15,quality_momentum,6,003022.SZ,,0.99315071,-0.03373443,0.00207932,0.01441523,0.00725247
2026-05-15,quality_momentum,7,688079.SH,,0.99178082,0.01003855,0.11691752,0.29485949,0.16921997
2026-05-15,quality_momentum,8,300285.SZ,,0.99041098,-0.00625895,0.11348461,0.33143334,0.28912567
2026-05-15,quality_momentum,9,601138.SH,,0.98904109,0.0348334,0.04849468,0.03027968,0.13956928
2026-05-15,quality_momentum,10,300666.SZ,,0.98767126,0.04590964,0.13805369,0.04216224,-0.00347258
2026-05-15,quality_momentum,11,300442.SZ,,0.98630136,-0.03068048,-0.06436991,-0.10296845,-0.20297806
2026-05-15,quality_momentum,12,300811.SZ,,0.98493153,0.00806911,0.04983957,0.25370755,0.23216443
2026-05-15,quality_momentum,13,000021.SZ,,0.98356164,,,,
2026-05-15,quality_momentum,14,301536.SZ,,0.9821918,0.01042501,0.06252583,-0.00470104,-0.06235926
2026-05-15,quality_momentum,15,002916.SZ,,0.98082191,0.03872814,0.06365334,0.25688617,0.2895314
2026-05-15,quality_momentum,16,002066.SZ,,0.97945207,0.01376679,0.06764527,-0.02253435,-0.08290882
2026-05-15,quality_momentum,17,603608.SH,,0.97808218,0.12152943,0.27230548,0.24569789,0.38908302
2026-05-15,quality_momentum,18,301322.SZ,,0.97671235,0.07737714,0.41978686,0.39159407,0.23008208
2026-05-15,quality_momentum,19,603283.SH,,0.97534245,0.02489286,0.13735877,0.07607208,0.00688256
2026-05-15,quality_momentum,20,300346.SZ,,0.97397262,-0.00135919,0.08571494,0.02369939,-0.07166749
2026-05-18,quality_momentum,1,301377.SZ,,1.0,-0.0291071,0.03118229,0.26358639,0.33231394
2026-05-18,quality_momentum,2,000697.SZ,,0.99840254,-0.02694167,-0.01942914,0.0773989,-0.01692499
2026-05-18,quality_momentum,3,688690.SH,,0.99680513,-0.00805211,-0.02594917,0.0053707,0.06745125
2026-05-18,quality_momentum,4,688689.SH,,0.99520767,0.01976233,-0.0358063,0.0409538,-0.07277354
2026-05-18,quality_momentum,5,301372.SZ,,0.9936102,-0.00922511,-0.06151103,-0.07161453,-0.10950289
2026-05-18,quality_momentum,6,002635.SZ,,0.9920128,-0.02513009,-0.03674509,0.03294509,-0.06274073
2026-05-18,quality_momentum,7,600032.SH,,0.99041533,0.03345805,-0.04541775,-0.12429353,-0.03997797
2026-05-18,quality_momentum,8,002762.SZ,,0.98881787,0.00742399,0.03656154,0.12630511,0.06803012
2026-05-18,quality_momentum,9,300501.SZ,,0.98722047,0.02858377,-0.02509419,-0.07943479,-0.08274826
2026-05-18,quality_momentum,10,301182.SZ,,0.985623,0.03947839,0.10252501,0.20433943,-0.02291554
2026-05-18,quality_momentum,11,603296.SH,,0.98402554,-0.04202092,-0.05109489,-0.01444332,0.08056601
2026-05-18,quality_momentum,12,002445.SZ,,0.98242813,-0.03949401,-0.11468196,-0.10215065,-0.11718823
2026-05-18,quality_momentum,13,605100.SH,,0.98083067,0.04508366,0.05767527,0.04009696,-0.04357857
2026-05-18,quality_momentum,14,605117.SH,,0.97923321,-0.01613378,0.05621735,0.03625287,0.00697161
2026-05-18,quality_momentum,15,300975.SZ,,0.9776358,0.00533403,-0.06743188,0.18278085,0.64389844
2026-05-18,quality_momentum,16,002832.SZ,,0.97603834,-0.01113669,-0.02329031,0.00636454,-0.01065061
2026-05-18,quality_momentum,17,300322.SZ,,0.97444087,-0.00787017,-0.1227955,-0.00458657,-0.14040744
2026-05-18,quality_momentum,18,300480.SZ,,0.97284347,0.06822989,-0.03540652,0.01108701,-0.15826365
2026-05-18,quality_momentum,19,300757.SZ,,0.971246,-0.02525243,-0.06854319,0.08740928,0.06681973
2026-05-18,quality_momentum,20,002795.SZ,,0.96964854,-0.01539949,-0.05589797,-0.08601219,-0.07770483
2026-05-19,quality_momentum,1,603296.SH,,1.0,0.0360054,0.02590349,0.01487478,0.11709903
2026-05-19,quality_momentum,2,605100.SH,,0.99839997,0.03148721,-0.00163645,-0.03179517,-0.10668926
2026-05-19,quality_momentum,3,301568.SZ,,0.99680001,0.004562,0.06966704,0.14543432,0.25448118
2026-05-19,quality_momentum,4,300811.SZ,,0.99519998,0.04265442,0.24512962,0.24914049,0.21748616
2026-05-19,quality_momentum,5,002937.SZ,,0.99360001,-0.01311743,-0.07358257,-0.05819059,-0.0507598
2026-05-19,quality_momentum,6,688690.SH,,0.99199998,0.04058736,0.02961385,0.03805496,0.09855027
2026-05-19,quality_momentum,7,000938.SZ,,0.99040002,0.00986841,-0.05702537,-0.11060231,-0.11400897
2026-05-19,quality_momentum,8,603601.SH,,0.98879999,-0.00804185,0.07571028,0.10362769,-0.08341871
2026-05-19,quality_momentum,9,300747.SZ,,0.98720002,0.00835261,-0.02415557,-0.02090478,0.03412642
2026-05-19,quality_momentum,10,300939.SZ,,0.98559999,0.02408753,0.18313122,0.45173826,0.38437863
2026-05-19,quality_momentum,11,301536.SZ,,0.98400003,0.01425146,-0.04992651,-0.0405814,-0.15197336
2026-05-19,quality_momentum,12,600032.SH,,0.9824,-0.07808213,-0.10697876,-0.19191749,-0.06056897
2026-05-19,quality_momentum,13,300975.SZ,,0.98079997,0.00359218,-0.01119447,0.22032222,0.75991799
2026-05-19,quality_momentum,14,002832.SZ,,0.97920001,-0.01612965,-0.01220421,-0.01514834,6.272e-05
2026-05-19,quality_momentum,15,688679.SH,,0.97759998,0.10483808,0.06689721,0.10798664,-0.09525643
2026-05-19,quality_momentum,16,002654.SZ,,0.97600001,,,,
2026-05-19,quality_momentum,17,603991.SH,,0.97439998,-0.00499008,-0.07154584,-0.11037003,-0.12067029
2026-05-19,quality_momentum,18,000962.SZ,,0.97280002,0.02304089,0.22092909,0.20818556,0.01757935
2026-05-19,quality_momentum,19,002859.SZ,,0.97119999,0.00663938,0.13508629,0.12619108,0.42402824
2026-05-19,quality_momentum,20,000697.SZ,,0.96960002,0.02977807,0.03491501,0.08885338,0.02549723
2026-05-20,quality_momentum,1,688081.SH,,1.0,-0.0299,0.04943336,-0.07523336,-0.15239998
2026-05-20,quality_momentum,2,688690.SH,,0.99797982,-0.05992967,-0.02970029,0.13170327,0.10312617
2026-05-20,quality_momentum,3,002916.SZ,,0.99595958,0.0438018,0.18523456,0.14081931,0.08653039
2026-05-20,quality_momentum,4,002338.SZ,,0.9939394,-0.0724394,-0.04028166,-0.12830613,-0.22444893
2026-05-20,quality_momentum,5,300700.SZ,,0.99191922,0.00491705,0.06522117,0.03008745,0.05630664
2026-05-20,quality_momentum,6,000034.SZ,,0.98989898,-0.07281267,-0.04326567,-0.14832151,-0.18115145
2026-05-20,quality_momentum,7,300501.SZ,,0.9878788,-0.00257798,-0.05817118,-0.06698475,-0.11579833
2026-05-20,quality_momentum,8,300866.SZ,,0.98585856,-0.02348486,-0.06825761,-0.05773237,-0.12618433
2026-05-20,quality_momentum,9,688135.SH,,0.98383838,-0.12352165,-0.06113426,-0.14266576,-0.19063876
2026-05-20,quality_momentum,10,300236.SZ,,0.9818182,-0.05442334,0.02652685,-0.08639734,-0.14412668
2026-05-20,quality_momentum,11,301075.SZ,,0.97979796,-0.01747669,-0.09765079,-0.12891863,-0.17874108
2026-05-20,quality_momentum,12,003022.SZ,,0.97777778,-0.03796817,-0.01141248,-0.05342593,0.01197239
2026-05-20,quality_momentum,13,300747.SZ,,0.9757576,-0.06155351,-0.02962278,-0.10536539,0.18267943
2026-05-20,quality_momentum,14,300285.SZ,,0.97373736,-0.02235973,0.18568625,0.14775522,0.37018179
2026-05-20,quality_momentum,15,688503.SH,,0.97171718,-0.06572973,-0.00904891,-0.14036803,-0.26819782
2026-05-20,quality_momentum,16,300811.SZ,,0.969697,0.00283934,0.23554075,0.13450572,0.14061971
2026-05-20,quality_momentum,17,002937.SZ,,0.96767676,-0.06886185,-0.06084464,-0.09285336,-0.04581456
2026-05-20,quality_momentum,18,300602.SZ,,0.96565658,-0.08129917,0.13424689,0.05571783,-0.00492214
2026-05-20,quality_momentum,19,300790.SZ,,0.96363634,-0.03804457,-0.03119901,-0.06351007,-0.11819895
2026-05-20,quality_momentum,20,300895.SZ,,0.96161616,-0.04951905,-0.06271634,-0.11074354,-0.21945104
2026-05-21,quality_momentum,1,002916.SZ,,1.0,,,,
2026-05-21,quality_momentum,2,002273.SZ,,0.99769586,,,,
2026-05-21,quality_momentum,3,300236.SZ,,0.99539173,-0.02784204,0.04697998,0.00338809,-0.09033443
2026-05-21,quality_momentum,4,300953.SZ,,0.99308753,0.00913175,-0.03364607,-0.09182647,-0.19924687
2026-05-21,quality_momentum,5,301372.SZ,,0.99078339,0.03221229,-0.03064026,-0.04030989,-0.05642589
2026-05-21,quality_momentum,6,301012.SZ,,0.98847926,-0.02301321,-0.1218616,-0.16144888,-0.24158326
2026-05-21,quality_momentum,7,300790.SZ,,0.98617512,0.04241823,-0.0019,-0.03201361,-0.07271351
2026-05-21,quality_momentum,8,688319.SH,,0.98387098,0.05147083,0.05034721,0.02338094,-0.11847298
2026-05-21,quality_momentum,9,300285.SZ,,0.98156685,0.21847077,0.18326773,0.28934615,0.45856662
2026-05-21,quality_momentum,10,300811.SZ,,0.97926265,0.18630749,0.19012918,0.20587124,0.13668561
2026-05-21,quality_momentum,11,301096.SZ,,0.97695851,,,,-0.10082308
2026-05-21,quality_momentum,12,002496.SZ,,0.97465438,0.04192466,0.08176536,0.05387694,-0.05767694
2026-05-21,quality_momentum,13,002795.SZ,,0.97235024,0.01237005,-0.05788236,-0.10288794,-0.15338185
2026-05-21,quality_momentum,14,002654.SZ,,0.9700461,-0.02393855,-0.05258869,-0.08289174,-0.15341514
2026-05-21,quality_momentum,15,300700.SZ,,0.96774191,0.06841242,0.02726664,0.03039161,0.0371625
2026-05-21,quality_momentum,16,300666.SZ,,0.96543777,0.02354167,0.00851502,0.05514956,0.06318107
2026-05-21,quality_momentum,17,603800.SH,,0.96313363,,,,
2026-05-21,quality_momentum,18,688392.SH,,0.9608295,-0.01854144,0.01612825,0.00667288,0.02680788
2026-05-21,quality_momentum,19,603693.SH,,0.95852536,0.03776352,0.04978271,0.04858078,-0.0217317
2026-05-21,quality_momentum,20,002831.SZ,,0.95622122,-0.04228807,-0.11133144,-0.10365996,-0.08646953
2026-05-22,quality_momentum,1,603693.SH,,1.0,0.02006525,0.08249299,0.02584564,-0.15218903
2026-05-22,quality_momentum,2,300953.SZ,,0.99777281,-0.0206613,-0.08719835,-0.18938127,-0.23283641
2026-05-22,quality_momentum,3,002831.SZ,,0.99554569,-0.06162254,-0.05550924,-0.06656024,-0.12044453
2026-05-22,quality_momentum,4,600367.SH,,0.9933185,0.00499654,0.08884411,0.22859004,0.76800986
2026-05-22,quality_momentum,5,002635.SZ,,0.99109131,-0.02742092,-0.0685667,-0.13679583,-0.11127501
2026-05-22,quality_momentum,6,688678.SH,,0.98886412,-0.02764256,-0.07437525,-0.13536538,-0.13932572
2026-05-22,quality_momentum,7,605100.SH,,0.986637,-0.00692514,-0.10541756,-0.11044271,-0.16446276
2026-05-22,quality_momentum,8,300568.SZ,,0.98440981,-0.06371625,-0.07301603,-0.13154994,-0.18078404
2026-05-22,quality_momentum,9,688129.SH,,0.98218262,-0.05148422,-0.05056029,-0.12047096,-0.22364309
2026-05-22,quality_momentum,10,300790.SZ,,0.97995543,-0.03753661,-0.06963672,-0.1041851,-0.1807938
2026-05-22,quality_momentum,11,688559.SH,,0.97772831,-0.00402316,-0.03558726,-0.10876487,-0.06998217
2026-05-22,quality_momentum,12,688690.SH,,0.97550112,-0.01935778,0.14376283,0.03028765,0.10995957
2026-05-22,quality_momentum,13,300184.SZ,,0.97327393,0.08266378,0.01219396,0.0853484,0.05783157
2026-05-22,quality_momentum,14,603890.SH,,0.97104675,-0.02065004,-0.08648336,0.13518335,0.20143333
2026-05-22,quality_momentum,15,300199.SZ,,0.96881962,0.00574274,-0.0087383,-0.06786948,-0.1744664
2026-05-22,quality_momentum,16,002952.SZ,,0.96659243,0.02595234,-0.05995374,-0.14930847,-0.20444457
2026-05-22,quality_momentum,17,001258.SZ,,0.96436524,-0.03167908,-0.02015172,0.00386363,
2026-05-22,quality_momentum,18,300236.SZ,,0.96213806,0.11244607,-0.00991229,-0.07449878,-0.10653777
2026-05-22,quality_momentum,19,300881.SZ,,0.95991093,-0.00842885,-0.01804072,-0.11325291,-0.13120724
2026-05-22,quality_momentum,20,301568.SZ,,0.95768374,0.03835325,0.15911311,0.21353796,0.22710639
2026-05-25,quality_momentum,1,002443.SZ,,1.0,-0.0019,0.0139333,-0.03856663,-0.06856669
2026-05-25,quality_momentum,2,300790.SZ,,0.99763036,-0.00895219,-0.03885343,-0.09548061,-0.13344586
2026-05-25,quality_momentum,3,601918.SH,,0.99526066,-0.02815829,0.03529913,0.23551792,0.14689642
2026-05-25,quality_momentum,4,688795.SH,,0.99289101,-0.02122225,-0.06560936,-0.16960001,-0.13124682
2026-05-25,quality_momentum,5,603637.SH,,0.99052131,-0.03033846,0.03791395,,-0.06084519
2026-05-25,quality_momentum,6,688398.SH,,0.98815167,-0.0406416,-0.07850937,-0.15191458,-0.20347297
2026-05-25,quality_momentum,7,600310.SH,,0.98578197,-0.04893833,-0.0019,-0.00886863,-0.09075326
2026-05-25,quality_momentum,8,000582.SZ,,0.98341233,0.03385592,0.04322927,0.02995034,-0.04659877
2026-05-25,quality_momentum,9,600367.SH,,0.98104268,,,,
2026-05-25,quality_momentum,10,002273.SZ,,0.97867298,-0.02038147,,-0.0803215,-0.12908415
2026-05-25,quality_momentum,11,301031.SZ,,0.97630334,-0.03840839,0.01709342,-0.03937513,-0.06591326
2026-05-25,quality_momentum,12,300480.SZ,,0.97393364,-0.0619,-0.08138714,-0.1690795,-0.14548971
2026-05-25,quality_momentum,13,301458.SZ,,0.97156399,0.01661293,0.05174908,0.03916946,0.2358882
2026-05-25,quality_momentum,14,688392.SH,,0.96919429,-0.04627869,-0.05515443,-0.11143199,-0.10142006
2026-05-25,quality_momentum,15,301489.SZ,,0.96682465,-0.04813841,-0.04813841,-0.1606736,-0.25383435
2026-05-25,quality_momentum,16,300125.SZ,,0.96445495,0.00444633,-0.0154993,-0.03363167,-0.15511851
2026-05-25,quality_momentum,17,301338.SZ,,0.96208531,-0.04203693,0.01641054,0.07143342,0.08458407
2026-05-25,quality_momentum,18,600176.SH,,0.95971566,0.06198599,0.11841391,-0.03412189,-0.04674737
2026-05-25,quality_momentum,19,300400.SZ,,0.95734596,-0.0813742,-0.10856273,-0.17100671,0.02289827
2026-05-25,quality_momentum,20,688129.SH,,0.95497632,0.05124321,-0.02166668,-0.05601535,-0.19276197
2026-05-26,quality_momentum,1,688179.SH,,1.0,-0.02121715,-0.08545799,-0.08321177,-0.11510756
2026-05-26,quality_momentum,2,300953.SZ,,0.99737531,-0.04678648,-0.15348388,-0.16472722,-0.17585589
2026-05-26,quality_momentum,3,603637.SH,,0.99475068,0.05504519,0.09442785,0.05504519,-0.05192656
2026-05-26,quality_momentum,4,300246.SZ,,0.99212599,-0.04137368,-0.08505789,-0.07242632,-0.1513737
2026-05-26,quality_momentum,5,002962.SZ,,0.9895013,-0.00900296,-0.07140787,0.05593863,0.02136907
2026-05-26,quality_momentum,6,605589.SH,,0.98687667,-0.05948945,0.00430845,0.1398255,0.28476234
2026-05-26,quality_momentum,7,300476.SZ,,0.98425198,-0.03527827,-0.02864408,-0.09726648,-0.12478798
2026-05-26,quality_momentum,8,688689.SH,,0.98162729,-0.03955789,-0.11625131,-0.11487359,-0.10545911
2026-05-26,quality_momentum,9,301198.SZ,,0.97900259,-0.05032106,-0.07558419,-0.05611056,-0.17347896
2026-05-26,quality_momentum,10,002768.SZ,,0.97637796,0.04785372,0.03241853,0.07002123,0.03504585
2026-05-26,quality_momentum,11,001332.SZ,,0.97375327,-0.01767582,-0.00178723,0.06563617,-0.08131219
2026-05-26,quality_momentum,12,301099.SZ,,0.97112858,-0.03291349,-0.03484256,0.05166877,0.10508915
2026-05-26,quality_momentum,13,301338.SZ,,0.96850395,-0.01992964,0.15917698,0.23419723,0.03896387
2026-05-26,quality_momentum,14,002745.SZ,,0.96587926,0.01298371,-0.0446907,-0.04841163,-0.11724882
2026-05-26,quality_momentum,15,688035.SH,,0.96325457,-0.07050524,-0.1405485,-0.14839959,-0.12575643
2026-05-26,quality_momentum,16,000582.SZ,,0.96062994,0.03052831,0.01695369,0.05843184,-0.10521824
2026-05-26,quality_momentum,17,601975.SH,,0.95800525,-0.0403615,-0.05959226,-0.1172846,-0.2172846
2026-05-26,quality_momentum,18,688398.SH,,0.95538056,-0.00644544,-0.07189999,-0.11129395,-0.12644546
2026-05-26,quality_momentum,19,002273.SZ,,0.95275593,0.0693468,-0.02174733,-0.04562306,-0.10523052
2026-05-26,quality_momentum,20,002536.SZ,,0.95013124,-0.05051438,-0.08621191,0.00209252,-0.02726403
2026-05-27,quality_momentum,1,002848.SZ,,1.0,-0.03192312,0.01368894,-0.10698081,-0.22245426
2026-05-27,quality_momentum,2,603002.SH,,0.99678457,0.06864464,0.0315159,0.04079812,0.13361991
2026-05-27,quality_momentum,3,000690.SZ,,0.99356914,-0.00016686,0.0396945,0.00329934,-0.13881507
2026-05-27,quality_momentum,4,300382.SZ,,0.9903537,-0.01515646,-0.09988275,-0.16789424,-0.14541588
2026-05-27,quality_momentum,5,301228.SZ,,0.98713827,0.06582909,0.14551036,0.18025139,0.25292067
2026-05-27,quality_momentum,6,688508.SH,,0.98392284,0.09330075,0.05741829,-0.02230814,-0.02639499
2026-05-27,quality_momentum,7,688279.SH,,0.98070741,0.03974667,-0.06430465,-0.10791369,-0.10051147
2026-05-27,quality_momentum,8,001314.SZ,,0.97749197,0.01946153,0.11275098,-0.00150077,-0.08370624
2026-05-27,quality_momentum,9,002606.SZ,,0.97427654,-0.01418224,0.03489686,-0.10313823,-0.1657141
2026-05-27,quality_momentum,10,600310.SH,,0.97106111,-0.02901867,-0.03579831,0.14894743,-0.20922014
2026-05-27,quality_momentum,11,301630.SZ,,0.96784568,0.04787615,-0.08290744,-0.10092986,0.09907016
2026-05-27,quality_momentum,12,600673.SH,,0.96463025,-0.01399676,-0.0543194,-0.13874477,-0.16268632
2026-05-27,quality_momentum,13,001268.SZ,,0.96141481,-0.01019185,-0.03269838,-0.02535415,-0.10448231
2026-05-27,quality_momentum,14,605589.SH,,0.95819938,0.10623273,0.09351119,0.21436537,0.40655078
2026-05-27,quality_momentum,15,000582.SZ,,0.95498395,-0.02454423,-0.03696206,,-0.16771443
2026-05-27,quality_momentum,16,002496.SZ,,0.95176852,0.00570456,-0.0171092,-0.06273653,-0.17300267
2026-05-27,quality_momentum,17,002962.SZ,,0.94855303,0.00934167,-0.05606459,0.01036359,
2026-05-27,quality_momentum,18,688396.SH,,0.94533759,0.0742359,0.00600819,0.08043831,-0.01477017
2026-05-27,quality_momentum,19,301489.SZ,,0.94212216,0.00429814,-0.11442408,-0.1335393,-0.20458703
2026-05-27,quality_momentum,20,301338.SZ,,0.93890673,0.07847017,0.13684634,0.16949819,0.00445876
2026-05-28,quality_momentum,1,601918.SH,,1.0,0.08248809,0.10569486,0.18269906,0.01814211
2026-05-28,quality_momentum,2,300747.SZ,,0.99698794,-0.04471275,-0.01194549,0.10309879,0.18681081
2026-05-28,quality_momentum,3,601138.SH,,0.99397588,-0.04697937,0.01333814,-0.01777301,-0.08837613
2026-05-28,quality_momentum,4,000338.SZ,,0.99096388,-0.02168264,-0.08938954,-0.04592335,-0.19554722
2026-05-28,quality_momentum,5,301630.SZ,,0.98795182,-0.09712287,-0.08766816,-0.13579498,0.04665333
2026-05-28,quality_momentum,6,301228.SZ,,0.98493975,-0.06085523,0.08526413,0.11750298,0.19227913
2026-05-28,quality_momentum,7,300570.SZ,,0.98192769,-0.05806279,-0.01358598,-0.0019,0.06205353
2026-05-28,quality_momentum,8,603002.SH,,0.97891569,-0.06028153,0.05532537,-0.00479026,0.03681154
2026-05-28,quality_momentum,9,000690.SZ,,0.97590363,0.08287505,0.00848061,0.0015602,-0.10916649
2026-05-28,quality_momentum,10,603458.SH,,0.97289157,-0.09003076,-0.07439463,0.02084347,-0.04667613
2026-05-28,quality_momentum,11,600520.SH,,0.96987951,-0.08186406,-0.13876731,-0.1459551,-0.12139685
2026-05-28,quality_momentum,12,688508.SH,,0.96686745,-0.02462957,-0.04971402,-0.124046,-0.05455647
2026-05-28,quality_momentum,13,603693.SH,,0.96385545,0.01526249,-0.05224328,-0.06883362,-0.18954304
2026-05-28,quality_momentum,14,300400.SZ,,0.96084338,-0.0136057,-0.04203374,-0.06511068,0.25395282
2026-05-28,quality_momentum,15,301237.SZ,,0.95783132,-0.1055072,-0.2063497,-0.15935129,-0.16145766
2026-05-28,quality_momentum,16,300700.SZ,,0.95481926,-0.07001304,-0.04327234,0.00465909,0.16863486
2026-05-28,quality_momentum,17,603527.SH,,0.9518072,-0.1000964,-0.1167965,-0.11011642,-0.1000964
2026-05-28,quality_momentum,18,600310.SH,,0.9487952,0.03991184,0.03991184,,-0.17661129
2026-05-28,quality_momentum,19,600552.SH,,0.94578314,-0.05932893,-0.0113837,0.04867954,0.08766794
2026-05-28,quality_momentum,20,001314.SZ,,0.94277108,0.05234253,-0.05277671,-0.06692997,-0.1168928
2026-05-29,quality_momentum,1,000338.SZ,,1.0,-0.06301431,-0.08404893,-0.16307112,-0.19007513
2026-05-29,quality_momentum,2,301099.SZ,,0.99604744,-0.01448252,0.08648423,0.14433295,0.05748315
2026-05-29,quality_momentum,3,600601.SH,,0.99209487,-0.05850377,-0.08642829,-0.12039054,-0.02831512
2026-05-29,quality_momentum,4,603002.SH,,0.98814231,0.02326882,0.03247696,,0.08892893
2026-05-29,quality_momentum,5,688690.SH,,0.98418975,0.00867079,0.0800561,0.07528743,-0.0465783
2026-05-29,quality_momentum,6,605117.SH,,0.98023713,-0.02450814,-0.02175735,-0.12800675,-0.12267712
2026-05-29,quality_momentum,7,688508.SH,,0.97628456,-0.01216716,-0.08665646,-0.17424154,-0.09574319
2026-05-29,quality_momentum,8,301041.SZ,,0.972332,-0.02391262,-0.06536487,-0.11567931,-0.05421562
2026-05-29,quality_momentum,9,002371.SZ,,0.96837944,-0.064125,-0.02566037,-0.08982142,0.06979713
2026-05-29,quality_momentum,10,688181.SH,,0.96442688,-0.01251771,-0.083705,-0.07397297,0.03341254
2026-05-29,quality_momentum,11,001314.SZ,,0.96047431,,,,
2026-05-29,quality_momentum,12,002606.SZ,,0.95652175,0.04389207,-0.09534061,-0.17888018,-0.18197424
2026-05-29,quality_momentum,13,601918.SH,,0.95256919,,,,
2026-05-29,quality_momentum,14,000582.SZ,,0.94861662,-0.02410579,,-0.09442405,-0.15511988
2026-05-29,quality_momentum,15,603290.SH,,0.94466406,-0.07362321,-0.06838683,-0.15518465,-0.12519416
2026-05-29,quality_momentum,16,301458.SZ,,0.94071144,0.07144523,0.1385293,0.33508568,0.07636476
2026-05-29,quality_momentum,17,001389.SZ,,0.93675888,-0.07049333,-0.11197667,-0.1470662,-0.07085136
2026-05-29,quality_momentum,18,300184.SZ,,0.93280631,-0.01486302,0.0876061,-0.02720869,-0.09943092
2026-05-29,quality_momentum,19,603800.SH,,0.92885375,0.02411391,0.19700124,0.17696573,0.11055757
2026-05-29,quality_momentum,20,301018.SZ,,0.92490119,-0.06794534,-0.05177715,-0.08265254,-0.03278446
2026-06-01,quality_momentum,1,000690.SZ,,1.0,-0.0301862,-0.03684177,-0.13501151,-0.11504481
2026-06-01,quality_momentum,2,688777.SH,,0.99588478,0.02587772,0.00254444,0.14488675,0.22377572
2026-06-01,quality_momentum,3,688006.SH,,0.99176955,-0.00676487,-0.10162969,-0.13703513,-0.01919728
2026-06-01,quality_momentum,4,002606.SZ,,0.98765433,,-0.15929645,-0.19716623,-0.18592365
2026-06-01,quality_momentum,5,605589.SH,,0.9835391,,,,
2026-06-01,quality_momentum,6,688411.SH,,0.97942388,-0.01333199,-0.07009926,-0.15779696,-0.11721541
2026-06-01,quality_momentum,7,000802.SZ,,0.97530866,-0.03471846,-0.05981501,-0.0945641,-0.15054865
2026-06-01,quality_momentum,8,301626.SZ,,0.97119343,0.00044155,-0.01476293,-0.06527805,-0.01797866
2026-06-01,quality_momentum,9,002851.SZ,,0.96707821,,,,
2026-06-01,quality_momentum,10,605117.SH,,0.96296299,-0.04323683,-0.01438899,-0.07841713,-0.09767836
2026-06-01,quality_momentum,11,688396.SH,,0.95884776,0.06302315,0.09056162,-0.0200538,0.05963851
2026-06-01,quality_momentum,12,600552.SH,,0.95473254,0.0271093,0.08950668,0.21539611,0.12256703
2026-06-01,quality_momentum,13,301458.SZ,,0.95061731,0.0314333,0.15205832,0.18705833,0.1681
2026-06-01,quality_momentum,14,688690.SH,,0.94650203,0.0208511,0.08473004,0.00791879,0.03387202
2026-06-01,quality_momentum,15,300679.SZ,,0.94238681,0.10091245,0.05975024,0.09066847,0.16144514
2026-06-01,quality_momentum,16,002916.SZ,,0.93827158,0.03415474,-0.0124418,-0.03059868,0.0315646
2026-06-01,quality_momentum,17,000668.SZ,,0.93415636,,,,
2026-06-01,quality_momentum,18,300757.SZ,,0.93004113,0.1425097,0.11287032,0.02230552,0.03600552
2026-06-01,quality_momentum,19,301041.SZ,,0.92592591,-0.00803855,-0.07000873,-0.05305459,0.01505408
2026-06-01,quality_momentum,20,000027.SZ,,0.92181069,-0.00316425,-0.01959911,-0.10303779,-0.08407449
2026-06-02,quality_momentum,1,688396.SH,,1.0,0.006479,-0.09248076,-0.05087428,0.02294827
2026-06-02,quality_momentum,2,002606.SZ,,0.99545455,-0.09869407,-0.18192461,-0.15726372,-0.13753496
2026-06-02,quality_momentum,3,688777.SH,,0.9909091,-0.01811621,0.07789927,0.17980805,0.1744958
2026-06-02,quality_momentum,4,000582.SZ,,0.98636365,,-0.12992278,-0.15623855,-0.17544199
2026-06-02,quality_momentum,5,600176.SH,,0.9818182,-0.04004432,-0.12226078,0.02902786,0.26098661
2026-06-02,quality_momentum,6,001301.SZ,,0.97727275,0.00271648,-0.11007333,-0.06474758,-0.02456288
2026-06-02,quality_momentum,7,301366.SZ,,0.9727273,,,,
2026-06-02,quality_momentum,8,002706.SZ,,0.96818179,-0.03072479,-0.09502633,-0.08985267,-0.09650457
2026-06-02,quality_momentum,9,600114.SH,,0.96363634,0.00351374,-0.0222661,0.06100277,0.08085326
2026-06-02,quality_momentum,10,688411.SH,,0.95909089,-0.04257796,-0.1544085,-0.16413729,-0.10701868
2026-06-02,quality_momentum,11,000802.SZ,,0.95454544,-0.03982416,-0.04381617,-0.06377633,-0.1875288
2026-06-02,quality_momentum,12,002823.SZ,,0.94999999,0.05107295,0.02512703,-0.04352165,-0.06460269
2026-06-02,quality_momentum,13,600885.SH,,0.94545454,-0.03787534,-0.09015191,-0.09408669,-0.05192818
2026-06-02,quality_momentum,14,000690.SZ,,0.94090909,-0.00874931,-0.11662604,-0.11662604,-0.05326989
2026-06-02,quality_momentum,15,603730.SH,,0.93636364,0.00132841,-0.02181778,0.06054207,0.16431551
2026-06-02,quality_momentum,16,301626.SZ,,0.93181819,-0.00672787,-0.0429216,-0.07871038,-0.02585266
2026-06-02,quality_momentum,17,001314.SZ,,0.92727274,0.03007986,-0.03944941,-0.06011059,0.02648667
2026-06-02,quality_momentum,18,301458.SZ,,0.92272729,0.02632584,0.20354361,0.09689036,0.12249521
2026-06-02,quality_momentum,19,301041.SZ,,0.91818184,-0.0383706,-0.09013527,-0.03984118,0.01280592
2026-06-02,quality_momentum,20,688006.SH,,0.91363639,-0.07740241,-0.16485491,-0.06490922,0.06708427
2026-06-03,quality_momentum,1,603559.SH,,1.0,-0.07589341,-0.08133412,-0.09765617,-0.05413064
2026-06-03,quality_momentum,2,002916.SZ,,0.99492383,0.03055949,0.01161351,0.03320808,0.23053243
2026-06-03,quality_momentum,3,600114.SH,,0.98984772,0.00322822,0.02707439,0.01322821,0.10681799
2026-06-03,quality_momentum,4,002962.SZ,,0.98477155,0.0025072,0.0638877,,-0.06851147
2026-06-03,quality_momentum,5,001258.SZ,,0.97969544,-0.00097841,-0.18254515,-0.2636512,-0.29867424
2026-06-03,quality_momentum,6,300666.SZ,,0.97461927,0.00078294,-0.03116829,0.24263661,0.46922188
2026-06-03,quality_momentum,7,001332.SZ,,0.96954316,-0.08914704,-0.14832997,-0.10422914,-0.12847505
2026-06-03,quality_momentum,8,301099.SZ,,0.96446699,0.08395928,0.02728367,0.06267068,0.29205172
2026-06-03,quality_momentum,9,300554.SZ,,0.95939088,-0.00844723,0.00843767,0.01119439,0.03221439
2026-06-03,quality_momentum,10,003019.SZ,,0.95431471,-0.07093258,-0.1710784,-0.18882267,-0.16305706
2026-06-03,quality_momentum,11,301626.SZ,,0.9492386,-0.01229126,-0.06293287,-0.10396568,0.0079279
2026-06-03,quality_momentum,12,000582.SZ,,0.94416243,-0.11151669,-0.17943869,-0.23391075,-0.19826853
2026-06-03,quality_momentum,13,603083.SH,,0.93908632,0.06433714,-0.07664227,-0.09710619,0.02902784
2026-06-03,quality_momentum,14,603124.SH,,0.93401015,0.05289452,0.04090822,0.13289447,0.31385346
2026-06-03,quality_momentum,15,688777.SH,,0.92893404,-0.00849336,0.13228476,0.1147629,0.28524326
2026-06-03,quality_momentum,16,002076.SZ,,0.92385787,-0.03243432,-0.05151827,-0.06678544,
2026-06-03,quality_momentum,17,000966.SZ,,0.9187817,-0.02962636,-0.02408113,-0.14053216,-0.11280571
2026-06-03,quality_momentum,18,603386.SH,,0.91370559,-0.00602734,0.04644915,0.08772268,0.06826513
2026-06-03,quality_momentum,19,603458.SH,,0.90862942,0.04160982,-0.03018139,-0.07586661,0.0655402
2026-06-03,quality_momentum,20,688733.SH,,0.90355331,-0.00299288,-0.03195468,0.04809996,0.14915785
2026-06-04,quality_momentum,1,002962.SZ,,1.0,0.04355463,0.01173639,,-0.11806158
2026-06-04,quality_momentum,2,688525.SH,,0.99342108,-0.13034039,-0.0508297,0.06501132,0.20561302
2026-06-04,quality_momentum,3,002815.SZ,,0.9868421,-0.07786373,0.01283924,0.0185082,0.14322479
2026-06-04,quality_momentum,4,301607.SZ,,0.98026317,-0.03411987,0.05258944,-0.04572844,-0.02938164
2026-06-04,quality_momentum,5,300665.SZ,,0.97368419,0.00615639,0.02327623,0.13203755,
2026-06-04,quality_momentum,6,002015.SZ,,0.96710527,,,-0.25127449,-0.22759311
2026-06-04,quality_momentum,7,300037.SZ,,0.96052629,-0.0288177,-0.07936743,-0.04132873,0.0470069
2026-06-04,quality_momentum,8,000601.SZ,,0.95394737,-0.11339821,-0.1319813,-0.19005331,-0.23418799
2026-06-04,quality_momentum,9,300088.SZ,,0.94736844,-0.01162053,0.01025072,-0.02984648,0.33831875
2026-06-04,quality_momentum,10,603997.SH,,0.94078946,-0.049677,-0.07887411,-0.06560272,-0.10608047
2026-06-04,quality_momentum,11,600310.SH,,0.93421054,-0.14406478,-0.18948821,-0.23660809,-0.29022725
2026-06-04,quality_momentum,12,300679.SZ,,0.92763156,-0.00751403,0.01669652,-0.02804038,0.27020531
2026-06-04,quality_momentum,13,000668.SZ,,0.92105263,0.09492622,0.05243026,0.10245712,0.21004193
2026-06-04,quality_momentum,14,300410.SZ,,0.91447371,-0.03579835,-0.03495088,-0.06461184,0.0997949
2026-06-04,quality_momentum,15,001258.SZ,,0.90789473,,-0.22381525,-0.27261819,-0.32142119
2026-06-04,quality_momentum,16,688733.SH,,0.90131581,-0.06344268,0.04624001,0.13486141,0.27022757
2026-06-04,quality_momentum,17,603002.SH,,0.89473683,,-0.01639274,0.03982239,0.37043591
2026-06-04,quality_momentum,18,300666.SZ,,0.8881579,-0.05322573,0.09199444,0.63862534,0.56949379
2026-06-04,quality_momentum,19,000582.SZ,,0.88157892,-0.07591809,-0.10386371,-0.14162805,-0.14238336
2026-06-04,quality_momentum,20,300504.SZ,,0.875,-0.07588093,-0.10154778,-0.11060668,-0.07437108
2026-06-05,quality_momentum,1,600114.SH,,1.0,0.05415266,0.03994211,0.03388949,0.10336316
2026-06-05,quality_momentum,2,300665.SZ,,0.9939394,0.02507298,0.11698108,0.02407405,0.17292518
2026-06-05,quality_momentum,3,301366.SZ,,0.9878788,0.01565561,0.00921117,0.03698894,0.20476669
2026-06-05,quality_momentum,4,002815.SZ,,0.9818182,0.07785467,0.04349888,0.04411227,0.17110624
2026-06-05,quality_momentum,5,688396.SH,,0.9757576,0.01192048,0.00937879,-0.01699138,0.23638433
2026-06-05,quality_momentum,6,000668.SZ,,0.969697,0.07656981,0.02801659,0.00938007,0.1319892
2026-06-05,quality_momentum,7,300700.SZ,,0.96363634,-0.0019,0.0981,0.11960002,0.16510001
2026-06-05,quality_momentum,8,002962.SZ,,0.95757574,0.01307582,,-0.21832518,-0.17726236
2026-06-05,quality_momentum,9,688777.SH,,0.95151514,0.03143333,0.01546951,0.0557305,0.22330082
2026-06-05,quality_momentum,10,300666.SZ,,0.94545454,0.01861282,0.306459,0.45451026,0.5370744
2026-06-05,quality_momentum,11,000966.SZ,,0.93939394,-0.03303554,-0.14842018,-0.13926263,-0.20702818
2026-06-05,quality_momentum,12,920526.BJ,,0.93333334,-0.02945907,0.1326741,0.02601692,0.0718294
2026-06-05,quality_momentum,13,000700.SZ,,0.92727274,0.03124576,-0.0769469,-0.08695314,-0.06193753
2026-06-05,quality_momentum,14,300037.SZ,,0.92121214,-0.03436753,-0.06813375,-0.03177017,0.16693117
2026-06-05,quality_momentum,15,300920.SZ,,0.91515154,0.05145306,0.11150194,0.06398875,0.04833412
2026-06-05,quality_momentum,16,300679.SZ,,0.90909094,0.03303295,-0.01389718,-0.04036154,0.18705552
2026-06-05,quality_momentum,17,601138.SH,,0.90303028,0.02667553,-0.00432892,0.01924585,0.12511814
2026-06-05,quality_momentum,18,600936.SH,,0.89696968,-0.0019,-0.11593503,-0.15277713,-0.19663679
2026-06-05,quality_momentum,19,300088.SZ,,0.89090908,0.01036999,-0.02398587,-0.07183861,0.25576876
2026-06-05,quality_momentum,20,301607.SZ,,0.88484848,0.02625181,-0.01046789,-0.08194888,0.10238402
2026-06-08,quality_momentum,1,300811.SZ,,1.0,0.02447054,-0.02608207,0.01571681,0.05926647
2026-06-08,quality_momentum,2,600114.SH,,0.99337751,0.02551088,-0.00015568,0.04320335,0.04694124
2026-06-08,quality_momentum,3,688096.SH,,0.98675495,0.15304072,0.12853483,-0.01375768,0.16410794
2026-06-08,quality_momentum,4,600714.SH,,0.98013246,-0.05892042,-0.03848539,-0.07737795,-0.22734496
2026-06-08,quality_momentum,5,002718.SZ,,0.97350991,0.00458348,0.07370436,0.1904077,0.28293513
2026-06-08,quality_momentum,6,002962.SZ,,0.96688741,-0.04664062,,-0.17277102,-0.12041498
2026-06-08,quality_momentum,7,688669.SH,,0.96026492,-0.00144709,0.0925294,0.10770145,0.55561806
2026-06-08,quality_momentum,8,300553.SZ,,0.95364237,-0.02369463,-0.02369463,0.03913417,0.18388087
2026-06-08,quality_momentum,9,300920.SZ,,0.94701988,0.04884976,0.01495462,0.01443314,-0.01763687
2026-06-08,quality_momentum,10,688456.SH,,0.94039732,-0.01711471,0.33303122,0.43619918,0.473819
2026-06-08,quality_momentum,11,000887.SZ,,0.93377483,-0.01430241,-0.03681044,0.02244537,-0.12408648
2026-06-08,quality_momentum,12,301111.SZ,,0.92715234,0.03475309,0.03287308,-0.05799405,0.05178829
2026-06-08,quality_momentum,13,603124.SH,,0.92052978,,,,
2026-06-08,quality_momentum,14,300221.SZ,,0.91390729,,,,
2026-06-08,quality_momentum,15,603725.SH,,0.9072848,-0.08215181,-0.11047598,-0.14194722,-0.04753336
2026-06-08,quality_momentum,16,000966.SZ,,0.90066224,-0.08507582,-0.11721194,-0.06428184,-0.1871552
2026-06-08,quality_momentum,17,603386.SH,,0.89403975,-0.01989784,0.01609773,0.00991097,0.01609773
2026-06-08,quality_momentum,18,300503.SZ,,0.8874172,0.01019583,-0.03998384,-0.0403431,-0.04381617
2026-06-08,quality_momentum,19,300037.SZ,,0.8807947,-0.02203423,0.01836848,0.03018053,0.17353624
2026-06-08,quality_momentum,20,300665.SZ,,0.87417221,-0.01162757,0.09343079,,0.16638799
2026-06-09,quality_momentum,1,300037.SZ,,1.0,-0.01696847,0.02138763,0.06727813,0.20618223
2026-06-09,quality_momentum,2,300920.SZ,,0.99350649,0.00405538,-0.03887265,-0.05003892,-0.08130449
2026-06-09,quality_momentum,3,688733.SH,,0.98701298,0.00097054,0.03672213,0.04491625,0.07055042
2026-06-09,quality_momentum,4,300001.SZ,,0.98051947,-0.0749479,-0.08577914,-0.02507385,-0.01726525
2026-06-09,quality_momentum,5,601138.SH,,0.97402596,-0.04414967,-0.02151594,-0.01836085,0.06243478
2026-06-09,quality_momentum,6,600114.SH,,0.96753246,-0.04167685,-0.0472553,0.01677573,0.0308432
2026-06-09,quality_momentum,7,300700.SZ,,0.96103895,0.03681575,0.05711794,0.03587144,0.09347301
2026-06-09,quality_momentum,8,300821.SZ,,0.95454544,0.03680967,0.00161914,0.07141379,0.11833468
2026-06-09,quality_momentum,9,688612.SH,,0.94805193,-0.07721372,-0.13300179,-0.06828765,-0.18627932
2026-06-09,quality_momentum,10,300308.SZ,,0.94155842,-0.01407391,0.01983913,0.06592608,0.15114348
2026-06-09,quality_momentum,11,603725.SH,,0.93506491,-0.04039439,-0.07632254,-0.06947913,0.02290757
2026-06-09,quality_momentum,12,300234.SZ,,0.9285714,-0.02997778,0.14280844,0.21624249,0.21084289
2026-06-09,quality_momentum,13,603031.SH,,0.92207789,-0.0354277,-0.06695101,-0.03743208,-0.01793501
2026-06-09,quality_momentum,14,300802.SZ,,0.91558444,0.00259162,-0.0447747,0.01892476,0.05975781
2026-06-09,quality_momentum,15,601918.SH,,0.90909094,-0.03315001,-0.02306934,-0.05431935,-0.143029
2026-06-09,quality_momentum,16,300151.SZ,,0.90259743,-0.0541124,-0.07844865,0.00473715,0.08836544
2026-06-09,quality_momentum,17,002436.SZ,,0.89610392,-0.03410737,-0.0016381,0.17668078,0.33614661
2026-06-09,quality_momentum,18,300747.SZ,,0.88961041,0.05781837,0.08938066,0.22425801,0.20563859
2026-06-09,quality_momentum,19,002962.SZ,,0.8831169,,-0.19372862,-0.12397269,-0.06517855
2026-06-09,quality_momentum,20,301366.SZ,,0.87662339,-0.00801621,0.01928827,0.12654038,0.36703833
2026-06-10,quality_momentum,1,002993.SZ,,1.0,-0.01641904,-0.01762899,0.09292753,0.01140909
2026-06-10,quality_momentum,2,002962.SZ,,0.99315071,,-0.15006628,-0.10214455,-0.13148442
2026-06-10,quality_momentum,3,600114.SH,,0.98630136,0.01350795,0.05745838,0.09029503,0.04558677
2026-06-10,quality_momentum,4,603386.SH,,0.97945207,-0.02246273,-0.02841514,-0.01975714,0.06411738
2026-06-10,quality_momentum,5,300665.SZ,,0.97260273,0.00345718,,,-0.02779285
2026-06-10,quality_momentum,6,000670.SZ,,0.96575344,0.00542981,-0.05425602,-0.04378488,-0.17467488
2026-06-10,quality_momentum,7,002613.SZ,,0.95890409,0.00021869,0.01504924,0.03623566,-0.07817112
2026-06-10,quality_momentum,8,600552.SH,,0.9520548,0.02338509,0.01664304,0.19161971,0.33677079
2026-06-10,quality_momentum,9,300802.SZ,,0.94520545,0.00175848,0.00216505,0.07411625,0.00623009
2026-06-10,quality_momentum,10,300920.SZ,,0.93835616,-0.03988719,-0.04038055,-0.06430756,-0.12054828
2026-06-10,quality_momentum,11,300811.SZ,,0.93150687,0.01277745,0.05624087,0.08582328,0.1241667
2026-06-10,quality_momentum,12,300821.SZ,,0.92465752,0.03084996,-0.03690841,0.13869864,0.03706107
2026-06-10,quality_momentum,13,603730.SH,,0.91780823,0.01917724,0.05196413,0.01527403,-0.14319589
2026-06-10,quality_momentum,14,600909.SH,,0.91095889,-0.00460633,0.08064399,0.18483889,0.62191601
2026-06-10,quality_momentum,15,002463.SZ,,0.9041096,0.0181666,0.03784579,0.12926907,0.18334821
2026-06-10,quality_momentum,16,300700.SZ,,0.89726025,0.05264549,0.01719091,0.01900905,0.02809999
2026-06-10,quality_momentum,17,603203.SH,,0.89041096,0.03551129,-0.01590711,0.07966025,0.26015671
2026-06-10,quality_momentum,18,301111.SZ,,0.88356167,0.03143332,-0.05930738,0.14661853,0.09217411
2026-06-10,quality_momentum,19,000657.SZ,,0.87671232,0.10125934,0.22722095,0.21719344,0.41375934
2026-06-10,quality_momentum,20,301488.SZ,,0.86986303,-0.07695777,-0.089457,-0.10126875,-0.21363675
2026-06-11,quality_momentum,1,300821.SZ,,1.0,-0.06641614,-0.00135334,0.0910469,0.09979484
2026-06-11,quality_momentum,2,688733.SH,,0.99264705,-0.04424838,-0.03669307,0.11718052,-0.04513447
2026-06-11,quality_momentum,3,603730.SH,,0.9852941,-0.0462425,0.0806688,,-0.13416296
2026-06-11,quality_momentum,4,002768.SZ,,0.97794116,0.04212989,0.15048808,0.19036876,0.12506317
2026-06-11,quality_momentum,5,603386.SH,,0.97058821,-0.064331,-0.03394419,-0.00631989,0.15555859
2026-06-11,quality_momentum,6,301111.SZ,,0.96323532,-0.04132654,-0.10548421,-0.0162369,-0.05351292
2026-06-11,quality_momentum,7,300398.SZ,,0.95588237,-0.07057141,-0.01783353,0.06407844,0.37781279
2026-06-11,quality_momentum,8,688096.SH,,0.94852942,-0.0928091,-0.17252941,0.02257548,-0.03476715
2026-06-11,quality_momentum,9,300502.SZ,,0.94117647,-0.04819629,0.00865558,0.07976662,0.02772963
2026-06-11,quality_momentum,10,300037.SZ,,0.93382353,-0.01913464,0.02493859,0.09006156,0.11532136
2026-06-11,quality_momentum,11,300811.SZ,,0.92647058,-0.05258397,0.06751021,0.26093923,0.06515543
2026-06-11,quality_momentum,12,600552.SH,,0.91911763,-0.06811031,0.0550374,0.21891125,0.50059958
2026-06-11,quality_momentum,13,603976.SH,,0.91176468,0.07968322,0.00375426,0.0510079,0.02192876
2026-06-11,quality_momentum,14,600114.SH,,0.90441179,-0.02279553,0.0428761,0.10257763,-0.00911395
2026-06-11,quality_momentum,15,002613.SZ,,0.89705884,-0.08223829,0.00021411,0.01078498,-0.14566317
2026-06-11,quality_momentum,16,000691.SZ,,0.8897059,-0.0078701,0.11949309,0.20606017,0.57656314
2026-06-11,quality_momentum,17,002463.SZ,,0.88235295,-0.02590124,0.04625431,0.13580309,0.11673888
2026-06-11,quality_momentum,18,688432.SH,,0.875,-0.14314998,0.03685001,0.07309995,0.35508029
2026-06-11,quality_momentum,19,300920.SZ,,0.86764705,-0.00677176,-0.01831024,0.0155359,-0.09113076
2026-06-11,quality_momentum,20,301458.SZ,,0.8602941,-0.06522553,0.08143335,0.20245122,0.22187624
2026-06-12,quality_momentum,1,688359.SH,,1.0,0.12030965,0.19843687,0.17758891,0.35672693
2026-06-12,quality_momentum,2,601137.SH,,0.99275362,0.01820454,0.03147354,0.04353623,-0.1293628
2026-06-12,quality_momentum,3,002768.SZ,,0.98550725,0.07444018,0.11557377,0.12888704,0.08472061
2026-06-12,quality_momentum,4,603466.SH,,0.97826087,-0.03497225,-0.11504188,-0.15768765,-0.12113411
2026-06-12,quality_momentum,5,600114.SH,,0.9710145,0.06364873,0.09667726,0.06517315,-0.06211339
2026-06-12,quality_momentum,6,603155.SH,,0.96376812,0.02541481,0.10921108,0.01106301,0.22958145
2026-06-12,quality_momentum,7,300665.SZ,,0.95652175,,,0.14318274,0.02049528
2026-06-12,quality_momentum,8,603859.SH,,0.94927537,-0.0079346,-0.00326266,0.01386798,-0.11208104
2026-06-12,quality_momentum,9,300599.SZ,,0.942029,-0.06548382,-0.10594628,-0.22155317,-0.26562835
2026-06-12,quality_momentum,10,603800.SH,,0.93478262,,,,
2026-06-12,quality_momentum,11,603730.SH,,0.92753625,0.0781,0.04049998,-0.07709997,-0.07950002
2026-06-12,quality_momentum,12,000691.SZ,,0.92028987,0.03213395,0.15625809,0.17227417,0.49689113
2026-06-12,quality_momentum,13,605018.SH,,0.9130435,-0.04769669,-0.04518728,-0.10729522,-0.13606721
2026-06-12,quality_momentum,14,300037.SZ,,0.90579712,0.0274173,0.14482031,0.20291932,0.12902379
2026-06-12,quality_momentum,15,002741.SZ,,0.89855075,,,,
2026-06-12,quality_momentum,16,300700.SZ,,0.89130437,-0.00234584,-0.00056256,0.03867066,-0.07367889
2026-06-12,quality_momentum,17,002937.SZ,,0.884058,0.05460778,0.08540579,0.14780541,0.19467205
2026-06-12,quality_momentum,18,300656.SZ,,0.87681162,0.02587778,0.08143334,0.07448889,0.01837776
2026-06-12,quality_momentum,19,002171.SZ,,0.86956519,0.0120912,0.09161992,0.1991309,-0.01810032
2026-06-12,quality_momentum,20,301228.SZ,,0.86231881,0.02330116,0.10431448,-0.00387917,-0.04478165
2026-06-15,quality_momentum,1,605186.SH,,1.0,0.00460152,0.05723312,0.06466352,-0.02976377
2026-06-15,quality_momentum,2,601066.SH,,0.99374998,0.01068355,-0.02667393,0.10663323,0.13848536
2026-06-15,quality_momentum,3,603324.SH,,0.98750001,0.01689035,0.28876345,0.16574531,0.48811756
2026-06-15,quality_momentum,4,000921.SZ,,0.98124999,-0.00578146,-0.05271159,-0.049183,-0.03789155
2026-06-15,quality_momentum,5,603155.SH,,0.97500002,0.0224353,0.02919509,-0.06769536,0.25316991
2026-06-15,quality_momentum,6,002916.SZ,,0.96875,0.01313759,0.15704741,0.06293708,0.14847593
2026-06-15,quality_momentum,7,000887.SZ,,0.96249998,-0.00683268,-0.0261152,-0.14494927,-0.20369373
2026-06-15,quality_momentum,8,600985.SH,,0.95625001,-0.03790254,-0.08073305,-0.02921226,-0.13287458
2026-06-15,quality_momentum,9,300821.SZ,,0.94999999,0.06890159,0.16778985,0.08938142,0.18417375
2026-06-15,quality_momentum,10,603976.SH,,0.94375002,0.00253722,0.04973367,0.12355376,0.15421129
2026-06-15,quality_momentum,11,300037.SZ,,0.9375,0.01318654,0.07756417,0.13699973,0.21568361
2026-06-15,quality_momentum,12,300599.SZ,,0.93124998,-0.04510991,-0.04819632,-0.15313457,-0.22489385
2026-06-15,quality_momentum,13,002965.SZ,,0.92500001,0.04829789,0.11085968,0.04780332,0.32104762
2026-06-15,quality_momentum,14,603859.SH,,0.91874999,-0.01188829,0.03452767,-0.04498658,0.00965504
2026-06-15,quality_momentum,15,300223.SZ,,0.91250002,-0.00662395,0.16374417,0.18067666,0.51957239
2026-06-15,quality_momentum,16,600909.SH,,0.90625,0.03184999,0.12310003,0.27309995,0.40810006
2026-06-15,quality_momentum,17,605018.SH,,0.89999998,-0.02556864,-0.02228137,-0.07487834,0.00786017
2026-06-15,quality_momentum,18,600552.SH,,0.89375001,0.0620336,0.22699218,0.23528891,0.49639191
2026-06-15,quality_momentum,19,603269.SH,,0.88749999,-0.01439994,0.0160167,-0.11814995,-0.03336955
2026-06-15,quality_momentum,20,002171.SZ,,0.88125002,0.01552918,0.149153,0.06200698,-0.01642438
2026-06-16,quality_momentum,1,605020.SH,,1.0,0.07008387,0.07987369,0.14581095,0.22729664
2026-06-16,quality_momentum,2,002916.SZ,,0.99367088,,,,
2026-06-16,quality_momentum,3,002993.SZ,,0.98734176,0.0249085,-0.09721917,-0.08700638,-0.07012692
2026-06-16,quality_momentum,4,300037.SZ,,0.98101264,0.09560161,0.15120694,0.12801671,0.16158487
2026-06-16,quality_momentum,5,600999.SH,,0.97468352,0.00339388,0.04997936,0.09444733,0.19079456
2026-06-16,quality_momentum,6,600460.SH,,0.9683544,0.06839601,0.1926032,0.28774064,0.31945308
2026-06-16,quality_momentum,7,603155.SH,,0.96202534,0.05397326,-0.03929548,-0.01113889,0.25766884
2026-06-16,quality_momentum,8,002254.SZ,,0.95569623,,,,
2026-06-16,quality_momentum,9,002815.SZ,,0.94936711,0.01787113,-0.00710283,-0.05496964,-0.19128603
2026-06-16,quality_momentum,10,002674.SZ,,0.94303799,0.00882556,0.36466147,0.65172763,0.51860471
2026-06-16,quality_momentum,11,000921.SZ,,0.93670887,-0.027759,-0.05397224,-0.04192831,-0.05609762
2026-06-16,quality_momentum,12,603979.SH,,0.93037975,0.04490553,0.03948885,-0.05745553,-0.1845389
2026-06-16,quality_momentum,13,600909.SH,,0.92405063,0.05855953,0.15045789,0.44791861,0.50837817
2026-06-16,quality_momentum,14,300554.SZ,,0.91772151,-0.00819141,0.03386159,-0.06150269,-0.10090668
2026-06-16,quality_momentum,15,000668.SZ,,0.91139239,-0.01162218,0.06847041,0.00782227,-0.00977036
2026-06-16,quality_momentum,16,603226.SH,,0.90506327,-0.03662946,-0.05582671,-0.0521618,-0.08008498
2026-06-16,quality_momentum,17,603324.SH,,0.89873415,,,,
2026-06-16,quality_momentum,18,300786.SZ,,0.89240509,0.01436396,0.03620408,0.11194753,0.115665
2026-06-16,quality_momentum,19,300720.SZ,,0.88607597,0.10016489,0.06971531,0.0880112,0.48280995
2026-06-16,quality_momentum,20,002171.SZ,,0.87974685,0.05805718,0.16226839,0.06019849,-0.03330618
2026-06-17,quality_momentum,1,605020.SH,,1.0,-0.08436037,-0.0446075,0.03221229,0.36796303
2026-06-17,quality_momentum,2,603730.SH,,0.99435025,,-0.13236815,-0.15769431,-0.09629751
2026-06-17,quality_momentum,3,300802.SZ,,0.98870057,0.03701199,-0.04383431,-0.06499028,-0.12128044
2026-06-17,quality_momentum,4,002674.SZ,,0.98305082,,,,
2026-06-17,quality_momentum,5,603225.SH,,0.97740114,-0.03033133,0.03640125,0.09331479,0.05966163
2026-06-17,quality_momentum,6,603226.SH,,0.97175139,8.873e-05,-0.02504234,-0.05089662,-0.04203743
2026-06-17,quality_momentum,7,603681.SH,,0.96610171,-0.0288854,-0.08825315,-0.09557776,-0.13836884
2026-06-17,quality_momentum,8,600857.SH,,0.96045196,-0.00819725,-0.05794536,0.13474982,0.42316289
2026-06-17,quality_momentum,9,300554.SZ,,0.95480227,0.0814055,-0.01889434,-0.08287302,-0.07554215
2026-06-17,quality_momentum,10,002993.SZ,,0.94915253,-0.05563669,-0.14031692,-0.07635779,-0.12553587
2026-06-17,quality_momentum,11,688181.SH,,0.94350284,-0.01016988,0.1732904,0.09276808,0.24119027
2026-06-17,quality_momentum,12,603386.SH,,0.9378531,-0.00906249,-0.00465478,0.08349952,0.0328108
2026-06-17,quality_momentum,13,603458.SH,,0.93220341,-0.01480764,-0.01684567,0.03750217,-0.25257937
2026-06-17,quality_momentum,14,600601.SH,,0.92655367,0.01128533,-0.0699083,-0.03104643,0.05153515
2026-06-17,quality_momentum,15,300305.SZ,,0.92090398,-0.02317655,-0.08074852,-0.20089872,-0.2622254
2026-06-17,quality_momentum,16,000859.SZ,,0.91525424,-0.03027489,0.01357724,,-0.14205478
2026-06-17,quality_momentum,17,688733.SH,,0.90960455,0.10207342,-0.02664416,-0.03021308,-0.02402706
2026-06-17,quality_momentum,18,601991.SH,,0.9039548,-0.1171125,-0.08691111,-0.17863373,-0.18534513
2026-06-17,quality_momentum,19,300223.SZ,,0.89830506,0.09852857,0.11451371,0.38811504,0.38226541
2026-06-17,quality_momentum,20,000151.SZ,,0.89265537,-0.04941626,,-0.18692524,-0.24236077
2026-06-18,quality_momentum,1,603859.SH,,1.0,-0.01588333,-0.05499897,-0.11376694,-0.0192847
2026-06-18,quality_momentum,2,603976.SH,,0.9956522,,,,
2026-06-18,quality_momentum,3,603687.SH,,0.99130434,-0.00399638,-0.0543109,-0.03963581,-0.00661699
2026-06-18,quality_momentum,4,000100.SZ,,0.98695654,-0.03327252,-0.0077823,0.06280587,0.09613922
2026-06-18,quality_momentum,5,603681.SH,,0.98260868,-0.05023594,-0.01735165,-0.09540237,-0.14690788
2026-06-18,quality_momentum,6,002993.SZ,,0.97826087,-0.07080513,-0.06029416,0.02948688,-0.03387084
2026-06-18,quality_momentum,7,301092.SZ,,0.97391301,0.02606459,-0.06268195,-0.18535536,0.05155762
2026-06-18,quality_momentum,8,300554.SZ,,0.96956521,-0.03973444,-0.1283226,-0.15077722,-0.19722448
2026-06-18,quality_momentum,9,301041.SZ,,0.96521741,-0.01216318,-0.03084741,-0.10803205,-0.17654782
2026-06-18,quality_momentum,10,301617.SZ,,0.96086955,0.0690964,0.04809996,0.02123166,0.0906267
2026-06-18,quality_momentum,11,002674.SZ,,0.95652175,,,,
2026-06-18,quality_momentum,12,688768.SH,,0.95217389,0.02582199,0.02326865,-0.06226843,-0.06591609
2026-06-18,quality_momentum,13,601991.SH,,0.94782609,0.03729095,-0.02844868,-0.10430202,-0.04109089
2026-06-18,quality_momentum,14,605020.SH,,0.94347829,,,,
2026-06-18,quality_momentum,15,301031.SZ,,0.93913043,-0.06098395,-0.09999159,-0.14228168,-0.14319773
2026-06-18,quality_momentum,16,000988.SZ,,0.93478262,-0.04678425,-0.06894994,-0.05115103,-0.13909533
2026-06-18,quality_momentum,17,001896.SZ,,0.93043476,0.01009163,0.04815209,-0.11712424,-0.18594591
2026-06-18,quality_momentum,18,603730.SH,,0.92608696,-0.1022891,-0.11007123,-0.11863152,-0.01046036
2026-06-18,quality_momentum,19,000887.SZ,,0.9217391,-0.08783754,-0.15585223,-0.205025,-0.1278191
2026-06-18,quality_momentum,20,603225.SH,,0.9173913,0.06369026,0.09327334,0.0769731,0.00871577
2026-06-22,quality_momentum,1,601137.SH,,1.0,-0.07690003,-0.09036151,-0.16728459,-0.1592077
2026-06-22,quality_momentum,2,600999.SH,,0.99629629,0.00111961,0.03987151,0.04742054,0.06805466
2026-06-22,quality_momentum,3,300554.SZ,,0.99259257,-0.05880539,-0.12018647,-0.15886929,-0.20202788
2026-06-22,quality_momentum,4,603687.SH,,0.98888886,-0.05652189,-0.05757234,0.06217559,-0.04339164
2026-06-22,quality_momentum,5,605020.SH,,0.98518521,-0.05327078,0.0228538,0.08620224,0.0867346
2026-06-22,quality_momentum,6,301218.SZ,,0.98148149,0.04237876,-0.00539572,-0.0149506,-0.12634652
2026-06-22,quality_momentum,7,600114.SH,,0.97777778,0.00024286,-0.01451902,-0.12118567,-0.14070956
2026-06-22,quality_momentum,8,603005.SH,,0.97407407,-0.00605843,0.07404663,0.07010702,-0.080473
2026-06-22,quality_momentum,9,000100.SZ,,0.97037035,-0.03024005,0.08312026,0.08109592,0.04870729
2026-06-22,quality_momentum,10,603335.SH,,0.96666664,,,,
2026-06-22,quality_momentum,11,301617.SZ,,0.96296299,-0.03845087,-0.06137829,-0.02349826,0.06638384
2026-06-22,quality_momentum,12,600246.SH,,0.95925927,0.00504438,0.13698887,0.05134074,-0.02504823
2026-06-22,quality_momentum,13,603328.SH,,0.95555556,-0.08442424,-0.04160145,-0.1539171,-0.14900331
2026-06-22,quality_momentum,14,002815.SZ,,0.95185184,-0.08976612,-0.04321804,-0.17292513,-0.16037284
2026-06-22,quality_momentum,15,000969.SZ,,0.94814813,-0.03893704,-0.02449262,-0.11264073,-0.16115923
2026-06-22,quality_momentum,16,600255.SH,,0.94444442,0.00035739,-0.09445076,-0.21183225,-0.26600833
2026-06-22,quality_momentum,17,603386.SH,,0.94074076,-0.08914153,-0.00845568,-0.03669579,-0.11788584
2026-06-22,quality_momentum,18,600630.SH,,0.93703705,0.00901707,0.04176818,0.05705196,
2026-06-22,quality_momentum,19,300700.SZ,,0.93333334,-0.02503629,-0.03103455,-0.10986917,-0.08930364
2026-06-22,quality_momentum,20,601066.SH,,0.92962962,-0.01623566,0.03306503,0.0148832,-0.0130888
2026-06-23,quality_momentum,1,601137.SH,,1.0,0.04134328,-0.04223261,-0.06219101,-0.1486775
2026-06-23,quality_momentum,2,600999.SH,,0.99646646,0.03723699,0.05128619,0.05780899,0.05178795
2026-06-23,quality_momentum,3,000519.SZ,,0.99293286,-0.00097492,-0.04520188,-0.03030432,
2026-06-23,quality_momentum,4,002046.SZ,,0.98939931,,,,
2026-06-23,quality_momentum,5,688733.SH,,0.98586571,-0.00165608,-0.03410306,0.03127874,0.03225462
2026-06-23,quality_momentum,6,603990.SH,,0.98233217,-0.0146273,-0.05190002,-0.03871816,0.02037272
2026-06-23,quality_momentum,7,301128.SZ,,0.97879857,-0.01001653,-0.01632931,-0.01562072,-0.05491476
2026-06-23,quality_momentum,8,300502.SZ,,0.97526503,0.01259275,0.00534638,0.09954927,-0.06892898
2026-06-23,quality_momentum,9,600237.SH,,0.97173142,0.01175186,0.13205901,0.15850957,-0.02067135
2026-06-23,quality_momentum,10,301349.SZ,,0.96819788,-0.03003218,0.26551901,0.20369372,-0.04491605
2026-06-23,quality_momentum,11,603386.SH,,0.96466434,,,,
2026-06-23,quality_momentum,12,603005.SH,,0.96113074,0.11128684,0.16733079,0.18491319,-0.06673518
2026-06-23,quality_momentum,13,300440.SZ,,0.9575972,0.02697008,0.0533514,0.05932447,0.02249023
2026-06-23,quality_momentum,14,600255.SH,,0.95406359,-0.07847661,-0.17307117,-0.21811622,-0.28117929
2026-06-23,quality_momentum,15,003013.SZ,,0.95053005,,-0.05064998,-0.10377501,-0.1219
2026-06-23,quality_momentum,16,601688.SH,,0.94699645,-0.01611806,-0.03128393,-0.02559668,-0.02559668
2026-06-23,quality_momentum,17,603976.SH,,0.94346291,-0.0019,-0.09329782,0.02534015,-0.04240176
2026-06-23,quality_momentum,18,000831.SZ,,0.93992931,-0.02640982,-0.07390813,-0.07221777,-0.1477949
2026-06-23,quality_momentum,19,000859.SZ,,0.93639576,0.00148696,,-0.13229796,-0.23983398
2026-06-23,quality_momentum,20,603679.SH,,0.93286216,0.02219045,0.00645792,-0.00878296,-0.06925501
2026-06-24,quality_momentum,1,601066.SH,,1.0,0.06553602,0.04678375,0.0695028,0.0150492
2026-06-24,quality_momentum,2,601137.SH,,0.99661016,-0.05730053,-0.13701357,-0.10353409,-0.22190799
2026-06-24,quality_momentum,3,002897.SZ,,0.99322033,-0.03415806,-0.12555592,-0.14168495,-0.11480322
2026-06-24,quality_momentum,4,600999.SH,,0.98983049,-0.00238286,0.00485999,0.08598021,0.00244571
2026-06-24,quality_momentum,5,002522.SZ,,0.98644066,0.04629279,0.07574397,,-0.29105662
2026-06-24,quality_momentum,6,002056.SZ,,0.98305082,,,,
2026-06-24,quality_momentum,7,000519.SZ,,0.97966099,-0.01585345,-0.08562089,-0.08050468,-0.14794649
2026-06-24,quality_momentum,8,002371.SZ,,0.97627121,0.0199509,0.14205885,,0.04971208
2026-06-24,quality_momentum,9,688131.SH,,0.97288138,0.02043574,0.07055243,0.05266155,-0.08624276
2026-06-24,quality_momentum,10,002925.SZ,,0.96949154,0.04508277,0.00672064,0.06534136,-0.07302075
2026-06-24,quality_momentum,11,300093.SZ,,0.96610171,0.02530261,0.2189385,0.18251625,0.10275597
2026-06-24,quality_momentum,12,600459.SH,,0.96271187,0.04483155,0.14899378,0.05937498,-0.15681067
2026-06-24,quality_momentum,13,002353.SZ,,0.95932204,0.02203365,-0.05026985,-0.08230708,0.0148724
2026-06-24,quality_momentum,14,300826.SZ,,0.9559322,-0.0237543,-0.10786029,-0.10322454,-0.188655
2026-06-24,quality_momentum,15,301618.SZ,,0.95254236,0.05004502,0.1064159,0.1064159,-0.13979895
2026-06-24,quality_momentum,16,000776.SZ,,0.94915253,0.0189426,0.02426416,0.08856565,-0.02318596
2026-06-24,quality_momentum,17,300502.SZ,,0.94576269,0.06595715,0.00779642,-0.02868571,-0.06261429
2026-06-24,quality_momentum,18,000859.SZ,,0.94237286,,-0.20780721,-0.13270169,-0.28375654
2026-06-24,quality_momentum,19,301617.SZ,,0.93898302,-0.04257104,-0.00393354,0.08605118,0.02640032
2026-06-24,quality_momentum,20,600237.SH,,0.93559325,,,,
2026-06-25,quality_momentum,1,000100.SZ,,1.0,0.01115964,0.11377162,0.0745925,-3.437e-05
2026-06-25,quality_momentum,2,600999.SH,,0.99675328,0.01210969,0.01838985,0.05462175,0.0386797
2026-06-25,quality_momentum,3,000519.SZ,,0.99350649,-0.03256045,-0.01746603,-0.03444719,-0.16227743
2026-06-25,quality_momentum,4,002106.SZ,,0.99025977,,,,
2026-06-25,quality_momentum,5,002897.SZ,,0.98701298,-0.06278893,-0.02434441,-0.10512224,-0.01845553
2026-06-25,quality_momentum,6,000733.SZ,,0.98376626,-0.02147531,0.03370356,-0.05181723,-0.1854435
2026-06-25,quality_momentum,7,002815.SZ,,0.98051947,,-0.0973719,-0.17647719,-0.03626984
2026-06-25,quality_momentum,8,920491.BJ,,0.97727275,-0.02997135,-0.05044694,-0.05672166,-0.07818802
2026-06-25,quality_momentum,9,600906.SH,,0.97402596,-0.02347361,-0.06027566,-0.02474266,-0.0755041
2026-06-25,quality_momentum,10,601066.SH,,0.97077924,0.01228919,-0.02217028,-0.03568378,-0.0208189
2026-06-25,quality_momentum,11,300308.SZ,,0.96753246,-0.04588148,-0.02697716,-0.12998642,-0.06825802
2026-06-25,quality_momentum,12,003022.SZ,,0.96428573,-0.02041166,-0.04669826,-0.10482487,-0.19738318
2026-06-25,quality_momentum,13,002353.SZ,,0.96103895,-0.00085707,-0.0565626,-0.10619448,
2026-06-25,quality_momentum,14,301618.SZ,,0.95779222,0.05368012,0.00717883,0.06430907,-0.06589468
2026-06-25,quality_momentum,15,603005.SH,,0.95454544,0.08028066,0.09655403,-0.05295774,-0.05600903
2026-06-25,quality_momentum,16,002600.SZ,,0.95129871,-0.04881916,-0.02168521,-0.01037934,-0.12343762
2026-06-25,quality_momentum,17,002876.SZ,,0.94805193,-0.02854345,-0.0004519,-0.03983795,-0.09109775
2026-06-25,quality_momentum,18,002137.SZ,,0.9448052,0.0637371,0.08979891,-0.03568373,0.12744364
2026-06-25,quality_momentum,19,688772.SH,,0.94155842,0.03839848,-0.03175076,-0.07702439,-0.14369106
2026-06-25,quality_momentum,20,600563.SH,,0.9383117,0.01405745,0.02044041,-0.14939998,-0.1962085
2026-06-26,quality_momentum,1,000100.SZ,,1.0,-0.01663295,0.08097299,0.02940757,-0.06819828
2026-06-26,quality_momentum,2,603267.SH,,0.99622643,-0.06737168,-0.09127009,-0.1281136,
2026-06-26,quality_momentum,3,300252.SZ,,0.99245286,-0.05269916,-0.06696857,-0.11148904,-0.20224248
2026-06-26,quality_momentum,4,002056.SZ,,0.98867923,-0.04789601,-0.02572526,0.08446673,
2026-06-26,quality_momentum,5,002876.SZ,,0.98490566,-0.00279256,-0.02004938,-0.04980243,-0.07955548
2026-06-26,quality_momentum,6,600999.SH,,0.98113209,-0.0085699,0.07146819,0.05050584,-0.0276266
2026-06-26,quality_momentum,7,002137.SZ,,0.97735852,-0.01911011,-0.06530578,-0.04447249,
2026-06-26,quality_momentum,8,603257.SH,,0.97358489,0.04501454,0.12785484,0.16744343,0.02120509
2026-06-26,quality_momentum,9,002171.SZ,,0.96981132,-0.05773039,-0.0428894,-0.07751836,-0.17928511
2026-06-26,quality_momentum,10,600906.SH,,0.96603775,-0.03562242,0.02404032,0.01496118,-0.08490912
2026-06-26,quality_momentum,11,603995.SH,,0.96226418,-0.03201788,0.00202842,0.02385295,-0.04554906
2026-06-26,quality_momentum,12,300057.SZ,,0.95849055,-0.16271877,-0.17149062,-0.18123725,-0.32743607
2026-06-26,quality_momentum,13,603679.SH,,0.95471698,-0.04431837,-0.00677569,,-0.07552264
2026-06-26,quality_momentum,14,600237.SH,,0.95094341,-0.03275025,,-0.09971792,-0.22688117
2026-06-26,quality_momentum,15,002913.SZ,,0.94716984,-0.04505194,-0.04520833,-0.10290061,-0.16153101
2026-06-26,quality_momentum,16,300093.SZ,,0.94339621,0.03247497,0.00161563,-0.01479062,-0.16986879
2026-06-26,quality_momentum,17,300558.SZ,,0.93962264,0.09272908,0.14046996,0.21634373,0.12052115
2026-06-26,quality_momentum,18,300219.SZ,,0.93584907,-0.03190002,-0.07189998,-0.13990001,-0.2519
2026-06-26,quality_momentum,19,688448.SH,,0.9320755,0.02732297,-0.02217028,-0.07301485,-0.0294338
2026-06-26,quality_momentum,20,300502.SZ,,0.92830187,0.01506042,-0.02168417,-0.05585683,-0.07024532
2026-06-29,quality_momentum,1,002745.SZ,,1.0,0.04830924,-0.00608412,-0.03788321,-0.05545643
2026-06-29,quality_momentum,2,300037.SZ,,0.99607843,0.10629127,0.04414639,0.00756964,-0.1969758
2026-06-29,quality_momentum,3,603257.SH,,0.99215686,0.04762228,0.12849972,,-0.04792339
2026-06-29,quality_momentum,4,300545.SZ,,0.98823529,,,,
2026-06-29,quality_momentum,5,300031.SZ,,0.98431373,0.00369445,-0.04100947,-0.11576097,-0.27895091
2026-06-29,quality_momentum,6,688559.SH,,0.98039216,0.07938183,-0.03420423,-0.11249005,-0.28078495
2026-06-29,quality_momentum,7,688182.SH,,0.97647059,0.09269121,0.00427436,-0.06833622,-0.18663704
2026-06-29,quality_momentum,8,002056.SZ,,0.97254902,0.06920646,0.07718431,0.05567891,-0.18330824
2026-06-29,quality_momentum,9,301178.SZ,,0.96862745,0.04404994,-0.11453091,-0.20878182,-0.29384272
2026-06-29,quality_momentum,10,603679.SH,,0.96470588,0.02661331,0.03272324,-0.09253131,-0.01819326
2026-06-29,quality_momentum,11,688002.SH,,0.96078432,0.0721869,0.05829996,0.0380944,-0.00712478
2026-06-29,quality_momentum,12,601066.SH,,0.95686275,-0.00465103,-0.01840617,-0.02941029,-0.09577894
2026-06-29,quality_momentum,13,603995.SH,,0.95294118,0.04535478,0.08630887,0.05615585,-0.03520332
2026-06-29,quality_momentum,14,300909.SZ,,0.94901961,0.01044996,-0.06260624,-0.04155912,-0.13218355
2026-06-29,quality_momentum,15,688448.SH,,0.94509804,0.04126431,-0.04883912,-0.0335757,-0.13976314
2026-06-29,quality_momentum,16,300219.SZ,,0.94117647,0.04552268,-0.08334329,-0.1668484,-0.20293091
2026-06-29,quality_momentum,17,605100.SH,,0.93725491,-0.02058933,-0.03005534,-0.0883078,-0.19243403
2026-06-29,quality_momentum,18,603005.SH,,0.93333334,,,,
2026-06-29,quality_momentum,19,002079.SZ,,0.92941177,0.04172882,-0.01021024,-0.05176145,
2026-06-29,quality_momentum,20,300586.SZ,,0.9254902,0.11067817,0.06203329,-0.04776524,-0.26388751
2026-06-30,quality_momentum,1,300031.SZ,,1.0,-0.00711559,-0.08893243,-0.15244928,-0.27983196
2026-06-30,quality_momentum,2,601678.SH,,0.9954955,0.04740665,,-0.08664572,-0.203749
2026-06-30,quality_momentum,3,601066.SH,,0.990991,0.02258273,-0.00293451,-0.03983105,-0.06845174
2026-06-30,quality_momentum,4,002049.SZ,,0.98648649,-0.0569562,-0.06931573,-0.07190004,-0.12156294
2026-06-30,quality_momentum,5,688219.SH,,0.98198199,-0.00808237,0.03519432,-0.07454294,-0.17732501
2026-06-30,quality_momentum,6,301555.SZ,,0.97747749,0.01252516,0.00808662,-0.10531766,-0.23647611
2026-06-30,quality_momentum,7,603687.SH,,0.97297299,-0.00968209,-0.07826186,-0.18477939,-0.24314509
2026-06-30,quality_momentum,8,603995.SH,,0.96846849,-0.01350294,0.00798395,-0.0027595,-0.05604698
2026-06-30,quality_momentum,9,301618.SZ,,0.96396399,0.04220801,-0.02779424,-0.13575996,-0.09231034
2026-06-30,quality_momentum,10,603386.SH,,0.95945948,-0.04214762,-0.0473076,-0.15515074,-0.25422196
2026-06-30,quality_momentum,11,600596.SH,,0.95495498,-0.06432035,-0.13820569,-0.15412926,-0.26877896
2026-06-30,quality_momentum,12,688187.SH,,0.95045048,-0.090131,-0.16435481,-0.19684583,-0.30500464
2026-06-30,quality_momentum,13,002925.SZ,,0.94594592,-0.00149595,-0.04109189,-0.07987981,-0.12270807
2026-06-30,quality_momentum,14,688131.SH,,0.94144142,0.00233281,-0.02941317,-0.07988935,-0.07841132
2026-06-30,quality_momentum,15,688690.SH,,0.93693691,0.02108851,-0.07270464,-0.06971611,-0.14212985
2026-06-30,quality_momentum,16,600999.SH,,0.93243241,0.06486132,0.04402799,-0.00758179,-0.03030914
2026-06-30,quality_momentum,17,002600.SZ,,0.92792791,-0.0105505,0.02751178,-0.07917798,-0.24065435
2026-06-30,quality_momentum,18,603679.SH,,0.92342341,0.00849599,,-0.06279116,-0.08952378
2026-06-30,quality_momentum,19,002668.SZ,,0.91891891,-0.01281901,-0.01281901,-0.04830584,-0.0364769
2026-06-30,quality_momentum,20,000776.SZ,,0.91441441,0.04985365,0.02889557,-0.02713524,-0.05579215
2026-07-01,quality_momentum,1,600030.SH,,1.0,-0.01858375,-0.00973117,-0.04820577,-0.03696982
2026-07-01,quality_momentum,2,601066.SH,,0.99574471,-0.03926112,-0.05003189,-0.05272458,-0.08133449
2026-07-01,quality_momentum,3,601688.SH,,0.99148935,-0.01403253,-0.0107661,-0.06582911,-0.05043014
2026-07-01,quality_momentum,4,600906.SH,,0.98723406,-0.02844866,-0.04361935,-0.09418826,-0.09418826
2026-07-01,quality_momentum,5,601211.SH,,0.9829787,0.0022841,0.02058945,-0.02595863,-0.03432682
2026-07-01,quality_momentum,6,603225.SH,,0.97872341,0.01952861,-0.07666189,-0.13332858,-0.14618575
2026-07-01,quality_momentum,7,001287.SZ,,0.97446811,-0.03455997,0.04187102,0.00113031,-0.12109194
2026-07-01,quality_momentum,8,301178.SZ,,0.97021276,-0.06465392,-0.16420245,-0.20122276,-0.28496997
2026-07-01,quality_momentum,9,601233.SH,,0.96595746,0.01632223,0.04254443,-0.04951573,-0.08392843
2026-07-01,quality_momentum,10,002137.SZ,,0.96170211,-0.03381489,-0.02317662,0.06966671,-0.18661952
2026-07-01,quality_momentum,11,688595.SH,,0.95744681,-0.01732221,-0.02711417,0.03408534,-0.17937858
2026-07-01,quality_momentum,12,300219.SZ,,0.95319152,-0.04383552,-0.13093224,-0.1825452,-0.2029753
2026-07-01,quality_momentum,13,002925.SZ,,0.94893616,-0.03057532,-0.09963829,-0.13154463,-0.09802282
2026-07-01,quality_momentum,14,603386.SH,,0.94468087,0.00777744,-0.05942686,-0.16372797,-0.26641612
2026-07-01,quality_momentum,15,688002.SH,,0.94042552,0.03779762,0.0179828,0.08278919,-0.05173956
2026-07-01,quality_momentum,16,002049.SZ,,0.93617022,-0.00843978,-0.01616869,-0.00308904,-0.14494398
2026-07-01,quality_momentum,17,603156.SH,,0.93191487,-0.02786842,-0.07071628,-0.02851761,-0.11421332
2026-07-01,quality_momentum,18,002272.SZ,,0.92765957,0.05950358,-0.01505786,-0.04225088,-0.1251456
2026-07-01,quality_momentum,19,600459.SH,,0.92340428,0.01847034,-0.14301109,-0.2056037,-0.28708522
2026-07-01,quality_momentum,20,603687.SH,,0.91914892,-0.03033137,-0.10729214,-0.21366469,-0.29209609
2026-07-02,quality_momentum,1,603662.SH,,1.0,0.04194214,-0.07722882,-0.15654328,-0.24045141
2026-07-02,quality_momentum,2,300041.SZ,,0.99559474,-0.03025055,-0.03476084,0.0767082,-0.30022473
2026-07-02,quality_momentum,3,603290.SH,,0.99118942,-0.03639545,-0.05309157,-0.01646319,-0.29139696
2026-07-02,quality_momentum,4,688372.SH,,0.98678416,-0.03487149,0.06602717,0.11563034,-0.19278472
2026-07-02,quality_momentum,5,002745.SZ,,0.98237884,0.01742777,0.02583109,0.14599918,-0.0380344
2026-07-02,quality_momentum,6,002179.SZ,,0.97797358,-0.022495,-0.01173982,-0.07283827,-0.22615628
2026-07-02,quality_momentum,7,600459.SH,,0.97356826,-0.07449528,-0.17866948,-0.21061145,-0.3322085
2026-07-02,quality_momentum,8,688600.SH,,0.969163,-0.03332037,-0.0798096,-0.06730561,-0.15836043
2026-07-02,quality_momentum,9,300557.SZ,,0.96475768,-0.06603996,-0.11268715,-0.09810989,-0.26574839
2026-07-02,quality_momentum,10,600999.SH,,0.96035242,0.00815939,-0.04168051,-0.01698918,-0.10046602
2026-07-02,quality_momentum,11,300909.SZ,,0.95594716,0.01328518,0.02995187,0.03532219,-0.09078888
2026-07-02,quality_momentum,12,002056.SZ,,0.95154184,0.05338773,0.0459945,-0.10958243,-0.19637127
2026-07-02,quality_momentum,13,002079.SZ,,0.94713658,-0.00469329,-0.00399495,-0.03751448,-0.2910061
2026-07-02,quality_momentum,14,688002.SH,,0.94273126,0.00098166,-0.00600012,0.05456222,-0.11918548
2026-07-02,quality_momentum,15,601066.SH,,0.938326,0.01103703,-0.02637555,0.01348463,-0.06728464
2026-07-02,quality_momentum,16,603068.SH,,0.93392068,-0.02988603,-0.03038575,0.00089426,-0.06234273
2026-07-02,quality_momentum,17,000776.SZ,,0.92951542,0.00562503,-0.04914087,-0.06962581,-0.08007731
2026-07-02,quality_momentum,18,688173.SH,,0.92511016,-0.04026056,-0.0565506,-0.01398626,-0.2294355
2026-07-02,quality_momentum,19,600497.SH,,0.92070484,-0.05417075,-0.11672435,-0.16299684,-0.20070031
2026-07-02,quality_momentum,20,603386.SH,,0.91629958,-0.01680951,-0.12809813,-0.14726749,-0.27879034
2026-07-03,quality_momentum,1,002803.SZ,,1.0,-0.05304343,-0.03266922,-0.06427007,-0.16655694
2026-07-03,quality_momentum,2,000925.SZ,,0.99553573,-0.07033717,-0.15409611,-0.14490743,-0.2870578
2026-07-03,quality_momentum,3,002745.SZ,,0.9910714,-0.05218851,-0.00437318,,-0.10742347
2026-07-03,quality_momentum,4,300429.SZ,,0.98660713,-0.06075954,-0.08835003,-0.10551739,-0.36241497
2026-07-03,quality_momentum,5,603040.SH,,0.98214287,-0.00535321,-0.10981367,-0.09110865,
2026-07-03,quality_momentum,6,601066.SH,,0.9776786,-0.0257177,-0.02847917,-0.07335322,-0.08094726
2026-07-03,quality_momentum,7,000100.SZ,,0.97321427,-0.07511426,-0.10011424,-0.09654281,-0.10725709
2026-07-03,quality_momentum,8,300440.SZ,,0.96875,-0.00141908,-0.03557007,0.021188,-0.05048106
2026-07-03,quality_momentum,9,605208.SH,,0.96428573,0.01605339,0.0280222,0.111206,-0.03361746
2026-07-03,quality_momentum,10,002272.SZ,,0.9598214,-0.03623473,-0.06284421,,
2026-07-03,quality_momentum,11,002600.SZ,,0.95535713,-0.09321658,-0.15316054,,-0.34699808
2026-07-03,quality_momentum,12,688199.SH,,0.95089287,-0.05283327,-0.09111226,-0.09206135,-0.29642708
2026-07-03,quality_momentum,13,600497.SH,,0.9464286,-0.03897059,-0.13481141,-0.15831958,-0.189061
2026-07-03,quality_momentum,14,600458.SH,,0.94196427,-0.03238778,-0.15311952,-0.23360732,-0.3604366
2026-07-03,quality_momentum,15,002916.SZ,,0.9375,-0.02703333,-0.06856667,-0.06858891,-0.23741114
2026-07-03,quality_momentum,16,600030.SH,,0.93303573,-0.01477266,-0.05305177,-0.04051793,-0.0615206
2026-07-03,quality_momentum,17,002326.SZ,,0.9285714,-0.06537965,-0.16686868,-0.22603798,
2026-07-03,quality_momentum,18,600601.SH,,0.92410713,-0.02470133,-0.11330065,-0.15499449,-0.30939187
2026-07-03,quality_momentum,19,688002.SH,,0.91964287,-0.02377687,0.03837598,-0.04602372,-0.1668659
2026-07-03,quality_momentum,20,688469.SH,,0.9151786,-0.04295267,-0.01453157,-0.06611049,-0.25874211
2026-07-06,quality_momentum,1,601211.SH,,1.0,-0.03054447,-0.03770557,-0.06635005,-0.01980274
2026-07-06,quality_momentum,2,605208.SH,,0.99519229,-0.03188238,0.06217996,0.08216821,-0.12712046
2026-07-06,quality_momentum,3,002179.SZ,,0.99038464,-0.00718735,-0.0685667,-0.19293451,-0.25684254
2026-07-06,quality_momentum,4,603662.SH,,0.98557693,-0.0484753,-0.13025611,-0.19984518,-0.32290889
2026-07-06,quality_momentum,5,688511.SH,,0.98076922,-0.00979563,-0.04446779,-0.07330405,-0.36784576
2026-07-06,quality_momentum,6,002668.SZ,,0.97596157,-0.03242737,-0.02687691,-0.01207582,-0.06202956
2026-07-06,quality_momentum,7,600030.SH,,0.97115386,-0.03106947,-0.0204312,-0.04102146,-0.02386292
2026-07-06,quality_momentum,8,603358.SH,,0.96634614,-0.0019,-0.03803637,-0.13371816,-0.23485455
2026-07-06,quality_momentum,9,300037.SZ,,0.96153843,-0.02066171,-0.04071329,-0.20452663,-0.33363075
2026-07-06,quality_momentum,10,300762.SZ,,0.95673078,-0.02126876,0.01364284,-0.06431034,-0.30845187
2026-07-06,quality_momentum,11,603976.SH,,0.95192307,0.0082887,0.04300568,-0.06227737,-0.15359813
2026-07-06,quality_momentum,12,688653.SH,,0.94711536,-0.01818471,0.0354945,-0.08452967,-0.3197528
2026-07-06,quality_momentum,13,300480.SZ,,0.94230771,-0.00617346,0.02902005,-0.11577629,-0.38651539
2026-07-06,quality_momentum,14,001256.SZ,,0.9375,-0.00571682,-0.00224699,-0.0955849,-0.25380842
2026-07-06,quality_momentum,15,601678.SH,,0.93269229,-0.04997688,-0.11087434,-0.18779742,-0.12369483
2026-07-06,quality_momentum,16,600885.SH,,0.92788464,-0.03289554,-0.04313981,-0.09698797,-0.16528323
2026-07-06,quality_momentum,17,002272.SZ,,0.92307693,-0.00323336,0.01632221,-0.06456666,-0.30456669
2026-07-06,quality_momentum,18,301280.SZ,,0.91826922,-0.02670003,-0.00630002,-0.1069,-0.24670003
2026-07-06,quality_momentum,19,300440.SZ,,0.91346157,-0.01247689,-0.0533423,-0.04853458,-0.17016923
2026-07-06,quality_momentum,20,002635.SZ,,0.90865386,-0.01243693,-0.11078109,-0.2010972,-0.35513632
2026-07-07,quality_momentum,1,002520.SZ,,1.0,-0.14837141,,-0.18698659,-0.30948992
2026-07-07,quality_momentum,2,605208.SH,,0.99342108,0.04113025,0.12537275,0.18597882,-0.17826363
2026-07-07,quality_momentum,3,920015.BJ,,0.9868421,-0.0283913,0.07071953,0.33377986,-0.09508264
2026-07-07,quality_momentum,4,603358.SH,,0.98026317,-0.0659909,-0.0666727,-0.09530911,-0.23917269
2026-07-07,quality_momentum,5,601211.SH,,0.97368419,-0.01927756,-0.03823494,-0.04981995,-0.01927756
2026-07-07,quality_momentum,6,300037.SZ,,0.96710527,-0.06965811,-0.13574317,-0.16478237,-0.26074321
2026-07-07,quality_momentum,7,603638.SH,,0.96052629,-0.12050464,-0.12593097,-0.19569845,-0.24608603
2026-07-07,quality_momentum,8,603976.SH,,0.95394737,0.01416277,-0.04411147,-0.01572147,-0.14422354
2026-07-07,quality_momentum,9,002353.SZ,,0.94736844,-0.04414852,-0.1265746,-0.13006571,-0.25633786
2026-07-07,quality_momentum,10,000100.SZ,,0.94078946,-0.02887493,-0.02502136,0.00580712,0.00773386
2026-07-07,quality_momentum,11,002635.SZ,,0.93421054,-0.08607849,-0.12867485,-0.18039892,-0.328472
2026-07-07,quality_momentum,12,600999.SH,,0.92763156,-0.01142386,-0.02809054,-0.02475722,-0.08891424
2026-07-07,quality_momentum,13,603010.SH,,0.92105263,-0.02444231,-0.07516237,-0.1321442,-0.36320247
2026-07-07,quality_momentum,14,000776.SZ,,0.91447371,-0.03349274,-0.04972797,-0.0312988,-0.01462488
2026-07-07,quality_momentum,15,300041.SZ,,0.90789473,0.0194191,-0.04253961,-0.17311923,-0.32968147
2026-07-07,quality_momentum,16,002668.SZ,,0.90131581,8.44e-06,-0.00476257,0.01050459,-0.04579304
2026-07-07,quality_momentum,17,300568.SZ,,0.89473683,-0.06134058,-0.12277912,-0.23017175,-0.37402789
2026-07-07,quality_momentum,18,002774.SZ,,0.8881579,-0.03657797,0.12902707,0.1509663,0.05967112
2026-07-07,quality_momentum,19,600601.SH,,0.88157892,-0.08584895,-0.12883085,-0.14965021,-0.29874353
2026-07-07,quality_momentum,20,300440.SZ,,0.875,-0.02570951,0.03162772,-0.03688539,-0.15982032
2026-07-08,quality_momentum,1,002774.SZ,,1.0,0.06774808,0.13006474,0.16965419,0.13739616
2026-07-08,quality_momentum,2,688002.SH,,0.99009901,0.01074147,-0.10252893,-0.12592517,-0.05850377
2026-07-08,quality_momentum,3,605208.SH,,0.98019803,0.0498142,0.06957016,0.10210935,-0.28661813
2026-07-08,quality_momentum,4,603211.SH,,0.97029704,-0.03275724,-0.00555071,-0.02559224,-0.26551769
2026-07-08,quality_momentum,5,688486.SH,,0.96039605,-0.00835054,-0.12397709,-0.18590258,-0.27508174
2026-07-08,quality_momentum,6,300083.SZ,,0.95049506,0.04127652,-0.12526163,-0.09519221,-0.16381213
2026-07-08,quality_momentum,7,301617.SZ,,0.94059408,-0.09056185,-0.17823489,-0.16488614,-0.24810961
2026-07-08,quality_momentum,8,603995.SH,,0.93069309,-0.03560281,-0.0493501,-0.01653414,-0.15578024
2026-07-08,quality_momentum,9,601211.SH,,0.9207921,0.00828224,-0.02172845,-0.01047448,0.01524897
2026-07-08,quality_momentum,10,000970.SZ,,0.91089112,-0.03354557,-0.05569749,-0.04240635,-0.1791152
2026-07-08,quality_momentum,11,603976.SH,,0.90099013,0.0161147,-0.08645887,-0.02947353,-0.17469413
2026-07-08,quality_momentum,12,688479.SH,,0.89108908,0.00796303,-0.1709411,-0.03340689,-0.23121509
2026-07-08,quality_momentum,13,688130.SH,,0.88118809,0.03750025,-0.09116079,-0.16159317,-0.38090978
2026-07-08,quality_momentum,14,688319.SH,,0.87128711,-0.03389026,-0.13498915,-0.08370714,-0.33767532
2026-07-08,quality_momentum,15,301018.SZ,,0.86138612,0.00926664,-0.08556667,-0.15931666,-0.22756669
2026-07-08,quality_momentum,16,603358.SH,,0.85148513,0.02796886,-0.07426522,-0.0747509,-0.20369702
2026-07-08,quality_momentum,17,002317.SZ,,0.84158415,0.02977245,0.17731983,,0.06144497
2026-07-08,quality_momentum,18,300558.SZ,,0.83168316,0.03627038,0.04400115,0.0787893,-0.01897201
2026-07-08,quality_momentum,19,600360.SH,,0.82178217,0.06215932,0.12352148,,-0.29252706
2026-07-08,quality_momentum,20,688209.SH,,0.81188118,0.02310003,-0.02868571,-0.05189999,-0.23011426
2026-07-09,quality_momentum,1,002137.SZ,,1.0,,,,-0.41642992
2026-07-09,quality_momentum,2,002422.SZ,,0.98989898,0.06411287,0.12318968,,0.21072854
2026-07-09,quality_momentum,3,002174.SZ,,0.97979796,0.01568588,0.00609356,,-0.14658428
2026-07-09,quality_momentum,4,603976.SH,,0.969697,-0.07593399,-0.04848725,-0.06437748,-0.17452551
2026-07-09,quality_momentum,5,002353.SZ,,0.95959598,-0.13172357,-0.13519414,,-0.13131177
2026-07-09,quality_momentum,6,600601.SH,,0.94949496,-0.07860454,-0.10062162,,-0.27391703
2026-07-09,quality_momentum,7,688002.SH,,0.93939394,-0.09450287,-0.10170742,-0.16636181,-0.06220676
2026-07-09,quality_momentum,8,605208.SH,,0.92929292,0.02572431,0.08097293,,-0.31129227
2026-07-09,quality_momentum,9,688319.SH,,0.9191919,0.05763584,-0.09019466,-0.1946346,-0.3278334
2026-07-09,quality_momentum,10,688653.SH,,0.90909094,-0.07166748,-0.13096983,-0.22573723,-0.37922559
2026-07-09,quality_momentum,11,300145.SZ,,0.89898992,-0.05586828,-0.13682069,-0.18761429,-0.32729684
2026-07-09,quality_momentum,12,688512.SH,,0.8888889,-0.04564999,-0.07189999,-0.16377501,-0.30502502
2026-07-09,quality_momentum,13,688130.SH,,0.87878788,-0.09951824,-0.14950147,-0.2504743,-0.42122237
2026-07-09,quality_momentum,14,300966.SZ,,0.86868685,0.02897717,-0.00961929,-0.00050838,-0.21484133
2026-07-09,quality_momentum,15,603358.SH,,0.85858583,-0.03160994,-0.06131996,-0.1282853,-0.23557131
2026-07-09,quality_momentum,16,603068.SH,,0.84848487,-0.05424293,-0.01859985,-0.06496079,-0.1801153
2026-07-09,quality_momentum,17,601211.SH,,0.83838385,-0.03107778,-0.04274883,-0.01781518,0.01242363
2026-07-09,quality_momentum,18,002077.SZ,,0.82828283,-0.06339998,-0.11789998,,-0.41940002
2026-07-09,quality_momentum,19,600366.SH,,0.81818181,,-0.04132184,,-0.28179489
2026-07-09,quality_momentum,20,301161.SZ,,0.80808079,0.04245279,-0.0993729,-0.18421046,-0.36806811
2026-07-10,quality_momentum,1,688041.SH,,1.0,0.00069364,-0.08034381,-0.1056464,-0.09143892
2026-07-10,quality_momentum,2,688002.SH,,0.98876405,-0.02311838,-0.04858041,-0.12832032,0.02137169
2026-07-10,quality_momentum,3,300041.SZ,,0.9775281,-0.12967773,-0.20745556,-0.26578884,-0.30884446
2026-07-10,quality_momentum,4,920015.BJ,,0.96629214,0.04300498,0.0343694,-0.01398982,-0.20742678
2026-07-10,quality_momentum,5,301269.SZ,,0.95505619,0.06843639,-0.04813133,-0.10245766,-0.1843069
2026-07-10,quality_momentum,6,688653.SH,,0.94382024,-0.051275,-0.09690003,-0.23440002,-0.32127498
2026-07-10,quality_momentum,7,688372.SH,,0.93258429,-0.00874368,-0.14254895,-0.24066107,-0.29688526
2026-07-10,quality_momentum,8,002422.SZ,,0.92134833,-0.0079579,0.0638393,-0.0382473,0.04611435
2026-07-10,quality_momentum,9,002077.SZ,,0.91011238,-0.0343987,-0.1702538,,-0.37057341
2026-07-10,quality_momentum,10,301161.SZ,,0.89887643,-0.11844324,-0.17473951,-0.31671481,-0.38955433
2026-07-10,quality_momentum,11,603068.SH,,0.88764048,0.03965702,-0.01215774,-0.05266277,-0.02820195
2026-07-10,quality_momentum,12,688448.SH,,0.87640452,-0.08944561,-0.09865178,-0.15076224,-0.20495713
2026-07-10,quality_momentum,13,300966.SZ,,0.86516851,-0.06078361,-0.00902942,-0.12559714,-0.2302354
2026-07-10,quality_momentum,14,688512.SH,,0.85393256,-0.08556011,-0.0790242,-0.16987389,-0.28229214
2026-07-10,quality_momentum,15,000970.SZ,,0.84269661,-0.03049003,-0.0168448,-0.09416771,-0.16369341
2026-07-10,quality_momentum,16,301018.SZ,,0.83146065,-0.09148437,-0.16475807,-0.24018448,-0.30211527
2026-07-10,quality_momentum,17,600366.SH,,0.8202247,-0.0849543,-0.09098238,-0.21824296,-0.28522219
2026-07-10,quality_momentum,18,605208.SH,,0.80898875,-0.01050214,0.01960536,-0.13200752,-0.38523333
2026-07-10,quality_momentum,19,300458.SZ,,0.7977528,-0.00793171,-0.07201814,-0.08810257,0.02272929
2026-07-10,quality_momentum,20,688605.SH,,0.78651685,-0.02769803,-0.12647341,-0.23177352,-0.29922987
2026-07-13,quality_momentum,1,605208.SH,,1.0,0.06100671,,-0.19495858,-0.37066357
2026-07-13,quality_momentum,2,000048.SZ,,0.97777778,-0.04202211,,-0.20033005,-0.20294669
2026-07-13,quality_momentum,3,688041.SH,,0.95555556,-0.00736132,-0.09071861,-0.06427419,-0.11661689
2026-07-13,quality_momentum,4,300689.SZ,,0.93333334,0.01221585,-0.19669947,-0.30353449,-0.23354938
2026-07-13,quality_momentum,5,002536.SZ,,0.91111112,,,,
2026-07-13,quality_momentum,6,300105.SZ,,0.8888889,0.01602572,0.04547521,0.19272228,0.21320881
2026-07-13,quality_momentum,7,603519.SH,,0.86666667,-0.0019,0.01762862,,-0.06587311
2026-07-13,quality_momentum,8,301269.SZ,,0.84444445,-0.02711008,-0.10870672,-0.20248826,-0.24047142
2026-07-13,quality_momentum,9,300990.SZ,,0.82222223,0.09997697,-0.00404769,-0.26046751,-0.15905748
2026-07-13,quality_momentum,10,002156.SZ,,0.80000001,0.17448832,,-0.10303297,
2026-07-13,quality_momentum,11,001270.SZ,,0.77777779,-0.09409858,,-0.30012698,-0.28537519
2026-07-13,quality_momentum,12,300458.SZ,,0.75555557,-0.01555363,-0.03856247,-0.09899229,0.00644391
2026-07-13,quality_momentum,13,603991.SH,,0.73333335,,,-0.17722468,-0.20988701
2026-07-13,quality_momentum,14,603268.SH,,0.71111113,0.01859999,-0.04565,-0.06640005,-0.0644
2026-07-13,quality_momentum,15,603725.SH,,0.68888891,0.03976665,0.1834741,0.00150136,
2026-07-13,quality_momentum,16,920015.BJ,,0.66666669,0.18983551,-0.09611489,-0.23247853,-0.23495783
2026-07-13,quality_momentum,17,002860.SZ,,0.64444447,0.02224869,0.01172237,0.01977185,0.1213198
2026-07-13,quality_momentum,18,688279.SH,,0.62222224,-0.0174022,-0.08840654,-0.20617947,-0.27831922
2026-07-13,quality_momentum,19,603019.SH,,0.60000002,-0.08250922,,-0.13655825,-0.11974921
2026-07-13,quality_momentum,20,002979.SZ,,0.5777778,0.00134668,-0.05247044,-0.1353648,-0.04459866
2026-07-14,quality_momentum,1,688041.SH,,1.0,-0.07768035,-0.10305607,-0.02502139,-0.12346069
2026-07-14,quality_momentum,2,300458.SZ,,0.97674417,-0.05342521,-0.06983124,-0.06444803,0.00604672
2026-07-14,quality_momentum,3,301269.SZ,,0.95348835,-0.08776206,-0.13983103,-0.15190001,-0.22224481
2026-07-14,quality_momentum,4,002745.SZ,,0.93023258,-0.06455058,-0.13041401,-0.12398831,-0.14487187
2026-07-14,quality_momentum,5,603068.SH,,0.90697676,-0.04803434,-0.08707112,-0.16058193,-0.11216622
2026-07-14,quality_momentum,6,600350.SH,,0.88372093,-0.03360734,-0.0425504,-0.05149355,-0.07669675
2026-07-14,quality_momentum,7,688209.SH,,0.86046511,-0.06197063,-0.20684698,-0.23193528,-0.23794235
2026-07-14,quality_momentum,8,688981.SH,,0.83720928,-0.0894,-0.09565,-0.0269,-0.13746251
2026-07-14,quality_momentum,9,603019.SH,,0.81395346,-0.05745556,-0.08412222,-0.02210202,-0.04836463
2026-07-14,quality_momentum,10,300689.SZ,,0.79069769,-0.05318205,-0.26417108,-0.2710575,-0.25816376
2026-07-14,quality_momentum,11,688220.SH,,0.76744187,0.02925269,-0.1459599,-0.10621927,-0.11598602
2026-07-14,quality_momentum,12,002536.SZ,,0.74418604,-0.00570923,,-0.14936964,-0.22192541
2026-07-14,quality_momentum,13,000048.SZ,,0.72093022,-0.05233165,-0.14774284,-0.07822896,-0.18090956
2026-07-14,quality_momentum,14,603519.SH,,0.69767439,-0.03624345,0.09708985,,-0.05375188
2026-07-14,quality_momentum,15,688019.SH,,0.67441863,-0.11154528,-0.20382838,-0.17125402,-0.19096152
2026-07-14,quality_momentum,16,605208.SH,,0.6511628,-0.03251226,-0.1763898,-0.30853267,-0.39628778
2026-07-14,quality_momentum,17,300687.SZ,,0.62790698,-0.13756665,-0.26890002,-0.31823332,-0.30156667
2026-07-14,quality_momentum,18,000759.SZ,,0.60465115,0.06581658,0.0752654,0.0232969,0.08471421
2026-07-14,quality_momentum,19,002768.SZ,,0.58139533,0.01992193,,-0.18963814,-0.18617439
2026-07-14,quality_momentum,20,002860.SZ,,0.55813956,-0.01036441,-0.03212974,0.01865612,0.15831763
2026-07-15,quality_momentum,1,300990.SZ,,1.0,-0.04685485,-0.29227446,-0.1516006,-0.33392255
2026-07-15,quality_momentum,2,688981.SH,,0.98039216,0.02556572,0.01179863,0.07344247,-0.12053019
2026-07-15,quality_momentum,3,002860.SZ,,0.96078432,-0.00372919,0.00419758,-0.00494873,
2026-07-15,quality_momentum,4,688550.SH,,0.94117647,-0.11091964,-0.1864098,-0.20680198,-0.26464514
2026-07-15,quality_momentum,5,688209.SH,,0.92156863,-0.07934358,-0.18949397,-0.18949397,-0.21806541
2026-07-15,quality_momentum,6,603903.SH,,0.90196079,-0.00118824,-0.12147297,-0.10510283,-0.23392848
2026-07-15,quality_momentum,7,688758.SH,,0.88235295,0.0033447,0.08900905,0.12492222,0.05085267
2026-07-15,quality_momentum,8,002536.SZ,,0.86274511,,-0.19818549,-0.09312357,
2026-07-15,quality_momentum,9,300199.SZ,,0.84313726,-0.02397945,-0.13798991,-0.15525205,-0.17492287
2026-07-15,quality_momentum,10,000759.SZ,,0.82352942,-0.01369947,0.0334982,0.01284925,0.0157991
2026-07-15,quality_momentum,11,605208.SH,,0.80392158,,-0.2187421,-0.35400523,-0.39137368
2026-07-15,quality_momentum,12,002901.SZ,,0.78431374,-0.00901297,-0.06047739,-0.084536,-0.07177448
2026-07-15,quality_momentum,13,603893.SH,,0.7647059,0.05391395,-0.03952789,0.08284419,
2026-07-15,quality_momentum,14,920015.BJ,,0.74509805,-0.08856668,-0.22606668,-0.22389999,-0.30206664
2026-07-15,quality_momentum,15,603019.SH,,0.72549021,,-0.00532246,0.10612137,-0.08756847
2026-07-15,quality_momentum,16,603991.SH,,0.70588237,,-0.10639871,-0.12402668,-0.21216658
2026-07-15,quality_momentum,17,688235.SH,,0.68627453,-0.00252928,-0.05061008,0.02338033,-0.00993203
2026-07-15,quality_momentum,18,603259.SH,,0.66666669,-0.01289841,-0.01906066,-0.01906066,-0.01438049
2026-07-15,quality_momentum,19,002768.SZ,,0.64705884,-0.07495087,-0.24122202,-0.1637644,-0.1924085
2026-07-15,quality_momentum,20,300105.SZ,,0.627451,-0.02108463,0.116805,0.24869953,-0.0019
2026-07-16,quality_momentum,1,688036.SH,,1.0,-0.02038487,-0.1047788,-0.07008182,-0.01114243
2026-07-16,quality_momentum,2,300878.SZ,,0.98076922,-0.14471608,-0.21799192,-0.22057813,-0.24471606
2026-07-16,quality_momentum,3,603893.SH,,0.96153843,-0.09780311,-0.10454318,-0.08771496,-0.17344185
2026-07-16,quality_momentum,4,603259.SH,,0.94230771,-0.0732779,-0.01507137,0.00330543,-0.03179195
2026-07-16,quality_momentum,5,001314.SZ,,0.92307693,,-0.26672782,-0.25668315,-0.26401739
2026-07-16,quality_momentum,6,002536.SZ,,0.90384614,,-0.1337803,-0.08760372,-0.300016
2026-07-16,quality_momentum,7,300105.SZ,,0.88461536,0.11301437,0.04210974,0.17413905,-0.08136211
2026-07-16,quality_momentum,8,300244.SZ,,0.86538464,-0.10493328,-0.1501908,-0.21904011,-0.21037376
2026-07-16,quality_momentum,9,300990.SZ,,0.84615386,-0.09875569,-0.19242967,-0.18101285,-0.33616914
2026-07-16,quality_momentum,10,002693.SZ,,0.82692307,-0.08669531,-0.17246529,-0.17733861,-0.18708524
2026-07-16,quality_momentum,11,300458.SZ,,0.80769229,-0.04756924,-0.04205745,0.03615776,-0.11764803
2026-07-16,quality_momentum,12,688222.SH,,0.78846157,-0.07328461,-0.12805386,-0.12189999,-0.1742077
2026-07-16,quality_momentum,13,603501.SH,,0.76923078,-0.02969051,-0.06949603,-0.12782861,-0.17185321
2026-07-16,quality_momentum,14,002901.SZ,,0.75,-0.06026495,-0.07480348,-0.07943899,-0.07796407
2026-07-16,quality_momentum,15,603991.SH,,0.73076922,,-0.19512579,-0.22764192,-0.25996451
2026-07-16,quality_momentum,16,603019.SH,,0.71153843,-0.06200135,0.00151369,-0.01089964,-0.11372371
2026-07-16,quality_momentum,17,688758.SH,,0.69230771,0.00896961,0.08808759,0.14825487,0.0205084
2026-07-16,quality_momentum,18,000518.SZ,,0.67307693,0.00326802,-0.08458733,-0.10525914,-0.10525914
2026-07-16,quality_momentum,19,688072.SH,,0.65384614,-0.00138499,0.05876092,0.01143484,-0.01501208
2026-07-16,quality_momentum,20,605208.SH,,0.63461536,-0.06447242,-0.21453036,-0.27768217,-0.35300083
2026-07-17,quality_momentum,1,603893.SH,,1.0,0.00628598,0.13448359,0.06519547,-0.1053449
2026-07-17,quality_momentum,2,603519.SH,,0.96153843,,-0.21574802,-0.10667941,-0.06256175
2026-07-17,quality_momentum,3,603501.SH,,0.92307693,-0.02076792,-0.02548491,-0.0773717,-0.17491883
2026-07-17,quality_momentum,4,002774.SZ,,0.88461536,-0.0593935,0.001976,,-0.00383797
2026-07-17,quality_momentum,5,000759.SZ,,0.84615386,0.02441576,0.00394795,-0.05599362,0.02149179
2026-07-17,quality_momentum,6,000739.SZ,,0.80769229,0.00828334,0.03832408,-0.00444579,0.01744832
2026-07-17,quality_momentum,7,688758.SH,,0.76923078,0.07164835,0.10699,0.05825236,-0.04310478
2026-07-17,quality_momentum,8,002422.SZ,,0.73076922,0.08447949,0.1133503,0.08564361,0.01253536
2026-07-17,quality_momentum,9,601628.SH,,0.69230771,0.04093483,0.06248213,0.05547277,0.01575317
2026-07-17,quality_momentum,10,000518.SZ,,0.65384614,-0.04560182,-0.11501055,-0.12015193,-0.0713088
2026-07-17,quality_momentum,11,002317.SZ,,0.61538464,-0.0668259,-0.03048149,-0.05271159,-0.07106023
2026-07-17,quality_momentum,12,000977.SZ,,0.57692307,-0.01067827,0.13196984,0.04662479,-0.12625988
2026-07-17,quality_momentum,13,600671.SH,,0.53846157,-0.02545248,0.05403726,-0.05979983,-0.00484404
2026-07-17,quality_momentum,14,002303.SZ,,0.5,-0.08637485,-0.07039319,0.04147901,0.02549723
2026-07-17,quality_momentum,15,001314.SZ,,0.46153846,,-0.20022453,-0.18227276,-0.20056648
2026-07-17,quality_momentum,16,000938.SZ,,0.42307693,-0.025216,0.17866999,0.06105338,-0.10863573
2026-07-17,quality_momentum,17,603233.SH,,0.38461539,0.01926112,0.0073241,-0.00244261,0.02251665
2026-07-17,quality_momentum,18,600285.SH,,0.34615386,0.0178753,0.00574045,-0.00414716,0.04978538
2026-07-17,quality_momentum,19,601918.SH,,0.30769232,0.03551153,-0.01908904,-0.03627817,-0.02414471
2026-07-17,quality_momentum,20,603466.SH,,0.26923078,0.03035805,-0.06380061,-0.19806391,-0.09431503
2026-07-20,quality_momentum,1,603259.SH,,1.0,-0.00888411,0.00960791,-0.02332855,0.08929052
2026-07-20,quality_momentum,2,603893.SH,,0.96551722,-0.01741402,0.00104814,0.01786703,-0.09329241
2026-07-20,quality_momentum,3,000518.SZ,,0.93103451,-0.04759894,-0.0691043,-0.04759894,0.00347634
2026-07-20,quality_momentum,4,002860.SZ,,0.89655173,0.02113025,-0.00129393,0.0974939,-0.03826366
2026-07-20,quality_momentum,5,601628.SH,,0.86206895,-0.01584069,0.03245402,-0.01285341,-0.04845213
2026-07-20,quality_momentum,6,688235.SH,,0.82758623,0.05253364,0.05619109,0.05253364,-0.02294978
2026-07-20,quality_momentum,7,603501.SH,,0.79310346,-0.02439997,-0.08555382,-0.09824613,-0.14920769
2026-07-20,quality_momentum,8,000977.SZ,,0.75862068,0.07682071,0.06821066,0.01286011,-0.10362207
2026-07-20,quality_momentum,9,000739.SZ,,0.7241379,0.00112417,0.02481374,0.02330161,0.04043872
2026-07-20,quality_momentum,10,002422.SZ,,0.68965518,-0.00490042,0.08468382,0.00624404,-0.1017714
2026-07-20,quality_momentum,11,000759.SZ,,0.65517241,-0.07454954,-0.05175754,-0.04748407,-0.02611653
2026-07-20,quality_momentum,12,600285.SH,,0.62068963,-0.01732531,-0.00807018,-0.01688458,0.01705109
2026-07-20,quality_momentum,13,601918.SH,,0.58620691,-0.01067192,-0.01651987,-0.04478502,-0.08669527
2026-07-20,quality_momentum,14,603233.SH,,0.55172414,0.00128807,-0.01890317,-0.01093295,-0.01943453
2026-07-20,quality_momentum,15,002603.SZ,,0.51724136,-0.02200341,-0.03349099,-0.03808605,-0.03923484
2026-07-20,quality_momentum,16,603127.SH,,0.48275861,0.08211087,0.0782717,0.11576041,-0.04548628
2026-07-20,quality_momentum,17,603129.SH,,0.44827586,-0.04968761,-0.05145752,0.02068409,0.07314429
2026-07-20,quality_momentum,18,603466.SH,,0.41379312,-0.02301487,-0.14463652,-0.19953514,-0.1336568
2026-07-20,quality_momentum,19,301080.SZ,,0.37931034,-0.03119429,-0.00703602,0.0157907,-0.13619715
2026-07-20,quality_momentum,20,000333.SZ,,0.34482759,-0.0032072,0.00523011,-0.00225649,0.01996567
2026-07-21,quality_momentum,1,603259.SH,,1.0,0.00513323,0.01312555,0.01935956,0.14867547
2026-07-21,quality_momentum,2,002860.SZ,,0.97297299,-0.03329803,0.0674128,0.13494843,-0.01848761
2026-07-21,quality_momentum,3,002774.SZ,,0.94594592,0.0341,,0.00076666,-0.01656668
2026-07-21,quality_momentum,4,002422.SZ,,0.91891891,0.02776468,0.00218424,-0.0229662,-0.10336176
2026-07-21,quality_momentum,5,688235.SH,,0.8918919,0.02024022,0.00739885,-0.01935391,-0.03525797
2026-07-21,quality_momentum,6,601628.SH,,0.86486489,0.03319213,0.02637566,0.01274272,-0.04784798
2026-07-21,quality_momentum,7,603501.SH,,0.83783782,0.01619951,-0.03790239,-0.07272436,-0.1284001
2026-07-21,quality_momentum,8,001206.SZ,,0.8108108,-0.10190003,-0.14983809,-0.17509581,-0.16014741
2026-07-21,quality_momentum,9,000739.SZ,,0.78378379,0.0247332,-0.01747786,-0.00692514,0.12573824
2026-07-21,quality_momentum,10,600671.SH,,0.75675678,0.0746383,-0.04141971,0.03812007,0.10715454
2026-07-21,quality_momentum,11,601918.SH,,0.72972971,-0.04614776,-0.06286364,-0.05106424,-0.09334546
2026-07-21,quality_momentum,12,603519.SH,,0.7027027,-0.10218052,0.02264414,-0.01452274,0.10889943
2026-07-21,quality_momentum,13,603233.SH,,0.67567569,-0.01673044,-0.02626436,0.01081195,-0.02838305
2026-07-21,quality_momentum,14,600267.SH,,0.64864862,0.0248783,-0.0320255,-0.01445227,0.00730507
2026-07-21,quality_momentum,15,603466.SH,,0.62162161,-0.07351345,-0.20638661,-0.17359972,-0.05280597
2026-07-21,quality_momentum,16,301080.SZ,,0.5945946,0.03533303,0.02141966,0.02671068,0.01926406
2026-07-21,quality_momentum,17,600352.SH,,0.56756759,-0.01415121,-0.07081275,-0.01261978,-0.01415121
2026-07-21,quality_momentum,18,000333.SZ,,0.54054052,0.0055964,-0.00201902,0.01368779,0.00952312
2026-07-21,quality_momentum,19,002603.SZ,,0.51351351,-0.00541697,-0.04293159,-0.0288636,-0.02417428
2026-07-21,quality_momentum,20,601211.SH,,0.48648649,0.01524897,0.03775701,0.00935407,-0.04262884
2026-07-22,quality_momentum,1,002860.SZ,,1.0,0.00788592,0.10758006,,0.01828348
2026-07-22,quality_momentum,2,688235.SH,,0.97222221,-0.02016714,-0.02356065,-0.03439098,0.05578957
2026-07-22,quality_momentum,3,000759.SZ,,0.94444442,-0.03242326,-0.02806283,0.00100697,0.00827437
2026-07-22,quality_momentum,4,301080.SZ,,0.91666669,-0.01380253,0.00886893,-0.05480004,0.01302539
2026-07-22,quality_momentum,5,601628.SH,,0.8888889,0.01151462,-0.03287562,-0.04946099,-0.07507073
2026-07-22,quality_momentum,6,603725.SH,,0.8611111,-0.06374798,,-0.27909823,-0.2463113
2026-07-22,quality_momentum,7,603127.SH,,0.83333331,-0.00169084,0.03302267,-0.08324671,-0.01904763
2026-07-22,quality_momentum,8,002653.SZ,,0.80555558,-0.01778637,-0.05911917,-0.10663777,-0.08344078
2026-07-22,quality_momentum,9,603893.SH,,0.77777779,-0.11209637,-0.09717485,,-0.16149181
2026-07-22,quality_momentum,10,600886.SH,,0.75,-0.01038012,-0.04169132,-0.00907547,-0.03451584
2026-07-22,quality_momentum,11,000333.SZ,,0.72222221,-0.00095513,-0.00839575,0.02573676,0.00790279
2026-07-22,quality_momentum,12,603233.SH,,0.69444442,-0.00727636,0.00078813,0.01960536,-0.01480321
2026-07-22,quality_momentum,13,002422.SZ,,0.66666669,0.0565551,-0.01985408,-0.11004197,-0.10628413
2026-07-22,quality_momentum,14,600285.SH,,0.6388889,0.00389836,-0.0050222,0.02396976,-0.00011592
2026-07-22,quality_momentum,15,600535.SH,,0.6111111,0.01266621,0.01329954,0.00569974,-0.00253333
2026-07-22,quality_momentum,16,600900.SH,,0.58333331,0.00188139,-0.02390067,-0.01015025,-0.04727641
2026-07-22,quality_momentum,17,600267.SH,,0.55555558,-0.02960987,-0.04835482,-0.04020483,-0.01901492
2026-07-22,quality_momentum,18,600521.SH,,0.52777779,-0.02663499,-0.03487995,-0.04194713,-0.0254571
2026-07-22,quality_momentum,19,601918.SH,,0.5,0.03822343,0.00838799,0.00941683,-0.03585059
2026-07-22,quality_momentum,20,600671.SH,,0.47222221,-0.07253199,-0.08879595,-0.04650971,0.02737505
2026-07-23,quality_momentum,1,601628.SH,,1.0,-0.02163525,-0.03463166,-0.06327183,-0.08517314
2026-07-23,quality_momentum,2,600267.SH,,0.96428573,-0.03039959,-0.01279691,-0.04632587,-0.00441473
2026-07-23,quality_momentum,3,002860.SZ,,0.9285714,0.09137674,0.16042587,-0.0509612,0.00294554
2026-07-23,quality_momentum,4,601918.SH,,0.89285713,-0.05729073,-0.0454213,-0.05234507,-0.02357957
2026-07-23,quality_momentum,5,603127.SH,,0.85714287,-0.07361232,-0.03284299,-0.16351412,-0.03597905
2026-07-23,quality_momentum,6,600886.SH,,0.8214286,-0.02690002,-0.00913684,-0.0019,-0.02295201
2026-07-23,quality_momentum,7,600012.SH,,0.78571427,0.00770457,0.06533165,-0.00523534,-0.06503524
2026-07-23,quality_momentum,8,600671.SH,,0.75,-0.04189996,0.03760005,-0.0269,0.06809998
2026-07-23,quality_momentum,9,000759.SZ,,0.71428573,-0.03188505,0.03258276,-0.03938126,0.00259771
2026-07-23,quality_momentum,10,002541.SZ,,0.6785714,-0.02219702,-0.02170205,-0.01180103,-0.06972182
2026-07-23,quality_momentum,11,601919.SH,,0.64285713,0.00071438,0.01574703,0.00986466,0.00332875
2026-07-23,quality_momentum,12,688506.SH,,0.60714287,-0.07039149,-0.05968206,-0.05980474,-0.08131575
2026-07-23,quality_momentum,13,000333.SZ,,0.5714286,-0.01039559,0.00517963,0.02476669,0.00411772
2026-07-23,quality_momentum,14,600535.SH,,0.53571427,-0.03311099,-0.01688132,-0.0206266,-0.03748056
2026-07-23,quality_momentum,15,000598.SZ,,0.5,-0.02625722,-0.02219771,-0.01272543,-0.03843586
2026-07-23,quality_momentum,16,600900.SH,,0.4642857,-0.00361237,0.00837395,-0.00909181,-0.05121508
2026-07-23,quality_momentum,17,000739.SZ,,0.42857143,-0.04019164,-0.0298824,-0.04166443,0.03688247
2026-07-23,quality_momentum,18,600025.SH,,0.39285713,-0.02244795,-0.02636184,-0.02049105,-0.04886678
2026-07-23,quality_momentum,19,002311.SZ,,0.35714287,-0.00210739,-0.00210739,0.00950841,-0.02160547
2026-07-23,quality_momentum,20,600881.SH,,0.32142857,-0.03740299,0.03952008,0.02768577,0.00993431
2026-07-24,quality_momentum,1,688235.SH,,1.0,-0.01111318,-0.0220813,-0.068513,0.10697686
2026-07-24,quality_momentum,2,601628.SH,,0.97297299,-0.02645193,-0.04314724,-0.03946442,-0.06156119
2026-07-24,quality_momentum,3,603893.SH,,0.94594592,-0.03842968,,-0.16171735,-0.06436572
2026-07-24,quality_momentum,4,688266.SH,,0.91891891,0.03471723,-0.02046955,-0.12189401,-0.06223259
2026-07-24,quality_momentum,5,600886.SH,,0.8918919,-0.00864766,0.02509059,0.03318773,-0.00833142
2026-07-24,quality_momentum,6,601919.SH,,0.86486489,-0.00711512,0.00853024,0.01635292,0.00527077
2026-07-24,quality_momentum,7,603259.SH,,0.83783782,-0.03103383,-0.00504962,0.01542281,0.25786384
2026-07-24,quality_momentum,8,688758.SH,,0.8108108,-0.02549642,-0.02468273,-0.0975062,0.20639946
2026-07-24,quality_momentum,9,301080.SZ,,0.78378379,0.02261166,-0.04192298,-0.08462692,0.47033279
2026-07-24,quality_momentum,10,600012.SH,,0.75675678,0.03055659,0.02663937,-0.0211045,-0.07510919
2026-07-24,quality_momentum,11,000333.SZ,,0.72972971,-0.00082891,0.03356356,0.03808573,-0.00820726
2026-07-24,quality_momentum,12,002422.SZ,,0.7027027,0.00516491,-0.08732064,-0.06912328,-0.0113198
2026-07-24,quality_momentum,13,600535.SH,,0.67567569,0.03096084,0.02322883,0.03482678,0.01549687
2026-07-24,quality_momentum,14,002860.SZ,,0.64864862,0.00308616,,-0.09054257,-0.06838193
2026-07-24,quality_momentum,15,600674.SH,,0.62162161,-0.00688441,0.00931493,0.01305346,-0.0428686
2026-07-24,quality_momentum,16,000598.SZ,,0.5945946,0.01613053,0.01196961,0.01613053,-0.01576961
2026-07-24,quality_momentum,17,002832.SZ,,0.56756759,0.05049788,0.06115506,0.14818877,0.08957422
2026-07-24,quality_momentum,18,000739.SZ,,0.54054052,0.03638484,0.05323017,0.02004999,0.24210207
2026-07-24,quality_momentum,19,601918.SH,,0.51351351,0.02637223,0.02741939,0.01066544,0.03166775
2026-07-24,quality_momentum,20,600900.SH,,0.48648649,-0.02591368,-0.01219157,-0.00738885,-0.05232879
