signal_date,symbol,name,decision,rank,quality_score,base_percentile,factor_raw_score,combined_score,reasons
2026-08-10,000001.SZ,,rejected_signal,,30.898857,,1.0789516,,未满足 MA5>MA10>MA20>MA60
2026-08-10,000002.SZ,,rejected_signal,,21.732988,,1.04704106,,未满足 MA5>MA10>MA20>MA60; 60日趋势强度不足
2026-08-10,000004.SZ,,rejected_universe,,0.0,,0.0,,不在当日动态股票池(停牌/未上市/已退市/当前ST代理过滤)
2026-08-10,000006.SZ,,rejected_signal,,9.738423,,0.85501903,,未满足 MA5>MA10>MA20>MA60; 60日趋势强度不足
2026-08-10,000007.SZ,,rejected_signal,,10.261435,,0.77359605,,未满足 MA5>MA10>MA20>MA60; 60日趋势强度不足
2026-08-10,000008.SZ,,rejected_signal,,4.943951,,1.08237863,,未满足 MA5>MA10>MA20>MA60; 60日趋势强度不足
2026-08-10,000009.SZ,,rejected_signal,,29.766243,,1.14925241,,未满足 MA5>MA10>MA20>MA60; 20日涨幅过热; 60日趋势强度不足; 偏离MA20过远，追高风险
2026-08-10,000010.SZ,,rejected_universe,,0.0,,0.88495612,,不在当日动态股票池(停牌/未上市/已退市/当前ST代理过滤)
2026-08-10,000011.SZ,,rejected_signal,,42.185059,,1.09819853,,60日趋势强度不足
2026-08-10,000012.SZ,,rejected_signal,,6.65218,,0.94845456,,未满足 MA5>MA10>MA20>MA60; 20日动量低于门槛; 60日趋势强度不足
2026-08-10,000014.SZ,,rejected_signal,,30.811859,,1.021263,,未满足 MA5>MA10>MA20>MA60; 60日趋势强度不足
2026-08-10,000016.SZ,,rejected_universe,,16.090574,,0.93064708,,不在当日动态股票池(停牌/未上市/已退市/当前ST代理过滤)
2026-08-10,000017.SZ,,rejected_rank,76,36.829941,0.13793103,1.07437027,0.20689654,"信号有效, 但综合排名未进入 Top20"
2026-08-10,000019.SZ,,rejected_signal,,11.823439,,1.00445163,,未满足 MA5>MA10>MA20>MA60; 60日趋势强度不足
2026-08-10,000020.SZ,,rejected_signal,,11.355392,,0.95163256,,未满足 MA5>MA10>MA20>MA60; 60日趋势强度不足
2026-08-10,000021.SZ,,rejected_signal,,6.607368,,0.75776577,,未满足 MA5>MA10>MA20>MA60; 收盘价低于MA20; 20日动量低于门槛; 20日年化波动过高
2026-08-10,000023.SZ,,rejected_universe,,0.0,,0.0,,不在当日动态股票池(停牌/未上市/已退市/当前ST代理过滤)
2026-08-10,000025.SZ,,rejected_signal,,38.485352,,1.07800364,,未满足 MA5>MA10>MA20>MA60; 60日趋势强度不足
2026-08-10,000026.SZ,,rejected_signal,,12.445142,,0.74241346,,未满足 MA5>MA10>MA20>MA60; 60日趋势强度不足
2026-08-10,000027.SZ,,rejected_signal,,13.265291,,0.97830206,,未满足 MA5>MA10>MA20>MA60; 收盘价低于MA20; 60日趋势强度不足
2026-08-10,000028.SZ,,rejected_signal,,14.879431,,1.03202486,,未满足 MA5>MA10>MA20>MA60; 收盘价低于MA20; 20日动量低于门槛; 60日趋势强度不足
2026-08-10,000029.SZ,,rejected_signal,,6.326241,,0.86091799,,未满足 MA5>MA10>MA20>MA60; 20日动量低于门槛; 60日趋势强度不足
2026-08-10,000030.SZ,,rejected_signal,,18.828526,,1.03174508,,未满足 MA5>MA10>MA20>MA60; 60日趋势强度不足
2026-08-10,000031.SZ,,rejected_signal,,22.103275,,0.9742859,,未满足 MA5>MA10>MA20>MA60; 60日趋势强度不足
2026-08-10,000032.SZ,,rejected_signal,,0.0,,0.6811009,,未满足 MA5>MA10>MA20>MA60; 收盘价低于MA20; 20日动量低于门槛; 60日趋势强度不足
2026-08-10,000034.SZ,,rejected_signal,,6.565382,,0.90613955,,未满足 MA5>MA10>MA20>MA60; 收盘价低于MA20; 20日动量低于门槛; 60日趋势强度不足
2026-08-10,000035.SZ,,rejected_signal,,20.184246,,1.00705588,,未满足 MA5>MA10>MA20>MA60; 60日趋势强度不足
2026-08-10,000036.SZ,,rejected_signal,,0.690074,,0.86245596,,未满足 MA5>MA10>MA20>MA60; 20日动量低于门槛; 60日趋势强度不足
2026-08-10,000037.SZ,,rejected_signal,,24.68063,,1.01948512,,未满足 MA5>MA10>MA20>MA60; 60日趋势强度不足
2026-08-10,000039.SZ,,rejected_signal,,32.2938,,0.97088963,,未满足 MA5>MA10>MA20>MA60; 60日趋势强度不足
2026-08-10,000040.SZ,,rejected_universe,,0.0,,0.0,,不在当日动态股票池(停牌/未上市/已退市/当前ST代理过滤)
2026-08-10,000042.SZ,,rejected_signal,,14.127815,,0.92449117,,未满足 MA5>MA10>MA20>MA60; 60日趋势强度不足
2026-08-10,000045.SZ,,rejected_signal,,11.566015,,0.94161433,,未满足 MA5>MA10>MA20>MA60; 60日趋势强度不足
2026-08-10,000048.SZ,,rejected_signal,,27.30652,,0.97029024,,20日动量低于门槛
2026-08-10,000049.SZ,,rejected_signal,,15.950809,,1.00986731,,未满足 MA5>MA10>MA20>MA60; 60日趋势强度不足
2026-08-10,000050.SZ,,rejected_signal,,5.436467,,0.8305102,,未满足 MA5>MA10>MA20>MA60; 20日动量低于门槛; 60日趋势强度不足
2026-08-10,000055.SZ,,rejected_signal,,28.102619,,0.99806309,,未满足 MA5>MA10>MA20>MA60; 60日趋势强度不足
2026-08-10,000056.SZ,,rejected_universe,,39.917904,,1.04286814,,不在当日动态股票池(停牌/未上市/已退市/当前ST代理过滤)
2026-08-10,000058.SZ,,rejected_signal,,26.964737,,1.05813944,,未满足 MA5>MA10>MA20>MA60; 60日趋势强度不足
2026-08-10,000059.SZ,,rejected_signal,,34.468956,,1.05345345,,未满足 MA5>MA10>MA20>MA60; 60日趋势强度不足
2026-08-10,000060.SZ,,rejected_signal,,23.062925,,0.88749677,,未满足 MA5>MA10>MA20>MA60; 60日趋势强度不足
2026-08-10,000061.SZ,,rejected_signal,,13.757316,,1.03221822,,未满足 MA5>MA10>MA20>MA60; 60日趋势强度不足
2026-08-10,000062.SZ,,rejected_signal,,3.979014,,0.74931455,,未满足 MA5>MA10>MA20>MA60; 20日动量低于门槛; 60日趋势强度不足
2026-08-10,000063.SZ,,rejected_signal,,7.205791,,0.93821269,,未满足 MA5>MA10>MA20>MA60; 收盘价低于MA20; 20日动量低于门槛; 60日趋势强度不足
2026-08-10,000065.SZ,,rejected_signal,,11.03079,,0.87273133,,未满足 MA5>MA10>MA20>MA60; 60日趋势强度不足
2026-08-10,000066.SZ,,rejected_signal,,5.421103,,0.79329634,,未满足 MA5>MA10>MA20>MA60; 收盘价低于MA20; 20日动量低于门槛; 60日趋势强度不足
2026-08-10,000068.SZ,,rejected_signal,,17.55118,,0.96275359,,未满足 MA5>MA10>MA20>MA60; 60日趋势强度不足
2026-08-10,000069.SZ,,rejected_signal,,29.440794,,1.01599014,,未满足 MA5>MA10>MA20>MA60; 60日趋势强度不足
2026-08-10,000070.SZ,,rejected_signal,,4.269229,,0.71783412,,未满足 MA5>MA10>MA20>MA60; 20日动量低于门槛; 60日趋势强度不足
2026-08-10,000078.SZ,,rejected_universe,,9.641555,,0.99809808,,不在当日动态股票池(停牌/未上市/已退市/当前ST代理过滤)
2026-08-10,000088.SZ,,rejected_signal,,20.296402,,1.07076514,,60日趋势强度不足
2026-08-10,000089.SZ,,rejected_signal,,19.533829,,1.05854905,,未满足 MA5>MA10>MA20>MA60; 收盘价低于MA20; 60日趋势强度不足
2026-08-10,000090.SZ,,rejected_signal,,34.339775,,1.04487169,,未满足 MA5>MA10>MA20>MA60; 60日趋势强度不足
2026-08-10,000096.SZ,,rejected_signal,,19.950832,,1.02457166,,未满足 MA5>MA10>MA20>MA60; 60日趋势强度不足
2026-08-10,000099.SZ,,rejected_signal,,16.589634,,0.9801724,,未满足 MA5>MA10>MA20>MA60; 60日趋势强度不足
2026-08-10,000100.SZ,,rejected_signal,,15.615991,,0.96223658,,未满足 MA5>MA10>MA20>MA60; 收盘价低于MA20; 20日动量低于门槛
2026-08-10,000151.SZ,,rejected_signal,,19.700851,,0.88929528,,未满足 MA5>MA10>MA20>MA60; 60日趋势强度不足
2026-08-10,000153.SZ,,rejected_signal,,20.900263,,1.01276636,,60日趋势强度不足
2026-08-10,000155.SZ,,rejected_signal,,33.11034,,0.96492136,,未满足 MA5>MA10>MA20>MA60; 60日趋势强度不足
2026-08-10,000156.SZ,,rejected_signal,,22.028292,,1.05766106,,60日趋势强度不足
2026-08-10,000157.SZ,,rejected_signal,,19.139719,,1.04616404,,未满足 MA5>MA10>MA20>MA60; 收盘价低于MA20; 60日趋势强度不足
2026-08-10,000158.SZ,,rejected_signal,,8.229346,,0.96789539,,未满足 MA5>MA10>MA20>MA60; 60日趋势强度不足
2026-08-10,000159.SZ,,rejected_signal,,10.846917,,0.98584247,,未满足 MA5>MA10>MA20>MA60; 60日趋势强度不足
2026-08-10,000166.SZ,,rejected_signal,,8.326179,,1.03141499,,未满足 MA5>MA10>MA20>MA60; 收盘价低于MA20; 20日动量低于门槛; 60日趋势强度不足
2026-08-10,000301.SZ,,rejected_signal,,36.308399,,1.0033896,,未满足 MA5>MA10>MA20>MA60; 60日趋势强度不足
2026-08-10,000333.SZ,,rejected_signal,,37.424732,,1.07625616,,未满足 MA5>MA10>MA20>MA60
2026-08-10,000338.SZ,,rejected_signal,,28.441507,,0.96114439,,未满足 MA5>MA10>MA20>MA60; 60日趋势强度不足
2026-08-10,000400.SZ,,rejected_signal,,31.44286,,1.03355968,,未满足 MA5>MA10>MA20>MA60; 60日趋势强度不足
2026-08-10,000401.SZ,,rejected_signal,,11.54006,,1.00497139,,未满足 MA5>MA10>MA20>MA60; 60日趋势强度不足
2026-08-10,000402.SZ,,rejected_signal,,18.745346,,0.95369923,,未满足 MA5>MA10>MA20>MA60; 60日趋势强度不足
2026-08-10,000403.SZ,,rejected_signal,,31.224638,,1.00392914,,未满足 MA5>MA10>MA20>MA60; 60日趋势强度不足
2026-08-10,000404.SZ,,rejected_signal,,18.241692,,1.00001073,,未满足 MA5>MA10>MA20>MA60; 60日趋势强度不足
2026-08-10,000407.SZ,,rejected_signal,,18.232595,,1.02253461,,未满足 MA5>MA10>MA20>MA60; 60日趋势强度不足
2026-08-10,000408.SZ,,rejected_rank,73,39.267822,0.1724138,1.0513196,0.2,"信号有效, 但综合排名未进入 Top20"
2026-08-10,000409.SZ,,rejected_signal,,18.61088,,1.01445401,,未满足 MA5>MA10>MA20>MA60; 60日趋势强度不足
2026-08-10,000410.SZ,,rejected_signal,,31.901928,,0.99633282,,未满足 MA5>MA10>MA20>MA60; 60日趋势强度不足
2026-08-10,000411.SZ,,rejected_signal,,14.865348,,0.97439516,,未满足 MA5>MA10>MA20>MA60; 60日趋势强度不足
2026-08-10,000413.SZ,,rejected_universe,,0.0,,0.0,,不在当日动态股票池(停牌/未上市/已退市/当前ST代理过滤)
2026-08-10,000415.SZ,,rejected_rank,63,42.1707,0.28735632,1.06892622,0.31724137,"信号有效, 但综合排名未进入 Top20"
2026-08-10,000416.SZ,,rejected_universe,,0.0,,0.0,,不在当日动态股票池(停牌/未上市/已退市/当前ST代理过滤)
2026-08-10,000417.SZ,,rejected_signal,,4.252271,,0.77456152,,未满足 MA5>MA10>MA20>MA60; 20日动量低于门槛; 60日趋势强度不足
2026-08-10,000419.SZ,,rejected_signal,,22.362848,,1.01571143,,未满足 MA5>MA10>MA20>MA60; 60日趋势强度不足
2026-08-10,000420.SZ,,rejected_signal,,18.666039,,0.93508297,,未满足 MA5>MA10>MA20>MA60; 60日趋势强度不足
2026-08-10,000421.SZ,,rejected_signal,,17.781765,,1.00718832,,未满足 MA5>MA10>MA20>MA60; 60日趋势强度不足
2026-08-10,000422.SZ,,rejected_signal,,20.256916,,0.98312157,,未满足 MA5>MA10>MA20>MA60; 60日趋势强度不足
2026-08-10,000423.SZ,,rejected_signal,,50.020123,,1.11945081,,未满足 MA5>MA10>MA20>MA60
2026-08-10,000425.SZ,,rejected_signal,,14.447262,,0.99412441,,未满足 MA5>MA10>MA20>MA60; 收盘价低于MA20; 20日动量低于门槛; 60日趋势强度不足
2026-08-10,000426.SZ,,rejected_signal,,14.90666,,0.82864213,,未满足 MA5>MA10>MA20>MA60; 60日趋势强度不足; 偏离MA20过远，追高风险
2026-08-10,000428.SZ,,rejected_signal,,27.486765,,1.17683089,,20日涨幅过热; 偏离MA20过远，追高风险
2026-08-10,000429.SZ,,rejected_signal,,19.485012,,1.04802334,,未满足 MA5>MA10>MA20>MA60; 收盘价低于MA20; 20日动量低于门槛
2026-08-10,000430.SZ,,rejected_signal,,7.055916,,0.99086779,,未满足 MA5>MA10>MA20>MA60; 60日趋势强度不足
2026-08-10,000488.SZ,,rejected_universe,,4.007968,,0.9667604,,不在当日动态股票池(停牌/未上市/已退市/当前ST代理过滤)
2026-08-10,000498.SZ,,rejected_signal,,9.418112,,1.05483532,,未满足 MA5>MA10>MA20>MA60; 收盘价低于MA20; 20日动量低于门槛; 60日趋势强度不足
2026-08-10,000501.SZ,,rejected_signal,,15.898742,,1.01795447,,未满足 MA5>MA10>MA20>MA60; 60日趋势强度不足
2026-08-10,000503.SZ,,rejected_signal,,48.891563,,1.09521472,,60日趋势强度不足
2026-08-10,000504.SZ,,rejected_signal,,24.049112,,0.94513327,,未满足 MA5>MA10>MA20>MA60; 60日趋势强度不足
2026-08-10,000505.SZ,,rejected_signal,,30.241119,,1.0201695,,未满足 MA5>MA10>MA20>MA60; 60日趋势强度不足
2026-08-10,000506.SZ,,rejected_signal,,43.243069,,1.09648728,,20日涨幅过热; 偏离MA20过远，追高风险
2026-08-10,000507.SZ,,rejected_signal,,12.686141,,1.02935553,,未满足 MA5>MA10>MA20>MA60; 20日动量低于门槛; 60日趋势强度不足
2026-08-10,000509.SZ,,rejected_signal,,12.778971,,0.79944825,,未满足 MA5>MA10>MA20>MA60; 60日趋势强度不足
2026-08-10,000510.SZ,,rejected_signal,,17.392746,,0.64799762,,未满足 MA5>MA10>MA20>MA60; 20日动量低于门槛; 20日年化波动过高
2026-08-10,000513.SZ,,rejected_signal,,19.277269,,1.03312886,,未满足 MA5>MA10>MA20>MA60; 收盘价低于MA20; 20日动量低于门槛; 60日趋势强度不足
2026-08-10,000514.SZ,,rejected_signal,,21.499369,,0.99100214,,未满足 MA5>MA10>MA20>MA60; 60日趋势强度不足
2026-08-10,000516.SZ,,rejected_signal,,25.950436,,1.03040516,,60日趋势强度不足
2026-08-10,000517.SZ,,rejected_rank,75,37.287758,0.14942528,1.09885037,0.25747126,"信号有效, 但综合排名未进入 Top20"
2026-08-10,000518.SZ,,rejected_rank,43,46.246086,0.51724136,1.05383348,0.47816092,"信号有效, 但综合排名未进入 Top20"
2026-08-10,000519.SZ,,rejected_signal,,12.106796,,0.8031022,,未满足 MA5>MA10>MA20>MA60; 20日动量低于门槛; 60日趋势强度不足
2026-08-10,000520.SZ,,rejected_signal,,4.494053,,0.93631452,,未满足 MA5>MA10>MA20>MA60; 20日动量低于门槛; 60日趋势强度不足
2026-08-10,000521.SZ,,rejected_signal,,3.584526,,0.94931871,,未满足 MA5>MA10>MA20>MA60; 20日动量低于门槛; 60日趋势强度不足
2026-08-10,000523.SZ,,rejected_signal,,33.872818,,1.02084398,,未满足 MA5>MA10>MA20>MA60; 60日趋势强度不足
2026-08-10,000524.SZ,,rejected_signal,,17.719257,,1.24704349,,未满足 MA5>MA10>MA20>MA60; 60日趋势强度不足
2026-08-10,000525.SZ,,rejected_signal,,36.326313,,1.06411445,,未满足 MA5>MA10>MA20>MA60; 60日趋势强度不足
2026-08-10,000526.SZ,,rejected_rank,78,35.210678,0.11494253,1.21090996,0.28965518,"信号有效, 但综合排名未进入 Top20"
2026-08-10,000528.SZ,,rejected_signal,,23.759804,,1.04376709,,未满足 MA5>MA10>MA20>MA60; 收盘价低于MA20; 60日趋势强度不足
2026-08-10,000529.SZ,,rejected_signal,,20.412336,,1.02133512,,未满足 MA5>MA10>MA20>MA60; 60日趋势强度不足; 20日平均成交额不足
2026-08-10,000530.SZ,,rejected_signal,,10.870134,,0.93890166,,未满足 MA5>MA10>MA20>MA60; 60日趋势强度不足
2026-08-10,000531.SZ,,rejected_signal,,6.463051,,0.9340921,,未满足 MA5>MA10>MA20>MA60; 60日趋势强度不足
2026-08-10,000532.SZ,,rejected_signal,,11.0837,,0.95479083,,未满足 MA5>MA10>MA20>MA60; 60日趋势强度不足
2026-08-10,000533.SZ,,rejected_signal,,31.309849,,1.08930647,,未满足 MA5>MA10>MA20>MA60; 20日涨幅过热; 60日趋势强度不足; 偏离MA20过远，追高风险
2026-08-10,000534.SZ,,rejected_signal,,13.22648,,0.81649095,,未满足 MA5>MA10>MA20>MA60; 60日趋势强度不足
2026-08-10,000536.SZ,,rejected_signal,,7.809566,,0.90386569,,未满足 MA5>MA10>MA20>MA60; 60日趋势强度不足
2026-08-10,000537.SZ,,rejected_signal,,19.515461,,0.9317072,,未满足 MA5>MA10>MA20>MA60; 60日趋势强度不足
2026-08-10,000538.SZ,,rejected_signal,,18.302082,,1.04625559,,未满足 MA5>MA10>MA20>MA60; 收盘价低于MA20; 20日动量低于门槛; 60日趋势强度不足
2026-08-10,000539.SZ,,rejected_signal,,5.172308,,0.85511655,,未满足 MA5>MA10>MA20>MA60; 20日动量低于门槛; 60日趋势强度不足
2026-08-10,000541.SZ,,rejected_signal,,0.862974,,1.01496887,,未满足 MA5>MA10>MA20>MA60; 20日动量低于门槛; 60日趋势强度不足
2026-08-10,000543.SZ,,rejected_signal,,15.586222,,1.01945066,,未满足 MA5>MA10>MA20>MA60; 60日趋势强度不足
2026-08-10,000544.SZ,,rejected_signal,,13.120206,,1.01020133,,未满足 MA5>MA10>MA20>MA60; 60日趋势强度不足
2026-08-10,000545.SZ,,rejected_signal,,14.697104,,1.002033,,未满足 MA5>MA10>MA20>MA60; 60日趋势强度不足
2026-08-10,000546.SZ,,rejected_signal,,16.479038,,0.88964802,,未满足 MA5>MA10>MA20>MA60; 60日趋势强度不足
2026-08-10,000547.SZ,,rejected_signal,,10.129774,,0.77695596,,未满足 MA5>MA10>MA20>MA60; 20日动量低于门槛; 60日趋势强度不足
2026-08-10,000548.SZ,,rejected_signal,,17.839886,,0.99670845,,未满足 MA5>MA10>MA20>MA60; 60日趋势强度不足
2026-08-10,000550.SZ,,rejected_signal,,15.066205,,1.03642941,,未满足 MA5>MA10>MA20>MA60; 收盘价低于MA20; 60日趋势强度不足
2026-08-10,000551.SZ,,rejected_signal,,1.799006,,0.79513037,,未满足 MA5>MA10>MA20>MA60; 20日动量低于门槛; 60日趋势强度不足
2026-08-10,000552.SZ,,rejected_signal,,17.84865,,1.01817441,,未满足 MA5>MA10>MA20>MA60; 收盘价低于MA20; 60日趋势强度不足
2026-08-10,000553.SZ,,rejected_signal,,3.913738,,0.93485683,,未满足 MA5>MA10>MA20>MA60; 20日动量低于门槛; 60日趋势强度不足
2026-08-10,000554.SZ,,rejected_signal,,29.349146,,1.00411773,,未满足 MA5>MA10>MA20>MA60; 60日趋势强度不足
2026-08-10,000555.SZ,,rejected_signal,,22.790112,,0.97902828,,未满足 MA5>MA10>MA20>MA60; 60日趋势强度不足
2026-08-10,000557.SZ,,rejected_signal,,16.481697,,0.98642188,,未满足 MA5>MA10>MA20>MA60; 60日趋势强度不足
2026-08-10,000558.SZ,,rejected_signal,,29.055183,,0.99497283,,未满足 MA5>MA10>MA20>MA60; 60日趋势强度不足
2026-08-10,000559.SZ,,rejected_signal,,7.812132,,0.86241096,,未满足 MA5>MA10>MA20>MA60; 60日趋势强度不足
2026-08-10,000560.SZ,,rejected_signal,,31.469387,,0.97091568,,未满足 MA5>MA10>MA20>MA60; 60日趋势强度不足
2026-08-10,000561.SZ,,rejected_signal,,22.43771,,0.99444538,,未满足 MA5>MA10>MA20>MA60; 60日趋势强度不足
2026-08-10,000563.SZ,,rejected_signal,,18.555981,,1.05669177,,未满足 MA5>MA10>MA20>MA60; 收盘价低于MA20; 60日趋势强度不足
2026-08-10,000564.SZ,,rejected_signal,,17.773788,,0.98702592,,未满足 MA5>MA10>MA20>MA60; 60日趋势强度不足
2026-08-10,000565.SZ,,rejected_signal,,12.835503,,0.96232486,,未满足 MA5>MA10>MA20>MA60; 60日趋势强度不足
2026-08-10,000566.SZ,,rejected_signal,,51.986103,,1.19858134,,20日年化波动过高
2026-08-10,000567.SZ,,rejected_signal,,27.158785,,1.04963958,,未满足 MA5>MA10>MA20>MA60; 60日趋势强度不足
2026-08-10,000568.SZ,,rejected_signal,,48.308601,,1.06958055,,未满足 MA5>MA10>MA20>MA60; 60日趋势强度不足
2026-08-10,000570.SZ,,rejected_signal,,16.874636,,0.97877526,,未满足 MA5>MA10>MA20>MA60; 60日趋势强度不足
2026-08-10,000571.SZ,,rejected_rank,62,42.389404,0.29885057,1.07460678,0.34022987,"信号有效, 但综合排名未进入 Top20"
2026-08-10,000572.SZ,,rejected_signal,,24.691236,,0.96043187,,未满足 MA5>MA10>MA20>MA60; 60日趋势强度不足
2026-08-10,000573.SZ,,rejected_signal,,10.644917,,0.949431,,未满足 MA5>MA10>MA20>MA60; 20日动量低于门槛; 60日趋势强度不足
2026-08-10,000576.SZ,,rejected_signal,,23.838076,,0.96918565,,未满足 MA5>MA10>MA20>MA60; 60日趋势强度不足
2026-08-10,000581.SZ,,rejected_signal,,10.43435,,1.02374256,,未满足 MA5>MA10>MA20>MA60; 60日趋势强度不足
2026-08-10,000582.SZ,,rejected_rank,25,50.372337,0.7241379,1.06823087,0.66436779,"信号有效, 但综合排名未进入 Top20"
2026-08-10,000584.SZ,,rejected_universe,,0.0,,0.0,,不在当日动态股票池(停牌/未上市/已退市/当前ST代理过滤)
2026-08-10,000586.SZ,,rejected_signal,,4.919465,,0.77739877,,未满足 MA5>MA10>MA20>MA60; 60日趋势强度不足
2026-08-10,000589.SZ,,rejected_signal,,14.941677,,1.00587142,,未满足 MA5>MA10>MA20>MA60; 60日趋势强度不足
2026-08-10,000590.SZ,,rejected_signal,,16.991121,,0.95153904,,未满足 MA5>MA10>MA20>MA60; 60日趋势强度不足
2026-08-10,000591.SZ,,rejected_signal,,16.904352,,0.94358677,,未满足 MA5>MA10>MA20>MA60; 60日趋势强度不足
2026-08-10,000592.SZ,,rejected_signal,,16.316521,,0.85336703,,未满足 MA5>MA10>MA20>MA60; 60日趋势强度不足
2026-08-10,000593.SZ,,rejected_signal,,25.611248,,0.81614357,,未满足 MA5>MA10>MA20>MA60; 偏离MA20过远，追高风险; 20日年化波动过高
2026-08-10,000595.SZ,,rejected_signal,,16.802008,,0.96320796,,未满足 MA5>MA10>MA20>MA60; 60日趋势强度不足; 20日年化波动过高
2026-08-10,000596.SZ,,rejected_signal,,49.728802,,1.09952986,,未满足 MA5>MA10>MA20>MA60; 60日趋势强度不足
2026-08-10,000597.SZ,,rejected_signal,,18.770844,,1.01512098,,未满足 MA5>MA10>MA20>MA60; 60日趋势强度不足
2026-08-10,000598.SZ,,rejected_signal,,41.414387,,1.09103286,,未满足 MA5>MA10>MA20>MA60
2026-08-10,000599.SZ,,rejected_signal,,33.311985,,1.03603518,,未满足 MA5>MA10>MA20>MA60; 60日趋势强度不足
2026-08-10,000600.SZ,,rejected_signal,,23.144157,,0.91035903,,未满足 MA5>MA10>MA20>MA60; 60日趋势强度不足
2026-08-10,000601.SZ,,rejected_signal,,13.039345,,0.93991113,,未满足 MA5>MA10>MA20>MA60; 60日趋势强度不足
2026-08-10,000603.SZ,,rejected_signal,,36.365013,,0.94248861,,未满足 MA5>MA10>MA20>MA60; 20日涨幅过热; 偏离MA20过远，追高风险
2026-08-10,000605.SZ,,rejected_signal,,23.276495,,0.99556482,,未满足 MA5>MA10>MA20>MA60; 60日趋势强度不足; 20日平均成交额不足
2026-08-10,000607.SZ,,rejected_signal,,38.556339,,1.05075431,,未满足 MA5>MA10>MA20>MA60; 60日趋势强度不足
2026-08-10,000608.SZ,,rejected_signal,,29.889748,,1.15540826,,偏离MA20过远，追高风险
2026-08-10,000609.SZ,,rejected_universe,,0.0,,0.74179834,,不在当日动态股票池(停牌/未上市/已退市/当前ST代理过滤)
2026-08-10,000610.SZ,,rejected_universe,,13.938181,,0.91165376,,不在当日动态股票池(停牌/未上市/已退市/当前ST代理过滤)
2026-08-10,000612.SZ,,rejected_signal,,36.357437,,0.99465227,,未满足 MA5>MA10>MA20>MA60; 60日趋势强度不足
2026-08-10,000615.SZ,,rejected_universe,,24.036032,,1.01832891,,不在当日动态股票池(停牌/未上市/已退市/当前ST代理过滤)
2026-08-10,000617.SZ,,rejected_signal,,21.44912,,0.99892485,,未满足 MA5>MA10>MA20>MA60; 60日趋势强度不足
2026-08-10,000619.SZ,,rejected_signal,,19.782162,,0.95009482,,未满足 MA5>MA10>MA20>MA60; 60日趋势强度不足
2026-08-10,000620.SZ,,rejected_signal,,3.967805,,0.87128878,,未满足 MA5>MA10>MA20>MA60; 收盘价低于MA20; 20日动量低于门槛; 60日趋势强度不足
2026-08-10,000622.SZ,,rejected_universe,,0.0,,0.0,,不在当日动态股票池(停牌/未上市/已退市/当前ST代理过滤)
2026-08-10,000623.SZ,,rejected_signal,,21.97484,,1.03805709,,未满足 MA5>MA10>MA20>MA60; 60日趋势强度不足
2026-08-10,000625.SZ,,rejected_signal,,20.638149,,1.04429507,,未满足 MA5>MA10>MA20>MA60; 60日趋势强度不足
2026-08-10,000626.SZ,,rejected_signal,,33.421059,,1.007375,,未满足 MA5>MA10>MA20>MA60; 60日趋势强度不足
2026-08-10,000627.SZ,,rejected_universe,,0.0,,0.0,,不在当日动态股票池(停牌/未上市/已退市/当前ST代理过滤)
2026-08-10,000628.SZ,,rejected_signal,,4.851318,,0.8047111,,未满足 MA5>MA10>MA20>MA60; 20日动量低于门槛; 60日趋势强度不足
2026-08-10,000629.SZ,,rejected_signal,,18.264975,,0.95610487,,未满足 MA5>MA10>MA20>MA60; 60日趋势强度不足
2026-08-10,000630.SZ,,rejected_signal,,37.24078,,0.96124154,,未满足 MA5>MA10>MA20>MA60
2026-08-10,000631.SZ,,rejected_signal,,11.23191,,0.96005017,,未满足 MA5>MA10>MA20>MA60; 60日趋势强度不足
2026-08-10,000632.SZ,,rejected_universe,,4.288634,,0.99474221,,不在当日动态股票池(停牌/未上市/已退市/当前ST代理过滤)
2026-08-10,000633.SZ,,rejected_signal,,19.437056,,0.97500032,,未满足 MA5>MA10>MA20>MA60; 60日趋势强度不足
2026-08-10,000635.SZ,,rejected_signal,,26.420801,,0.98355812,,未满足 MA5>MA10>MA20>MA60; 60日趋势强度不足
2026-08-10,000636.SZ,,rejected_signal,,25.843113,,0.91239309,,未满足 MA5>MA10>MA20>MA60; 偏离MA20过远，追高风险; 20日年化波动过高
2026-08-10,000637.SZ,,rejected_signal,,17.394974,,0.97270435,,未满足 MA5>MA10>MA20>MA60; 60日趋势强度不足
2026-08-10,000638.SZ,,rejected_universe,,0.0,,0.0,,不在当日动态股票池(停牌/未上市/已退市/当前ST代理过滤)
2026-08-10,000639.SZ,,rejected_universe,,44.029522,,1.09391379,,不在当日动态股票池(停牌/未上市/已退市/当前ST代理过滤)
2026-08-10,000650.SZ,,rejected_signal,,23.823168,,1.04912508,,未满足 MA5>MA10>MA20>MA60; 60日趋势强度不足
2026-08-10,000651.SZ,,rejected_signal,,23.087082,,1.04839432,,未满足 MA5>MA10>MA20>MA60; 60日趋势强度不足
2026-08-10,000652.SZ,,rejected_signal,,11.341942,,1.00782108,,未满足 MA5>MA10>MA20>MA60; 60日趋势强度不足
2026-08-10,000655.SZ,,rejected_signal,,33.230484,,1.01508641,,未满足 MA5>MA10>MA20>MA60; 60日趋势强度不足
2026-08-10,000656.SZ,,rejected_signal,,5.572842,,0.95537084,,未满足 MA5>MA10>MA20>MA60; 60日趋势强度不足
2026-08-10,000657.SZ,,rejected_signal,,18.586391,,0.49438569,,未满足 MA5>MA10>MA20>MA60; 偏离MA20过远，追高风险; 20日年化波动过高
2026-08-10,000659.SZ,,rejected_signal,,17.384031,,0.82323712,,未满足 MA5>MA10>MA20>MA60; 60日趋势强度不足
2026-08-10,000661.SZ,,rejected_signal,,55.065781,,1.09123957,,未满足 MA5>MA10>MA20>MA60; 60日趋势强度不足
2026-08-10,000663.SZ,,rejected_signal,,18.902094,,0.97473407,,未满足 MA5>MA10>MA20>MA60; 60日趋势强度不足
2026-08-10,000665.SZ,,rejected_signal,,15.716722,,0.99331111,,未满足 MA5>MA10>MA20>MA60; 60日趋势强度不足
2026-08-10,000668.SZ,,rejected_signal,,4.495361,,0.96456867,,未满足 MA5>MA10>MA20>MA60; 20日动量低于门槛
2026-08-10,000669.SZ,,rejected_universe,,0.0,,0.88996559,,不在当日动态股票池(停牌/未上市/已退市/当前ST代理过滤)
2026-08-10,000670.SZ,,rejected_signal,,7.136922,,0.86310792,,未满足 MA5>MA10>MA20>MA60; 60日趋势强度不足
2026-08-10,000672.SZ,,rejected_signal,,3.320906,,0.71536452,,未满足 MA5>MA10>MA20>MA60; 收盘价低于MA20; 20日动量低于门槛; 60日趋势强度不足
2026-08-10,000676.SZ,,rejected_signal,,34.108658,,1.23515284,,20日涨幅过热; 60日趋势强度不足
2026-08-10,000677.SZ,,rejected_universe,,14.94139,,0.97449905,,不在当日动态股票池(停牌/未上市/已退市/当前ST代理过滤)
2026-08-10,000678.SZ,,rejected_signal,,15.244152,,0.91790235,,未满足 MA5>MA10>MA20>MA60; 60日趋势强度不足
2026-08-10,000679.SZ,,rejected_signal,,12.772528,,0.91902065,,未满足 MA5>MA10>MA20>MA60; 60日趋势强度不足
2026-08-10,000680.SZ,,rejected_signal,,47.223053,,1.06846035,,60日趋势强度不足
2026-08-10,000681.SZ,,rejected_signal,,5.775314,,0.91374362,,未满足 MA5>MA10>MA20>MA60; 60日趋势强度不足
2026-08-10,000682.SZ,,rejected_signal,,3.523594,,0.97532898,,未满足 MA5>MA10>MA20>MA60; 20日动量低于门槛; 60日趋势强度不足
2026-08-10,000683.SZ,,rejected_signal,,28.700108,,0.98229343,,未满足 MA5>MA10>MA20>MA60; 60日趋势强度不足
2026-08-10,000685.SZ,,rejected_rank,88,22.054636,0.0,1.01581192,0.03218391,"信号有效, 但综合排名未进入 Top20"
2026-08-10,000686.SZ,,rejected_signal,,8.184343,,1.01088059,,未满足 MA5>MA10>MA20>MA60; 20日动量低于门槛; 60日趋势强度不足
2026-08-10,000688.SZ,,rejected_signal,,15.325719,,0.77816594,,未满足 MA5>MA10>MA20>MA60; 60日趋势强度不足
2026-08-10,000690.SZ,,rejected_signal,,19.019938,,0.98863405,,未满足 MA5>MA10>MA20>MA60; 60日趋势强度不足
2026-08-10,000691.SZ,,rejected_signal,,22.847214,,0.97581476,,未满足 MA5>MA10>MA20>MA60; 20日动量低于门槛
2026-08-10,000692.SZ,,rejected_signal,,17.753336,,0.89260387,,未满足 MA5>MA10>MA20>MA60; 60日趋势强度不足
2026-08-10,000695.SZ,,rejected_signal,,18.637804,,0.94825381,,未满足 MA5>MA10>MA20>MA60; 60日趋势强度不足
2026-08-10,000697.SZ,,rejected_signal,,18.010649,,0.81646985,,未满足 MA5>MA10>MA20>MA60; 60日趋势强度不足
2026-08-10,000698.SZ,,rejected_universe,,27.193863,,1.01718259,,不在当日动态股票池(停牌/未上市/已退市/当前ST代理过滤)
2026-08-10,000700.SZ,,rejected_signal,,0.830654,,0.74654299,,未满足 MA5>MA10>MA20>MA60; 20日动量低于门槛; 60日趋势强度不足
2026-08-10,000701.SZ,,rejected_signal,,29.791105,,0.9809404,,未满足 MA5>MA10>MA20>MA60; 60日趋势强度不足
2026-08-10,000702.SZ,,rejected_signal,,20.759121,,0.97138017,,未满足 MA5>MA10>MA20>MA60; 60日趋势强度不足
2026-08-10,000703.SZ,,rejected_signal,,49.84761,,1.14420426,,20日涨幅过热
2026-08-10,000705.SZ,,rejected_signal,,31.263435,,1.01225746,,未满足 MA5>MA10>MA20>MA60; 60日趋势强度不足
2026-08-10,000707.SZ,,rejected_signal,,19.060221,,0.99267799,,未满足 MA5>MA10>MA20>MA60; 60日趋势强度不足
2026-08-10,000708.SZ,,rejected_signal,,26.525789,,1.06460798,,未满足 MA5>MA10>MA20>MA60; 收盘价低于MA20; 60日趋势强度不足
2026-08-10,000709.SZ,,rejected_signal,,31.249895,,1.05936587,,60日趋势强度不足
2026-08-10,000710.SZ,,rejected_signal,,26.520092,,1.00884259,,未满足 MA5>MA10>MA20>MA60; 60日趋势强度不足; 偏离MA20过远，追高风险
2026-08-10,000711.SZ,,rejected_universe,,22.779625,,0.91547316,,不在当日动态股票池(停牌/未上市/已退市/当前ST代理过滤)
2026-08-10,000712.SZ,,rejected_signal,,25.192711,,0.96023381,,未满足 MA5>MA10>MA20>MA60; 60日趋势强度不足
2026-08-10,000713.SZ,,rejected_signal,,19.377304,,1.02587664,,未满足 MA5>MA10>MA20>MA60; 60日趋势强度不足
2026-08-10,000715.SZ,,rejected_signal,,12.135858,,0.99334627,,未满足 MA5>MA10>MA20>MA60; 60日趋势强度不足
2026-08-10,000716.SZ,,rejected_signal,,25.509373,,0.99484318,,未满足 MA5>MA10>MA20>MA60; 60日趋势强度不足
2026-08-10,000717.SZ,,rejected_signal,,23.34202,,1.05119061,,60日趋势强度不足
2026-08-10,000718.SZ,,rejected_signal,,17.911909,,0.9992125,,未满足 MA5>MA10>MA20>MA60; 60日趋势强度不足
2026-08-10,000719.SZ,,rejected_signal,,24.036448,,1.07351458,,未满足 MA5>MA10>MA20>MA60; 60日趋势强度不足
2026-08-10,000720.SZ,,rejected_signal,,22.470634,,0.86256045,,未满足 MA5>MA10>MA20>MA60; 60日趋势强度不足
2026-08-10,000721.SZ,,rejected_signal,,45.564697,,1.08256698,,60日趋势强度不足
2026-08-10,000722.SZ,,rejected_signal,,22.17041,,0.97269964,,未满足 MA5>MA10>MA20>MA60; 60日趋势强度不足
2026-08-10,000723.SZ,,rejected_signal,,20.630955,,0.9893949,,未满足 MA5>MA10>MA20>MA60; 60日趋势强度不足
2026-08-10,000725.SZ,,rejected_signal,,17.262533,,0.85159737,,未满足 MA5>MA10>MA20>MA60; 收盘价低于MA20; 20日动量低于门槛
2026-08-10,000726.SZ,,rejected_signal,,28.250664,,1.04626453,,未满足 MA5>MA10>MA20>MA60; 60日趋势强度不足
2026-08-10,000727.SZ,,rejected_signal,,9.182687,,0.89063817,,未满足 MA5>MA10>MA20>MA60; 20日动量低于门槛; 60日趋势强度不足
2026-08-10,000728.SZ,,rejected_signal,,4.88543,,1.02095282,,未满足 MA5>MA10>MA20>MA60; 收盘价低于MA20; 20日动量低于门槛; 60日趋势强度不足
2026-08-10,000729.SZ,,rejected_signal,,53.343002,,1.12147462,,未满足 MA5>MA10>MA20>MA60
2026-08-10,000731.SZ,,rejected_signal,,16.852245,,1.0243752,,未满足 MA5>MA10>MA20>MA60; 20日动量低于门槛; 60日趋势强度不足
2026-08-10,000733.SZ,,rejected_signal,,7.077063,,0.84426451,,未满足 MA5>MA10>MA20>MA60; 20日动量低于门槛; 60日趋势强度不足
2026-08-10,000735.SZ,,rejected_signal,,24.55397,,1.02816105,,未满足 MA5>MA10>MA20>MA60; 60日趋势强度不足
2026-08-10,000736.SZ,,rejected_signal,,35.912659,,1.0292238,,未满足 MA5>MA10>MA20>MA60; 60日趋势强度不足
2026-08-10,000737.SZ,,rejected_signal,,37.474094,,1.00430965,,未满足 MA5>MA10>MA20>MA60; 60日趋势强度不足
2026-08-10,000738.SZ,,rejected_signal,,27.667978,,1.00497115,,未满足 MA5>MA10>MA20>MA60; 60日趋势强度不足
2026-08-10,000739.SZ,,selected_signal,13,55.653805,0.86206895,1.12842441,0.86206895,quality_momentum 横截面排名进入 Top20
2026-08-10,000750.SZ,,rejected_signal,,12.495735,,1.03422332,,收盘价低于MA20; 20日动量低于门槛; 60日趋势强度不足
2026-08-10,000751.SZ,,rejected_signal,,19.996399,,0.87251455,,未满足 MA5>MA10>MA20>MA60; 60日趋势强度不足
2026-08-10,000752.SZ,,rejected_universe,,32.489414,,0.941863,,不在当日动态股票池(停牌/未上市/已退市/当前ST代理过滤)
2026-08-10,000753.SZ,,rejected_signal,,21.88312,,0.99529207,,未满足 MA5>MA10>MA20>MA60; 60日趋势强度不足
2026-08-10,000755.SZ,,rejected_signal,,13.101545,,1.02600193,,未满足 MA5>MA10>MA20>MA60; 20日动量低于门槛; 60日趋势强度不足; 20日平均成交额不足
2026-08-10,000756.SZ,,rejected_signal,,17.589159,,1.02262449,,20日动量低于门槛; 60日趋势强度不足
2026-08-10,000757.SZ,,rejected_signal,,29.179102,,0.98885864,,未满足 MA5>MA10>MA20>MA60; 60日趋势强度不足
2026-08-10,000758.SZ,,rejected_signal,,25.765709,,0.9417268,,未满足 MA5>MA10>MA20>MA60; 60日趋势强度不足
2026-08-10,000759.SZ,,rejected_signal,,61.738098,,1.10019648,,未满足 MA5>MA10>MA20>MA60
2026-08-10,000761.SZ,,rejected_signal,,11.60833,,1.02671516,,未满足 MA5>MA10>MA20>MA60; 60日趋势强度不足
2026-08-10,000762.SZ,,rejected_signal,,22.001829,,0.86782545,,未满足 MA5>MA10>MA20>MA60; 60日趋势强度不足
2026-08-10,000766.SZ,,rejected_signal,,20.435221,,0.85110897,,未满足 MA5>MA10>MA20>MA60; 60日趋势强度不足
2026-08-10,000767.SZ,,rejected_signal,,29.058716,,0.87613386,,未满足 MA5>MA10>MA20>MA60; 60日趋势强度不足
2026-08-10,000768.SZ,,rejected_signal,,28.085541,,1.02227604,,未满足 MA5>MA10>MA20>MA60; 60日趋势强度不足
2026-08-10,000776.SZ,,rejected_signal,,9.051638,,0.98272932,,未满足 MA5>MA10>MA20>MA60; 收盘价低于MA20; 20日动量低于门槛
2026-08-10,000777.SZ,,rejected_signal,,21.661255,,1.04414427,,未满足 MA5>MA10>MA20>MA60; 60日趋势强度不足
2026-08-10,000778.SZ,,rejected_signal,,10.079372,,1.01151681,,未满足 MA5>MA10>MA20>MA60; 60日趋势强度不足
2026-08-10,000779.SZ,,rejected_signal,,45.415264,,1.38668597,,收盘价低于MA20; 20日年化波动过高
2026-08-10,000782.SZ,,rejected_signal,,14.781033,,0.88717633,,未满足 MA5>MA10>MA20>MA60; 60日趋势强度不足
2026-08-10,000783.SZ,,rejected_signal,,21.542442,,1.01200318,,20日动量低于门槛
2026-08-10,000785.SZ,,rejected_signal,,29.81399,,1.03288937,,未满足 MA5>MA10>MA20>MA60; 60日趋势强度不足
2026-08-10,000786.SZ,,rejected_signal,,15.555239,,0.98117697,,未满足 MA5>MA10>MA20>MA60; 收盘价低于MA20; 60日趋势强度不足
2026-08-10,000788.SZ,,rejected_signal,,20.248621,,1.00200498,,未满足 MA5>MA10>MA20>MA60; 60日趋势强度不足
2026-08-10,000789.SZ,,rejected_signal,,19.060358,,1.00627494,,未满足 MA5>MA10>MA20>MA60; 60日趋势强度不足; 20日平均成交额不足
2026-08-10,000790.SZ,,rejected_signal,,30.033573,,1.00139487,,未满足 MA5>MA10>MA20>MA60; 60日趋势强度不足
2026-08-10,000791.SZ,,rejected_signal,,24.951496,,0.95663404,,未满足 MA5>MA10>MA20>MA60; 60日趋势强度不足
2026-08-10,000792.SZ,,rejected_signal,,28.018343,,0.93942255,,未满足 MA5>MA10>MA20>MA60; 60日趋势强度不足
2026-08-10,000793.SZ,,rejected_universe,,0.0,,0.96117711,,不在当日动态股票池(停牌/未上市/已退市/当前ST代理过滤)
2026-08-10,000795.SZ,,rejected_signal,,14.19002,,0.96047187,,未满足 MA5>MA10>MA20>MA60; 60日趋势强度不足
2026-08-10,000796.SZ,,rejected_signal,,21.084955,,0.95598668,,未满足 MA5>MA10>MA20>MA60; 60日趋势强度不足
2026-08-10,000797.SZ,,rejected_signal,,20.205051,,1.0100013,,未满足 MA5>MA10>MA20>MA60; 60日趋势强度不足
2026-08-10,000798.SZ,,rejected_signal,,39.766727,,1.03751183,,未满足 MA5>MA10>MA20>MA60; 60日趋势强度不足
2026-08-10,000799.SZ,,rejected_signal,,26.614332,,1.00860763,,未满足 MA5>MA10>MA20>MA60; 60日趋势强度不足
2026-08-10,000800.SZ,,rejected_signal,,14.48178,,1.0580436,,未满足 MA5>MA10>MA20>MA60; 收盘价低于MA20; 20日动量低于门槛; 60日趋势强度不足
2026-08-10,000801.SZ,,rejected_signal,,12.357387,,0.98240256,,未满足 MA5>MA10>MA20>MA60; 60日趋势强度不足
2026-08-10,000802.SZ,,rejected_signal,,17.825642,,0.97503549,,未满足 MA5>MA10>MA20>MA60; 20日涨幅过热; 60日趋势强度不足; 偏离MA20过远，追高风险; 当日跳空幅度过大
2026-08-10,000803.SZ,,rejected_signal,,15.137037,,1.00011766,,未满足 MA5>MA10>MA20>MA60; 60日趋势强度不足
2026-08-10,000807.SZ,,rejected_signal,,41.404495,,0.98448151,,60日趋势强度不足
2026-08-10,000809.SZ,,rejected_signal,,24.221523,,0.93091512,,未满足 MA5>MA10>MA20>MA60; 60日趋势强度不足
2026-08-10,000810.SZ,,rejected_signal,,5.302235,,0.85460073,,未满足 MA5>MA10>MA20>MA60; 收盘价低于MA20; 20日动量低于门槛; 60日趋势强度不足
2026-08-10,000811.SZ,,rejected_signal,,10.908353,,0.7371493,,未满足 MA5>MA10>MA20>MA60; 20日动量低于门槛; 20日年化波动过高
2026-08-10,000812.SZ,,rejected_signal,,32.599873,,1.02330732,,未满足 MA5>MA10>MA20>MA60; 60日趋势强度不足
2026-08-10,000813.SZ,,rejected_signal,,26.685041,,1.02551401,,60日趋势强度不足
2026-08-10,000815.SZ,,rejected_signal,,31.171967,,1.04824209,,未满足 MA5>MA10>MA20>MA60; 20日涨幅过热; 60日趋势强度不足; 20日年化波动过高
2026-08-10,000816.SZ,,rejected_signal,,40.839046,,1.05047607,,未满足 MA5>MA10>MA20>MA60; 60日趋势强度不足
2026-08-10,000818.SZ,,rejected_signal,,7.406341,,0.97541118,,未满足 MA5>MA10>MA20>MA60; 60日趋势强度不足
2026-08-10,000819.SZ,,rejected_signal,,19.957375,,0.95001358,,未满足 MA5>MA10>MA20>MA60; 60日趋势强度不足
2026-08-10,000820.SZ,,rejected_signal,,24.217888,,1.21852672,,未满足 MA5>MA10>MA20>MA60; 60日趋势强度不足; 偏离MA20过远，追高风险
2026-08-10,000821.SZ,,rejected_universe,,1.055006,,0.88820636,,不在当日动态股票池(停牌/未上市/已退市/当前ST代理过滤)
2026-08-10,000822.SZ,,rejected_signal,,17.845636,,0.98560035,,未满足 MA5>MA10>MA20>MA60; 60日趋势强度不足
2026-08-10,000823.SZ,,rejected_signal,,7.603357,,0.66987908,,未满足 MA5>MA10>MA20>MA60; 20日动量低于门槛; 60日趋势强度不足
2026-08-10,000825.SZ,,rejected_signal,,16.739479,,1.00670397,,未满足 MA5>MA10>MA20>MA60; 60日趋势强度不足
2026-08-10,000826.SZ,,rejected_universe,,0.0,,0.94838679,,不在当日动态股票池(停牌/未上市/已退市/当前ST代理过滤)
2026-08-10,000828.SZ,,rejected_signal,,14.604513,,1.03071833,,未满足 MA5>MA10>MA20>MA60; 60日趋势强度不足
2026-08-10,000829.SZ,,rejected_signal,,26.600334,,1.01102722,,未满足 MA5>MA10>MA20>MA60; 收盘价低于MA20; 60日趋势强度不足
2026-08-10,000830.SZ,,rejected_signal,,31.251278,,1.03480053,,未满足 MA5>MA10>MA20>MA60; 60日趋势强度不足
2026-08-10,000831.SZ,,rejected_signal,,15.471066,,0.92377692,,未满足 MA5>MA10>MA20>MA60; 60日趋势强度不足; 偏离MA20过远，追高风险
2026-08-10,000833.SZ,,rejected_signal,,14.579741,,0.86250728,,未满足 MA5>MA10>MA20>MA60; 60日趋势强度不足
2026-08-10,000836.SZ,,rejected_universe,,0.0,,0.0,,不在当日动态股票池(停牌/未上市/已退市/当前ST代理过滤)
2026-08-10,000837.SZ,,rejected_signal,,9.749122,,0.88677514,,未满足 MA5>MA10>MA20>MA60; 60日趋势强度不足
2026-08-10,000838.SZ,,rejected_universe,,39.935364,,1.0,,不在当日动态股票池(停牌/未上市/已退市/当前ST代理过滤)
2026-08-10,000839.SZ,,rejected_signal,,32.428871,,0.98364717,,未满足 MA5>MA10>MA20>MA60; 60日趋势强度不足
2026-08-10,000848.SZ,,rejected_signal,,47.260792,,1.13699162,,未满足 MA5>MA10>MA20>MA60
2026-08-10,000850.SZ,,rejected_signal,,42.006638,,1.05440223,,60日趋势强度不足
2026-08-10,000851.SZ,,rejected_universe,,0.0,,0.0,,不在当日动态股票池(停牌/未上市/已退市/当前ST代理过滤)
2026-08-10,000852.SZ,,rejected_signal,,17.337072,,0.99215317,,未满足 MA5>MA10>MA20>MA60; 60日趋势强度不足
2026-08-10,000856.SZ,,rejected_signal,,23.343336,,0.97188455,,未满足 MA5>MA10>MA20>MA60; 60日趋势强度不足
2026-08-10,000858.SZ,,rejected_signal,,29.070282,,1.03175759,,未满足 MA5>MA10>MA20>MA60; 60日趋势强度不足
2026-08-10,000859.SZ,,rejected_signal,,18.81032,,0.84133393,,未满足 MA5>MA10>MA20>MA60; 60日趋势强度不足; 偏离MA20过远，追高风险
2026-08-10,000860.SZ,,rejected_signal,,30.642807,,1.05585837,,未满足 MA5>MA10>MA20>MA60; 60日趋势强度不足
2026-08-10,000861.SZ,,rejected_universe,,0.0,,0.0,,不在当日动态股票池(停牌/未上市/已退市/当前ST代理过滤)
2026-08-10,000862.SZ,,rejected_signal,,25.925377,,0.9820115,,未满足 MA5>MA10>MA20>MA60; 60日趋势强度不足
2026-08-10,000863.SZ,,rejected_signal,,8.828171,,0.85753447,,未满足 MA5>MA10>MA20>MA60; 60日趋势强度不足
2026-08-10,000868.SZ,,rejected_signal,,21.708885,,1.01298058,,未满足 MA5>MA10>MA20>MA60; 60日趋势强度不足
2026-08-10,000869.SZ,,rejected_signal,,28.734556,,1.03611219,,未满足 MA5>MA10>MA20>MA60; 60日趋势强度不足; 20日平均成交额不足
2026-08-10,000875.SZ,,rejected_signal,,16.966211,,0.98185349,,未满足 MA5>MA10>MA20>MA60; 收盘价低于MA20; 60日趋势强度不足
2026-08-10,000876.SZ,,rejected_signal,,13.315846,,0.99678338,,未满足 MA5>MA10>MA20>MA60; 20日动量低于门槛; 60日趋势强度不足
2026-08-10,000877.SZ,,rejected_signal,,16.919083,,0.98005623,,未满足 MA5>MA10>MA20>MA60; 60日趋势强度不足
2026-08-10,000878.SZ,,rejected_signal,,28.753658,,0.95902616,,未满足 MA5>MA10>MA20>MA60; 60日趋势强度不足
2026-08-10,000880.SZ,,rejected_signal,,14.032433,,0.87100071,,未满足 MA5>MA10>MA20>MA60; 60日趋势强度不足
2026-08-10,000881.SZ,,rejected_signal,,19.879782,,0.97144198,,未满足 MA5>MA10>MA20>MA60; 60日趋势强度不足
2026-08-10,000882.SZ,,rejected_signal,,20.200932,,1.02917778,,未满足 MA5>MA10>MA20>MA60; 60日趋势强度不足
2026-08-10,000883.SZ,,rejected_signal,,15.668064,,1.03310966,,未满足 MA5>MA10>MA20>MA60; 收盘价低于MA20; 60日趋势强度不足
2026-08-10,000885.SZ,,rejected_signal,,15.596609,,1.04354012,,60日趋势强度不足
2026-08-10,000886.SZ,,rejected_signal,,27.440155,,1.04512906,,60日趋势强度不足
2026-08-10,000887.SZ,,rejected_signal,,4.462405,,0.89219171,,未满足 MA5>MA10>MA20>MA60; 20日动量低于门槛
2026-08-10,000888.SZ,,rejected_signal,,26.11113,,1.02886903,,未满足 MA5>MA10>MA20>MA60; 60日趋势强度不足
2026-08-10,000889.SZ,,rejected_signal,,27.42452,,1.0139271,,未满足 MA5>MA10>MA20>MA60; 60日趋势强度不足
2026-08-10,000890.SZ,,rejected_signal,,11.650737,,0.81207532,,未满足 MA5>MA10>MA20>MA60; 60日趋势强度不足
2026-08-10,000892.SZ,,rejected_signal,,21.76158,,1.00614691,,未满足 MA5>MA10>MA20>MA60; 60日趋势强度不足
2026-08-10,000893.SZ,,rejected_signal,,41.510246,,1.10247767,,未满足 MA5>MA10>MA20>MA60; 60日趋势强度不足
2026-08-10,000895.SZ,,rejected_signal,,30.536478,,1.06933653,,未满足 MA5>MA10>MA20>MA60; 收盘价低于MA20; 60日趋势强度不足
2026-08-10,000897.SZ,,rejected_signal,,22.068615,,0.99761277,,未满足 MA5>MA10>MA20>MA60; 60日趋势强度不足
2026-08-10,000898.SZ,,rejected_signal,,25.387228,,1.05984688,,未满足 MA5>MA10>MA20>MA60; 60日趋势强度不足
2026-08-10,000899.SZ,,rejected_signal,,28.909475,,0.97472233,,未满足 MA5>MA10>MA20>MA60; 60日趋势强度不足
2026-08-10,000900.SZ,,rejected_signal,,7.468791,,1.02603376,,未满足 MA5>MA10>MA20>MA60; 收盘价低于MA20; 20日动量低于门槛; 60日趋势强度不足
2026-08-10,000901.SZ,,rejected_signal,,12.959769,,0.84353924,,未满足 MA5>MA10>MA20>MA60; 20日动量低于门槛; 60日趋势强度不足
2026-08-10,000902.SZ,,rejected_signal,,39.961903,,1.07031083,,未满足 MA5>MA10>MA20>MA60; 60日趋势强度不足
2026-08-10,000903.SZ,,rejected_universe,,13.392208,,0.98425901,,不在当日动态股票池(停牌/未上市/已退市/当前ST代理过滤)
2026-08-10,000905.SZ,,rejected_signal,,30.713299,,1.01786852,,未满足 MA5>MA10>MA20>MA60; 60日趋势强度不足
2026-08-10,000906.SZ,,rejected_signal,,8.336203,,1.00733304,,未满足 MA5>MA10>MA20>MA60; 60日趋势强度不足
2026-08-10,000908.SZ,,rejected_signal,,43.565533,,1.11186504,,未满足 MA5>MA10>MA20>MA60; 20日动量低于门槛
2026-08-10,000909.SZ,,rejected_universe,,13.011129,,1.0236131,,不在当日动态股票池(停牌/未上市/已退市/当前ST代理过滤)
2026-08-10,000910.SZ,,rejected_signal,,6.725617,,0.92960423,,未满足 MA5>MA10>MA20>MA60; 60日趋势强度不足; 20日平均成交额不足
2026-08-10,000911.SZ,,rejected_universe,,20.856485,,0.95613945,,不在当日动态股票池(停牌/未上市/已退市/当前ST代理过滤)
2026-08-10,000912.SZ,,rejected_signal,,32.812153,,1.02435219,,未满足 MA5>MA10>MA20>MA60; 60日趋势强度不足
2026-08-10,000913.SZ,,rejected_signal,,31.924614,,1.08199072,,未满足 MA5>MA10>MA20>MA60; 60日趋势强度不足
2026-08-10,000915.SZ,,rejected_signal,,17.624657,,1.02345729,,60日趋势强度不足
2026-08-10,000917.SZ,,rejected_signal,,23.806219,,1.00770605,,未满足 MA5>MA10>MA20>MA60; 60日趋势强度不足
2026-08-10,000919.SZ,,rejected_signal,,28.258657,,1.02708089,,60日趋势强度不足
2026-08-10,000920.SZ,,rejected_signal,,1.298373,,0.84564674,,未满足 MA5>MA10>MA20>MA60; 收盘价低于MA20; 20日动量低于门槛
2026-08-10,000921.SZ,,rejected_signal,,23.186831,,1.04683805,,未满足 MA5>MA10>MA20>MA60
2026-08-10,000922.SZ,,rejected_signal,,6.999224,,0.88366866,,未满足 MA5>MA10>MA20>MA60; 60日趋势强度不足
2026-08-10,000923.SZ,,rejected_signal,,52.77795,,1.03842521,,60日趋势强度不足
2026-08-10,000925.SZ,,rejected_signal,,6.812781,,0.88822246,,未满足 MA5>MA10>MA20>MA60; 20日动量低于门槛; 60日趋势强度不足
2026-08-10,000926.SZ,,rejected_signal,,30.755447,,1.01041949,,未满足 MA5>MA10>MA20>MA60
2026-08-10,000927.SZ,,rejected_signal,,15.750652,,1.03767431,,未满足 MA5>MA10>MA20>MA60; 60日趋势强度不足
2026-08-10,000928.SZ,,rejected_signal,,16.104626,,0.98119807,,未满足 MA5>MA10>MA20>MA60; 60日趋势强度不足
2026-08-10,000929.SZ,,rejected_signal,,12.020883,,0.95037603,,未满足 MA5>MA10>MA20>MA60; 60日趋势强度不足
2026-08-10,000930.SZ,,rejected_signal,,22.835094,,1.01895726,,未满足 MA5>MA10>MA20>MA60; 60日趋势强度不足
2026-08-10,000931.SZ,,rejected_signal,,6.834468,,0.9610253,,未满足 MA5>MA10>MA20>MA60; 20日动量低于门槛; 60日趋势强度不足
2026-08-10,000932.SZ,,rejected_signal,,21.831865,,1.06878328,,未满足 MA5>MA10>MA20>MA60; 收盘价低于MA20; 60日趋势强度不足
2026-08-10,000933.SZ,,rejected_signal,,41.562309,,0.98495114,,未满足 MA5>MA10>MA20>MA60; 60日趋势强度不足
2026-08-10,000935.SZ,,rejected_signal,,10.661979,,0.7984218,,未满足 MA5>MA10>MA20>MA60; 收盘价低于MA20; 20日动量低于门槛; 60日趋势强度不足
2026-08-10,000936.SZ,,rejected_signal,,10.616828,,0.93029124,,未满足 MA5>MA10>MA20>MA60; 60日趋势强度不足
2026-08-10,000937.SZ,,rejected_signal,,23.604025,,1.02638972,,未满足 MA5>MA10>MA20>MA60; 60日趋势强度不足
2026-08-10,000938.SZ,,rejected_signal,,35.012314,,1.03361964,,未满足 MA5>MA10>MA20>MA60; 收盘价低于MA20; 20日动量低于门槛; 20日年化波动过高
2026-08-10,000948.SZ,,rejected_signal,,49.336548,,1.13001347,,60日趋势强度不足
2026-08-10,000949.SZ,,rejected_signal,,11.489025,,0.95699954,,未满足 MA5>MA10>MA20>MA60; 60日趋势强度不足
2026-08-10,000950.SZ,,rejected_signal,,15.07778,,1.00974536,,未满足 MA5>MA10>MA20>MA60; 60日趋势强度不足
2026-08-10,000951.SZ,,rejected_signal,,19.06209,,1.0508225,,未满足 MA5>MA10>MA20>MA60; 收盘价低于MA20; 60日趋势强度不足
2026-08-10,000952.SZ,,rejected_signal,,19.940393,,0.95566791,,未满足 MA5>MA10>MA20>MA60; 60日趋势强度不足
2026-08-10,000953.SZ,,rejected_signal,,19.706148,,0.97109956,,未满足 MA5>MA10>MA20>MA60; 60日趋势强度不足
2026-08-10,000955.SZ,,rejected_signal,,13.496466,,0.93958461,,未满足 MA5>MA10>MA20>MA60; 60日趋势强度不足
2026-08-10,000957.SZ,,rejected_signal,,33.851753,,1.04088986,,未满足 MA5>MA10>MA20>MA60; 60日趋势强度不足
2026-08-10,000958.SZ,,rejected_signal,,5.094914,,0.97621655,,未满足 MA5>MA10>MA20>MA60; 60日趋势强度不足
2026-08-10,000959.SZ,,rejected_signal,,32.148056,,1.08948898,,未满足 MA5>MA10>MA20>MA60; 收盘价低于MA20; 60日趋势强度不足
2026-08-10,000960.SZ,,rejected_signal,,26.84387,,0.90919614,,未满足 MA5>MA10>MA20>MA60; 偏离MA20过远，追高风险
2026-08-10,000961.SZ,,rejected_universe,,0.0,,0.0,,不在当日动态股票池(停牌/未上市/已退市/当前ST代理过滤)
2026-08-10,000962.SZ,,rejected_signal,,12.958306,,0.60300905,,未满足 MA5>MA10>MA20>MA60; 20日动量低于门槛; 20日年化波动过高
2026-08-10,000963.SZ,,rejected_signal,,16.260281,,0.98640645,,未满足 MA5>MA10>MA20>MA60; 20日动量低于门槛; 60日趋势强度不足
2026-08-10,000965.SZ,,rejected_signal,,21.661407,,1.00508535,,未满足 MA5>MA10>MA20>MA60; 60日趋势强度不足
2026-08-10,000966.SZ,,rejected_signal,,24.358694,,0.98041707,,未满足 MA5>MA10>MA20>MA60; 收盘价低于MA20; 60日趋势强度不足
2026-08-10,000967.SZ,,rejected_signal,,9.365177,,0.88711393,,未满足 MA5>MA10>MA20>MA60; 60日趋势强度不足
2026-08-10,000968.SZ,,rejected_signal,,38.622429,,1.0087204,,未满足 MA5>MA10>MA20>MA60; 60日趋势强度不足
2026-08-10,000969.SZ,,rejected_signal,,4.588179,,0.78988183,,未满足 MA5>MA10>MA20>MA60; 20日动量低于门槛; 60日趋势强度不足
2026-08-10,000970.SZ,,rejected_signal,,5.367515,,0.94419676,,未满足 MA5>MA10>MA20>MA60; 20日动量低于门槛
2026-08-10,000971.SZ,,rejected_universe,,0.0,,0.0,,不在当日动态股票池(停牌/未上市/已退市/当前ST代理过滤)
2026-08-10,000972.SZ,,rejected_signal,,2.800911,,0.97870612,,未满足 MA5>MA10>MA20>MA60; 20日动量低于门槛; 60日趋势强度不足
2026-08-10,000973.SZ,,rejected_signal,,18.277573,,0.85910165,,未满足 MA5>MA10>MA20>MA60; 60日趋势强度不足
2026-08-10,000975.SZ,,rejected_signal,,33.992172,,1.07537162,,20日涨幅过热; 偏离MA20过远，追高风险
2026-08-10,000976.SZ,,rejected_universe,,0.0,,0.0,,不在当日动态股票池(停牌/未上市/已退市/当前ST代理过滤)
2026-08-10,000977.SZ,,rejected_signal,,22.639694,,1.00264919,,未满足 MA5>MA10>MA20>MA60; 收盘价低于MA20; 20日动量低于门槛
2026-08-10,000978.SZ,,rejected_signal,,34.763481,,1.02180636,,未满足 MA5>MA10>MA20>MA60; 60日趋势强度不足
2026-08-10,000980.SZ,,rejected_signal,,14.739884,,0.85419852,,未满足 MA5>MA10>MA20>MA60; 60日趋势强度不足
2026-08-10,000981.SZ,,rejected_signal,,20.077662,,0.87486869,,未满足 MA5>MA10>MA20>MA60; 60日趋势强度不足
2026-08-10,000982.SZ,,rejected_universe,,0.0,,0.0,,不在当日动态股票池(停牌/未上市/已退市/当前ST代理过滤)
2026-08-10,000983.SZ,,rejected_signal,,29.275421,,1.00567758,,未满足 MA5>MA10>MA20>MA60; 60日趋势强度不足
2026-08-10,000985.SZ,,rejected_signal,,13.683759,,0.96180338,,未满足 MA5>MA10>MA20>MA60; 60日趋势强度不足; 20日平均成交额不足
2026-08-10,000987.SZ,,rejected_signal,,6.863542,,1.00843239,,未满足 MA5>MA10>MA20>MA60; 20日动量低于门槛; 60日趋势强度不足
2026-08-10,000988.SZ,,rejected_signal,,3.033858,,0.61010563,,未满足 MA5>MA10>MA20>MA60; 收盘价低于MA20; 20日动量低于门槛; 60日趋势强度不足
2026-08-10,000989.SZ,,rejected_signal,,45.805405,,1.08639681,,未满足 MA5>MA10>MA20>MA60
2026-08-10,000990.SZ,,rejected_signal,,24.024891,,0.97456586,,未满足 MA5>MA10>MA20>MA60; 60日趋势强度不足
2026-08-10,000993.SZ,,rejected_signal,,30.920559,,0.92134255,,未满足 MA5>MA10>MA20>MA60; 60日趋势强度不足
2026-08-10,000995.SZ,,rejected_signal,,25.276011,,0.95868045,,未满足 MA5>MA10>MA20>MA60; 60日趋势强度不足
2026-08-10,000996.SZ,,rejected_universe,,0.0,,0.0,,不在当日动态股票池(停牌/未上市/已退市/当前ST代理过滤)
2026-08-10,000997.SZ,,rejected_signal,,30.853462,,1.03780329,,未满足 MA5>MA10>MA20>MA60; 60日趋势强度不足
2026-08-10,000998.SZ,,rejected_signal,,20.071171,,1.04727054,,未满足 MA5>MA10>MA20>MA60; 60日趋势强度不足
2026-08-10,000999.SZ,,rejected_signal,,20.608288,,1.07107592,,未满足 MA5>MA10>MA20>MA60; 收盘价低于MA20; 60日趋势强度不足
2026-08-10,001201.SZ,,rejected_signal,,10.952363,,0.99688387,,未满足 MA5>MA10>MA20>MA60; 20日动量低于门槛; 60日趋势强度不足
2026-08-10,001202.SZ,,rejected_signal,,3.173231,,0.89050543,,未满足 MA5>MA10>MA20>MA60; 20日动量低于门槛; 60日趋势强度不足
2026-08-10,001203.SZ,,rejected_signal,,11.532867,,0.81794578,,未满足 MA5>MA10>MA20>MA60; 20日动量低于门槛; 60日趋势强度不足
2026-08-10,001205.SZ,,rejected_signal,,16.150822,,0.99368912,,未满足 MA5>MA10>MA20>MA60; 60日趋势强度不足
2026-08-10,001206.SZ,,rejected_signal,,6.115829,,0.88546121,,未满足 MA5>MA10>MA20>MA60; 收盘价低于MA20; 20日动量低于门槛; 60日趋势强度不足
2026-08-10,001207.SZ,,rejected_signal,,17.659126,,0.93631905,,未满足 MA5>MA10>MA20>MA60; 60日趋势强度不足
2026-08-10,001208.SZ,,rejected_signal,,11.079783,,0.97099286,,未满足 MA5>MA10>MA20>MA60; 60日趋势强度不足
2026-08-10,001209.SZ,,rejected_signal,,19.928282,,0.91393918,,未满足 MA5>MA10>MA20>MA60; 60日趋势强度不足; 20日平均成交额不足
2026-08-10,001210.SZ,,rejected_signal,,13.902066,,0.83217847,,未满足 MA5>MA10>MA20>MA60; 偏离MA20过远，追高风险
2026-08-10,001211.SZ,,rejected_signal,,11.427935,,0.68982846,,未满足 MA5>MA10>MA20>MA60; 60日趋势强度不足
2026-08-10,001212.SZ,,rejected_signal,,1.76082,,0.67756492,,未满足 MA5>MA10>MA20>MA60; 20日动量低于门槛; 60日趋势强度不足
2026-08-10,001213.SZ,,rejected_signal,,8.650628,,1.01131237,,未满足 MA5>MA10>MA20>MA60; 20日动量低于门槛; 60日趋势强度不足
2026-08-10,001215.SZ,,rejected_signal,,4.718281,,0.86469817,,未满足 MA5>MA10>MA20>MA60; 20日动量低于门槛; 60日趋势强度不足
2026-08-10,001216.SZ,,rejected_signal,,17.628286,,0.91956866,,未满足 MA5>MA10>MA20>MA60; 60日趋势强度不足
2026-08-10,001217.SZ,,rejected_signal,,34.824265,,1.05814385,,未满足 MA5>MA10>MA20>MA60; 60日趋势强度不足
2026-08-10,001218.SZ,,rejected_signal,,26.866583,,0.93631083,,未满足 MA5>MA10>MA20>MA60; 60日趋势强度不足
2026-08-10,001219.SZ,,rejected_signal,,16.508385,,0.99869859,,未满足 MA5>MA10>MA20>MA60; 60日趋势强度不足
2026-08-10,001220.SZ,,rejected_signal,,13.871841,,1.00872386,,未满足 MA5>MA10>MA20>MA60; 60日趋势强度不足; 20日平均成交额不足
2026-08-10,001221.SZ,,rejected_signal,,21.674461,,0.92425472,,未满足 MA5>MA10>MA20>MA60; 60日趋势强度不足
2026-08-10,001222.SZ,,rejected_signal,,26.336637,,0.98360741,,未满足 MA5>MA10>MA20>MA60; 60日趋势强度不足
2026-08-10,001223.SZ,,rejected_signal,,16.827436,,0.87176049,,未满足 MA5>MA10>MA20>MA60; 60日趋势强度不足; 偏离MA20过远，追高风险
2026-08-10,001225.SZ,,rejected_signal,,19.125208,,0.93335479,,未满足 MA5>MA10>MA20>MA60; 60日趋势强度不足
2026-08-10,001226.SZ,,rejected_signal,,0.0,,0.82854724,,未满足 MA5>MA10>MA20>MA60; 20日动量低于门槛; 60日趋势强度不足
2026-08-10,001227.SZ,,rejected_signal,,18.299873,,1.0758028,,未满足 MA5>MA10>MA20>MA60; 收盘价低于MA20; 60日趋势强度不足
2026-08-10,001228.SZ,,rejected_signal,,24.098742,,0.99484092,,未满足 MA5>MA10>MA20>MA60; 60日趋势强度不足
2026-08-10,001229.SZ,,rejected_signal,,27.061363,,1.08442092,,未满足 MA5>MA10>MA20>MA60; 20日动量低于门槛; 20日年化波动过高
2026-08-10,001230.SZ,,rejected_rank,64,42.088139,0.27586207,1.04326952,0.27586207,"信号有效, 但综合排名未进入 Top20"
2026-08-10,001231.SZ,,rejected_signal,,20.355995,,0.96200109,,未满足 MA5>MA10>MA20>MA60; 60日趋势强度不足; 20日平均成交额不足
2026-08-10,001232.SZ,,rejected_signal,,0.0,,1.0,,历史数据不足或指标非有限值; 未满足 MA5>MA10>MA20>MA60; 收盘价低于MA20; 20日动量低于门槛; 20日涨幅过热; 60日趋势强度不足; 偏离MA20过远，追高风险; 20日年化波动过高; 20日平均成交额不足
2026-08-10,001233.SZ,,rejected_signal,,10.880182,,0.94144267,,未满足 MA5>MA10>MA20>MA60; 60日趋势强度不足
2026-08-10,001234.SZ,,rejected_signal,,10.022615,,0.94268101,,未满足 MA5>MA10>MA20>MA60; 60日趋势强度不足; 20日平均成交额不足
2026-08-10,001236.SZ,,rejected_signal,,30.779409,,1.0144428,,未满足 MA5>MA10>MA20>MA60; 60日趋势强度不足
2026-08-10,001237.SZ,,rejected_signal,,0.0,,0.91243631,,历史数据不足或指标非有限值; 未满足 MA5>MA10>MA20>MA60; 20日动量低于门槛; 60日趋势强度不足
2026-08-10,001238.SZ,,rejected_signal,,15.102175,,0.92661536,,未满足 MA5>MA10>MA20>MA60; 60日趋势强度不足; 20日平均成交额不足
2026-08-10,001239.SZ,,rejected_signal,,3.949867,,0.8837328,,未满足 MA5>MA10>MA20>MA60; 20日动量低于门槛; 60日趋势强度不足
2026-08-10,001248.SZ,,rejected_signal,,0.0,,1.94732022,,历史数据不足或指标非有限值; 未满足 MA5>MA10>MA20>MA60; 收盘价低于MA20; 20日动量低于门槛; 60日趋势强度不足
2026-08-10,001255.SZ,,rejected_signal,,12.444677,,0.88139409,,未满足 MA5>MA10>MA20>MA60; 60日趋势强度不足; 20日平均成交额不足
2026-08-10,001256.SZ,,rejected_signal,,24.711903,,0.94636399,,未满足 MA5>MA10>MA20>MA60
2026-08-10,001257.SZ,,rejected_signal,,24.15362,,0.90805393,,未满足 MA5>MA10>MA20>MA60
2026-08-10,001258.SZ,,rejected_signal,,38.068054,,1.4000982,,20日涨幅过热; 偏离MA20过远，追高风险; 20日年化波动过高
2026-08-10,001259.SZ,,rejected_signal,,0.0,,0.67854375,,未满足 MA5>MA10>MA20>MA60; 20日动量低于门槛; 60日趋势强度不足
2026-08-10,001260.SZ,,rejected_signal,,13.574216,,0.94422174,,未满足 MA5>MA10>MA20>MA60; 60日趋势强度不足; 20日平均成交额不足
2026-08-10,001266.SZ,,rejected_signal,,0.0,,0.66510117,,未满足 MA5>MA10>MA20>MA60; 20日动量低于门槛; 60日趋势强度不足
2026-08-10,001267.SZ,,rejected_signal,,4.636799,,0.43319422,,未满足 MA5>MA10>MA20>MA60; 60日趋势强度不足; 偏离MA20过远，追高风险; 20日年化波动过高
2026-08-10,001268.SZ,,rejected_signal,,0.371674,,0.68588448,,未满足 MA5>MA10>MA20>MA60; 20日动量低于门槛; 60日趋势强度不足
2026-08-10,001269.SZ,,rejected_signal,,16.287029,,0.89346564,,未满足 MA5>MA10>MA20>MA60; 60日趋势强度不足
2026-08-10,001270.SZ,,rejected_signal,,1.027063,,0.74270576,,未满足 MA5>MA10>MA20>MA60; 20日动量低于门槛; 60日趋势强度不足
2026-08-10,001277.SZ,,rejected_signal,,16.989426,,0.94786841,,未满足 MA5>MA10>MA20>MA60; 60日趋势强度不足; 20日平均成交额不足
2026-08-10,001278.SZ,,rejected_signal,,13.656301,,0.90107244,,未满足 MA5>MA10>MA20>MA60; 60日趋势强度不足
2026-08-10,001279.SZ,,rejected_signal,,9.601914,,0.92173982,,未满足 MA5>MA10>MA20>MA60; 20日动量低于门槛; 60日趋势强度不足; 20日平均成交额不足
2026-08-10,001280.SZ,,rejected_signal,,25.320879,,0.9453004,,未满足 MA5>MA10>MA20>MA60; 60日趋势强度不足
2026-08-10,001282.SZ,,rejected_signal,,1.18689,,0.87496305,,未满足 MA5>MA10>MA20>MA60; 60日趋势强度不足
2026-08-10,001283.SZ,,rejected_signal,,6.334534,,0.85925597,,未满足 MA5>MA10>MA20>MA60; 20日动量低于门槛; 60日趋势强度不足
2026-08-10,001285.SZ,,rejected_signal,,8.705128,,0.98343891,,未满足 MA5>MA10>MA20>MA60; 60日趋势强度不足
2026-08-10,001286.SZ,,rejected_signal,,11.902579,,0.9383983,,未满足 MA5>MA10>MA20>MA60; 60日趋势强度不足
2026-08-10,001287.SZ,,rejected_signal,,2.574674,,0.78543729,,未满足 MA5>MA10>MA20>MA60; 20日动量低于门槛; 60日趋势强度不足
2026-08-10,001288.SZ,,rejected_signal,,38.967976,,1.07587159,,未满足 MA5>MA10>MA20>MA60; 60日趋势强度不足
2026-08-10,001289.SZ,,rejected_signal,,6.507867,,0.98290491,,未满足 MA5>MA10>MA20>MA60; 收盘价低于MA20; 60日趋势强度不足
2026-08-10,001296.SZ,,rejected_signal,,11.329748,,0.90690708,,未满足 MA5>MA10>MA20>MA60; 60日趋势强度不足
2026-08-10,001298.SZ,,rejected_signal,,2.81186,,0.83409882,,未满足 MA5>MA10>MA20>MA60; 20日动量低于门槛; 60日趋势强度不足
2026-08-10,001299.SZ,,rejected_signal,,12.996249,,0.91625321,,未满足 MA5>MA10>MA20>MA60; 60日趋势强度不足
2026-08-10,001300.SZ,,rejected_signal,,4.783418,,0.76965493,,未满足 MA5>MA10>MA20>MA60; 60日趋势强度不足
2026-08-10,001301.SZ,,rejected_signal,,5.908833,,0.92302471,,未满足 MA5>MA10>MA20>MA60; 收盘价低于MA20; 60日趋势强度不足
2026-08-10,001306.SZ,,rejected_signal,,3.480468,,0.86426204,,未满足 MA5>MA10>MA20>MA60; 60日趋势强度不足
2026-08-10,001308.SZ,,rejected_signal,,5.53427,,0.920129,,未满足 MA5>MA10>MA20>MA60; 60日趋势强度不足
2026-08-10,001309.SZ,,rejected_signal,,1.35485,,0.4785473,,未满足 MA5>MA10>MA20>MA60; 收盘价低于MA20; 20日动量低于门槛; 60日趋势强度不足; 20日年化波动过高
2026-08-10,001311.SZ,,rejected_signal,,11.790867,,0.86087865,,未满足 MA5>MA10>MA20>MA60; 60日趋势强度不足
2026-08-10,001312.SZ,,rejected_signal,,9.533723,,0.93358117,,未满足 MA5>MA10>MA20>MA60; 60日趋势强度不足
2026-08-10,001313.SZ,,rejected_signal,,8.599432,,0.94835055,,未满足 MA5>MA10>MA20>MA60; 20日动量低于门槛; 60日趋势强度不足
2026-08-10,001314.SZ,,rejected_signal,,2.21337,,0.87004638,,未满足 MA5>MA10>MA20>MA60; 20日动量低于门槛; 60日趋势强度不足
2026-08-10,001316.SZ,,rejected_signal,,5.564752,,0.78595918,,未满足 MA5>MA10>MA20>MA60; 20日动量低于门槛; 60日趋势强度不足
2026-08-10,001317.SZ,,rejected_signal,,44.642918,,1.09448135,,60日趋势强度不足
2026-08-10,001318.SZ,,rejected_signal,,31.792408,,1.01313102,,未满足 MA5>MA10>MA20>MA60; 60日趋势强度不足
2026-08-10,001319.SZ,,rejected_signal,,1.535977,,0.89494997,,未满足 MA5>MA10>MA20>MA60; 20日动量低于门槛; 60日趋势强度不足
2026-08-10,001322.SZ,,rejected_signal,,11.85921,,0.99115753,,未满足 MA5>MA10>MA20>MA60; 20日动量低于门槛; 60日趋势强度不足; 20日平均成交额不足
2026-08-10,001323.SZ,,rejected_signal,,10.637204,,0.97256339,,未满足 MA5>MA10>MA20>MA60; 60日趋势强度不足
2026-08-10,001324.SZ,,rejected_signal,,11.11165,,1.02182019,,未满足 MA5>MA10>MA20>MA60; 20日动量低于门槛; 60日趋势强度不足
2026-08-10,001325.SZ,,rejected_signal,,19.901571,,0.96161115,,未满足 MA5>MA10>MA20>MA60; 60日趋势强度不足
2026-08-10,001326.SZ,,rejected_signal,,15.39816,,0.74159551,,未满足 MA5>MA10>MA20>MA60; 60日趋势强度不足; 偏离MA20过远，追高风险
2026-08-10,001328.SZ,,rejected_signal,,40.194706,,1.08065498,,未满足 MA5>MA10>MA20>MA60; 60日趋势强度不足
2026-08-10,001330.SZ,,rejected_signal,,25.24778,,0.75949031,,未满足 MA5>MA10>MA20>MA60; 60日趋势强度不足
2026-08-10,001331.SZ,,rejected_signal,,20.828415,,1.44036746,,未满足 MA5>MA10>MA20>MA60; 偏离MA20过远，追高风险; 20日年化波动过高
2026-08-10,001332.SZ,,rejected_signal,,3.166914,,0.79389656,,未满足 MA5>MA10>MA20>MA60; 60日趋势强度不足
2026-08-10,001333.SZ,,rejected_signal,,4.269309,,0.92196518,,未满足 MA5>MA10>MA20>MA60; 60日趋势强度不足; 20日平均成交额不足
2026-08-10,001335.SZ,,rejected_signal,,5.27168,,0.7546106,,未满足 MA5>MA10>MA20>MA60; 20日动量低于门槛; 60日趋势强度不足; 20日平均成交额不足
2026-08-10,001336.SZ,,rejected_signal,,17.184895,,0.93689901,,未满足 MA5>MA10>MA20>MA60; 60日趋势强度不足; 20日平均成交额不足
2026-08-10,001337.SZ,,rejected_signal,,27.766499,,0.89309603,,未满足 MA5>MA10>MA20>MA60; 20日涨幅过热; 60日趋势强度不足; 偏离MA20过远，追高风险
2026-08-10,001338.SZ,,rejected_signal,,14.914293,,0.95306432,,未满足 MA5>MA10>MA20>MA60; 60日趋势强度不足
2026-08-10,001339.SZ,,rejected_signal,,2.374193,,0.71494794,,未满足 MA5>MA10>MA20>MA60; 20日动量低于门槛
2026-08-10,001356.SZ,,rejected_signal,,19.164076,,0.97034919,,未满足 MA5>MA10>MA20>MA60; 60日趋势强度不足
2026-08-10,001358.SZ,,rejected_signal,,25.085274,,0.98176521,,未满足 MA5>MA10>MA20>MA60; 60日趋势强度不足
2026-08-10,001359.SZ,,rejected_signal,,2.649917,,0.73962891,,未满足 MA5>MA10>MA20>MA60; 收盘价低于MA20; 20日动量低于门槛; 20日年化波动过高
2026-08-10,001360.SZ,,rejected_signal,,10.594709,,0.83474612,,未满足 MA5>MA10>MA20>MA60; 60日趋势强度不足
2026-08-10,001365.SZ,,rejected_signal,,0.0,,0.83495939,,历史数据不足或指标非有限值; 未满足 MA5>MA10>MA20>MA60; 收盘价低于MA20; 20日动量低于门槛; 60日趋势强度不足
2026-08-10,001366.SZ,,rejected_signal,,15.749453,,0.91268027,,未满足 MA5>MA10>MA20>MA60; 60日趋势强度不足
2026-08-10,001367.SZ,,rejected_signal,,9.697854,,0.92125791,,未满足 MA5>MA10>MA20>MA60; 20日动量低于门槛; 60日趋势强度不足
2026-08-10,001368.SZ,,rejected_signal,,17.267998,,0.9257645,,未满足 MA5>MA10>MA20>MA60; 60日趋势强度不足
2026-08-10,001369.SZ,,rejected_signal,,27.68807,,0.94756949,,未满足 MA5>MA10>MA20>MA60; 60日趋势强度不足
2026-08-10,001373.SZ,,rejected_signal,,10.755547,,0.82710427,,未满足 MA5>MA10>MA20>MA60; 60日趋势强度不足
2026-08-10,001376.SZ,,rejected_signal,,24.024399,,0.98244429,,未满足 MA5>MA10>MA20>MA60; 60日趋势强度不足
2026-08-10,001378.SZ,,rejected_signal,,4.399737,,0.86320156,,未满足 MA5>MA10>MA20>MA60; 60日趋势强度不足
2026-08-10,001379.SZ,,rejected_signal,,14.766971,,0.92563456,,未满足 MA5>MA10>MA20>MA60; 60日趋势强度不足; 20日平均成交额不足
2026-08-10,001380.SZ,,rejected_signal,,21.091249,,0.99163586,,未满足 MA5>MA10>MA20>MA60; 60日趋势强度不足; 20日平均成交额不足
2026-08-10,001382.SZ,,rejected_signal,,26.921782,,0.97518802,,未满足 MA5>MA10>MA20>MA60; 60日趋势强度不足
2026-08-10,001386.SZ,,rejected_signal,,18.438787,,0.99515098,,未满足 MA5>MA10>MA20>MA60; 60日趋势强度不足
2026-08-10,001387.SZ,,rejected_signal,,7.695199,,0.95316845,,未满足 MA5>MA10>MA20>MA60; 60日趋势强度不足
2026-08-10,001388.SZ,,rejected_signal,,30.958038,,0.94456476,,未满足 MA5>MA10>MA20>MA60; 60日趋势强度不足; 20日年化波动过高; 当日跳空幅度过大
2026-08-10,001389.SZ,,rejected_signal,,4.509519,,0.73538172,,未满足 MA5>MA10>MA20>MA60; 20日动量低于门槛; 60日趋势强度不足; 20日年化波动过高
2026-08-10,001390.SZ,,rejected_signal,,8.614035,,0.97380984,,未满足 MA5>MA10>MA20>MA60; 20日动量低于门槛; 60日趋势强度不足; 20日平均成交额不足
2026-08-10,001391.SZ,,rejected_signal,,14.539489,,0.97482723,,未满足 MA5>MA10>MA20>MA60; 60日趋势强度不足
2026-08-10,001393.SZ,,rejected_signal,,2.338342,,0.77369612,,未满足 MA5>MA10>MA20>MA60; 20日动量低于门槛; 60日趋势强度不足
2026-08-10,001395.SZ,,rejected_signal,,30.962723,,1.06996286,,未满足 MA5>MA10>MA20>MA60; 20日动量低于门槛; 60日趋势强度不足
2026-08-10,001396.SZ,,rejected_signal,,14.723169,,0.8976047,,未满足 MA5>MA10>MA20>MA60; 60日趋势强度不足
2026-08-10,001399.SZ,,rejected_signal,,0.0,,1.42416608,,历史数据不足或指标非有限值; 未满足 MA5>MA10>MA20>MA60; 收盘价低于MA20; 20日动量低于门槛; 60日趋势强度不足
2026-08-10,001400.SZ,,rejected_signal,,0.0,,0.66332191,,未满足 MA5>MA10>MA20>MA60; 20日动量低于门槛; 60日趋势强度不足
2026-08-10,001696.SZ,,rejected_signal,,10.696632,,0.8486892,,未满足 MA5>MA10>MA20>MA60; 20日动量低于门槛; 60日趋势强度不足
2026-08-10,001872.SZ,,rejected_signal,,34.784878,,1.0625037,,60日趋势强度不足
2026-08-10,001896.SZ,,rejected_signal,,3.694454,,0.71054769,,未满足 MA5>MA10>MA20>MA60; 收盘价低于MA20; 20日动量低于门槛; 60日趋势强度不足
2026-08-10,001914.SZ,,rejected_signal,,17.438736,,1.03099871,,未满足 MA5>MA10>MA20>MA60; 60日趋势强度不足
2026-08-10,001965.SZ,,rejected_signal,,16.119305,,1.05072486,,未满足 MA5>MA10>MA20>MA60; 收盘价低于MA20; 20日动量低于门槛; 60日趋势强度不足
2026-08-10,001979.SZ,,rejected_signal,,34.943481,,0.9523356,,未满足 MA5>MA10>MA20>MA60; 60日趋势强度不足
2026-08-10,002001.SZ,,rejected_signal,,28.886667,,1.01956737,,60日趋势强度不足
2026-08-10,002003.SZ,,rejected_signal,,51.101639,,1.1355778,,未满足 MA5>MA10>MA20>MA60
2026-08-10,002004.SZ,,rejected_signal,,25.378878,,1.05645704,,60日趋势强度不足
2026-08-10,002005.SZ,,rejected_signal,,1.097257,,0.91790652,,未满足 MA5>MA10>MA20>MA60; 收盘价低于MA20; 20日动量低于门槛; 60日趋势强度不足
2026-08-10,002006.SZ,,rejected_signal,,7.261846,,0.91221869,,未满足 MA5>MA10>MA20>MA60; 20日动量低于门槛; 60日趋势强度不足
2026-08-10,002007.SZ,,rejected_signal,,20.161238,,1.04827797,,未满足 MA5>MA10>MA20>MA60; 60日趋势强度不足
2026-08-10,002008.SZ,,rejected_signal,,5.223364,,0.60582036,,未满足 MA5>MA10>MA20>MA60; 收盘价低于MA20; 20日动量低于门槛; 60日趋势强度不足
2026-08-10,002009.SZ,,rejected_signal,,5.660553,,0.84982741,,未满足 MA5>MA10>MA20>MA60; 60日趋势强度不足
2026-08-10,002010.SZ,,rejected_signal,,16.739315,,1.03972483,,未满足 MA5>MA10>MA20>MA60; 60日趋势强度不足
2026-08-10,002011.SZ,,rejected_signal,,6.759411,,0.96619797,,未满足 MA5>MA10>MA20>MA60; 60日趋势强度不足
2026-08-10,002012.SZ,,rejected_signal,,11.667505,,0.89540404,,未满足 MA5>MA10>MA20>MA60; 60日趋势强度不足
2026-08-10,002014.SZ,,rejected_signal,,7.854657,,1.02948475,,未满足 MA5>MA10>MA20>MA60; 20日动量低于门槛; 60日趋势强度不足
2026-08-10,002015.SZ,,rejected_signal,,15.590395,,0.89169729,,未满足 MA5>MA10>MA20>MA60; 60日趋势强度不足
2026-08-10,002016.SZ,,rejected_signal,,27.880106,,1.00730848,,未满足 MA5>MA10>MA20>MA60; 60日趋势强度不足
2026-08-10,002017.SZ,,rejected_signal,,9.174995,,0.93086946,,未满足 MA5>MA10>MA20>MA60; 60日趋势强度不足
2026-08-10,002019.SZ,,rejected_signal,,20.015928,,1.02728641,,未满足 MA5>MA10>MA20>MA60; 20日动量低于门槛; 60日趋势强度不足
2026-08-10,002020.SZ,,rejected_signal,,19.162319,,1.0220108,,未满足 MA5>MA10>MA20>MA60; 20日动量低于门槛; 60日趋势强度不足
2026-08-10,002021.SZ,,rejected_signal,,33.835392,,1.01094854,,未满足 MA5>MA10>MA20>MA60; 60日趋势强度不足
2026-08-10,002022.SZ,,rejected_signal,,33.998055,,1.0065583,,未满足 MA5>MA10>MA20>MA60; 60日趋势强度不足
2026-08-10,002023.SZ,,rejected_signal,,4.80106,,0.83837408,,未满足 MA5>MA10>MA20>MA60; 20日动量低于门槛; 60日趋势强度不足
2026-08-10,002024.SZ,,rejected_universe,,5.187638,,1.00777566,,不在当日动态股票池(停牌/未上市/已退市/当前ST代理过滤)
2026-08-10,002025.SZ,,rejected_signal,,5.811289,,0.88316375,,未满足 MA5>MA10>MA20>MA60; 收盘价低于MA20; 20日动量低于门槛; 60日趋势强度不足
2026-08-10,002026.SZ,,rejected_signal,,12.310894,,0.92719382,,未满足 MA5>MA10>MA20>MA60; 60日趋势强度不足
2026-08-10,002027.SZ,,rejected_signal,,32.984928,,1.04870045,,未满足 MA5>MA10>MA20>MA60; 60日趋势强度不足
2026-08-10,002028.SZ,,rejected_signal,,16.927534,,0.89383477,,未满足 MA5>MA10>MA20>MA60; 60日趋势强度不足
2026-08-10,002029.SZ,,rejected_signal,,39.704449,,1.05756319,,未满足 MA5>MA10>MA20>MA60; 60日趋势强度不足
2026-08-10,002030.SZ,,rejected_signal,,25.500547,,0.9799276,,未满足 MA5>MA10>MA20>MA60; 60日趋势强度不足
2026-08-10,002031.SZ,,rejected_signal,,4.901936,,0.89653468,,未满足 MA5>MA10>MA20>MA60; 20日动量低于门槛; 60日趋势强度不足
2026-08-10,002032.SZ,,rejected_signal,,8.256704,,0.98464406,,未满足 MA5>MA10>MA20>MA60; 收盘价低于MA20; 20日动量低于门槛; 60日趋势强度不足
2026-08-10,002033.SZ,,rejected_signal,,28.958309,,1.03178644,,未满足 MA5>MA10>MA20>MA60; 60日趋势强度不足
2026-08-10,002034.SZ,,rejected_signal,,12.960629,,0.87705374,,未满足 MA5>MA10>MA20>MA60; 60日趋势强度不足
2026-08-10,002035.SZ,,rejected_signal,,19.299196,,1.02321005,,未满足 MA5>MA10>MA20>MA60; 60日趋势强度不足
2026-08-10,002036.SZ,,rejected_signal,,4.792286,,0.94439131,,未满足 MA5>MA10>MA20>MA60; 60日趋势强度不足
2026-08-10,002037.SZ,,rejected_signal,,27.090693,,1.01652765,,未满足 MA5>MA10>MA20>MA60; 60日趋势强度不足; 偏离MA20过远，追高风险
2026-08-10,002038.SZ,,rejected_signal,,13.100455,,0.97557116,,未满足 MA5>MA10>MA20>MA60; 20日动量低于门槛; 60日趋势强度不足
2026-08-10,002039.SZ,,rejected_signal,,19.526173,,1.01086128,,未满足 MA5>MA10>MA20>MA60; 60日趋势强度不足
2026-08-10,002040.SZ,,rejected_signal,,18.143723,,0.9921217,,未满足 MA5>MA10>MA20>MA60; 60日趋势强度不足
2026-08-10,002041.SZ,,rejected_signal,,28.134424,,1.04753959,,60日趋势强度不足
2026-08-10,002042.SZ,,rejected_signal,,14.248943,,0.98294067,,未满足 MA5>MA10>MA20>MA60; 60日趋势强度不足
2026-08-10,002043.SZ,,rejected_signal,,37.526432,,1.09384537,,未满足 MA5>MA10>MA20>MA60; 60日趋势强度不足
2026-08-10,002044.SZ,,rejected_signal,,20.935696,,0.92971838,,未满足 MA5>MA10>MA20>MA60; 60日趋势强度不足
2026-08-10,002045.SZ,,rejected_signal,,31.88167,,0.99333638,,未满足 MA5>MA10>MA20>MA60; 60日趋势强度不足
2026-08-10,002046.SZ,,rejected_signal,,5.654426,,0.69511354,,未满足 MA5>MA10>MA20>MA60; 收盘价低于MA20; 20日动量低于门槛; 60日趋势强度不足
2026-08-10,002047.SZ,,rejected_signal,,12.624791,,0.78163838,,未满足 MA5>MA10>MA20>MA60; 收盘价低于MA20; 20日动量低于门槛; 60日趋势强度不足
2026-08-10,002048.SZ,,rejected_signal,,4.353152,,0.79870123,,未满足 MA5>MA10>MA20>MA60; 20日动量低于门槛; 60日趋势强度不足
2026-08-10,002049.SZ,,rejected_signal,,9.849937,,0.83769131,,未满足 MA5>MA10>MA20>MA60; 20日动量低于门槛; 60日趋势强度不足
2026-08-10,002050.SZ,,rejected_signal,,6.858737,,0.87935138,,未满足 MA5>MA10>MA20>MA60; 20日动量低于门槛; 60日趋势强度不足
2026-08-10,002051.SZ,,rejected_signal,,14.056565,,0.89182633,,未满足 MA5>MA10>MA20>MA60; 60日趋势强度不足
2026-08-10,002052.SZ,,rejected_signal,,35.260044,,0.9741981,,未满足 MA5>MA10>MA20>MA60; 60日趋势强度不足
2026-08-10,002053.SZ,,rejected_signal,,11.467541,,0.96194339,,未满足 MA5>MA10>MA20>MA60; 60日趋势强度不足
2026-08-10,002054.SZ,,rejected_signal,,18.61129,,0.98498541,,未满足 MA5>MA10>MA20>MA60; 60日趋势强度不足
2026-08-10,002055.SZ,,rejected_universe,,2.883338,,0.84743071,,不在当日动态股票池(停牌/未上市/已退市/当前ST代理过滤)
2026-08-10,002056.SZ,,rejected_signal,,8.563959,,0.78995848,,未满足 MA5>MA10>MA20>MA60; 收盘价低于MA20; 20日动量低于门槛
2026-08-10,002057.SZ,,rejected_signal,,13.001245,,0.81735408,,未满足 MA5>MA10>MA20>MA60; 60日趋势强度不足
2026-08-10,002058.SZ,,rejected_signal,,2.108171,,0.83927369,,未满足 MA5>MA10>MA20>MA60; 20日动量低于门槛; 60日趋势强度不足
2026-08-10,002059.SZ,,rejected_signal,,21.447109,,1.02602482,,未满足 MA5>MA10>MA20>MA60; 60日趋势强度不足
2026-08-10,002060.SZ,,rejected_signal,,14.218433,,1.03645384,,未满足 MA5>MA10>MA20>MA60; 60日趋势强度不足
2026-08-10,002061.SZ,,rejected_signal,,6.777705,,1.04862547,,未满足 MA5>MA10>MA20>MA60; 收盘价低于MA20; 20日动量低于门槛; 60日趋势强度不足
2026-08-10,002062.SZ,,rejected_signal,,25.973991,,0.98244363,,未满足 MA5>MA10>MA20>MA60; 60日趋势强度不足
2026-08-10,002063.SZ,,rejected_signal,,26.479429,,1.02907264,,未满足 MA5>MA10>MA20>MA60; 60日趋势强度不足
2026-08-10,002064.SZ,,rejected_signal,,47.738434,,1.04594207,,60日趋势强度不足
2026-08-10,002065.SZ,,rejected_signal,,18.85619,,1.02683818,,未满足 MA5>MA10>MA20>MA60; 60日趋势强度不足
2026-08-10,002066.SZ,,rejected_signal,,6.984465,,0.89957535,,未满足 MA5>MA10>MA20>MA60; 60日趋势强度不足
2026-08-10,002067.SZ,,rejected_signal,,37.218971,,1.05225646,,未满足 MA5>MA10>MA20>MA60; 60日趋势强度不足
2026-08-10,002068.SZ,,rejected_signal,,2.738147,,0.73417509,,未满足 MA5>MA10>MA20>MA60; 20日动量低于门槛; 60日趋势强度不足
2026-08-10,002069.SZ,,rejected_signal,,24.395639,,1.00772047,,未满足 MA5>MA10>MA20>MA60; 60日趋势强度不足
2026-08-10,002072.SZ,,rejected_signal,,6.399418,,0.88865453,,未满足 MA5>MA10>MA20>MA60; 60日趋势强度不足
2026-08-10,002073.SZ,,rejected_signal,,28.084642,,1.05405378,,未满足 MA5>MA10>MA20>MA60; 60日趋势强度不足
2026-08-10,002074.SZ,,rejected_signal,,31.912449,,0.96448863,,未满足 MA5>MA10>MA20>MA60; 60日趋势强度不足
2026-08-10,002075.SZ,,rejected_signal,,47.721729,,1.11178637,,未满足 MA5>MA10>MA20>MA60; 60日趋势强度不足
2026-08-10,002076.SZ,,rejected_signal,,3.330204,,0.87024605,,未满足 MA5>MA10>MA20>MA60; 60日趋势强度不足
2026-08-10,002077.SZ,,rejected_signal,,0.008399,,0.68486464,,未满足 MA5>MA10>MA20>MA60; 20日动量低于门槛; 60日趋势强度不足
2026-08-10,002078.SZ,,rejected_signal,,32.360096,,1.08327067,,未满足 MA5>MA10>MA20>MA60; 收盘价低于MA20; 60日趋势强度不足
2026-08-10,002079.SZ,,rejected_signal,,0.860521,,0.73650789,,未满足 MA5>MA10>MA20>MA60; 20日动量低于门槛; 60日趋势强度不足
2026-08-10,002080.SZ,,rejected_signal,,7.546839,,0.44878325,,未满足 MA5>MA10>MA20>MA60; 20日动量低于门槛; 60日趋势强度不足; 20日年化波动过高
2026-08-10,002081.SZ,,rejected_signal,,11.284986,,0.81099534,,未满足 MA5>MA10>MA20>MA60; 60日趋势强度不足
2026-08-10,002082.SZ,,rejected_universe,,9.138913,,0.80273557,,不在当日动态股票池(停牌/未上市/已退市/当前ST代理过滤)
2026-08-10,002083.SZ,,rejected_rank,71,39.962257,0.19540229,1.07747543,0.26206896,"信号有效, 但综合排名未进入 Top20"
2026-08-10,002084.SZ,,rejected_signal,,13.704042,,1.00594544,,未满足 MA5>MA10>MA20>MA60; 20日动量低于门槛; 60日趋势强度不足
2026-08-10,002085.SZ,,rejected_signal,,15.760723,,0.94902736,,未满足 MA5>MA10>MA20>MA60; 60日趋势强度不足
2026-08-10,002086.SZ,,rejected_signal,,30.322289,,1.04086661,,未满足 MA5>MA10>MA20>MA60
2026-08-10,002087.SZ,,rejected_universe,,0.0,,0.0,,不在当日动态股票池(停牌/未上市/已退市/当前ST代理过滤)
2026-08-10,002088.SZ,,rejected_signal,,2.851013,,0.95833147,,未满足 MA5>MA10>MA20>MA60; 20日动量低于门槛; 60日趋势强度不足; 20日平均成交额不足
2026-08-10,002089.SZ,,rejected_universe,,0.0,,0.0,,不在当日动态股票池(停牌/未上市/已退市/当前ST代理过滤)
2026-08-10,002090.SZ,,rejected_signal,,17.471821,,1.01659536,,未满足 MA5>MA10>MA20>MA60; 60日趋势强度不足
2026-08-10,002091.SZ,,rejected_signal,,19.480051,,1.02776194,,未满足 MA5>MA10>MA20>MA60; 60日趋势强度不足
2026-08-10,002092.SZ,,rejected_signal,,38.205204,,1.05002904,,未满足 MA5>MA10>MA20>MA60; 60日趋势强度不足
2026-08-10,002093.SZ,,rejected_signal,,28.148708,,1.03276527,,未满足 MA5>MA10>MA20>MA60; 60日趋势强度不足
2026-08-10,002094.SZ,,rejected_signal,,23.725634,,1.01038373,,未满足 MA5>MA10>MA20>MA60; 60日趋势强度不足
2026-08-10,002095.SZ,,rejected_signal,,37.225166,,1.04880762,,未满足 MA5>MA10>MA20>MA60; 60日趋势强度不足
2026-08-10,002096.SZ,,rejected_signal,,33.560066,,1.03297937,,未满足 MA5>MA10>MA20>MA60; 60日趋势强度不足
2026-08-10,002097.SZ,,rejected_signal,,22.100245,,0.96240681,,未满足 MA5>MA10>MA20>MA60; 60日趋势强度不足
2026-08-10,002098.SZ,,rejected_signal,,22.875975,,0.99184048,,未满足 MA5>MA10>MA20>MA60; 60日趋势强度不足; 20日平均成交额不足
2026-08-10,002099.SZ,,rejected_signal,,16.207052,,1.02627337,,未满足 MA5>MA10>MA20>MA60; 60日趋势强度不足
2026-08-10,002100.SZ,,rejected_signal,,41.041504,,1.08758187,,未满足 MA5>MA10>MA20>MA60; 60日趋势强度不足
2026-08-10,002101.SZ,,rejected_signal,,14.044659,,1.03568375,,收盘价低于MA20; 20日动量低于门槛; 60日趋势强度不足
2026-08-10,002102.SZ,,rejected_universe,,10.778667,,0.98425484,,不在当日动态股票池(停牌/未上市/已退市/当前ST代理过滤)
2026-08-10,002103.SZ,,rejected_signal,,31.922155,,1.02724195,,未满足 MA5>MA10>MA20>MA60; 60日趋势强度不足
2026-08-10,002104.SZ,,rejected_signal,,36.129765,,0.9584136,,未满足 MA5>MA10>MA20>MA60; 60日趋势强度不足
2026-08-10,002105.SZ,,rejected_signal,,26.517586,,1.00812984,,未满足 MA5>MA10>MA20>MA60; 60日趋势强度不足
2026-08-10,002106.SZ,,rejected_signal,,4.550101,,0.80482137,,未满足 MA5>MA10>MA20>MA60; 20日动量低于门槛; 60日趋势强度不足
2026-08-10,002107.SZ,,rejected_signal,,6.909072,,0.97637886,,未满足 MA5>MA10>MA20>MA60; 20日动量低于门槛; 60日趋势强度不足
2026-08-10,002108.SZ,,rejected_signal,,24.620279,,0.9762544,,未满足 MA5>MA10>MA20>MA60; 60日趋势强度不足
2026-08-10,002109.SZ,,rejected_universe,,2.532705,,0.98476666,,不在当日动态股票池(停牌/未上市/已退市/当前ST代理过滤)
2026-08-10,002110.SZ,,rejected_signal,,31.227224,,1.07952952,,未满足 MA5>MA10>MA20>MA60; 60日趋势强度不足
2026-08-10,002111.SZ,,rejected_signal,,27.158619,,1.02343404,,未满足 MA5>MA10>MA20>MA60; 60日趋势强度不足
2026-08-10,002112.SZ,,rejected_signal,,26.066822,,1.02825546,,未满足 MA5>MA10>MA20>MA60; 60日趋势强度不足
2026-08-10,002114.SZ,,rejected_signal,,15.425679,,0.92375445,,未满足 MA5>MA10>MA20>MA60; 60日趋势强度不足
2026-08-10,002115.SZ,,rejected_signal,,15.161045,,0.9760738,,未满足 MA5>MA10>MA20>MA60; 20日动量低于门槛; 60日趋势强度不足
2026-08-10,002116.SZ,,rejected_signal,,18.185816,,1.01013803,,未满足 MA5>MA10>MA20>MA60; 60日趋势强度不足; 20日平均成交额不足
2026-08-10,002117.SZ,,rejected_signal,,10.205611,,0.96003181,,未满足 MA5>MA10>MA20>MA60; 60日趋势强度不足
2026-08-10,002119.SZ,,rejected_signal,,2.727086,,0.62076092,,未满足 MA5>MA10>MA20>MA60; 20日动量低于门槛; 60日趋势强度不足
2026-08-10,002120.SZ,,rejected_signal,,10.278174,,1.04377294,,未满足 MA5>MA10>MA20>MA60; 20日动量低于门槛; 60日趋势强度不足
2026-08-10,002121.SZ,,rejected_signal,,3.610192,,0.89396328,,未满足 MA5>MA10>MA20>MA60; 20日动量低于门槛; 60日趋势强度不足
2026-08-10,002122.SZ,,rejected_universe,,23.012119,,0.95393211,,不在当日动态股票池(停牌/未上市/已退市/当前ST代理过滤)
2026-08-10,002123.SZ,,rejected_signal,,16.027782,,1.01867604,,未满足 MA5>MA10>MA20>MA60; 20日动量低于门槛; 60日趋势强度不足
2026-08-10,002124.SZ,,rejected_signal,,10.888663,,0.96400434,,未满足 MA5>MA10>MA20>MA60; 20日动量低于门槛; 60日趋势强度不足
2026-08-10,002125.SZ,,rejected_signal,,25.330311,,0.88530916,,未满足 MA5>MA10>MA20>MA60; 60日趋势强度不足
2026-08-10,002126.SZ,,rejected_signal,,10.091175,,0.76104927,,未满足 MA5>MA10>MA20>MA60; 收盘价低于MA20; 20日动量低于门槛; 60日趋势强度不足
2026-08-10,002127.SZ,,rejected_signal,,52.290493,,1.08680892,,60日趋势强度不足
2026-08-10,002128.SZ,,rejected_signal,,34.200054,,0.99380308,,未满足 MA5>MA10>MA20>MA60; 60日趋势强度不足
2026-08-10,002129.SZ,,rejected_signal,,6.179582,,0.93142146,,未满足 MA5>MA10>MA20>MA60; 收盘价低于MA20; 20日动量低于门槛; 60日趋势强度不足
2026-08-10,002130.SZ,,rejected_signal,,8.631042,,0.92229724,,未满足 MA5>MA10>MA20>MA60; 60日趋势强度不足
2026-08-10,002131.SZ,,rejected_signal,,32.201775,,1.00497603,,未满足 MA5>MA10>MA20>MA60; 60日趋势强度不足; 偏离MA20过远，追高风险
2026-08-10,002132.SZ,,rejected_signal,,3.676089,,0.76063585,,未满足 MA5>MA10>MA20>MA60; 20日动量低于门槛; 60日趋势强度不足
2026-08-10,002133.SZ,,rejected_signal,,19.455147,,0.98805279,,未满足 MA5>MA10>MA20>MA60; 60日趋势强度不足
2026-08-10,002134.SZ,,rejected_signal,,2.886872,,0.63990599,,未满足 MA5>MA10>MA20>MA60; 20日动量低于门槛; 60日趋势强度不足
2026-08-10,002135.SZ,,rejected_signal,,10.722073,,0.9054032,,未满足 MA5>MA10>MA20>MA60; 60日趋势强度不足
2026-08-10,002136.SZ,,rejected_signal,,20.494932,,0.95665735,,未满足 MA5>MA10>MA20>MA60; 60日趋势强度不足
2026-08-10,002137.SZ,,rejected_signal,,0.0,,0.79377705,,未满足 MA5>MA10>MA20>MA60; 20日动量低于门槛; 60日趋势强度不足
2026-08-10,002138.SZ,,rejected_signal,,16.002161,,0.80444533,,未满足 MA5>MA10>MA20>MA60; 20日动量低于门槛
2026-08-10,002139.SZ,,rejected_signal,,12.43911,,1.0495863,,未满足 MA5>MA10>MA20>MA60; 60日趋势强度不足
2026-08-10,002140.SZ,,rejected_signal,,14.957598,,0.9721384,,未满足 MA5>MA10>MA20>MA60; 60日趋势强度不足
2026-08-10,002141.SZ,,rejected_signal,,27.937645,,1.12302172,,20日涨幅过热; 偏离MA20过远，追高风险; 20日年化波动过高
2026-08-10,002142.SZ,,rejected_signal,,21.582432,,1.04861355,,未满足 MA5>MA10>MA20>MA60; 20日动量低于门槛; 60日趋势强度不足
2026-08-10,002144.SZ,,rejected_signal,,24.301182,,0.95986015,,未满足 MA5>MA10>MA20>MA60; 60日趋势强度不足
2026-08-10,002145.SZ,,rejected_signal,,21.631998,,1.04577816,,未满足 MA5>MA10>MA20>MA60; 60日趋势强度不足
2026-08-10,002146.SZ,,rejected_signal,,19.259386,,0.98541868,,未满足 MA5>MA10>MA20>MA60; 60日趋势强度不足
2026-08-10,002148.SZ,,rejected_signal,,19.499403,,0.99134225,,未满足 MA5>MA10>MA20>MA60; 60日趋势强度不足
2026-08-10,002149.SZ,,rejected_signal,,7.250728,,0.64832604,,未满足 MA5>MA10>MA20>MA60; 20日动量低于门槛; 60日趋势强度不足; 偏离MA20过远，追高风险
2026-08-10,002150.SZ,,rejected_signal,,10.441769,,0.80543,,未满足 MA5>MA10>MA20>MA60; 收盘价低于MA20; 20日动量低于门槛; 60日趋势强度不足
2026-08-10,002151.SZ,,rejected_signal,,7.67513,,0.90677273,,未满足 MA5>MA10>MA20>MA60; 20日动量低于门槛; 60日趋势强度不足
2026-08-10,002152.SZ,,rejected_signal,,10.821955,,1.01203883,,未满足 MA5>MA10>MA20>MA60; 20日动量低于门槛; 60日趋势强度不足
2026-08-10,002153.SZ,,rejected_signal,,40.806217,,1.06705356,,未满足 MA5>MA10>MA20>MA60; 60日趋势强度不足
2026-08-10,002154.SZ,,rejected_signal,,38.717228,,1.07437837,,未满足 MA5>MA10>MA20>MA60; 60日趋势强度不足
2026-08-10,002155.SZ,,rejected_signal,,31.861826,,0.93373734,,未满足 MA5>MA10>MA20>MA60; 60日趋势强度不足
2026-08-10,002156.SZ,,rejected_signal,,3.161012,,0.7126739,,未满足 MA5>MA10>MA20>MA60; 收盘价低于MA20; 20日动量低于门槛; 20日年化波动过高
2026-08-10,002157.SZ,,rejected_signal,,14.523252,,0.9880361,,未满足 MA5>MA10>MA20>MA60; 20日动量低于门槛; 60日趋势强度不足
2026-08-10,002158.SZ,,rejected_signal,,0.0,,0.79157537,,未满足 MA5>MA10>MA20>MA60; 20日动量低于门槛; 60日趋势强度不足
2026-08-10,002159.SZ,,rejected_signal,,18.926079,,0.99627149,,未满足 MA5>MA10>MA20>MA60; 60日趋势强度不足
2026-08-10,002160.SZ,,rejected_signal,,26.5473,,1.04910946,,未满足 MA5>MA10>MA20>MA60; 60日趋势强度不足
2026-08-10,002161.SZ,,rejected_signal,,17.187569,,0.96254474,,未满足 MA5>MA10>MA20>MA60; 60日趋势强度不足
2026-08-10,002162.SZ,,rejected_signal,,48.498676,,1.06120789,,60日趋势强度不足
2026-08-10,002163.SZ,,rejected_signal,,18.970554,,0.93708426,,未满足 MA5>MA10>MA20>MA60; 60日趋势强度不足
2026-08-10,002164.SZ,,rejected_signal,,20.417706,,0.91103089,,未满足 MA5>MA10>MA20>MA60; 60日趋势强度不足
2026-08-10,002165.SZ,,rejected_signal,,25.131899,,0.96913493,,未满足 MA5>MA10>MA20>MA60; 60日趋势强度不足
2026-08-10,002166.SZ,,rejected_signal,,21.181217,,0.95328891,,未满足 MA5>MA10>MA20>MA60; 60日趋势强度不足
2026-08-10,002167.SZ,,rejected_signal,,24.010458,,0.87224621,,未满足 MA5>MA10>MA20>MA60; 20日动量低于门槛
2026-08-10,002168.SZ,,rejected_universe,,14.147428,,0.96186656,,不在当日动态股票池(停牌/未上市/已退市/当前ST代理过滤)
2026-08-10,002169.SZ,,rejected_signal,,0.0,,0.77393538,,未满足 MA5>MA10>MA20>MA60; 20日动量低于门槛; 60日趋势强度不足
2026-08-10,002170.SZ,,rejected_signal,,29.510721,,1.03328991,,未满足 MA5>MA10>MA20>MA60; 60日趋势强度不足
2026-08-10,002171.SZ,,rejected_signal,,7.273488,,0.79508597,,未满足 MA5>MA10>MA20>MA60; 20日动量低于门槛; 60日趋势强度不足
2026-08-10,002172.SZ,,rejected_signal,,44.627636,,1.04130328,,60日趋势强度不足
2026-08-10,002173.SZ,,rejected_signal,,41.029236,,1.00567269,,60日趋势强度不足
2026-08-10,002174.SZ,,rejected_signal,,9.534383,,0.98542106,,未满足 MA5>MA10>MA20>MA60; 20日动量低于门槛; 60日趋势强度不足
2026-08-10,002175.SZ,,rejected_universe,,1.208467,,1.03998446,,不在当日动态股票池(停牌/未上市/已退市/当前ST代理过滤)
2026-08-10,002176.SZ,,rejected_signal,,18.850636,,0.88987637,,未满足 MA5>MA10>MA20>MA60; 60日趋势强度不足
2026-08-10,002177.SZ,,rejected_signal,,24.437155,,0.9599905,,未满足 MA5>MA10>MA20>MA60; 60日趋势强度不足
2026-08-10,002178.SZ,,rejected_signal,,17.921665,,0.93847424,,未满足 MA5>MA10>MA20>MA60; 60日趋势强度不足
2026-08-10,002179.SZ,,rejected_signal,,7.033126,,0.89418846,,未满足 MA5>MA10>MA20>MA60; 20日动量低于门槛; 60日趋势强度不足
2026-08-10,002180.SZ,,selected_signal,19,54.142029,0.79310346,1.0626775,0.70804596,quality_momentum 横截面排名进入 Top20
2026-08-10,002181.SZ,,rejected_signal,,10.07675,,0.76208872,,未满足 MA5>MA10>MA20>MA60; 60日趋势强度不足
2026-08-10,002182.SZ,,rejected_signal,,12.940749,,0.8713606,,未满足 MA5>MA10>MA20>MA60; 60日趋势强度不足
2026-08-10,002183.SZ,,rejected_signal,,6.973499,,0.86918145,,未满足 MA5>MA10>MA20>MA60; 20日动量低于门槛; 60日趋势强度不足
2026-08-10,002184.SZ,,rejected_signal,,18.864635,,0.94735038,,未满足 MA5>MA10>MA20>MA60; 60日趋势强度不足
2026-08-10,002185.SZ,,rejected_signal,,10.079484,,0.73296934,,未满足 MA5>MA10>MA20>MA60; 收盘价低于MA20; 20日动量低于门槛; 20日年化波动过高
2026-08-10,002186.SZ,,rejected_signal,,32.921265,,1.0320673,,未满足 MA5>MA10>MA20>MA60; 60日趋势强度不足
2026-08-10,002187.SZ,,rejected_signal,,35.904648,,1.04220665,,未满足 MA5>MA10>MA20>MA60; 60日趋势强度不足
2026-08-10,002188.SZ,,rejected_signal,,18.451061,,0.95565987,,未满足 MA5>MA10>MA20>MA60; 60日趋势强度不足
2026-08-10,002189.SZ,,rejected_signal,,6.441292,,0.90294933,,未满足 MA5>MA10>MA20>MA60; 60日趋势强度不足
2026-08-10,002190.SZ,,rejected_signal,,21.929365,,0.92605674,,未满足 MA5>MA10>MA20>MA60; 60日趋势强度不足
2026-08-10,002191.SZ,,rejected_signal,,10.554976,,0.99274302,,未满足 MA5>MA10>MA20>MA60; 20日动量低于门槛; 60日趋势强度不足
2026-08-10,002192.SZ,,rejected_signal,,13.025871,,0.76122975,,未满足 MA5>MA10>MA20>MA60; 20日动量低于门槛; 60日趋势强度不足
2026-08-10,002193.SZ,,rejected_universe,,17.670324,,0.87834257,,不在当日动态股票池(停牌/未上市/已退市/当前ST代理过滤)
2026-08-10,002194.SZ,,rejected_signal,,11.676923,,0.84352303,,未满足 MA5>MA10>MA20>MA60; 60日趋势强度不足
2026-08-10,002195.SZ,,rejected_signal,,30.115408,,0.99161643,,未满足 MA5>MA10>MA20>MA60; 60日趋势强度不足
2026-08-10,002196.SZ,,rejected_signal,,4.263109,,0.87067109,,未满足 MA5>MA10>MA20>MA60; 60日趋势强度不足
2026-08-10,002197.SZ,,rejected_signal,,31.002792,,1.06760538,,20日涨幅过热; 60日趋势强度不足
2026-08-10,002198.SZ,,rejected_universe,,2.654348,,0.96491009,,不在当日动态股票池(停牌/未上市/已退市/当前ST代理过滤)
2026-08-10,002199.SZ,,rejected_signal,,35.351753,,0.97344434,,未满足 MA5>MA10>MA20>MA60; 60日趋势强度不足; 20日年化波动过高
2026-08-10,002200.SZ,,rejected_signal,,42.610298,,1.10224533,,60日趋势强度不足; 20日平均成交额不足
2026-08-10,002201.SZ,,rejected_signal,,6.065645,,0.77287066,,未满足 MA5>MA10>MA20>MA60; 60日趋势强度不足
2026-08-10,002202.SZ,,rejected_signal,,15.843948,,0.87593645,,未满足 MA5>MA10>MA20>MA60; 60日趋势强度不足
2026-08-10,002203.SZ,,rejected_signal,,14.869086,,0.91426921,,未满足 MA5>MA10>MA20>MA60; 60日趋势强度不足
2026-08-10,002204.SZ,,rejected_signal,,13.874461,,1.00369728,,未满足 MA5>MA10>MA20>MA60; 60日趋势强度不足
2026-08-10,002205.SZ,,rejected_signal,,16.203407,,0.91700774,,未满足 MA5>MA10>MA20>MA60; 60日趋势强度不足; 20日平均成交额不足
2026-08-10,002206.SZ,,rejected_signal,,8.084936,,1.00475991,,未满足 MA5>MA10>MA20>MA60; 60日趋势强度不足
2026-08-10,002207.SZ,,rejected_universe,,5.212658,,0.85872018,,不在当日动态股票池(停牌/未上市/已退市/当前ST代理过滤)
2026-08-10,002208.SZ,,rejected_signal,,0.0,,0.59227127,,未满足 MA5>MA10>MA20>MA60; 收盘价低于MA20; 20日动量低于门槛; 60日趋势强度不足
2026-08-10,002209.SZ,,rejected_signal,,28.896805,,0.96402305,,未满足 MA5>MA10>MA20>MA60; 60日趋势强度不足
2026-08-10,002210.SZ,,rejected_signal,,23.505228,,0.96611863,,未满足 MA5>MA10>MA20>MA60; 60日趋势强度不足
2026-08-10,002211.SZ,,rejected_universe,,9.505572,,0.99650872,,不在当日动态股票池(停牌/未上市/已退市/当前ST代理过滤)
2026-08-10,002212.SZ,,rejected_signal,,51.417889,,1.05690873,,未满足 MA5>MA10>MA20>MA60; 60日趋势强度不足
2026-08-10,002213.SZ,,rejected_signal,,0.0,,0.68745852,,未满足 MA5>MA10>MA20>MA60; 20日动量低于门槛; 60日趋势强度不足
2026-08-10,002214.SZ,,rejected_signal,,25.740355,,0.93237233,,未满足 MA5>MA10>MA20>MA60; 60日趋势强度不足
2026-08-10,002215.SZ,,rejected_signal,,12.010276,,1.04197693,,未满足 MA5>MA10>MA20>MA60; 20日动量低于门槛; 60日趋势强度不足
2026-08-10,002216.SZ,,rejected_signal,,24.70862,,1.04074132,,未满足 MA5>MA10>MA20>MA60; 60日趋势强度不足
2026-08-10,002217.SZ,,rejected_universe,,8.916141,,0.73009843,,不在当日动态股票池(停牌/未上市/已退市/当前ST代理过滤)
2026-08-10,002218.SZ,,rejected_signal,,32.314781,,0.99866885,,未满足 MA5>MA10>MA20>MA60; 60日趋势强度不足
2026-08-10,002219.SZ,,rejected_signal,,47.859863,,1.03543246,,60日趋势强度不足
2026-08-10,002221.SZ,,rejected_signal,,18.894123,,0.9773497,,未满足 MA5>MA10>MA20>MA60; 60日趋势强度不足
2026-08-10,002222.SZ,,rejected_signal,,3.910369,,0.50055486,,未满足 MA5>MA10>MA20>MA60; 20日动量低于门槛; 60日趋势强度不足
2026-08-10,002223.SZ,,rejected_signal,,25.960245,,1.05809915,,未满足 MA5>MA10>MA20>MA60; 60日趋势强度不足
2026-08-10,002224.SZ,,rejected_signal,,28.354465,,0.99979931,,未满足 MA5>MA10>MA20>MA60; 60日趋势强度不足
2026-08-10,002225.SZ,,rejected_signal,,5.622563,,0.92713732,,未满足 MA5>MA10>MA20>MA60; 20日动量低于门槛; 60日趋势强度不足
2026-08-10,002226.SZ,,rejected_signal,,39.446022,,1.05682492,,未满足 MA5>MA10>MA20>MA60; 60日趋势强度不足
2026-08-10,002227.SZ,,rejected_universe,,3.999157,,0.90345711,,不在当日动态股票池(停牌/未上市/已退市/当前ST代理过滤)
2026-08-10,002228.SZ,,rejected_signal,,15.494638,,1.00077963,,未满足 MA5>MA10>MA20>MA60; 60日趋势强度不足
2026-08-10,002229.SZ,,rejected_signal,,20.334414,,0.9008081,,未满足 MA5>MA10>MA20>MA60; 60日趋势强度不足
2026-08-10,002230.SZ,,rejected_signal,,12.733648,,0.99110883,,未满足 MA5>MA10>MA20>MA60; 60日趋势强度不足
2026-08-10,002231.SZ,,rejected_universe,,0.0,,0.0,,不在当日动态股票池(停牌/未上市/已退市/当前ST代理过滤)
2026-08-10,002232.SZ,,rejected_signal,,7.002746,,0.97788477,,未满足 MA5>MA10>MA20>MA60; 60日趋势强度不足
2026-08-10,002233.SZ,,rejected_signal,,6.365036,,0.99853414,,未满足 MA5>MA10>MA20>MA60; 收盘价低于MA20; 20日动量低于门槛; 60日趋势强度不足
2026-08-10,002234.SZ,,rejected_signal,,15.387734,,1.00426579,,未满足 MA5>MA10>MA20>MA60; 60日趋势强度不足
2026-08-10,002235.SZ,,rejected_signal,,3.642674,,0.8868084,,未满足 MA5>MA10>MA20>MA60; 20日动量低于门槛; 60日趋势强度不足
2026-08-10,002236.SZ,,rejected_signal,,9.079663,,1.00522947,,未满足 MA5>MA10>MA20>MA60; 20日动量低于门槛; 60日趋势强度不足
2026-08-10,002237.SZ,,rejected_signal,,35.48914,,0.98495883,,未满足 MA5>MA10>MA20>MA60; 60日趋势强度不足
2026-08-10,002238.SZ,,rejected_signal,,30.461861,,1.01680577,,未满足 MA5>MA10>MA20>MA60; 60日趋势强度不足
2026-08-10,002239.SZ,,rejected_signal,,17.854197,,1.03140187,,未满足 MA5>MA10>MA20>MA60; 60日趋势强度不足
2026-08-10,002240.SZ,,rejected_signal,,11.8003,,0.67780125,,未满足 MA5>MA10>MA20>MA60; 20日动量低于门槛; 60日趋势强度不足
2026-08-10,002241.SZ,,rejected_signal,,17.52648,,0.98476005,,未满足 MA5>MA10>MA20>MA60; 收盘价低于MA20; 60日趋势强度不足
2026-08-10,002242.SZ,,rejected_signal,,43.867817,,1.06217015,,未满足 MA5>MA10>MA20>MA60; 60日趋势强度不足
2026-08-10,002243.SZ,,rejected_signal,,23.777147,,1.00109291,,未满足 MA5>MA10>MA20>MA60; 60日趋势强度不足
2026-08-10,002244.SZ,,rejected_signal,,32.908638,,1.01494658,,未满足 MA5>MA10>MA20>MA60; 收盘价低于MA20; 60日趋势强度不足
2026-08-10,002245.SZ,,rejected_signal,,10.253826,,0.80606282,,未满足 MA5>MA10>MA20>MA60; 20日动量低于门槛; 60日趋势强度不足
2026-08-10,002246.SZ,,rejected_signal,,37.003071,,1.02096164,,未满足 MA5>MA10>MA20>MA60; 60日趋势强度不足
2026-08-10,002247.SZ,,rejected_signal,,17.903223,,0.95988595,,未满足 MA5>MA10>MA20>MA60; 60日趋势强度不足
2026-08-10,002248.SZ,,rejected_signal,,5.871123,,0.92172247,,未满足 MA5>MA10>MA20>MA60; 60日趋势强度不足; 偏离MA20过远，追高风险
2026-08-10,002249.SZ,,rejected_signal,,10.485035,,0.96219969,,未满足 MA5>MA10>MA20>MA60; 60日趋势强度不足
2026-08-10,002250.SZ,,rejected_signal,,48.116089,,1.0239222,,未满足 MA5>MA10>MA20>MA60
2026-08-10,002251.SZ,,rejected_signal,,28.069908,,0.97813523,,未满足 MA5>MA10>MA20>MA60; 60日趋势强度不足
2026-08-10,002252.SZ,,rejected_signal,,27.198866,,1.06013644,,未满足 MA5>MA10>MA20>MA60; 收盘价低于MA20; 60日趋势强度不足
2026-08-10,002253.SZ,,rejected_signal,,7.067838,,0.93446136,,未满足 MA5>MA10>MA20>MA60; 60日趋势强度不足
2026-08-10,002254.SZ,,rejected_signal,,5.420899,,0.77296072,,未满足 MA5>MA10>MA20>MA60; 20日动量低于门槛; 60日趋势强度不足
2026-08-10,002255.SZ,,rejected_signal,,8.987583,,0.96233892,,未满足 MA5>MA10>MA20>MA60; 60日趋势强度不足
2026-08-10,002256.SZ,,rejected_signal,,16.107597,,0.87652528,,未满足 MA5>MA10>MA20>MA60; 60日趋势强度不足
2026-08-10,002258.SZ,,rejected_signal,,36.534126,,1.09705257,,未满足 MA5>MA10>MA20>MA60
2026-08-10,002259.SZ,,rejected_signal,,17.884922,,0.91459674,,未满足 MA5>MA10>MA20>MA60; 60日趋势强度不足
2026-08-10,002261.SZ,,rejected_signal,,14.425494,,0.89481515,,未满足 MA5>MA10>MA20>MA60; 收盘价低于MA20; 20日动量低于门槛; 60日趋势强度不足
2026-08-10,002262.SZ,,rejected_signal,,50.718899,,1.09812284,,未满足 MA5>MA10>MA20>MA60
2026-08-10,002263.SZ,,rejected_signal,,21.655697,,0.87703001,,未满足 MA5>MA10>MA20>MA60; 60日趋势强度不足
2026-08-10,002264.SZ,,rejected_signal,,36.771023,,1.04034472,,未满足 MA5>MA10>MA20>MA60; 60日趋势强度不足
2026-08-10,002265.SZ,,rejected_signal,,21.147036,,1.0078783,,未满足 MA5>MA10>MA20>MA60; 60日趋势强度不足
2026-08-10,002266.SZ,,rejected_signal,,13.846416,,0.95264637,,未满足 MA5>MA10>MA20>MA60; 60日趋势强度不足
2026-08-10,002267.SZ,,rejected_signal,,12.64942,,1.05311608,,未满足 MA5>MA10>MA20>MA60; 收盘价低于MA20; 20日动量低于门槛; 60日趋势强度不足
2026-08-10,002268.SZ,,rejected_signal,,12.287791,,1.04284894,,20日动量低于门槛; 60日趋势强度不足
2026-08-10,002269.SZ,,rejected_signal,,23.878283,,0.99138355,,未满足 MA5>MA10>MA20>MA60; 60日趋势强度不足
2026-08-10,002270.SZ,,rejected_signal,,30.19449,,1.02788794,,未满足 MA5>MA10>MA20>MA60; 60日趋势强度不足
2026-08-10,002271.SZ,,rejected_signal,,22.693623,,0.98178142,,未满足 MA5>MA10>MA20>MA60; 60日趋势强度不足
2026-08-10,002272.SZ,,rejected_signal,,1.153866,,0.63287646,,未满足 MA5>MA10>MA20>MA60; 收盘价低于MA20; 20日动量低于门槛; 60日趋势强度不足
2026-08-10,002273.SZ,,rejected_signal,,6.41399,,0.72314614,,未满足 MA5>MA10>MA20>MA60; 收盘价低于MA20; 20日动量低于门槛; 60日趋势强度不足
2026-08-10,002274.SZ,,rejected_signal,,28.957214,,1.03854334,,60日趋势强度不足
2026-08-10,002275.SZ,,rejected_signal,,9.664321,,1.02712047,,未满足 MA5>MA10>MA20>MA60; 20日动量低于门槛; 60日趋势强度不足
2026-08-10,002276.SZ,,rejected_signal,,20.423668,,0.99501771,,未满足 MA5>MA10>MA20>MA60; 60日趋势强度不足
2026-08-10,002277.SZ,,rejected_signal,,4.793011,,0.93476027,,未满足 MA5>MA10>MA20>MA60; 60日趋势强度不足
2026-08-10,002278.SZ,,rejected_signal,,20.41243,,0.97516465,,未满足 MA5>MA10>MA20>MA60; 60日趋势强度不足
2026-08-10,002279.SZ,,rejected_signal,,43.812332,,1.06772125,,未满足 MA5>MA10>MA20>MA60; 60日趋势强度不足
2026-08-10,002280.SZ,,rejected_universe,,0.0,,0.0,,不在当日动态股票池(停牌/未上市/已退市/当前ST代理过滤)
2026-08-10,002281.SZ,,rejected_signal,,11.9969,,0.70170921,,未满足 MA5>MA10>MA20>MA60; 收盘价低于MA20; 20日动量低于门槛; 60日趋势强度不足; 20日年化波动过高
2026-08-10,002282.SZ,,rejected_signal,,17.604746,,0.98953938,,未满足 MA5>MA10>MA20>MA60; 60日趋势强度不足; 20日平均成交额不足
2026-08-10,002283.SZ,,rejected_signal,,5.731673,,0.88318378,,未满足 MA5>MA10>MA20>MA60; 60日趋势强度不足
2026-08-10,002284.SZ,,rejected_signal,,8.167534,,0.94611794,,未满足 MA5>MA10>MA20>MA60; 60日趋势强度不足
2026-08-10,002285.SZ,,rejected_signal,,22.202286,,0.93585396,,未满足 MA5>MA10>MA20>MA60; 60日趋势强度不足
2026-08-10,002286.SZ,,rejected_signal,,8.816308,,0.95180893,,未满足 MA5>MA10>MA20>MA60; 60日趋势强度不足
2026-08-10,002287.SZ,,rejected_signal,,17.53381,,1.03165901,,未满足 MA5>MA10>MA20>MA60; 收盘价低于MA20; 20日动量低于门槛; 60日趋势强度不足
2026-08-10,002288.SZ,,rejected_universe,,0.0,,0.0,,不在当日动态股票池(停牌/未上市/已退市/当前ST代理过滤)
2026-08-10,002289.SZ,,rejected_signal,,1.742776,,0.64565694,,未满足 MA5>MA10>MA20>MA60; 20日动量低于门槛; 60日趋势强度不足
2026-08-10,002290.SZ,,rejected_signal,,3.786398,,0.57311612,,未满足 MA5>MA10>MA20>MA60; 20日动量低于门槛; 60日趋势强度不足
2026-08-10,002291.SZ,,rejected_signal,,35.472973,,0.97934669,,未满足 MA5>MA10>MA20>MA60; 60日趋势强度不足
2026-08-10,002292.SZ,,rejected_rank,41,47.782356,0.54022986,1.12624168,0.59770113,"信号有效, 但综合排名未进入 Top20"
2026-08-10,002293.SZ,,rejected_signal,,29.765957,,1.04069436,,未满足 MA5>MA10>MA20>MA60; 60日趋势强度不足
2026-08-10,002294.SZ,,rejected_signal,,20.417025,,0.97532624,,未满足 MA5>MA10>MA20>MA60; 20日动量低于门槛; 60日趋势强度不足
2026-08-10,002295.SZ,,rejected_signal,,19.559669,,0.90502715,,未满足 MA5>MA10>MA20>MA60; 60日趋势强度不足; 20日平均成交额不足
2026-08-10,002296.SZ,,rejected_signal,,10.397779,,0.96010524,,未满足 MA5>MA10>MA20>MA60; 60日趋势强度不足
2026-08-10,002297.SZ,,rejected_signal,,4.856427,,0.62883729,,未满足 MA5>MA10>MA20>MA60; 20日动量低于门槛; 60日趋势强度不足
2026-08-10,002298.SZ,,rejected_signal,,18.159727,,1.05934143,,未满足 MA5>MA10>MA20>MA60; 20日涨幅过热; 60日趋势强度不足
2026-08-10,002299.SZ,,rejected_signal,,28.756416,,1.03767145,,未满足 MA5>MA10>MA20>MA60; 60日趋势强度不足
2026-08-10,002300.SZ,,rejected_signal,,19.084526,,0.99464005,,未满足 MA5>MA10>MA20>MA60; 60日趋势强度不足
2026-08-10,002301.SZ,,rejected_signal,,11.810577,,0.88213813,,未满足 MA5>MA10>MA20>MA60; 20日动量低于门槛; 60日趋势强度不足
2026-08-10,002302.SZ,,rejected_signal,,26.947725,,0.98734415,,未满足 MA5>MA10>MA20>MA60; 60日趋势强度不足
2026-08-10,002303.SZ,,rejected_rank,69,40.648315,0.21839081,1.14472842,0.35632184,"信号有效, 但综合排名未进入 Top20"
2026-08-10,002304.SZ,,rejected_signal,,30.035221,,1.04643548,,未满足 MA5>MA10>MA20>MA60; 60日趋势强度不足
2026-08-10,002305.SZ,,rejected_universe,,16.560646,,0.95799077,,不在当日动态股票池(停牌/未上市/已退市/当前ST代理过滤)
2026-08-10,002306.SZ,,rejected_universe,,4.164214,,0.9285289,,不在当日动态股票池(停牌/未上市/已退市/当前ST代理过滤)
2026-08-10,002307.SZ,,rejected_signal,,11.277461,,0.91822916,,未满足 MA5>MA10>MA20>MA60; 60日趋势强度不足
2026-08-10,002308.SZ,,rejected_universe,,0.0,,0.0,,不在当日动态股票池(停牌/未上市/已退市/当前ST代理过滤)
2026-08-10,002309.SZ,,rejected_signal,,29.891182,,1.03845978,,未满足 MA5>MA10>MA20>MA60; 20日涨幅过热; 60日趋势强度不足
2026-08-10,002310.SZ,,rejected_signal,,27.293379,,1.01379812,,未满足 MA5>MA10>MA20>MA60; 60日趋势强度不足
2026-08-10,002311.SZ,,rejected_signal,,24.986265,,1.07503307,,未满足 MA5>MA10>MA20>MA60; 收盘价低于MA20; 60日趋势强度不足
2026-08-10,002312.SZ,,rejected_signal,,20.038568,,0.97148079,,未满足 MA5>MA10>MA20>MA60; 60日趋势强度不足
2026-08-10,002313.SZ,,rejected_signal,,15.886018,,0.96720344,,未满足 MA5>MA10>MA20>MA60; 60日趋势强度不足
2026-08-10,002314.SZ,,rejected_signal,,16.981407,,0.99352801,,未满足 MA5>MA10>MA20>MA60; 60日趋势强度不足
2026-08-10,002315.SZ,,rejected_signal,,39.867298,,1.06144488,,未满足 MA5>MA10>MA20>MA60; 60日趋势强度不足
2026-08-10,002316.SZ,,rejected_signal,,20.695692,,0.98063868,,未满足 MA5>MA10>MA20>MA60; 60日趋势强度不足
2026-08-10,002317.SZ,,rejected_signal,,43.977356,,1.06034732,,未满足 MA5>MA10>MA20>MA60; 20日动量低于门槛
2026-08-10,002318.SZ,,rejected_signal,,17.693523,,0.96596736,,未满足 MA5>MA10>MA20>MA60; 60日趋势强度不足
2026-08-10,002319.SZ,,rejected_signal,,27.560228,,0.96114826,,未满足 MA5>MA10>MA20>MA60
2026-08-10,002320.SZ,,rejected_signal,,19.632261,,1.01312184,,未满足 MA5>MA10>MA20>MA60; 60日趋势强度不足
2026-08-10,002321.SZ,,rejected_signal,,27.475353,,1.03268123,,60日趋势强度不足
2026-08-10,002322.SZ,,rejected_signal,,21.335093,,1.02753222,,未满足 MA5>MA10>MA20>MA60; 60日趋势强度不足
2026-08-10,002323.SZ,,rejected_universe,,2.868456,,0.98063928,,不在当日动态股票池(停牌/未上市/已退市/当前ST代理过滤)
2026-08-10,002324.SZ,,rejected_signal,,4.562457,,0.81742162,,未满足 MA5>MA10>MA20>MA60; 20日动量低于门槛; 60日趋势强度不足
2026-08-10,002325.SZ,,rejected_universe,,0.0,,0.0,,不在当日动态股票池(停牌/未上市/已退市/当前ST代理过滤)
2026-08-10,002326.SZ,,rejected_signal,,12.995434,,0.85162687,,未满足 MA5>MA10>MA20>MA60; 60日趋势强度不足
2026-08-10,002327.SZ,,rejected_signal,,20.635302,,1.02550638,,未满足 MA5>MA10>MA20>MA60; 60日趋势强度不足
2026-08-10,002328.SZ,,rejected_signal,,6.973197,,0.84797519,,未满足 MA5>MA10>MA20>MA60; 60日趋势强度不足
2026-08-10,002329.SZ,,rejected_signal,,19.799616,,0.89448392,,未满足 MA5>MA10>MA20>MA60; 60日趋势强度不足
2026-08-10,002330.SZ,,rejected_signal,,24.762844,,1.01837361,,未满足 MA5>MA10>MA20>MA60; 60日趋势强度不足
2026-08-10,002331.SZ,,rejected_signal,,8.52378,,0.8905912,,未满足 MA5>MA10>MA20>MA60; 60日趋势强度不足
2026-08-10,002332.SZ,,rejected_signal,,18.704302,,1.03359544,,20日动量低于门槛; 60日趋势强度不足
2026-08-10,002333.SZ,,rejected_rank,49,45.315369,0.44827586,1.06513429,0.43678162,"信号有效, 但综合排名未进入 Top20"
2026-08-10,002334.SZ,,rejected_signal,,4.606079,,0.88506895,,未满足 MA5>MA10>MA20>MA60; 20日动量低于门槛; 60日趋势强度不足
2026-08-10,002335.SZ,,rejected_signal,,6.536992,,0.79214215,,未满足 MA5>MA10>MA20>MA60; 20日动量低于门槛; 60日趋势强度不足
2026-08-10,002336.SZ,,rejected_universe,,0.0,,0.0,,不在当日动态股票池(停牌/未上市/已退市/当前ST代理过滤)
2026-08-10,002337.SZ,,rejected_signal,,11.252511,,0.95284361,,未满足 MA5>MA10>MA20>MA60; 60日趋势强度不足
2026-08-10,002338.SZ,,rejected_signal,,9.760966,,0.72697055,,未满足 MA5>MA10>MA20>MA60; 20日动量低于门槛; 60日趋势强度不足
2026-08-10,002339.SZ,,rejected_signal,,25.733423,,0.97970617,,未满足 MA5>MA10>MA20>MA60; 60日趋势强度不足
2026-08-10,002340.SZ,,rejected_signal,,21.697678,,0.95426846,,未满足 MA5>MA10>MA20>MA60; 60日趋势强度不足
2026-08-10,002341.SZ,,rejected_universe,,0.0,,0.0,,不在当日动态股票池(停牌/未上市/已退市/当前ST代理过滤)
2026-08-10,002342.SZ,,rejected_signal,,3.297176,,0.74614054,,未满足 MA5>MA10>MA20>MA60; 20日动量低于门槛; 60日趋势强度不足
2026-08-10,002343.SZ,,rejected_signal,,38.166733,,1.03444004,,未满足 MA5>MA10>MA20>MA60; 60日趋势强度不足
2026-08-10,002344.SZ,,rejected_signal,,24.530476,,1.01613271,,未满足 MA5>MA10>MA20>MA60; 60日趋势强度不足
2026-08-10,002345.SZ,,rejected_rank,28,50.020336,0.68965518,1.05579138,0.62068969,"信号有效, 但综合排名未进入 Top20"
2026-08-10,002346.SZ,,rejected_signal,,8.788283,,0.90334314,,未满足 MA5>MA10>MA20>MA60; 20日动量低于门槛
2026-08-10,002347.SZ,,rejected_signal,,18.174765,,0.9369579,,未满足 MA5>MA10>MA20>MA60; 60日趋势强度不足
2026-08-10,002348.SZ,,rejected_signal,,16.015339,,0.81637502,,未满足 MA5>MA10>MA20>MA60; 60日趋势强度不足; 偏离MA20过远，追高风险
2026-08-10,002349.SZ,,rejected_signal,,17.261782,,1.01860154,,20日动量低于门槛; 60日趋势强度不足
2026-08-10,002350.SZ,,rejected_signal,,31.671968,,0.94075429,,未满足 MA5>MA10>MA20>MA60; 60日趋势强度不足
2026-08-10,002351.SZ,,rejected_signal,,24.411196,,1.04146194,,未满足 MA5>MA10>MA20>MA60; 60日趋势强度不足
2026-08-10,002352.SZ,,rejected_signal,,20.475563,,1.03970826,,未满足 MA5>MA10>MA20>MA60; 收盘价低于MA20; 60日趋势强度不足
2026-08-10,002353.SZ,,rejected_signal,,7.683955,,0.88656151,,未满足 MA5>MA10>MA20>MA60; 20日年化波动过高
2026-08-10,002354.SZ,,rejected_signal,,30.355522,,0.94025153,,未满足 MA5>MA10>MA20>MA60; 偏离MA20过远，追高风险
2026-08-10,002355.SZ,,rejected_signal,,28.574381,,0.93417698,,未满足 MA5>MA10>MA20>MA60; 60日趋势强度不足
2026-08-10,002356.SZ,,rejected_signal,,5.903164,,0.92391181,,未满足 MA5>MA10>MA20>MA60; 20日动量低于门槛; 60日趋势强度不足
2026-08-10,002357.SZ,,rejected_signal,,11.835925,,0.92719358,,未满足 MA5>MA10>MA20>MA60; 60日趋势强度不足
2026-08-10,002358.SZ,,rejected_signal,,26.099659,,0.98909247,,未满足 MA5>MA10>MA20>MA60; 60日趋势强度不足
2026-08-10,002360.SZ,,rejected_universe,,7.551749,,0.93344533,,不在当日动态股票池(停牌/未上市/已退市/当前ST代理过滤)
2026-08-10,002361.SZ,,rejected_signal,,9.830801,,0.67747092,,未满足 MA5>MA10>MA20>MA60; 60日趋势强度不足; 偏离MA20过远，追高风险
2026-08-10,002362.SZ,,rejected_signal,,13.752653,,0.9582864,,未满足 MA5>MA10>MA20>MA60; 60日趋势强度不足
2026-08-10,002363.SZ,,rejected_signal,,19.543644,,0.98221821,,未满足 MA5>MA10>MA20>MA60; 60日趋势强度不足
2026-08-10,002364.SZ,,rejected_signal,,7.18648,,0.66021961,,未满足 MA5>MA10>MA20>MA60; 收盘价低于MA20; 20日动量低于门槛; 60日趋势强度不足; 20日年化波动过高
2026-08-10,002365.SZ,,rejected_rank,48,45.467865,0.45977011,1.09074605,0.50114942,"信号有效, 但综合排名未进入 Top20"
2026-08-10,002366.SZ,,rejected_signal,,30.631092,,1.0480932,,未满足 MA5>MA10>MA20>MA60; 60日趋势强度不足
2026-08-10,002367.SZ,,rejected_signal,,7.030426,,0.939668,,未满足 MA5>MA10>MA20>MA60; 20日动量低于门槛; 60日趋势强度不足
2026-08-10,002368.SZ,,rejected_signal,,9.778899,,0.97802728,,未满足 MA5>MA10>MA20>MA60; 60日趋势强度不足
2026-08-10,002369.SZ,,rejected_signal,,28.952667,,0.94277328,,未满足 MA5>MA10>MA20>MA60; 60日趋势强度不足
2026-08-10,002370.SZ,,rejected_signal,,13.302043,,0.89636832,,未满足 MA5>MA10>MA20>MA60; 60日趋势强度不足
2026-08-10,002371.SZ,,rejected_signal,,20.46463,,0.87655818,,未满足 MA5>MA10>MA20>MA60; 20日动量低于门槛
2026-08-10,002372.SZ,,rejected_signal,,27.639469,,1.03226268,,未满足 MA5>MA10>MA20>MA60; 60日趋势强度不足
2026-08-10,002373.SZ,,rejected_signal,,34.369514,,1.06089795,,未满足 MA5>MA10>MA20>MA60; 60日趋势强度不足
2026-08-10,002374.SZ,,rejected_signal,,18.090782,,0.93611717,,未满足 MA5>MA10>MA20>MA60; 60日趋势强度不足
2026-08-10,002375.SZ,,rejected_signal,,14.030025,,0.98030174,,未满足 MA5>MA10>MA20>MA60; 60日趋势强度不足
2026-08-10,002376.SZ,,rejected_signal,,31.402679,,1.02436554,,60日趋势强度不足
2026-08-10,002377.SZ,,rejected_signal,,9.923183,,0.94238538,,未满足 MA5>MA10>MA20>MA60; 20日动量低于门槛; 60日趋势强度不足
2026-08-10,002378.SZ,,rejected_signal,,13.196865,,0.7163896,,未满足 MA5>MA10>MA20>MA60; 60日趋势强度不足; 偏离MA20过远，追高风险
2026-08-10,002379.SZ,,rejected_signal,,37.645,,1.02716541,,未满足 MA5>MA10>MA20>MA60; 60日趋势强度不足
2026-08-10,002380.SZ,,rejected_signal,,2.087537,,0.82281327,,未满足 MA5>MA10>MA20>MA60; 20日动量低于门槛; 60日趋势强度不足
2026-08-10,002381.SZ,,rejected_signal,,11.892477,,0.9863528,,未满足 MA5>MA10>MA20>MA60; 60日趋势强度不足; 20日平均成交额不足
2026-08-10,002382.SZ,,rejected_signal,,34.152702,,1.02641726,,未满足 MA5>MA10>MA20>MA60; 60日趋势强度不足
2026-08-10,002383.SZ,,rejected_signal,,10.037418,,0.96589118,,未满足 MA5>MA10>MA20>MA60; 60日趋势强度不足
2026-08-10,002384.SZ,,rejected_signal,,5.237569,,0.68674433,,未满足 MA5>MA10>MA20>MA60; 收盘价低于MA20; 20日动量低于门槛; 60日趋势强度不足; 20日年化波动过高
2026-08-10,002385.SZ,,rejected_signal,,18.148653,,1.00859165,,未满足 MA5>MA10>MA20>MA60; 60日趋势强度不足
2026-08-10,002386.SZ,,rejected_signal,,12.242227,,0.99281675,,未满足 MA5>MA10>MA20>MA60; 60日趋势强度不足
2026-08-10,002387.SZ,,rejected_signal,,1.460451,,0.88901007,,未满足 MA5>MA10>MA20>MA60; 20日动量低于门槛; 60日趋势强度不足
2026-08-10,002388.SZ,,rejected_signal,,4.198142,,0.91244203,,未满足 MA5>MA10>MA20>MA60; 20日涨幅过热; 偏离MA20过远，追高风险
2026-08-10,002389.SZ,,rejected_signal,,31.795639,,0.99881536,,未满足 MA5>MA10>MA20>MA60; 60日趋势强度不足
2026-08-10,002390.SZ,,rejected_signal,,23.777756,,1.03378892,,未满足 MA5>MA10>MA20>MA60; 60日趋势强度不足
2026-08-10,002391.SZ,,rejected_signal,,18.696959,,1.01221395,,未满足 MA5>MA10>MA20>MA60; 60日趋势强度不足
2026-08-10,002392.SZ,,rejected_signal,,15.466351,,0.92261845,,未满足 MA5>MA10>MA20>MA60; 60日趋势强度不足
2026-08-10,002393.SZ,,rejected_signal,,9.445286,,0.98722774,,未满足 MA5>MA10>MA20>MA60; 20日动量低于门槛; 60日趋势强度不足
2026-08-10,002394.SZ,,rejected_signal,,17.406754,,0.95750368,,未满足 MA5>MA10>MA20>MA60; 60日趋势强度不足
2026-08-10,002395.SZ,,rejected_signal,,10.040369,,0.93717945,,未满足 MA5>MA10>MA20>MA60; 60日趋势强度不足
2026-08-10,002396.SZ,,rejected_signal,,39.882355,,1.02753294,,未满足 MA5>MA10>MA20>MA60
2026-08-10,002397.SZ,,rejected_signal,,8.127158,,0.86033231,,未满足 MA5>MA10>MA20>MA60; 20日动量低于门槛; 60日趋势强度不足
2026-08-10,002398.SZ,,rejected_signal,,32.224827,,1.0021342,,未满足 MA5>MA10>MA20>MA60; 60日趋势强度不足
2026-08-10,002399.SZ,,rejected_rank,82,29.468075,0.06896552,1.01804101,0.08965518,"信号有效, 但综合排名未进入 Top20"
2026-08-10,002400.SZ,,rejected_signal,,27.658876,,0.98303038,,未满足 MA5>MA10>MA20>MA60; 60日趋势强度不足
2026-08-10,002401.SZ,,rejected_signal,,13.725339,,1.00839221,,未满足 MA5>MA10>MA20>MA60; 60日趋势强度不足
2026-08-10,002402.SZ,,rejected_signal,,4.59106,,0.83143622,,未满足 MA5>MA10>MA20>MA60; 20日动量低于门槛; 60日趋势强度不足
2026-08-10,002403.SZ,,rejected_signal,,0.584729,,0.94679415,,未满足 MA5>MA10>MA20>MA60; 60日趋势强度不足
2026-08-10,002404.SZ,,rejected_signal,,10.361686,,0.96525496,,未满足 MA5>MA10>MA20>MA60; 60日趋势强度不足
2026-08-10,002405.SZ,,rejected_signal,,10.45104,,0.94770747,,未满足 MA5>MA10>MA20>MA60; 60日趋势强度不足
2026-08-10,002406.SZ,,rejected_signal,,19.919983,,0.97894126,,未满足 MA5>MA10>MA20>MA60; 60日趋势强度不足
2026-08-10,002407.SZ,,rejected_signal,,9.842821,,0.74126387,,未满足 MA5>MA10>MA20>MA60; 偏离MA20过远，追高风险
2026-08-10,002408.SZ,,rejected_signal,,13.95493,,1.01859736,,未满足 MA5>MA10>MA20>MA60; 20日动量低于门槛; 60日趋势强度不足
2026-08-10,002409.SZ,,rejected_signal,,13.816362,,0.7496323,,未满足 MA5>MA10>MA20>MA60; 20日动量低于门槛; 20日年化波动过高
2026-08-10,002410.SZ,,rejected_signal,,41.624973,,1.07533956,,未满足 MA5>MA10>MA20>MA60; 60日趋势强度不足
2026-08-10,002412.SZ,,selected_signal,14,55.306553,0.85057473,1.06906903,0.77011496,quality_momentum 横截面排名进入 Top20
2026-08-10,002413.SZ,,rejected_signal,,15.886652,,0.83636826,,未满足 MA5>MA10>MA20>MA60; 60日趋势强度不足
2026-08-10,002414.SZ,,rejected_signal,,16.922991,,0.95205522,,未满足 MA5>MA10>MA20>MA60; 20日动量低于门槛; 60日趋势强度不足
2026-08-10,002415.SZ,,selected_signal,16,54.726021,0.82758623,1.13047278,0.83678162,quality_momentum 横截面排名进入 Top20
2026-08-10,002416.SZ,,rejected_signal,,18.587324,,1.01881146,,未满足 MA5>MA10>MA20>MA60; 60日趋势强度不足
2026-08-10,002418.SZ,,rejected_signal,,21.435129,,0.84735566,,未满足 MA5>MA10>MA20>MA60; 60日趋势强度不足
2026-08-10,002419.SZ,,rejected_signal,,13.464701,,1.01885509,,未满足 MA5>MA10>MA20>MA60; 60日趋势强度不足
2026-08-10,002420.SZ,,rejected_signal,,24.509516,,0.99948764,,未满足 MA5>MA10>MA20>MA60; 60日趋势强度不足
2026-08-10,002421.SZ,,rejected_signal,,13.694159,,0.83160359,,未满足 MA5>MA10>MA20>MA60
2026-08-10,002422.SZ,,rejected_signal,,45.411701,,1.02911294,,未满足 MA5>MA10>MA20>MA60
2026-08-10,002423.SZ,,rejected_signal,,21.920519,,1.04732275,,未满足 MA5>MA10>MA20>MA60; 60日趋势强度不足
2026-08-10,002424.SZ,,rejected_universe,,7.897127,,1.00860357,,不在当日动态股票池(停牌/未上市/已退市/当前ST代理过滤)
2026-08-10,002425.SZ,,rejected_signal,,40.385773,,0.98778838,,未满足 MA5>MA10>MA20>MA60; 60日趋势强度不足
2026-08-10,002426.SZ,,rejected_signal,,4.58618,,0.77387691,,未满足 MA5>MA10>MA20>MA60; 20日动量低于门槛; 60日趋势强度不足
2026-08-10,002427.SZ,,rejected_signal,,17.829967,,0.95421195,,未满足 MA5>MA10>MA20>MA60; 60日趋势强度不足
2026-08-10,002428.SZ,,rejected_signal,,22.806437,,0.62031806,,未满足 MA5>MA10>MA20>MA60; 偏离MA20过远，追高风险; 20日年化波动过高
2026-08-10,002429.SZ,,rejected_signal,,5.506522,,0.71584129,,未满足 MA5>MA10>MA20>MA60; 20日动量低于门槛; 60日趋势强度不足
2026-08-10,002430.SZ,,rejected_signal,,5.977187,,0.90108269,,未满足 MA5>MA10>MA20>MA60; 20日动量低于门槛; 60日趋势强度不足
2026-08-10,002431.SZ,,rejected_universe,,2.997144,,0.9524278,,不在当日动态股票池(停牌/未上市/已退市/当前ST代理过滤)
2026-08-10,002432.SZ,,rejected_signal,,16.735836,,0.91428542,,未满足 MA5>MA10>MA20>MA60; 60日趋势强度不足; 20日年化波动过高
2026-08-10,002433.SZ,,rejected_universe,,0.0,,0.0,,不在当日动态股票池(停牌/未上市/已退市/当前ST代理过滤)
2026-08-10,002434.SZ,,rejected_signal,,2.733366,,0.9088549,,未满足 MA5>MA10>MA20>MA60; 20日动量低于门槛; 60日趋势强度不足
2026-08-10,002435.SZ,,rejected_universe,,0.0,,0.0,,不在当日动态股票池(停牌/未上市/已退市/当前ST代理过滤)
2026-08-10,002436.SZ,,rejected_signal,,7.609032,,0.5888266,,未满足 MA5>MA10>MA20>MA60; 20日动量低于门槛; 20日年化波动过高
2026-08-10,002437.SZ,,rejected_rank,84,25.79904,0.04597701,0.99690914,0.05517241,"信号有效, 但综合排名未进入 Top20"
2026-08-10,002438.SZ,,rejected_signal,,13.506985,,0.95209777,,未满足 MA5>MA10>MA20>MA60; 60日趋势强度不足
2026-08-10,002439.SZ,,rejected_signal,,27.483892,,1.02346992,,60日趋势强度不足
2026-08-10,002440.SZ,,rejected_signal,,50.278481,,1.23219073,,未满足 MA5>MA10>MA20>MA60; 20日涨幅过热
2026-08-10,002441.SZ,,rejected_signal,,15.435462,,0.97207648,,未满足 MA5>MA10>MA20>MA60; 60日趋势强度不足
2026-08-10,002442.SZ,,rejected_signal,,19.178938,,0.909648,,未满足 MA5>MA10>MA20>MA60; 60日趋势强度不足
2026-08-10,002443.SZ,,rejected_signal,,3.53786,,0.77747798,,未满足 MA5>MA10>MA20>MA60; 20日动量低于门槛; 60日趋势强度不足
2026-08-10,002444.SZ,,rejected_signal,,22.491899,,0.9686951,,未满足 MA5>MA10>MA20>MA60; 60日趋势强度不足
2026-08-10,002445.SZ,,rejected_signal,,22.226574,,0.948735,,未满足 MA5>MA10>MA20>MA60; 60日趋势强度不足
2026-08-10,002446.SZ,,rejected_signal,,8.421593,,0.77640224,,未满足 MA5>MA10>MA20>MA60; 20日动量低于门槛; 60日趋势强度不足
2026-08-10,002448.SZ,,rejected_signal,,18.926962,,0.95307565,,未满足 MA5>MA10>MA20>MA60; 60日趋势强度不足
2026-08-10,002449.SZ,,rejected_signal,,8.555135,,0.86985773,,未满足 MA5>MA10>MA20>MA60; 20日动量低于门槛; 60日趋势强度不足
2026-08-10,002451.SZ,,rejected_signal,,28.744745,,0.95802015,,未满足 MA5>MA10>MA20>MA60; 60日趋势强度不足
2026-08-10,002452.SZ,,rejected_signal,,12.444204,,0.9728173,,未满足 MA5>MA10>MA20>MA60
2026-08-10,002453.SZ,,rejected_signal,,20.744698,,0.86576629,,未满足 MA5>MA10>MA20>MA60; 60日趋势强度不足
2026-08-10,002454.SZ,,rejected_signal,,16.018625,,0.95385545,,未满足 MA5>MA10>MA20>MA60; 60日趋势强度不足
2026-08-10,002455.SZ,,rejected_signal,,13.817242,,0.87026298,,未满足 MA5>MA10>MA20>MA60; 60日趋势强度不足
2026-08-10,002456.SZ,,rejected_signal,,5.592366,,0.85209775,,未满足 MA5>MA10>MA20>MA60; 收盘价低于MA20; 20日动量低于门槛; 60日趋势强度不足
2026-08-10,002457.SZ,,rejected_signal,,11.811614,,0.88759565,,未满足 MA5>MA10>MA20>MA60; 20日动量低于门槛; 60日趋势强度不足
2026-08-10,002458.SZ,,rejected_rank,67,41.572124,0.24137931,1.03577673,0.24367815,"信号有效, 但综合排名未进入 Top20"
2026-08-10,002459.SZ,,rejected_signal,,16.395664,,0.9590075,,未满足 MA5>MA10>MA20>MA60; 60日趋势强度不足
2026-08-10,002460.SZ,,rejected_signal,,21.269014,,0.7989682,,未满足 MA5>MA10>MA20>MA60; 60日趋势强度不足
2026-08-10,002461.SZ,,rejected_signal,,24.993666,,1.06043541,,未满足 MA5>MA10>MA20>MA60; 60日趋势强度不足
2026-08-10,002462.SZ,,rejected_signal,,20.806499,,0.96818233,,未满足 MA5>MA10>MA20>MA60; 60日趋势强度不足
2026-08-10,002463.SZ,,rejected_signal,,11.481498,,0.75870997,,未满足 MA5>MA10>MA20>MA60; 20日动量低于门槛; 20日年化波动过高
2026-08-10,002465.SZ,,rejected_signal,,8.159226,,0.78244352,,未满足 MA5>MA10>MA20>MA60; 20日动量低于门槛; 60日趋势强度不足
2026-08-10,002466.SZ,,rejected_signal,,23.41478,,0.80118489,,未满足 MA5>MA10>MA20>MA60; 60日趋势强度不足
2026-08-10,002467.SZ,,rejected_signal,,16.284523,,0.94581038,,未满足 MA5>MA10>MA20>MA60; 60日趋势强度不足
2026-08-10,002468.SZ,,rejected_signal,,3.396862,,0.98361272,,未满足 MA5>MA10>MA20>MA60; 20日动量低于门槛; 60日趋势强度不足
2026-08-10,002469.SZ,,rejected_signal,,10.814837,,0.96736795,,未满足 MA5>MA10>MA20>MA60; 60日趋势强度不足
2026-08-10,002470.SZ,,rejected_signal,,21.180752,,0.92242974,,未满足 MA5>MA10>MA20>MA60; 60日趋势强度不足
2026-08-10,002471.SZ,,rejected_signal,,14.619658,,0.89538407,,未满足 MA5>MA10>MA20>MA60; 60日趋势强度不足
2026-08-10,002472.SZ,,rejected_signal,,5.531343,,0.95243067,,未满足 MA5>MA10>MA20>MA60; 20日动量低于门槛; 60日趋势强度不足
2026-08-10,002474.SZ,,rejected_signal,,28.180079,,0.96692866,,未满足 MA5>MA10>MA20>MA60; 60日趋势强度不足
2026-08-10,002475.SZ,,rejected_signal,,6.230975,,0.81745267,,未满足 MA5>MA10>MA20>MA60; 收盘价低于MA20; 20日动量低于门槛; 60日趋势强度不足
2026-08-10,002476.SZ,,rejected_signal,,15.213442,,0.91644061,,未满足 MA5>MA10>MA20>MA60; 60日趋势强度不足
2026-08-10,002478.SZ,,rejected_signal,,15.736204,,0.98117733,,未满足 MA5>MA10>MA20>MA60; 60日趋势强度不足
2026-08-10,002479.SZ,,selected_signal,11,56.134109,0.88505745,1.10857391,0.86206895,quality_momentum 横截面排名进入 Top20
2026-08-10,002480.SZ,,rejected_signal,,34.843834,,0.99893945,,未满足 MA5>MA10>MA20>MA60; 60日趋势强度不足
2026-08-10,002481.SZ,,rejected_signal,,20.687056,,1.03935897,,未满足 MA5>MA10>MA20>MA60; 60日趋势强度不足
2026-08-10,002482.SZ,,rejected_signal,,13.343329,,0.95763612,,未满足 MA5>MA10>MA20>MA60; 60日趋势强度不足
2026-08-10,002483.SZ,,rejected_signal,,13.039369,,0.99311942,,未满足 MA5>MA10>MA20>MA60; 60日趋势强度不足
2026-08-10,002484.SZ,,rejected_signal,,14.524063,,0.60054177,,未满足 MA5>MA10>MA20>MA60; 收盘价低于MA20; 20日动量低于门槛; 20日年化波动过高
2026-08-10,002485.SZ,,rejected_universe,,25.924078,,1.01660526,,不在当日动态股票池(停牌/未上市/已退市/当前ST代理过滤)
2026-08-10,002486.SZ,,rejected_signal,,12.940553,,0.99209625,,未满足 MA5>MA10>MA20>MA60; 60日趋势强度不足
2026-08-10,002487.SZ,,rejected_signal,,7.645272,,0.73235565,,未满足 MA5>MA10>MA20>MA60; 20日动量低于门槛; 60日趋势强度不足
2026-08-10,002488.SZ,,rejected_signal,,4.657015,,0.96051913,,未满足 MA5>MA10>MA20>MA60; 60日趋势强度不足
2026-08-10,002489.SZ,,rejected_signal,,9.475792,,0.89520776,,未满足 MA5>MA10>MA20>MA60; 60日趋势强度不足
2026-08-10,002490.SZ,,rejected_signal,,13.365407,,0.96850967,,未满足 MA5>MA10>MA20>MA60; 20日动量低于门槛; 60日趋势强度不足
2026-08-10,002491.SZ,,rejected_signal,,7.870872,,0.50213492,,未满足 MA5>MA10>MA20>MA60; 20日动量低于门槛; 60日趋势强度不足
2026-08-10,002492.SZ,,rejected_signal,,12.240156,,0.94221747,,未满足 MA5>MA10>MA20>MA60; 60日趋势强度不足
2026-08-10,002493.SZ,,rejected_signal,,44.259903,,1.05757236,,60日趋势强度不足
2026-08-10,002494.SZ,,rejected_signal,,10.967512,,0.94573599,,未满足 MA5>MA10>MA20>MA60; 60日趋势强度不足
2026-08-10,002495.SZ,,rejected_signal,,26.46155,,1.02006745,,未满足 MA5>MA10>MA20>MA60; 60日趋势强度不足
2026-08-10,002496.SZ,,rejected_signal,,3.795112,,0.92153943,,未满足 MA5>MA10>MA20>MA60; 60日趋势强度不足
2026-08-10,002497.SZ,,rejected_signal,,19.35734,,0.85348958,,未满足 MA5>MA10>MA20>MA60; 60日趋势强度不足
2026-08-10,002498.SZ,,rejected_signal,,22.773815,,1.00634348,,未满足 MA5>MA10>MA20>MA60; 60日趋势强度不足
2026-08-10,002500.SZ,,rejected_signal,,12.034362,,1.04691589,,20日动量低于门槛; 60日趋势强度不足
2026-08-10,002501.SZ,,rejected_universe,,0.215573,,0.91020751,,不在当日动态股票池(停牌/未上市/已退市/当前ST代理过滤)
2026-08-10,002502.SZ,,rejected_universe,,0.0,,0.0,,不在当日动态股票池(停牌/未上市/已退市/当前ST代理过滤)
2026-08-10,002505.SZ,,rejected_universe,,0.0,,0.0,,不在当日动态股票池(停牌/未上市/已退市/当前ST代理过滤)
2026-08-10,002506.SZ,,rejected_signal,,17.136301,,0.88182664,,未满足 MA5>MA10>MA20>MA60; 60日趋势强度不足
2026-08-10,002507.SZ,,rejected_signal,,19.791002,,1.05453873,,未满足 MA5>MA10>MA20>MA60; 收盘价低于MA20; 60日趋势强度不足
2026-08-10,002508.SZ,,rejected_signal,,21.003511,,1.01170492,,未满足 MA5>MA10>MA20>MA60; 60日趋势强度不足
2026-08-10,002510.SZ,,rejected_signal,,20.221706,,0.95023346,,未满足 MA5>MA10>MA20>MA60; 60日趋势强度不足
2026-08-10,002511.SZ,,rejected_signal,,19.53731,,1.04854178,,未满足 MA5>MA10>MA20>MA60; 60日趋势强度不足
2026-08-10,002512.SZ,,rejected_universe,,24.351879,,0.9760887,,不在当日动态股票池(停牌/未上市/已退市/当前ST代理过滤)
2026-08-10,002513.SZ,,rejected_signal,,21.262238,,0.93029577,,未满足 MA5>MA10>MA20>MA60; 60日趋势强度不足
2026-08-10,002514.SZ,,rejected_universe,,0.0,,0.7286042,,不在当日动态股票池(停牌/未上市/已退市/当前ST代理过滤)
2026-08-10,002515.SZ,,rejected_signal,,4.150886,,0.78213388,,未满足 MA5>MA10>MA20>MA60; 收盘价低于MA20; 20日动量低于门槛; 60日趋势强度不足
2026-08-10,002516.SZ,,rejected_signal,,1.845742,,0.96180904,,未满足 MA5>MA10>MA20>MA60; 20日动量低于门槛; 60日趋势强度不足
2026-08-10,002517.SZ,,rejected_signal,,45.170952,,1.11788988,,60日趋势强度不足
2026-08-10,002518.SZ,,rejected_signal,,8.686459,,0.65966249,,未满足 MA5>MA10>MA20>MA60; 20日动量低于门槛; 60日趋势强度不足
2026-08-10,002519.SZ,,rejected_signal,,16.563246,,0.89537215,,未满足 MA5>MA10>MA20>MA60; 60日趋势强度不足
2026-08-10,002520.SZ,,rejected_signal,,14.2754,,0.88888395,,未满足 MA5>MA10>MA20>MA60; 20日动量低于门槛; 60日趋势强度不足
2026-08-10,002521.SZ,,rejected_signal,,12.854889,,0.98098558,,未满足 MA5>MA10>MA20>MA60; 60日趋势强度不足
2026-08-10,002522.SZ,,rejected_signal,,13.193732,,0.81860477,,未满足 MA5>MA10>MA20>MA60; 60日趋势强度不足
2026-08-10,002523.SZ,,rejected_signal,,33.468445,,1.02590609,,未满足 MA5>MA10>MA20>MA60; 60日趋势强度不足
2026-08-10,002524.SZ,,rejected_signal,,37.081787,,1.01415277,,未满足 MA5>MA10>MA20>MA60; 60日趋势强度不足
2026-08-10,002526.SZ,,rejected_signal,,28.320423,,0.96820509,,未满足 MA5>MA10>MA20>MA60; 60日趋势强度不足
2026-08-10,002527.SZ,,rejected_signal,,13.29107,,0.87475079,,未满足 MA5>MA10>MA20>MA60; 60日趋势强度不足
2026-08-10,002528.SZ,,rejected_universe,,14.705236,,1.02855122,,不在当日动态股票池(停牌/未上市/已退市/当前ST代理过滤)
2026-08-10,002529.SZ,,rejected_signal,,11.850814,,0.95563883,,未满足 MA5>MA10>MA20>MA60; 60日趋势强度不足
2026-08-10,002530.SZ,,rejected_signal,,25.699898,,0.98683864,,未满足 MA5>MA10>MA20>MA60; 60日趋势强度不足
2026-08-10,002531.SZ,,rejected_signal,,2.162524,,0.79227239,,未满足 MA5>MA10>MA20>MA60; 20日动量低于门槛; 60日趋势强度不足
2026-08-10,002532.SZ,,rejected_signal,,36.166485,,0.99096018,,未满足 MA5>MA10>MA20>MA60; 60日趋势强度不足
2026-08-10,002533.SZ,,rejected_signal,,26.770964,,1.03889406,,未满足 MA5>MA10>MA20>MA60; 60日趋势强度不足
2026-08-10,002534.SZ,,rejected_signal,,0.0,,0.77644861,,未满足 MA5>MA10>MA20>MA60; 20日动量低于门槛; 60日趋势强度不足
2026-08-10,002535.SZ,,rejected_signal,,21.79368,,0.99524683,,未满足 MA5>MA10>MA20>MA60; 60日趋势强度不足
2026-08-10,002536.SZ,,rejected_signal,,0.0,,0.62938046,,未满足 MA5>MA10>MA20>MA60; 收盘价低于MA20; 20日动量低于门槛; 60日趋势强度不足; 20日年化波动过高
2026-08-10,002537.SZ,,rejected_signal,,27.214994,,1.00788999,,未满足 MA5>MA10>MA20>MA60; 60日趋势强度不足
2026-08-10,002538.SZ,,rejected_universe,,43.979847,,1.11205339,,不在当日动态股票池(停牌/未上市/已退市/当前ST代理过滤)
2026-08-10,002539.SZ,,rejected_signal,,33.572021,,1.03896642,,未满足 MA5>MA10>MA20>MA60; 60日趋势强度不足
2026-08-10,002540.SZ,,rejected_signal,,30.38064,,1.03969789,,未满足 MA5>MA10>MA20>MA60; 60日趋势强度不足
2026-08-10,002541.SZ,,rejected_signal,,27.791262,,1.10605347,,未满足 MA5>MA10>MA20>MA60
2026-08-10,002542.SZ,,rejected_universe,,41.946743,,1.18707395,,不在当日动态股票池(停牌/未上市/已退市/当前ST代理过滤)
2026-08-10,002543.SZ,,rejected_signal,,13.279019,,1.00839198,,未满足 MA5>MA10>MA20>MA60; 60日趋势强度不足
2026-08-10,002544.SZ,,rejected_signal,,8.450262,,0.87312663,,未满足 MA5>MA10>MA20>MA60; 20日动量低于门槛; 60日趋势强度不足
2026-08-10,002545.SZ,,rejected_signal,,26.883606,,0.93965536,,未满足 MA5>MA10>MA20>MA60; 60日趋势强度不足
2026-08-10,002546.SZ,,rejected_signal,,37.793522,,1.13880599,,60日趋势强度不足
2026-08-10,002547.SZ,,rejected_universe,,13.593531,,0.91606647,,不在当日动态股票池(停牌/未上市/已退市/当前ST代理过滤)
2026-08-10,002548.SZ,,rejected_signal,,12.508541,,0.96437955,,未满足 MA5>MA10>MA20>MA60; 60日趋势强度不足
2026-08-10,002549.SZ,,rejected_signal,,7.963392,,0.77970904,,未满足 MA5>MA10>MA20>MA60; 20日动量低于门槛; 60日趋势强度不足
2026-08-10,002550.SZ,,rejected_signal,,28.653162,,1.07391894,,收盘价低于MA20; 20日动量低于门槛; 60日趋势强度不足
2026-08-10,002551.SZ,,rejected_signal,,34.274105,,1.01940787,,未满足 MA5>MA10>MA20>MA60; 60日趋势强度不足
2026-08-10,002552.SZ,,rejected_signal,,8.034616,,0.37391305,,未满足 MA5>MA10>MA20>MA60; 20日动量低于门槛; 偏离MA20过远，追高风险; 20日年化波动过高; 当日跳空幅度过大
2026-08-10,002553.SZ,,rejected_signal,,8.778498,,0.97643739,,未满足 MA5>MA10>MA20>MA60; 60日趋势强度不足
2026-08-10,002554.SZ,,rejected_signal,,12.458065,,0.94073933,,未满足 MA5>MA10>MA20>MA60; 20日动量低于门槛; 60日趋势强度不足
2026-08-10,002555.SZ,,rejected_signal,,27.775711,,1.05315495,,60日趋势强度不足
2026-08-10,002556.SZ,,rejected_signal,,31.383123,,1.0216831,,未满足 MA5>MA10>MA20>MA60; 60日趋势强度不足
2026-08-10,002557.SZ,,rejected_signal,,11.647315,,1.0225457,,未满足 MA5>MA10>MA20>MA60; 收盘价低于MA20; 20日动量低于门槛; 60日趋势强度不足
2026-08-10,002558.SZ,,rejected_signal,,28.915192,,1.08002818,,60日趋势强度不足
2026-08-10,002559.SZ,,rejected_signal,,5.560502,,0.83324748,,未满足 MA5>MA10>MA20>MA60; 20日动量低于门槛; 60日趋势强度不足
2026-08-10,002560.SZ,,rejected_signal,,3.439705,,0.83640003,,未满足 MA5>MA10>MA20>MA60; 20日动量低于门槛; 60日趋势强度不足
2026-08-10,002561.SZ,,rejected_signal,,19.385523,,1.00106108,,未满足 MA5>MA10>MA20>MA60; 60日趋势强度不足; 20日平均成交额不足
2026-08-10,002562.SZ,,rejected_signal,,19.986305,,0.98394561,,未满足 MA5>MA10>MA20>MA60; 60日趋势强度不足
2026-08-10,002563.SZ,,rejected_signal,,45.248859,,1.12786019,,未满足 MA5>MA10>MA20>MA60
2026-08-10,002564.SZ,,rejected_signal,,25.505785,,0.95447522,,未满足 MA5>MA10>MA20>MA60; 60日趋势强度不足
2026-08-10,002565.SZ,,rejected_signal,,4.144663,,0.70262694,,未满足 MA5>MA10>MA20>MA60; 20日动量低于门槛; 60日趋势强度不足
2026-08-10,002566.SZ,,rejected_signal,,16.49017,,0.99166918,,未满足 MA5>MA10>MA20>MA60; 60日趋势强度不足
2026-08-10,002567.SZ,,rejected_signal,,16.343626,,1.02408135,,未满足 MA5>MA10>MA20>MA60; 60日趋势强度不足
2026-08-10,002568.SZ,,selected_signal,10,56.707298,0.89655173,1.10396039,0.86666667,quality_momentum 横截面排名进入 Top20
2026-08-10,002569.SZ,,rejected_universe,,1.909447,,0.84748322,,不在当日动态股票池(停牌/未上市/已退市/当前ST代理过滤)
2026-08-10,002570.SZ,,rejected_signal,,29.419249,,0.97928548,,未满足 MA5>MA10>MA20>MA60; 60日趋势强度不足
2026-08-10,002571.SZ,,rejected_signal,,14.439268,,0.9353658,,未满足 MA5>MA10>MA20>MA60; 60日趋势强度不足
2026-08-10,002572.SZ,,rejected_signal,,20.710859,,1.02557647,,未满足 MA5>MA10>MA20>MA60; 60日趋势强度不足
2026-08-10,002573.SZ,,rejected_signal,,16.912544,,1.02102745,,未满足 MA5>MA10>MA20>MA60; 60日趋势强度不足; 20日平均成交额不足
2026-08-10,002574.SZ,,rejected_signal,,25.497107,,0.98913008,,未满足 MA5>MA10>MA20>MA60; 60日趋势强度不足
2026-08-10,002575.SZ,,rejected_signal,,17.738646,,0.92944831,,未满足 MA5>MA10>MA20>MA60; 60日趋势强度不足
2026-08-10,002576.SZ,,rejected_signal,,14.479377,,0.96148604,,未满足 MA5>MA10>MA20>MA60; 60日趋势强度不足
2026-08-10,002577.SZ,,rejected_signal,,13.323511,,0.97802687,,未满足 MA5>MA10>MA20>MA60; 60日趋势强度不足
2026-08-10,002578.SZ,,rejected_signal,,14.229497,,0.88742405,,未满足 MA5>MA10>MA20>MA60; 60日趋势强度不足
2026-08-10,002579.SZ,,rejected_signal,,8.63798,,0.54511571,,未满足 MA5>MA10>MA20>MA60; 20日动量低于门槛; 20日年化波动过高
2026-08-10,002580.SZ,,rejected_signal,,13.724173,,0.89098078,,未满足 MA5>MA10>MA20>MA60; 60日趋势强度不足; 偏离MA20过远，追高风险
2026-08-10,002581.SZ,,rejected_universe,,14.966718,,0.91749114,,不在当日动态股票池(停牌/未上市/已退市/当前ST代理过滤)
2026-08-10,002582.SZ,,rejected_signal,,47.281517,,1.04820943,,60日趋势强度不足
2026-08-10,002583.SZ,,rejected_signal,,15.227773,,1.01750195,,未满足 MA5>MA10>MA20>MA60; 60日趋势强度不足
2026-08-10,002584.SZ,,rejected_signal,,6.957678,,0.8717013,,未满足 MA5>MA10>MA20>MA60; 60日趋势强度不足
2026-08-10,002585.SZ,,rejected_signal,,8.326247,,0.80871665,,未满足 MA5>MA10>MA20>MA60
2026-08-10,002586.SZ,,rejected_universe,,1.860722,,0.88980842,,不在当日动态股票池(停牌/未上市/已退市/当前ST代理过滤)
2026-08-10,002587.SZ,,rejected_signal,,9.55371,,0.84295791,,未满足 MA5>MA10>MA20>MA60; 60日趋势强度不足
2026-08-10,002588.SZ,,rejected_signal,,30.116957,,1.03789783,,未满足 MA5>MA10>MA20>MA60; 60日趋势强度不足
2026-08-10,002589.SZ,,rejected_signal,,24.755394,,1.01384485,,偏离MA20过远，追高风险
2026-08-10,002590.SZ,,rejected_signal,,5.477587,,0.92122442,,未满足 MA5>MA10>MA20>MA60; 60日趋势强度不足
2026-08-10,002591.SZ,,rejected_signal,,6.955425,,0.88642401,,未满足 MA5>MA10>MA20>MA60; 60日趋势强度不足
2026-08-10,002592.SZ,,rejected_universe,,0.0,,0.92858887,,不在当日动态股票池(停牌/未上市/已退市/当前ST代理过滤)
2026-08-10,002593.SZ,,rejected_signal,,27.538494,,0.99533004,,未满足 MA5>MA10>MA20>MA60; 60日趋势强度不足
2026-08-10,002594.SZ,,rejected_signal,,19.089382,,1.04345417,,未满足 MA5>MA10>MA20>MA60; 收盘价低于MA20; 60日趋势强度不足
2026-08-10,002595.SZ,,rejected_signal,,44.491531,,1.05705798,,未满足 MA5>MA10>MA20>MA60; 60日趋势强度不足
2026-08-10,002596.SZ,,rejected_signal,,22.772684,,0.96910942,,未满足 MA5>MA10>MA20>MA60; 60日趋势强度不足
2026-08-10,002597.SZ,,rejected_signal,,8.623043,,1.02929902,,未满足 MA5>MA10>MA20>MA60; 20日动量低于门槛; 60日趋势强度不足
2026-08-10,002598.SZ,,rejected_universe,,6.071083,,0.97289455,,不在当日动态股票池(停牌/未上市/已退市/当前ST代理过滤)
2026-08-10,002599.SZ,,rejected_signal,,35.49654,,1.05465782,,60日趋势强度不足
2026-08-10,002600.SZ,,rejected_signal,,8.059183,,0.84893388,,未满足 MA5>MA10>MA20>MA60; 20日动量低于门槛; 60日趋势强度不足
2026-08-10,002601.SZ,,rejected_signal,,21.807318,,1.04532361,,未满足 MA5>MA10>MA20>MA60; 60日趋势强度不足
2026-08-10,002602.SZ,,rejected_signal,,10.288693,,0.99146241,,未满足 MA5>MA10>MA20>MA60; 20日动量低于门槛; 60日趋势强度不足
2026-08-10,002603.SZ,,rejected_signal,,24.756744,,1.05573225,,未满足 MA5>MA10>MA20>MA60; 20日动量低于门槛
2026-08-10,002605.SZ,,rejected_signal,,4.419444,,1.01327515,,未满足 MA5>MA10>MA20>MA60; 20日动量低于门槛; 60日趋势强度不足
2026-08-10,002606.SZ,,rejected_signal,,31.997343,,1.01913834,,未满足 MA5>MA10>MA20>MA60; 60日趋势强度不足
2026-08-10,002607.SZ,,rejected_signal,,30.612329,,1.01267815,,未满足 MA5>MA10>MA20>MA60; 60日趋势强度不足
2026-08-10,002608.SZ,,rejected_signal,,24.629147,,0.96677816,,未满足 MA5>MA10>MA20>MA60; 60日趋势强度不足
2026-08-10,002609.SZ,,rejected_signal,,25.874987,,1.01953566,,未满足 MA5>MA10>MA20>MA60; 60日趋势强度不足
2026-08-10,002610.SZ,,rejected_universe,,0.0,,0.0,,不在当日动态股票池(停牌/未上市/已退市/当前ST代理过滤)
2026-08-10,002611.SZ,,rejected_signal,,5.027025,,0.9677512,,未满足 MA5>MA10>MA20>MA60; 20日动量低于门槛; 60日趋势强度不足
2026-08-10,002612.SZ,,rejected_signal,,35.233681,,1.16666782,,20日涨幅过热; 偏离MA20过远，追高风险
2026-08-10,002613.SZ,,rejected_signal,,16.406166,,0.82623553,,未满足 MA5>MA10>MA20>MA60; 60日趋势强度不足
2026-08-10,002614.SZ,,rejected_signal,,22.152361,,1.00001872,,未满足 MA5>MA10>MA20>MA60; 60日趋势强度不足
2026-08-10,002615.SZ,,rejected_signal,,7.512987,,0.91957134,,未满足 MA5>MA10>MA20>MA60; 20日动量低于门槛; 60日趋势强度不足
2026-08-10,002616.SZ,,rejected_signal,,17.538385,,0.96885002,,未满足 MA5>MA10>MA20>MA60; 60日趋势强度不足
2026-08-10,002617.SZ,,rejected_signal,,7.71047,,0.74632955,,未满足 MA5>MA10>MA20>MA60; 20日动量低于门槛; 60日趋势强度不足
2026-08-10,002620.SZ,,rejected_universe,,0.0,,0.85127538,,不在当日动态股票池(停牌/未上市/已退市/当前ST代理过滤)
2026-08-10,002621.SZ,,rejected_universe,,0.0,,0.0,,不在当日动态股票池(停牌/未上市/已退市/当前ST代理过滤)
2026-08-10,002622.SZ,,rejected_signal,,25.792902,,0.99695706,,未满足 MA5>MA10>MA20>MA60; 60日趋势强度不足; 偏离MA20过远，追高风险
2026-08-10,002623.SZ,,rejected_signal,,17.67366,,0.9571197,,未满足 MA5>MA10>MA20>MA60; 60日趋势强度不足
2026-08-10,002624.SZ,,rejected_signal,,17.029984,,0.92234576,,未满足 MA5>MA10>MA20>MA60; 60日趋势强度不足
2026-08-10,002625.SZ,,rejected_signal,,24.783043,,0.93030238,,未满足 MA5>MA10>MA20>MA60; 60日趋势强度不足
2026-08-10,002626.SZ,,rejected_signal,,24.139988,,1.00019157,,未满足 MA5>MA10>MA20>MA60; 60日趋势强度不足
2026-08-10,002627.SZ,,rejected_signal,,28.780046,,1.02797318,,未满足 MA5>MA10>MA20>MA60; 60日趋势强度不足
2026-08-10,002628.SZ,,rejected_signal,,14.99996,,0.89750224,,未满足 MA5>MA10>MA20>MA60; 60日趋势强度不足
2026-08-10,002629.SZ,,rejected_signal,,12.919905,,1.00521874,,未满足 MA5>MA10>MA20>MA60; 60日趋势强度不足
2026-08-10,002630.SZ,,rejected_universe,,0.901298,,0.95463192,,不在当日动态股票池(停牌/未上市/已退市/当前ST代理过滤)
2026-08-10,002631.SZ,,rejected_signal,,6.104265,,0.72962683,,未满足 MA5>MA10>MA20>MA60; 偏离MA20过远，追高风险
2026-08-10,002632.SZ,,rejected_signal,,0.0,,0.85504687,,未满足 MA5>MA10>MA20>MA60; 20日动量低于门槛; 60日趋势强度不足
2026-08-10,002633.SZ,,rejected_signal,,10.46452,,0.8730396,,未满足 MA5>MA10>MA20>MA60; 60日趋势强度不足
2026-08-10,002634.SZ,,rejected_universe,,8.02914,,0.94195294,,不在当日动态股票池(停牌/未上市/已退市/当前ST代理过滤)
2026-08-10,002635.SZ,,rejected_signal,,3.97137,,0.78304517,,未满足 MA5>MA10>MA20>MA60; 20日动量低于门槛; 60日趋势强度不足
2026-08-10,002636.SZ,,rejected_signal,,16.850803,,0.471908,,未满足 MA5>MA10>MA20>MA60; 20日动量低于门槛; 20日年化波动过高
2026-08-10,002637.SZ,,rejected_signal,,11.270605,,0.95680571,,未满足 MA5>MA10>MA20>MA60; 60日趋势强度不足
2026-08-10,002638.SZ,,rejected_signal,,2.316773,,0.87637323,,未满足 MA5>MA10>MA20>MA60; 20日动量低于门槛; 60日趋势强度不足
2026-08-10,002639.SZ,,rejected_signal,,10.679345,,0.92357218,,未满足 MA5>MA10>MA20>MA60; 60日趋势强度不足
2026-08-10,002640.SZ,,rejected_signal,,34.481773,,1.00399196,,未满足 MA5>MA10>MA20>MA60; 60日趋势强度不足
2026-08-10,002641.SZ,,rejected_signal,,7.330426,,0.97971892,,未满足 MA5>MA10>MA20>MA60; 20日动量低于门槛; 60日趋势强度不足
2026-08-10,002642.SZ,,rejected_signal,,21.008408,,1.01240945,,未满足 MA5>MA10>MA20>MA60; 60日趋势强度不足
2026-08-10,002643.SZ,,rejected_signal,,4.639595,,0.78156567,,未满足 MA5>MA10>MA20>MA60; 20日动量低于门槛; 60日趋势强度不足
2026-08-10,002644.SZ,,rejected_signal,,31.171135,,1.03812599,,60日趋势强度不足
2026-08-10,002645.SZ,,rejected_signal,,7.813431,,0.57390648,,未满足 MA5>MA10>MA20>MA60; 20日动量低于门槛; 60日趋势强度不足
2026-08-10,002646.SZ,,rejected_signal,,22.62571,,1.01219356,,未满足 MA5>MA10>MA20>MA60; 60日趋势强度不足
2026-08-10,002647.SZ,,rejected_signal,,4.593317,,0.86484075,,未满足 MA5>MA10>MA20>MA60; 20日动量低于门槛; 60日趋势强度不足
2026-08-10,002648.SZ,,rejected_signal,,45.026405,,1.05252421,,60日趋势强度不足
2026-08-10,002649.SZ,,rejected_signal,,38.303173,,1.02422059,,20日涨幅过热; 偏离MA20过远，追高风险
2026-08-10,002650.SZ,,rejected_universe,,3.265975,,0.88982189,,不在当日动态股票池(停牌/未上市/已退市/当前ST代理过滤)
2026-08-10,002651.SZ,,rejected_signal,,28.200209,,1.02470028,,未满足 MA5>MA10>MA20>MA60; 60日趋势强度不足
2026-08-10,002652.SZ,,rejected_signal,,6.117044,,0.81581438,,未满足 MA5>MA10>MA20>MA60; 60日趋势强度不足
2026-08-10,002653.SZ,,rejected_signal,,42.998245,,0.98164803,,未满足 MA5>MA10>MA20>MA60
2026-08-10,002654.SZ,,rejected_signal,,6.895897,,0.67802244,,未满足 MA5>MA10>MA20>MA60; 20日动量低于门槛; 60日趋势强度不足
2026-08-10,002655.SZ,,rejected_signal,,3.09816,,0.49079764,,未满足 MA5>MA10>MA20>MA60; 20日动量低于门槛; 60日趋势强度不足; 20日年化波动过高
2026-08-10,002656.SZ,,rejected_signal,,1.903035,,0.95187056,,未满足 MA5>MA10>MA20>MA60; 60日趋势强度不足
2026-08-10,002657.SZ,,rejected_signal,,6.569637,,0.84568858,,未满足 MA5>MA10>MA20>MA60; 60日趋势强度不足
2026-08-10,002658.SZ,,rejected_signal,,16.754868,,0.93662977,,未满足 MA5>MA10>MA20>MA60; 60日趋势强度不足
2026-08-10,002659.SZ,,rejected_signal,,40.461555,,1.09915221,,60日趋势强度不足
2026-08-10,002660.SZ,,rejected_signal,,19.699032,,0.97083294,,未满足 MA5>MA10>MA20>MA60; 60日趋势强度不足
2026-08-10,002661.SZ,,rejected_signal,,21.161158,,1.02442777,,未满足 MA5>MA10>MA20>MA60; 60日趋势强度不足; 20日平均成交额不足
2026-08-10,002662.SZ,,rejected_signal,,8.213447,,0.94612259,,未满足 MA5>MA10>MA20>MA60; 60日趋势强度不足
2026-08-10,002663.SZ,,rejected_signal,,28.396866,,0.9619602,,未满足 MA5>MA10>MA20>MA60; 60日趋势强度不足
2026-08-10,002664.SZ,,rejected_signal,,8.473044,,0.89705503,,未满足 MA5>MA10>MA20>MA60; 20日动量低于门槛; 60日趋势强度不足
2026-08-10,002665.SZ,,rejected_universe,,0.0,,0.0,,不在当日动态股票池(停牌/未上市/已退市/当前ST代理过滤)
2026-08-10,002666.SZ,,rejected_signal,,21.281038,,0.98680127,,未满足 MA5>MA10>MA20>MA60; 60日趋势强度不足
2026-08-10,002667.SZ,,rejected_universe,,0.0,,0.78631544,,不在当日动态股票池(停牌/未上市/已退市/当前ST代理过滤)
2026-08-10,002668.SZ,,rejected_signal,,12.735451,,1.00461078,,20日动量低于门槛
2026-08-10,002669.SZ,,rejected_signal,,3.814024,,0.76237828,,未满足 MA5>MA10>MA20>MA60; 20日动量低于门槛; 60日趋势强度不足
2026-08-10,002670.SZ,,rejected_signal,,3.805441,,0.94120866,,未满足 MA5>MA10>MA20>MA60; 收盘价低于MA20; 20日动量低于门槛; 60日趋势强度不足
2026-08-10,002671.SZ,,rejected_signal,,13.468101,,0.97392088,,未满足 MA5>MA10>MA20>MA60; 60日趋势强度不足
2026-08-10,002672.SZ,,rejected_signal,,21.664896,,0.98875093,,未满足 MA5>MA10>MA20>MA60; 60日趋势强度不足
2026-08-10,002673.SZ,,rejected_signal,,13.966727,,1.03208506,,60日趋势强度不足
2026-08-10,002674.SZ,,rejected_signal,,17.660158,,1.03529072,,20日动量低于门槛; 偏离MA20过远，追高风险; 20日年化波动过高
2026-08-10,002675.SZ,,rejected_signal,,16.321022,,1.01979041,,20日动量低于门槛
2026-08-10,002676.SZ,,rejected_signal,,14.826306,,0.9725644,,未满足 MA5>MA10>MA20>MA60; 60日趋势强度不足
2026-08-10,002677.SZ,,rejected_signal,,27.616798,,1.06392777,,未满足 MA5>MA10>MA20>MA60; 60日趋势强度不足
2026-08-10,002678.SZ,,rejected_signal,,25.689522,,0.90675509,,未满足 MA5>MA10>MA20>MA60; 60日趋势强度不足
2026-08-10,002679.SZ,,rejected_signal,,32.539783,,1.0132637,,未满足 MA5>MA10>MA20>MA60; 60日趋势强度不足
2026-08-10,002681.SZ,,rejected_signal,,2.47613,,0.97823685,,未满足 MA5>MA10>MA20>MA60; 20日动量低于门槛; 60日趋势强度不足
2026-08-10,002682.SZ,,rejected_signal,,17.724354,,0.94886643,,未满足 MA5>MA10>MA20>MA60; 60日趋势强度不足
2026-08-10,002683.SZ,,rejected_signal,,14.716467,,0.9622941,,未满足 MA5>MA10>MA20>MA60; 60日趋势强度不足
2026-08-10,002685.SZ,,rejected_signal,,12.529542,,0.8113513,,未满足 MA5>MA10>MA20>MA60; 20日动量低于门槛; 60日趋势强度不足
2026-08-10,002686.SZ,,rejected_signal,,34.991425,,1.01378059,,未满足 MA5>MA10>MA20>MA60; 60日趋势强度不足
2026-08-10,002687.SZ,,rejected_signal,,24.10265,,1.01569295,,未满足 MA5>MA10>MA20>MA60; 20日动量低于门槛
2026-08-10,002688.SZ,,rejected_signal,,15.720707,,1.0014497,,未满足 MA5>MA10>MA20>MA60; 60日趋势强度不足
2026-08-10,002689.SZ,,rejected_universe,,8.971216,,0.94807351,,不在当日动态股票池(停牌/未上市/已退市/当前ST代理过滤)
2026-08-10,002690.SZ,,rejected_signal,,28.01762,,1.0568068,,未满足 MA5>MA10>MA20>MA60; 60日趋势强度不足
2026-08-10,002691.SZ,,rejected_universe,,5.149807,,0.93880141,,不在当日动态股票池(停牌/未上市/已退市/当前ST代理过滤)
2026-08-10,002692.SZ,,rejected_signal,,22.608747,,0.98306495,,未满足 MA5>MA10>MA20>MA60; 60日趋势强度不足
2026-08-10,002693.SZ,,rejected_signal,,12.942394,,0.93242991,,未满足 MA5>MA10>MA20>MA60; 20日动量低于门槛; 60日趋势强度不足
2026-08-10,002694.SZ,,rejected_universe,,14.105305,,0.96457541,,不在当日动态股票池(停牌/未上市/已退市/当前ST代理过滤)
2026-08-10,002695.SZ,,rejected_signal,,0.0,,1.00171673,,未满足 MA5>MA10>MA20>MA60; 60日趋势强度不足
2026-08-10,002696.SZ,,rejected_signal,,16.982203,,0.99002111,,未满足 MA5>MA10>MA20>MA60; 60日趋势强度不足
2026-08-10,002697.SZ,,rejected_signal,,28.215004,,1.03732586,,未满足 MA5>MA10>MA20>MA60; 60日趋势强度不足
2026-08-10,002698.SZ,,rejected_signal,,47.45649,,1.06265092,,60日趋势强度不足
2026-08-10,002699.SZ,,rejected_universe,,0.0,,0.0,,不在当日动态股票池(停牌/未上市/已退市/当前ST代理过滤)
2026-08-10,002700.SZ,,rejected_signal,,20.235106,,0.86225361,,未满足 MA5>MA10>MA20>MA60; 60日趋势强度不足
2026-08-10,002701.SZ,,rejected_signal,,23.934992,,1.04732859,,未满足 MA5>MA10>MA20>MA60; 60日趋势强度不足
2026-08-10,002702.SZ,,rejected_signal,,18.333162,,0.97455615,,未满足 MA5>MA10>MA20>MA60; 60日趋势强度不足
2026-08-10,002703.SZ,,rejected_signal,,25.022247,,0.95076299,,未满足 MA5>MA10>MA20>MA60; 60日趋势强度不足
2026-08-10,002705.SZ,,rejected_signal,,16.526291,,1.00867474,,未满足 MA5>MA10>MA20>MA60; 60日趋势强度不足
2026-08-10,002706.SZ,,rejected_signal,,4.170503,,0.83946604,,未满足 MA5>MA10>MA20>MA60; 收盘价低于MA20; 20日动量低于门槛; 60日趋势强度不足
2026-08-10,002707.SZ,,rejected_signal,,22.649963,,1.00936341,,未满足 MA5>MA10>MA20>MA60; 60日趋势强度不足
2026-08-10,002708.SZ,,rejected_signal,,8.743844,,0.78440881,,未满足 MA5>MA10>MA20>MA60; 60日趋势强度不足
2026-08-10,002709.SZ,,rejected_signal,,15.726683,,0.75101072,,未满足 MA5>MA10>MA20>MA60; 60日趋势强度不足
2026-08-10,002712.SZ,,rejected_signal,,32.549236,,1.0054574,,未满足 MA5>MA10>MA20>MA60; 60日趋势强度不足
2026-08-10,002713.SZ,,rejected_signal,,2.24022,,0.84219098,,未满足 MA5>MA10>MA20>MA60; 20日动量低于门槛; 60日趋势强度不足
2026-08-10,002714.SZ,,rejected_signal,,30.375803,,1.04524183,,未满足 MA5>MA10>MA20>MA60; 60日趋势强度不足
2026-08-10,002715.SZ,,rejected_signal,,6.851672,,0.91958791,,未满足 MA5>MA10>MA20>MA60; 20日动量低于门槛; 60日趋势强度不足
2026-08-10,002716.SZ,,rejected_signal,,23.374165,,0.92257869,,未满足 MA5>MA10>MA20>MA60; 60日趋势强度不足; 偏离MA20过远，追高风险
2026-08-10,002717.SZ,,rejected_universe,,7.244118,,1.0494045,,不在当日动态股票池(停牌/未上市/已退市/当前ST代理过滤)
2026-08-10,002718.SZ,,rejected_signal,,1.739992,,0.79802495,,未满足 MA5>MA10>MA20>MA60; 收盘价低于MA20; 20日动量低于门槛
2026-08-10,002719.SZ,,rejected_universe,,10.117958,,0.94634074,,不在当日动态股票池(停牌/未上市/已退市/当前ST代理过滤)
2026-08-10,002721.SZ,,rejected_signal,,35.982864,,0.99802196,,未满足 MA5>MA10>MA20>MA60; 60日趋势强度不足
2026-08-10,002722.SZ,,rejected_signal,,21.273663,,1.00610876,,未满足 MA5>MA10>MA20>MA60; 60日趋势强度不足
2026-08-10,002723.SZ,,rejected_signal,,7.769491,,0.81751317,,未满足 MA5>MA10>MA20>MA60; 20日动量低于门槛; 60日趋势强度不足
2026-08-10,002724.SZ,,rejected_signal,,42.158836,,1.04547536,,未满足 MA5>MA10>MA20>MA60; 60日趋势强度不足
2026-08-10,002725.SZ,,rejected_signal,,14.814827,,0.84510654,,未满足 MA5>MA10>MA20>MA60; 60日趋势强度不足
2026-08-10,002726.SZ,,rejected_universe,,47.931599,,1.29607511,,不在当日动态股票池(停牌/未上市/已退市/当前ST代理过滤)
2026-08-10,002727.SZ,,rejected_signal,,43.128937,,1.06515837,,未满足 MA5>MA10>MA20>MA60; 60日趋势强度不足
2026-08-10,002728.SZ,,rejected_signal,,17.442493,,1.00969172,,未满足 MA5>MA10>MA20>MA60; 20日动量低于门槛; 60日趋势强度不足
2026-08-10,002729.SZ,,rejected_signal,,10.212248,,0.88123387,,未满足 MA5>MA10>MA20>MA60; 60日趋势强度不足
2026-08-10,002730.SZ,,rejected_signal,,7.03861,,0.73215067,,未满足 MA5>MA10>MA20>MA60; 20日动量低于门槛; 60日趋势强度不足
2026-08-10,002731.SZ,,rejected_universe,,0.0,,1.93147802,,不在当日动态股票池(停牌/未上市/已退市/当前ST代理过滤)
2026-08-10,002732.SZ,,rejected_signal,,24.531307,,1.01240134,,未满足 MA5>MA10>MA20>MA60; 60日趋势强度不足
2026-08-10,002733.SZ,,rejected_signal,,5.394142,,0.63545442,,未满足 MA5>MA10>MA20>MA60; 20日动量低于门槛; 60日趋势强度不足
2026-08-10,002734.SZ,,rejected_signal,,6.747398,,0.81811535,,未满足 MA5>MA10>MA20>MA60; 60日趋势强度不足
2026-08-10,002735.SZ,,rejected_signal,,4.89033,,0.77476835,,未满足 MA5>MA10>MA20>MA60; 60日趋势强度不足
2026-08-10,002736.SZ,,rejected_signal,,8.812671,,1.02937269,,未满足 MA5>MA10>MA20>MA60; 收盘价低于MA20; 20日动量低于门槛; 60日趋势强度不足
2026-08-10,002737.SZ,,rejected_signal,,28.467957,,1.07607472,,未满足 MA5>MA10>MA20>MA60; 60日趋势强度不足
2026-08-10,002738.SZ,,rejected_signal,,12.488406,,0.81831741,,未满足 MA5>MA10>MA20>MA60; 60日趋势强度不足
2026-08-10,002739.SZ,,rejected_signal,,11.671541,,0.94171691,,未满足 MA5>MA10>MA20>MA60
2026-08-10,002741.SZ,,rejected_signal,,11.871006,,0.63683027,,未满足 MA5>MA10>MA20>MA60; 20日动量低于门槛
2026-08-10,002742.SZ,,rejected_signal,,19.800697,,0.96030992,,未满足 MA5>MA10>MA20>MA60; 60日趋势强度不足; 偏离MA20过远，追高风险
2026-08-10,002743.SZ,,rejected_signal,,14.841188,,0.92068207,,未满足 MA5>MA10>MA20>MA60; 60日趋势强度不足
2026-08-10,002745.SZ,,rejected_signal,,10.223886,,0.89329797,,未满足 MA5>MA10>MA20>MA60; 20日动量低于门槛
2026-08-10,002746.SZ,,rejected_rank,24,50.761009,0.73563218,1.08986354,0.71954024,"信号有效, 但综合排名未进入 Top20"
2026-08-10,002747.SZ,,rejected_signal,,14.65941,,0.88641882,,未满足 MA5>MA10>MA20>MA60; 20日动量低于门槛
2026-08-10,002748.SZ,,rejected_signal,,19.760263,,0.96015114,,未满足 MA5>MA10>MA20>MA60; 60日趋势强度不足
2026-08-10,002749.SZ,,rejected_signal,,29.441998,,1.02294898,,未满足 MA5>MA10>MA20>MA60; 60日趋势强度不足
2026-08-10,002750.SZ,,rejected_universe,,0.0,,0.0,,不在当日动态股票池(停牌/未上市/已退市/当前ST代理过滤)
2026-08-10,002752.SZ,,rejected_signal,,7.254603,,0.95031446,,未满足 MA5>MA10>MA20>MA60; 20日动量低于门槛; 60日趋势强度不足
2026-08-10,002753.SZ,,rejected_signal,,17.270496,,0.98365235,,未满足 MA5>MA10>MA20>MA60; 60日趋势强度不足; 20日平均成交额不足
2026-08-10,002755.SZ,,rejected_signal,,10.241129,,0.95984989,,未满足 MA5>MA10>MA20>MA60; 20日动量低于门槛; 60日趋势强度不足
2026-08-10,002756.SZ,,rejected_signal,,15.228239,,0.81888324,,未满足 MA5>MA10>MA20>MA60; 60日趋势强度不足
2026-08-10,002757.SZ,,rejected_signal,,6.02638,,0.82913703,,未满足 MA5>MA10>MA20>MA60; 60日趋势强度不足
2026-08-10,002758.SZ,,rejected_signal,,19.846148,,1.02054513,,未满足 MA5>MA10>MA20>MA60; 60日趋势强度不足
2026-08-10,002759.SZ,,rejected_universe,,0.0,,0.57461488,,不在当日动态股票池(停牌/未上市/已退市/当前ST代理过滤)
2026-08-10,002760.SZ,,rejected_signal,,14.156109,,0.92340481,,未满足 MA5>MA10>MA20>MA60; 60日趋势强度不足
2026-08-10,002761.SZ,,rejected_signal,,23.635162,,1.04257441,,未满足 MA5>MA10>MA20>MA60; 60日趋势强度不足
2026-08-10,002762.SZ,,rejected_signal,,30.280998,,1.06614983,,未满足 MA5>MA10>MA20>MA60; 60日趋势强度不足
2026-08-10,002763.SZ,,rejected_signal,,18.94208,,1.00277686,,未满足 MA5>MA10>MA20>MA60; 60日趋势强度不足
2026-08-10,002765.SZ,,rejected_signal,,3.33728,,0.92936522,,未满足 MA5>MA10>MA20>MA60; 20日动量低于门槛; 60日趋势强度不足
2026-08-10,002766.SZ,,rejected_signal,,32.82024,,0.96696621,,未满足 MA5>MA10>MA20>MA60; 60日趋势强度不足
2026-08-10,002767.SZ,,rejected_signal,,10.167856,,0.94523048,,未满足 MA5>MA10>MA20>MA60; 20日动量低于门槛; 60日趋势强度不足
2026-08-10,002768.SZ,,rejected_rank,59,43.366119,0.33333334,1.02660239,0.30574712,"信号有效, 但综合排名未进入 Top20"
2026-08-10,002769.SZ,,rejected_signal,,21.956911,,0.96017081,,未满足 MA5>MA10>MA20>MA60; 60日趋势强度不足
2026-08-10,002771.SZ,,rejected_signal,,5.596935,,0.89428163,,未满足 MA5>MA10>MA20>MA60; 60日趋势强度不足
2026-08-10,002772.SZ,,rejected_signal,,3.111113,,0.84746957,,未满足 MA5>MA10>MA20>MA60; 20日动量低于门槛; 60日趋势强度不足
2026-08-10,002773.SZ,,rejected_signal,,21.558043,,1.02152288,,未满足 MA5>MA10>MA20>MA60; 20日动量低于门槛
2026-08-10,002774.SZ,,rejected_signal,,48.998806,,1.02489495,,未满足 MA5>MA10>MA20>MA60
2026-08-10,002775.SZ,,rejected_signal,,27.490599,,1.03871942,,未满足 MA5>MA10>MA20>MA60; 60日趋势强度不足
2026-08-10,002777.SZ,,rejected_signal,,33.742393,,1.01266348,,未满足 MA5>MA10>MA20>MA60; 60日趋势强度不足
2026-08-10,002778.SZ,,rejected_signal,,7.682688,,0.90888005,,未满足 MA5>MA10>MA20>MA60; 60日趋势强度不足
2026-08-10,002779.SZ,,rejected_signal,,12.398071,,0.83001179,,未满足 MA5>MA10>MA20>MA60; 60日趋势强度不足; 偏离MA20过远，追高风险
2026-08-10,002780.SZ,,rejected_signal,,22.424273,,1.00047398,,未满足 MA5>MA10>MA20>MA60; 60日趋势强度不足
2026-08-10,002782.SZ,,rejected_signal,,9.323082,,0.64229095,,未满足 MA5>MA10>MA20>MA60; 20日动量低于门槛; 60日趋势强度不足
2026-08-10,002783.SZ,,rejected_signal,,15.953849,,0.99839145,,未满足 MA5>MA10>MA20>MA60; 60日趋势强度不足
2026-08-10,002785.SZ,,rejected_signal,,7.118386,,0.79835093,,未满足 MA5>MA10>MA20>MA60; 20日动量低于门槛; 60日趋势强度不足
2026-08-10,002786.SZ,,rejected_signal,,14.064879,,0.95490885,,未满足 MA5>MA10>MA20>MA60; 60日趋势强度不足
2026-08-10,002787.SZ,,rejected_signal,,0.0,,0.65963584,,未满足 MA5>MA10>MA20>MA60; 20日动量低于门槛; 60日趋势强度不足
2026-08-10,002788.SZ,,rejected_signal,,33.176731,,0.98186511,,未满足 MA5>MA10>MA20>MA60; 60日趋势强度不足
2026-08-10,002789.SZ,,rejected_universe,,1.457498,,0.87223691,,不在当日动态股票池(停牌/未上市/已退市/当前ST代理过滤)
2026-08-10,002790.SZ,,rejected_signal,,20.405655,,0.97240013,,未满足 MA5>MA10>MA20>MA60; 60日趋势强度不足; 20日平均成交额不足
2026-08-10,002791.SZ,,rejected_signal,,35.53648,,1.03853858,,未满足 MA5>MA10>MA20>MA60; 60日趋势强度不足
2026-08-10,002792.SZ,,rejected_signal,,2.906251,,0.66745234,,未满足 MA5>MA10>MA20>MA60; 60日趋势强度不足; 偏离MA20过远，追高风险; 20日年化波动过高
2026-08-10,002793.SZ,,rejected_signal,,57.095612,,1.0478425,,60日趋势强度不足
2026-08-10,002795.SZ,,rejected_signal,,11.464128,,0.87985826,,未满足 MA5>MA10>MA20>MA60; 60日趋势强度不足
2026-08-10,002796.SZ,,rejected_signal,,1.707669,,0.55104756,,未满足 MA5>MA10>MA20>MA60; 20日动量低于门槛; 60日趋势强度不足
2026-08-10,002797.SZ,,rejected_signal,,5.786184,,1.00214517,,未满足 MA5>MA10>MA20>MA60; 60日趋势强度不足
2026-08-10,002798.SZ,,rejected_signal,,21.170088,,0.87870216,,未满足 MA5>MA10>MA20>MA60; 60日趋势强度不足
2026-08-10,002799.SZ,,rejected_signal,,26.491821,,0.97690457,,未满足 MA5>MA10>MA20>MA60; 60日趋势强度不足
2026-08-10,002800.SZ,,rejected_signal,,23.756731,,0.91311485,,未满足 MA5>MA10>MA20>MA60; 60日趋势强度不足
2026-08-10,002801.SZ,,rejected_signal,,4.304064,,0.95825523,,未满足 MA5>MA10>MA20>MA60; 60日趋势强度不足
2026-08-10,002802.SZ,,rejected_signal,,27.933914,,0.95410228,,未满足 MA5>MA10>MA20>MA60; 60日趋势强度不足
2026-08-10,002803.SZ,,rejected_signal,,0.893979,,0.88835776,,未满足 MA5>MA10>MA20>MA60; 20日动量低于门槛; 60日趋势强度不足
2026-08-10,002805.SZ,,rejected_signal,,7.76239,,0.73405999,,未满足 MA5>MA10>MA20>MA60; 20日动量低于门槛; 60日趋势强度不足
2026-08-10,002806.SZ,,rejected_signal,,8.752484,,0.74708056,,未满足 MA5>MA10>MA20>MA60; 20日动量低于门槛; 60日趋势强度不足
2026-08-10,002807.SZ,,rejected_signal,,13.969482,,1.06200683,,未满足 MA5>MA10>MA20>MA60; 收盘价低于MA20; 20日动量低于门槛; 60日趋势强度不足
2026-08-10,002808.SZ,,rejected_universe,,0.0,,0.0,,不在当日动态股票池(停牌/未上市/已退市/当前ST代理过滤)
2026-08-10,002809.SZ,,rejected_signal,,23.180052,,0.96699834,,未满足 MA5>MA10>MA20>MA60; 60日趋势强度不足
2026-08-10,002810.SZ,,rejected_signal,,8.274523,,0.89277601,,未满足 MA5>MA10>MA20>MA60; 60日趋势强度不足
2026-08-10,002811.SZ,,rejected_signal,,3.035394,,0.89093405,,未满足 MA5>MA10>MA20>MA60; 20日动量低于门槛; 60日趋势强度不足
2026-08-10,002812.SZ,,rejected_signal,,20.718048,,0.86302304,,未满足 MA5>MA10>MA20>MA60; 60日趋势强度不足
2026-08-10,002813.SZ,,rejected_signal,,29.9221,,1.00805318,,未满足 MA5>MA10>MA20>MA60; 60日趋势强度不足
2026-08-10,002815.SZ,,rejected_signal,,4.029022,,0.69342124,,未满足 MA5>MA10>MA20>MA60; 20日动量低于门槛; 60日趋势强度不足
2026-08-10,002816.SZ,,rejected_universe,,0.907915,,0.93073547,,不在当日动态股票池(停牌/未上市/已退市/当前ST代理过滤)
2026-08-10,002817.SZ,,rejected_signal,,17.462864,,0.98283011,,未满足 MA5>MA10>MA20>MA60; 60日趋势强度不足
2026-08-10,002818.SZ,,rejected_signal,,13.534371,,0.9986214,,未满足 MA5>MA10>MA20>MA60; 60日趋势强度不足
2026-08-10,002819.SZ,,rejected_signal,,5.606749,,0.9515751,,未满足 MA5>MA10>MA20>MA60; 60日趋势强度不足
2026-08-10,002820.SZ,,rejected_signal,,21.655161,,0.99511909,,未满足 MA5>MA10>MA20>MA60; 60日趋势强度不足
2026-08-10,002821.SZ,,rejected_signal,,42.641171,,1.03657317,,未满足 MA5>MA10>MA20>MA60
2026-08-10,002822.SZ,,rejected_universe,,29.465004,,1.08098733,,不在当日动态股票池(停牌/未上市/已退市/当前ST代理过滤)
2026-08-10,002823.SZ,,rejected_signal,,6.186356,,0.86878324,,未满足 MA5>MA10>MA20>MA60; 60日趋势强度不足
2026-08-10,002824.SZ,,rejected_signal,,1.942947,,0.64183599,,未满足 MA5>MA10>MA20>MA60; 20日动量低于门槛; 60日趋势强度不足
2026-08-10,002825.SZ,,rejected_signal,,14.691231,,0.91291469,,未满足 MA5>MA10>MA20>MA60; 60日趋势强度不足; 20日平均成交额不足
2026-08-10,002826.SZ,,rejected_signal,,30.203411,,0.95838016,,未满足 MA5>MA10>MA20>MA60; 60日趋势强度不足
2026-08-10,002827.SZ,,rejected_signal,,23.292871,,1.5192697,,20日涨幅过热; 偏离MA20过远，追高风险
2026-08-10,002828.SZ,,rejected_signal,,50.26033,,1.21324837,,未满足 MA5>MA10>MA20>MA60
2026-08-10,002829.SZ,,rejected_signal,,18.776699,,0.97037208,,未满足 MA5>MA10>MA20>MA60; 60日趋势强度不足
2026-08-10,002830.SZ,,rejected_signal,,2.465816,,0.81219673,,未满足 MA5>MA10>MA20>MA60; 20日动量低于门槛; 60日趋势强度不足
2026-08-10,002831.SZ,,rejected_signal,,10.289064,,0.88227201,,未满足 MA5>MA10>MA20>MA60; 60日趋势强度不足
2026-08-10,002832.SZ,,selected_signal,8,58.700527,0.91954023,1.19396842,0.92873561,quality_momentum 横截面排名进入 Top20
2026-08-10,002833.SZ,,rejected_signal,,28.054464,,1.00188148,,未满足 MA5>MA10>MA20>MA60; 60日趋势强度不足
2026-08-10,002835.SZ,,rejected_signal,,15.638254,,0.99179369,,未满足 MA5>MA10>MA20>MA60; 60日趋势强度不足
2026-08-10,002836.SZ,,rejected_signal,,15.585105,,0.90399438,,未满足 MA5>MA10>MA20>MA60; 60日趋势强度不足; 20日平均成交额不足
2026-08-10,002837.SZ,,rejected_signal,,2.402819,,0.62005967,,未满足 MA5>MA10>MA20>MA60; 收盘价低于MA20; 20日动量低于门槛; 60日趋势强度不足
2026-08-10,002838.SZ,,rejected_signal,,0.531954,,0.77770209,,未满足 MA5>MA10>MA20>MA60; 收盘价低于MA20; 20日动量低于门槛; 60日趋势强度不足
2026-08-10,002839.SZ,,rejected_signal,,21.423445,,1.08526158,,未满足 MA5>MA10>MA20>MA60; 收盘价低于MA20; 60日趋势强度不足
2026-08-10,002840.SZ,,rejected_signal,,15.622637,,0.99382395,,未满足 MA5>MA10>MA20>MA60; 60日趋势强度不足
2026-08-10,002841.SZ,,rejected_signal,,41.965546,,1.13215792,,未满足 MA5>MA10>MA20>MA60; 20日动量低于门槛
2026-08-10,002842.SZ,,rejected_signal,,23.847237,,0.7103731,,未满足 MA5>MA10>MA20>MA60; 偏离MA20过远，追高风险
2026-08-10,002843.SZ,,rejected_signal,,0.153403,,0.70126671,,未满足 MA5>MA10>MA20>MA60; 收盘价低于MA20; 20日动量低于门槛; 60日趋势强度不足
2026-08-10,002845.SZ,,rejected_signal,,2.626746,,0.82317781,,未满足 MA5>MA10>MA20>MA60; 20日动量低于门槛; 60日趋势强度不足
2026-08-10,002846.SZ,,rejected_signal,,17.804398,,0.90729791,,未满足 MA5>MA10>MA20>MA60; 60日趋势强度不足
2026-08-10,002847.SZ,,rejected_signal,,34.811268,,1.03280938,,未满足 MA5>MA10>MA20>MA60; 60日趋势强度不足
2026-08-10,002848.SZ,,rejected_signal,,1.685171,,0.88895541,,未满足 MA5>MA10>MA20>MA60; 20日动量低于门槛; 60日趋势强度不足
2026-08-10,002849.SZ,,rejected_signal,,8.747609,,0.84069854,,未满足 MA5>MA10>MA20>MA60; 60日趋势强度不足
2026-08-10,002850.SZ,,rejected_signal,,4.705009,,0.96194249,,未满足 MA5>MA10>MA20>MA60; 20日动量低于门槛; 60日趋势强度不足
2026-08-10,002851.SZ,,rejected_signal,,2.830441,,0.63033301,,未满足 MA5>MA10>MA20>MA60; 收盘价低于MA20; 20日动量低于门槛; 60日趋势强度不足; 20日年化波动过高
2026-08-10,002852.SZ,,rejected_signal,,20.633133,,1.02232993,,未满足 MA5>MA10>MA20>MA60; 60日趋势强度不足
2026-08-10,002853.SZ,,rejected_signal,,0.0,,0.87568712,,未满足 MA5>MA10>MA20>MA60; 20日动量低于门槛; 60日趋势强度不足
2026-08-10,002855.SZ,,rejected_signal,,19.170929,,0.94690019,,未满足 MA5>MA10>MA20>MA60; 60日趋势强度不足
2026-08-10,002856.SZ,,rejected_universe,,0.0,,0.84655732,,不在当日动态股票池(停牌/未上市/已退市/当前ST代理过滤)
2026-08-10,002857.SZ,,rejected_signal,,12.339245,,0.91419804,,未满足 MA5>MA10>MA20>MA60; 60日趋势强度不足
2026-08-10,002858.SZ,,rejected_signal,,21.378487,,0.97512829,,未满足 MA5>MA10>MA20>MA60; 60日趋势强度不足
2026-08-10,002859.SZ,,rejected_signal,,12.845717,,0.63014656,,未满足 MA5>MA10>MA20>MA60; 20日动量低于门槛; 20日年化波动过高
2026-08-10,002860.SZ,,rejected_signal,,32.019814,,1.0287118,,未满足 MA5>MA10>MA20>MA60; 收盘价低于MA20; 20日动量低于门槛
2026-08-10,002861.SZ,,rejected_signal,,0.222548,,0.80195677,,未满足 MA5>MA10>MA20>MA60; 20日动量低于门槛; 60日趋势强度不足
2026-08-10,002862.SZ,,rejected_signal,,21.854887,,0.9266848,,未满足 MA5>MA10>MA20>MA60; 60日趋势强度不足
2026-08-10,002863.SZ,,rejected_signal,,17.839798,,0.97053909,,未满足 MA5>MA10>MA20>MA60; 60日趋势强度不足
2026-08-10,002864.SZ,,rejected_signal,,14.021863,,0.97267175,,未满足 MA5>MA10>MA20>MA60; 20日动量低于门槛; 60日趋势强度不足
2026-08-10,002865.SZ,,rejected_signal,,8.250098,,0.65706211,,未满足 MA5>MA10>MA20>MA60; 20日动量低于门槛; 60日趋势强度不足
2026-08-10,002866.SZ,,rejected_signal,,18.617456,,0.8785522,,未满足 MA5>MA10>MA20>MA60; 60日趋势强度不足
2026-08-10,002867.SZ,,rejected_rank,27,50.026577,0.7011494,1.10447299,0.71264368,"信号有效, 但综合排名未进入 Top20"
2026-08-10,002868.SZ,,rejected_signal,,5.890312,,0.84925508,,未满足 MA5>MA10>MA20>MA60; 20日动量低于门槛; 60日趋势强度不足
2026-08-10,002869.SZ,,rejected_signal,,14.022069,,0.93533224,,未满足 MA5>MA10>MA20>MA60; 60日趋势强度不足
2026-08-10,002870.SZ,,rejected_signal,,33.385025,,0.96085811,,未满足 MA5>MA10>MA20>MA60; 60日趋势强度不足
2026-08-10,002871.SZ,,rejected_signal,,0.0,,0.76787579,,未满足 MA5>MA10>MA20>MA60; 20日动量低于门槛; 60日趋势强度不足
2026-08-10,002872.SZ,,rejected_universe,,34.946056,,1.00505269,,不在当日动态股票池(停牌/未上市/已退市/当前ST代理过滤)
2026-08-10,002873.SZ,,rejected_signal,,16.007462,,0.96962571,,未满足 MA5>MA10>MA20>MA60; 60日趋势强度不足
2026-08-10,002875.SZ,,rejected_signal,,2.92491,,0.77110821,,未满足 MA5>MA10>MA20>MA60; 60日趋势强度不足
2026-08-10,002876.SZ,,rejected_signal,,4.326902,,0.86830628,,未满足 MA5>MA10>MA20>MA60; 20日动量低于门槛; 60日趋势强度不足
2026-08-10,002877.SZ,,rejected_signal,,15.482553,,0.95390958,,未满足 MA5>MA10>MA20>MA60; 60日趋势强度不足
2026-08-10,002878.SZ,,rejected_signal,,26.043055,,0.94504714,,未满足 MA5>MA10>MA20>MA60; 60日趋势强度不足
2026-08-10,002879.SZ,,rejected_signal,,29.346544,,1.17225611,,20日涨幅过热; 60日趋势强度不足
2026-08-10,002880.SZ,,rejected_signal,,3.471806,,0.91287643,,未满足 MA5>MA10>MA20>MA60; 20日动量低于门槛; 60日趋势强度不足
2026-08-10,002881.SZ,,rejected_signal,,1.303998,,0.89464998,,未满足 MA5>MA10>MA20>MA60; 收盘价低于MA20; 20日动量低于门槛; 60日趋势强度不足
2026-08-10,002882.SZ,,rejected_signal,,32.538994,,1.1647253,,未满足 MA5>MA10>MA20>MA60; 20日涨幅过热; 60日趋势强度不足; 偏离MA20过远，追高风险
2026-08-10,002883.SZ,,rejected_universe,,2.148009,,0.97181875,,不在当日动态股票池(停牌/未上市/已退市/当前ST代理过滤)
2026-08-10,002884.SZ,,rejected_signal,,15.569284,,1.01950181,,未满足 MA5>MA10>MA20>MA60; 60日趋势强度不足
2026-08-10,002885.SZ,,rejected_signal,,0.0,,0.49731159,,未满足 MA5>MA10>MA20>MA60; 60日趋势强度不足; 偏离MA20过远，追高风险
2026-08-10,002886.SZ,,rejected_signal,,2.484732,,0.6708253,,未满足 MA5>MA10>MA20>MA60; 20日动量低于门槛; 60日趋势强度不足
2026-08-10,002887.SZ,,rejected_signal,,12.718922,,0.82228386,,未满足 MA5>MA10>MA20>MA60; 60日趋势强度不足
2026-08-10,002888.SZ,,rejected_signal,,4.152919,,0.81024575,,未满足 MA5>MA10>MA20>MA60; 60日趋势强度不足
2026-08-10,002889.SZ,,rejected_signal,,28.273121,,1.0259335,,未满足 MA5>MA10>MA20>MA60; 60日趋势强度不足
2026-08-10,002890.SZ,,rejected_signal,,11.547372,,0.90370059,,未满足 MA5>MA10>MA20>MA60; 60日趋势强度不足
2026-08-10,002891.SZ,,rejected_signal,,50.655357,,1.11018503,,未满足 MA5>MA10>MA20>MA60; 60日趋势强度不足
2026-08-10,002892.SZ,,rejected_signal,,12.699681,,0.9876889,,未满足 MA5>MA10>MA20>MA60; 60日趋势强度不足
2026-08-10,002893.SZ,,rejected_signal,,16.047462,,0.95780343,,未满足 MA5>MA10>MA20>MA60; 60日趋势强度不足
2026-08-10,002895.SZ,,rejected_signal,,41.533829,,1.0649873,,未满足 MA5>MA10>MA20>MA60
2026-08-10,002896.SZ,,rejected_signal,,19.415192,,0.94121104,,未满足 MA5>MA10>MA20>MA60; 60日趋势强度不足
2026-08-10,002897.SZ,,rejected_signal,,0.382535,,0.61082238,,未满足 MA5>MA10>MA20>MA60; 收盘价低于MA20; 20日动量低于门槛; 60日趋势强度不足
2026-08-10,002898.SZ,,rejected_universe,,0.0,,0.0,,不在当日动态股票池(停牌/未上市/已退市/当前ST代理过滤)
2026-08-10,002899.SZ,,rejected_signal,,2.927074,,0.82654572,,未满足 MA5>MA10>MA20>MA60; 60日趋势强度不足
2026-08-10,002900.SZ,,rejected_signal,,35.448219,,1.07582271,,20日涨幅过热; 偏离MA20过远，追高风险; 20日年化波动过高
2026-08-10,002901.SZ,,rejected_signal,,18.663469,,1.0041436,,未满足 MA5>MA10>MA20>MA60; 收盘价低于MA20; 20日动量低于门槛
2026-08-10,002902.SZ,,rejected_signal,,2.301504,,0.7765885,,未满足 MA5>MA10>MA20>MA60; 20日动量低于门槛; 60日趋势强度不足
2026-08-10,002903.SZ,,rejected_signal,,3.863531,,0.52045512,,未满足 MA5>MA10>MA20>MA60; 20日动量低于门槛; 60日趋势强度不足
2026-08-10,002905.SZ,,rejected_signal,,31.096918,,0.99205971,,未满足 MA5>MA10>MA20>MA60; 60日趋势强度不足
2026-08-10,002906.SZ,,rejected_signal,,18.027115,,0.97585434,,未满足 MA5>MA10>MA20>MA60; 60日趋势强度不足
2026-08-10,002907.SZ,,rejected_signal,,18.03474,,0.99487829,,未满足 MA5>MA10>MA20>MA60; 20日动量低于门槛
2026-08-10,002908.SZ,,rejected_signal,,31.320551,,0.97634137,,未满足 MA5>MA10>MA20>MA60; 60日趋势强度不足
2026-08-10,002909.SZ,,rejected_signal,,19.205246,,0.9319784,,未满足 MA5>MA10>MA20>MA60; 60日趋势强度不足
2026-08-10,002910.SZ,,rejected_signal,,3.371524,,0.85598719,,未满足 MA5>MA10>MA20>MA60; 20日动量低于门槛; 60日趋势强度不足
2026-08-10,002911.SZ,,rejected_signal,,29.293373,,1.08059335,,未满足 MA5>MA10>MA20>MA60; 60日趋势强度不足
2026-08-10,002912.SZ,,rejected_signal,,35.370682,,0.96809995,,未满足 MA5>MA10>MA20>MA60; 60日趋势强度不足
2026-08-10,002913.SZ,,rejected_signal,,11.180674,,0.67731202,,未满足 MA5>MA10>MA20>MA60; 偏离MA20过远，追高风险; 20日年化波动过高
2026-08-10,002915.SZ,,rejected_signal,,19.853895,,0.84040725,,未满足 MA5>MA10>MA20>MA60; 60日趋势强度不足
2026-08-10,002916.SZ,,rejected_signal,,10.828485,,0.7379123,,未满足 MA5>MA10>MA20>MA60; 20日动量低于门槛
2026-08-10,002917.SZ,,rejected_signal,,24.686052,,0.92104709,,未满足 MA5>MA10>MA20>MA60; 60日趋势强度不足
2026-08-10,002918.SZ,,rejected_signal,,25.401455,,0.86198765,,未满足 MA5>MA10>MA20>MA60; 60日趋势强度不足
2026-08-10,002919.SZ,,rejected_signal,,7.084203,,0.84398079,,未满足 MA5>MA10>MA20>MA60; 60日趋势强度不足
2026-08-10,002920.SZ,,rejected_signal,,30.865456,,1.03088105,,未满足 MA5>MA10>MA20>MA60; 60日趋势强度不足
2026-08-10,002921.SZ,,rejected_signal,,0.0,,0.796848,,未满足 MA5>MA10>MA20>MA60; 20日动量低于门槛; 60日趋势强度不足
2026-08-10,002922.SZ,,rejected_signal,,14.652102,,0.71460009,,未满足 MA5>MA10>MA20>MA60; 20日动量低于门槛; 60日趋势强度不足
2026-08-10,002923.SZ,,rejected_signal,,21.543686,,0.98841202,,未满足 MA5>MA10>MA20>MA60; 20日动量低于门槛; 60日趋势强度不足
2026-08-10,002925.SZ,,rejected_signal,,29.460016,,1.00199592,,未满足 MA5>MA10>MA20>MA60
2026-08-10,002926.SZ,,rejected_signal,,10.376361,,1.03436542,,未满足 MA5>MA10>MA20>MA60; 收盘价低于MA20; 20日动量低于门槛; 60日趋势强度不足
2026-08-10,002927.SZ,,rejected_signal,,8.039815,,0.79363966,,未满足 MA5>MA10>MA20>MA60; 20日动量低于门槛; 60日趋势强度不足
2026-08-10,002928.SZ,,rejected_signal,,9.626652,,0.97735739,,未满足 MA5>MA10>MA20>MA60; 60日趋势强度不足
2026-08-10,002929.SZ,,rejected_signal,,2.546767,,0.73820114,,未满足 MA5>MA10>MA20>MA60; 20日动量低于门槛; 60日趋势强度不足
2026-08-10,002930.SZ,,rejected_signal,,10.415326,,0.87920189,,未满足 MA5>MA10>MA20>MA60; 60日趋势强度不足
2026-08-10,002931.SZ,,rejected_signal,,2.29976,,0.76733851,,未满足 MA5>MA10>MA20>MA60; 20日动量低于门槛; 60日趋势强度不足
2026-08-10,002932.SZ,,rejected_universe,,18.067715,,0.99291742,,不在当日动态股票池(停牌/未上市/已退市/当前ST代理过滤)
2026-08-10,002933.SZ,,rejected_signal,,20.796127,,0.94023305,,未满足 MA5>MA10>MA20>MA60; 60日趋势强度不足
2026-08-10,002935.SZ,,rejected_signal,,0.493855,,0.79392797,,未满足 MA5>MA10>MA20>MA60; 20日动量低于门槛; 60日趋势强度不足
2026-08-10,002936.SZ,,rejected_signal,,15.758255,,1.06221485,,未满足 MA5>MA10>MA20>MA60; 收盘价低于MA20; 60日趋势强度不足
2026-08-10,002937.SZ,,rejected_signal,,0.0,,0.66273427,,未满足 MA5>MA10>MA20>MA60; 收盘价低于MA20; 20日动量低于门槛; 60日趋势强度不足
2026-08-10,002938.SZ,,rejected_signal,,11.167921,,0.76895982,,未满足 MA5>MA10>MA20>MA60; 20日动量低于门槛
2026-08-10,002939.SZ,,rejected_signal,,9.797301,,1.00866377,,未满足 MA5>MA10>MA20>MA60; 60日趋势强度不足
2026-08-10,002940.SZ,,rejected_signal,,10.728295,,0.82098389,,未满足 MA5>MA10>MA20>MA60; 20日动量低于门槛; 60日趋势强度不足
2026-08-10,002941.SZ,,rejected_signal,,32.400799,,1.03465009,,未满足 MA5>MA10>MA20>MA60; 60日趋势强度不足
2026-08-10,002942.SZ,,rejected_signal,,19.905127,,0.96840847,,未满足 MA5>MA10>MA20>MA60; 60日趋势强度不足; 20日平均成交额不足
2026-08-10,002943.SZ,,rejected_signal,,3.107068,,0.46636191,,未满足 MA5>MA10>MA20>MA60; 20日动量低于门槛; 60日趋势强度不足
2026-08-10,002945.SZ,,rejected_signal,,41.602512,,1.06491828,,未满足 MA5>MA10>MA20>MA60; 60日趋势强度不足
2026-08-10,002946.SZ,,rejected_signal,,45.520298,,1.10164416,,未满足 MA5>MA10>MA20>MA60; 60日趋势强度不足
2026-08-10,002947.SZ,,rejected_signal,,3.630643,,0.6611647,,未满足 MA5>MA10>MA20>MA60; 20日动量低于门槛; 60日趋势强度不足
2026-08-10,002948.SZ,,rejected_signal,,22.877375,,1.06661463,,未满足 MA5>MA10>MA20>MA60
2026-08-10,002949.SZ,,rejected_signal,,11.481547,,0.94417167,,未满足 MA5>MA10>MA20>MA60; 60日趋势强度不足
2026-08-10,002950.SZ,,rejected_signal,,23.428024,,0.99303335,,未满足 MA5>MA10>MA20>MA60; 60日趋势强度不足
2026-08-10,002951.SZ,,rejected_signal,,15.96452,,0.8582769,,未满足 MA5>MA10>MA20>MA60; 60日趋势强度不足; 偏离MA20过远，追高风险
2026-08-10,002952.SZ,,rejected_signal,,9.694247,,0.82669777,,未满足 MA5>MA10>MA20>MA60; 60日趋势强度不足
2026-08-10,002953.SZ,,rejected_signal,,29.826174,,1.00933409,,未满足 MA5>MA10>MA20>MA60; 60日趋势强度不足
2026-08-10,002955.SZ,,rejected_rank,65,42.004402,0.26436782,1.02797985,0.25747126,"信号有效, 但综合排名未进入 Top20"
2026-08-10,002956.SZ,,rejected_signal,,4.752376,,0.87606764,,未满足 MA5>MA10>MA20>MA60; 20日动量低于门槛; 60日趋势强度不足
2026-08-10,002957.SZ,,rejected_signal,,11.437748,,0.58765501,,未满足 MA5>MA10>MA20>MA60; 20日动量低于门槛; 60日趋势强度不足; 20日年化波动过高
2026-08-10,002958.SZ,,rejected_signal,,33.297836,,1.12773228,,未满足 MA5>MA10>MA20>MA60; 收盘价低于MA20
2026-08-10,002959.SZ,,rejected_signal,,23.638704,,1.00851345,,未满足 MA5>MA10>MA20>MA60; 60日趋势强度不足
2026-08-10,002960.SZ,,rejected_signal,,6.32317,,0.97583473,,未满足 MA5>MA10>MA20>MA60; 20日动量低于门槛; 60日趋势强度不足
2026-08-10,002961.SZ,,rejected_signal,,12.721822,,0.98266011,,未满足 MA5>MA10>MA20>MA60; 60日趋势强度不足
2026-08-10,002962.SZ,,rejected_signal,,3.962327,,0.71177518,,未满足 MA5>MA10>MA20>MA60; 20日动量低于门槛; 60日趋势强度不足
2026-08-10,002963.SZ,,rejected_signal,,8.377854,,0.77038997,,未满足 MA5>MA10>MA20>MA60; 20日动量低于门槛; 60日趋势强度不足; 偏离MA20过远，追高风险; 20日年化波动过高
2026-08-10,002965.SZ,,rejected_signal,,3.015924,,0.61123723,,未满足 MA5>MA10>MA20>MA60; 收盘价低于MA20; 20日动量低于门槛; 60日趋势强度不足
2026-08-10,002966.SZ,,rejected_signal,,34.779297,,1.07940567,,未满足 MA5>MA10>MA20>MA60; 60日趋势强度不足
2026-08-10,002967.SZ,,rejected_signal,,12.640786,,0.93330532,,未满足 MA5>MA10>MA20>MA60; 20日动量低于门槛; 60日趋势强度不足
2026-08-10,002968.SZ,,rejected_signal,,16.760433,,0.96809983,,未满足 MA5>MA10>MA20>MA60; 60日趋势强度不足
2026-08-10,002969.SZ,,rejected_signal,,10.554298,,0.94219077,,未满足 MA5>MA10>MA20>MA60; 60日趋势强度不足; 偏离MA20过远，追高风险
2026-08-10,002970.SZ,,rejected_signal,,4.807963,,0.81390876,,未满足 MA5>MA10>MA20>MA60; 20日动量低于门槛; 60日趋势强度不足
2026-08-10,002971.SZ,,rejected_signal,,2.309863,,0.56179112,,未满足 MA5>MA10>MA20>MA60; 20日动量低于门槛
2026-08-10,002972.SZ,,rejected_signal,,2.006376,,0.80883747,,未满足 MA5>MA10>MA20>MA60; 20日动量低于门槛
2026-08-10,002973.SZ,,rejected_signal,,15.17407,,0.78759289,,未满足 MA5>MA10>MA20>MA60; 60日趋势强度不足; 偏离MA20过远，追高风险
2026-08-10,002975.SZ,,rejected_signal,,6.91774,,0.42209926,,未满足 MA5>MA10>MA20>MA60; 20日动量低于门槛; 60日趋势强度不足; 20日年化波动过高
2026-08-10,002976.SZ,,rejected_signal,,3.708223,,0.76231647,,未满足 MA5>MA10>MA20>MA60; 20日动量低于门槛; 60日趋势强度不足
2026-08-10,002977.SZ,,rejected_universe,,1.101797,,0.88381636,,不在当日动态股票池(停牌/未上市/已退市/当前ST代理过滤)
2026-08-10,002978.SZ,,rejected_signal,,24.369509,,1.00619662,,未满足 MA5>MA10>MA20>MA60; 60日趋势强度不足
2026-08-10,002979.SZ,,rejected_signal,,12.073817,,0.97431242,,未满足 MA5>MA10>MA20>MA60; 20日动量低于门槛; 60日趋势强度不足
2026-08-10,002980.SZ,,rejected_signal,,0.744288,,0.48016348,,未满足 MA5>MA10>MA20>MA60; 20日动量低于门槛; 60日趋势强度不足; 20日年化波动过高
2026-08-10,002981.SZ,,rejected_signal,,22.924341,,0.99211383,,未满足 MA5>MA10>MA20>MA60; 60日趋势强度不足
2026-08-10,002982.SZ,,rejected_signal,,9.247693,,0.96878362,,未满足 MA5>MA10>MA20>MA60; 20日动量低于门槛; 60日趋势强度不足
2026-08-10,002983.SZ,,rejected_signal,,2.543279,,0.78680849,,未满足 MA5>MA10>MA20>MA60; 20日动量低于门槛; 60日趋势强度不足
2026-08-10,002984.SZ,,rejected_signal,,13.925052,,1.04644227,,未满足 MA5>MA10>MA20>MA60; 60日趋势强度不足
2026-08-10,002985.SZ,,rejected_signal,,11.919041,,0.9425782,,未满足 MA5>MA10>MA20>MA60; 60日趋势强度不足
2026-08-10,002986.SZ,,rejected_signal,,17.156033,,1.02099466,,未满足 MA5>MA10>MA20>MA60; 60日趋势强度不足
2026-08-10,002987.SZ,,rejected_signal,,36.126453,,1.05753505,,未满足 MA5>MA10>MA20>MA60; 60日趋势强度不足
2026-08-10,002988.SZ,,rejected_signal,,10.90478,,0.84230816,,未满足 MA5>MA10>MA20>MA60; 60日趋势强度不足
2026-08-10,002989.SZ,,rejected_signal,,0.0,,0.64225173,,未满足 MA5>MA10>MA20>MA60; 20日动量低于门槛; 60日趋势强度不足
2026-08-10,002990.SZ,,rejected_signal,,4.65272,,0.63346934,,未满足 MA5>MA10>MA20>MA60; 20日动量低于门槛; 60日趋势强度不足
2026-08-10,002991.SZ,,rejected_signal,,21.272678,,1.03477716,,未满足 MA5>MA10>MA20>MA60; 60日趋势强度不足
2026-08-10,002992.SZ,,rejected_signal,,3.669497,,0.76915461,,未满足 MA5>MA10>MA20>MA60; 20日动量低于门槛; 60日趋势强度不足
2026-08-10,002993.SZ,,rejected_signal,,3.286757,,0.55882776,,未满足 MA5>MA10>MA20>MA60; 收盘价低于MA20; 20日动量低于门槛; 60日趋势强度不足
2026-08-10,002995.SZ,,rejected_signal,,17.593628,,0.91956353,,未满足 MA5>MA10>MA20>MA60; 60日趋势强度不足
2026-08-10,002996.SZ,,rejected_signal,,16.949369,,0.98575515,,未满足 MA5>MA10>MA20>MA60; 60日趋势强度不足
2026-08-10,002997.SZ,,rejected_signal,,2.315516,,0.92417598,,未满足 MA5>MA10>MA20>MA60; 20日动量低于门槛; 60日趋势强度不足
2026-08-10,002998.SZ,,rejected_signal,,29.544413,,0.99460709,,未满足 MA5>MA10>MA20>MA60; 60日趋势强度不足
2026-08-10,002999.SZ,,rejected_signal,,22.146881,,0.99094117,,未满足 MA5>MA10>MA20>MA60; 60日趋势强度不足
2026-08-10,003000.SZ,,rejected_signal,,18.525064,,1.04980552,,未满足 MA5>MA10>MA20>MA60; 60日趋势强度不足
2026-08-10,003001.SZ,,rejected_signal,,31.914352,,1.21835256,,20日涨幅过热; 60日趋势强度不足; 20日年化波动过高
2026-08-10,003002.SZ,,rejected_signal,,11.172586,,0.85257882,,未满足 MA5>MA10>MA20>MA60; 60日趋势强度不足
2026-08-10,003003.SZ,,rejected_signal,,13.849751,,0.96710211,,未满足 MA5>MA10>MA20>MA60; 60日趋势强度不足
2026-08-10,003004.SZ,,rejected_signal,,3.011519,,0.9172762,,未满足 MA5>MA10>MA20>MA60; 20日动量低于门槛
2026-08-10,003005.SZ,,rejected_signal,,18.282957,,0.96223861,,未满足 MA5>MA10>MA20>MA60; 60日趋势强度不足
2026-08-10,003006.SZ,,rejected_signal,,22.968943,,1.01811564,,未满足 MA5>MA10>MA20>MA60; 60日趋势强度不足
2026-08-10,003007.SZ,,rejected_signal,,15.990871,,0.88059533,,未满足 MA5>MA10>MA20>MA60; 60日趋势强度不足
2026-08-10,003008.SZ,,rejected_signal,,20.041307,,0.98836774,,未满足 MA5>MA10>MA20>MA60; 60日趋势强度不足; 20日平均成交额不足
2026-08-10,003009.SZ,,rejected_signal,,9.189634,,0.8443495,,未满足 MA5>MA10>MA20>MA60; 20日动量低于门槛; 60日趋势强度不足
2026-08-10,003010.SZ,,rejected_signal,,42.55098,,1.04504454,,60日趋势强度不足
2026-08-10,003011.SZ,,rejected_signal,,19.173578,,0.93244594,,未满足 MA5>MA10>MA20>MA60; 60日趋势强度不足
2026-08-10,003012.SZ,,rejected_signal,,11.028857,,1.02372992,,未满足 MA5>MA10>MA20>MA60; 60日趋势强度不足
2026-08-10,003013.SZ,,selected_signal,3,62.191116,0.9770115,1.12223577,0.94482762,quality_momentum 横截面排名进入 Top20
2026-08-10,003015.SZ,,rejected_signal,,7.569336,,0.87805325,,未满足 MA5>MA10>MA20>MA60; 60日趋势强度不足
2026-08-10,003016.SZ,,rejected_signal,,28.451502,,0.99902064,,未满足 MA5>MA10>MA20>MA60; 60日趋势强度不足
2026-08-10,003017.SZ,,rejected_signal,,6.559111,,0.95256782,,未满足 MA5>MA10>MA20>MA60; 20日动量低于门槛; 60日趋势强度不足
2026-08-10,003018.SZ,,rejected_signal,,0.0,,0.57993728,,未满足 MA5>MA10>MA20>MA60; 收盘价低于MA20; 20日动量低于门槛; 60日趋势强度不足; 20日年化波动过高
2026-08-10,003019.SZ,,rejected_signal,,0.865208,,0.69471604,,未满足 MA5>MA10>MA20>MA60; 20日动量低于门槛; 60日趋势强度不足
2026-08-10,003020.SZ,,rejected_signal,,28.89263,,1.01985717,,未满足 MA5>MA10>MA20>MA60; 20日动量低于门槛; 60日趋势强度不足
2026-08-10,003021.SZ,,rejected_signal,,3.258679,,0.87763244,,未满足 MA5>MA10>MA20>MA60; 20日动量低于门槛; 60日趋势强度不足
2026-08-10,003022.SZ,,rejected_signal,,12.656614,,0.82691425,,未满足 MA5>MA10>MA20>MA60; 60日趋势强度不足
2026-08-10,003023.SZ,,rejected_signal,,19.777042,,0.93120766,,未满足 MA5>MA10>MA20>MA60; 60日趋势强度不足; 偏离MA20过远，追高风险
2026-08-10,003025.SZ,,rejected_signal,,8.375001,,0.84334576,,未满足 MA5>MA10>MA20>MA60; 20日动量低于门槛; 60日趋势强度不足
2026-08-10,003026.SZ,,rejected_signal,,1.779106,,0.73166209,,未满足 MA5>MA10>MA20>MA60; 20日动量低于门槛; 60日趋势强度不足
2026-08-10,003027.SZ,,rejected_signal,,16.539343,,0.85980707,,未满足 MA5>MA10>MA20>MA60; 60日趋势强度不足
2026-08-10,003028.SZ,,rejected_signal,,3.332466,,0.90853226,,未满足 MA5>MA10>MA20>MA60; 60日趋势强度不足; 20日平均成交额不足
2026-08-10,003029.SZ,,rejected_signal,,24.006596,,0.96673089,,未满足 MA5>MA10>MA20>MA60; 60日趋势强度不足
2026-08-10,003030.SZ,,rejected_signal,,1.409507,,0.90815181,,未满足 MA5>MA10>MA20>MA60; 20日动量低于门槛; 60日趋势强度不足
2026-08-10,003031.SZ,,rejected_signal,,5.035159,,0.56440133,,未满足 MA5>MA10>MA20>MA60; 20日动量低于门槛; 60日趋势强度不足
2026-08-10,003032.SZ,,rejected_signal,,37.523865,,1.58636749,,20日涨幅过热; 偏离MA20过远，追高风险
2026-08-10,003033.SZ,,rejected_signal,,14.328135,,0.95801997,,未满足 MA5>MA10>MA20>MA60; 收盘价低于MA20; 20日动量低于门槛
2026-08-10,003035.SZ,,rejected_signal,,14.426647,,0.94116253,,未满足 MA5>MA10>MA20>MA60; 60日趋势强度不足
2026-08-10,003036.SZ,,rejected_signal,,17.540403,,0.44464955,,未满足 MA5>MA10>MA20>MA60; 20日动量低于门槛; 20日年化波动过高
2026-08-10,003037.SZ,,rejected_signal,,9.696681,,0.92393333,,未满足 MA5>MA10>MA20>MA60; 60日趋势强度不足; 20日平均成交额不足
2026-08-10,003038.SZ,,rejected_signal,,10.910015,,0.93754917,,未满足 MA5>MA10>MA20>MA60; 60日趋势强度不足
2026-08-10,003039.SZ,,rejected_signal,,28.981968,,1.02496064,,未满足 MA5>MA10>MA20>MA60; 60日趋势强度不足
2026-08-10,003040.SZ,,rejected_signal,,34.224926,,0.95561045,,未满足 MA5>MA10>MA20>MA60; 60日趋势强度不足
2026-08-10,003041.SZ,,rejected_signal,,3.208956,,0.87449098,,未满足 MA5>MA10>MA20>MA60; 60日趋势强度不足
2026-08-10,003042.SZ,,rejected_signal,,16.229361,,0.96582818,,未满足 MA5>MA10>MA20>MA60; 60日趋势强度不足
2026-08-10,003043.SZ,,rejected_signal,,17.427942,,0.71472687,,未满足 MA5>MA10>MA20>MA60; 20日动量低于门槛; 20日年化波动过高
2026-08-10,003816.SZ,,rejected_signal,,8.946625,,1.01123226,,未满足 MA5>MA10>MA20>MA60; 收盘价低于MA20; 20日动量低于门槛; 60日趋势强度不足
2026-08-10,300001.SZ,,rejected_signal,,22.335114,,0.97928613,,未满足 MA5>MA10>MA20>MA60; 60日趋势强度不足
2026-08-10,300002.SZ,,rejected_signal,,31.152069,,1.07081223,,60日趋势强度不足
2026-08-10,300003.SZ,,rejected_signal,,30.171909,,1.0411669,,未满足 MA5>MA10>MA20>MA60; 60日趋势强度不足
2026-08-10,300004.SZ,,rejected_signal,,2.06798,,0.70034462,,未满足 MA5>MA10>MA20>MA60; 20日动量低于门槛; 60日趋势强度不足
2026-08-10,300005.SZ,,rejected_signal,,3.89642,,0.52176571,,未满足 MA5>MA10>MA20>MA60; 收盘价低于MA20; 20日动量低于门槛; 60日趋势强度不足; 20日年化波动过高
2026-08-10,300006.SZ,,rejected_signal,,26.953257,,0.97098005,,未满足 MA5>MA10>MA20>MA60; 60日趋势强度不足
2026-08-10,300007.SZ,,rejected_signal,,3.110633,,0.86039078,,未满足 MA5>MA10>MA20>MA60; 20日动量低于门槛; 60日趋势强度不足
2026-08-10,300008.SZ,,rejected_signal,,25.510088,,1.00201774,,未满足 MA5>MA10>MA20>MA60; 60日趋势强度不足
2026-08-10,300009.SZ,,rejected_signal,,23.170805,,1.03151608,,未满足 MA5>MA10>MA20>MA60; 20日动量低于门槛; 60日趋势强度不足
2026-08-10,300010.SZ,,rejected_universe,,17.296839,,0.94559032,,不在当日动态股票池(停牌/未上市/已退市/当前ST代理过滤)
2026-08-10,300011.SZ,,rejected_signal,,13.884512,,0.97723591,,未满足 MA5>MA10>MA20>MA60; 60日趋势强度不足; 20日平均成交额不足
2026-08-10,300012.SZ,,rejected_signal,,28.860003,,1.00506449,,未满足 MA5>MA10>MA20>MA60; 60日趋势强度不足
2026-08-10,300013.SZ,,rejected_signal,,11.040846,,0.90017647,,未满足 MA5>MA10>MA20>MA60; 60日趋势强度不足
2026-08-10,300014.SZ,,rejected_signal,,16.736599,,0.91782111,,未满足 MA5>MA10>MA20>MA60; 60日趋势强度不足
2026-08-10,300015.SZ,,rejected_signal,,37.12125,,1.04687154,,未满足 MA5>MA10>MA20>MA60; 60日趋势强度不足
2026-08-10,300016.SZ,,rejected_signal,,18.93248,,0.97795975,,未满足 MA5>MA10>MA20>MA60; 60日趋势强度不足
2026-08-10,300017.SZ,,rejected_signal,,17.085979,,0.94876611,,未满足 MA5>MA10>MA20>MA60; 20日动量低于门槛; 60日趋势强度不足
2026-08-10,300018.SZ,,rejected_signal,,1.540558,,0.91679627,,未满足 MA5>MA10>MA20>MA60; 20日动量低于门槛; 60日趋势强度不足
2026-08-10,300019.SZ,,rejected_signal,,2.143166,,0.87356341,,未满足 MA5>MA10>MA20>MA60; 20日动量低于门槛; 60日趋势强度不足
2026-08-10,300020.SZ,,rejected_universe,,27.699322,,1.05686927,,不在当日动态股票池(停牌/未上市/已退市/当前ST代理过滤)
2026-08-10,300021.SZ,,rejected_signal,,11.234132,,1.0029664,,未满足 MA5>MA10>MA20>MA60; 20日动量低于门槛; 60日趋势强度不足
2026-08-10,300022.SZ,,rejected_signal,,20.675396,,0.97788507,,未满足 MA5>MA10>MA20>MA60; 60日趋势强度不足
2026-08-10,300024.SZ,,rejected_signal,,7.552764,,0.97050983,,未满足 MA5>MA10>MA20>MA60; 60日趋势强度不足
2026-08-10,300025.SZ,,rejected_signal,,32.566029,,0.99521738,,未满足 MA5>MA10>MA20>MA60; 60日趋势强度不足
2026-08-10,300026.SZ,,rejected_signal,,28.126181,,1.065763,,20日动量低于门槛; 60日趋势强度不足
2026-08-10,300027.SZ,,rejected_universe,,24.850924,,1.05035007,,不在当日动态股票池(停牌/未上市/已退市/当前ST代理过滤)
2026-08-10,300029.SZ,,rejected_universe,,0.0,,0.0,,不在当日动态股票池(停牌/未上市/已退市/当前ST代理过滤)
2026-08-10,300030.SZ,,rejected_signal,,34.859665,,0.99715108,,未满足 MA5>MA10>MA20>MA60; 60日趋势强度不足
2026-08-10,300031.SZ,,rejected_signal,,5.998665,,0.79385775,,未满足 MA5>MA10>MA20>MA60; 60日趋势强度不足
2026-08-10,300032.SZ,,rejected_signal,,16.86083,,0.92280823,,未满足 MA5>MA10>MA20>MA60; 60日趋势强度不足
2026-08-10,300033.SZ,,rejected_signal,,27.99612,,1.0119195,,未满足 MA5>MA10>MA20>MA60; 60日趋势强度不足
2026-08-10,300034.SZ,,rejected_signal,,7.660993,,0.93654901,,未满足 MA5>MA10>MA20>MA60; 20日动量低于门槛; 60日趋势强度不足
2026-08-10,300035.SZ,,rejected_signal,,17.208391,,0.92389029,,未满足 MA5>MA10>MA20>MA60; 60日趋势强度不足
2026-08-10,300036.SZ,,rejected_signal,,15.43271,,0.99825984,,未满足 MA5>MA10>MA20>MA60; 60日趋势强度不足
2026-08-10,300037.SZ,,rejected_signal,,7.205416,,0.81956726,,未满足 MA5>MA10>MA20>MA60; 20日动量低于门槛
2026-08-10,300039.SZ,,selected_signal,15,54.811192,0.83908045,1.0841403,0.78850573,quality_momentum 横截面排名进入 Top20
2026-08-10,300040.SZ,,rejected_signal,,27.851969,,0.98430318,,未满足 MA5>MA10>MA20>MA60; 60日趋势强度不足; 20日年化波动过高
2026-08-10,300041.SZ,,rejected_signal,,4.452179,,0.79745573,,未满足 MA5>MA10>MA20>MA60; 20日动量低于门槛; 60日趋势强度不足
2026-08-10,300042.SZ,,rejected_signal,,4.351979,,0.63882285,,未满足 MA5>MA10>MA20>MA60; 收盘价低于MA20; 20日动量低于门槛; 60日趋势强度不足; 20日年化波动过高; 当日跳空幅度过大
2026-08-10,300043.SZ,,rejected_signal,,13.962428,,1.0315423,,20日动量低于门槛; 60日趋势强度不足
2026-08-10,300044.SZ,,rejected_universe,,0.387514,,0.94389069,,不在当日动态股票池(停牌/未上市/已退市/当前ST代理过滤)
2026-08-10,300045.SZ,,rejected_signal,,5.812966,,0.74047446,,未满足 MA5>MA10>MA20>MA60; 20日动量低于门槛; 60日趋势强度不足
2026-08-10,300046.SZ,,rejected_signal,,2.974044,,0.77345264,,未满足 MA5>MA10>MA20>MA60; 20日动量低于门槛; 60日趋势强度不足
2026-08-10,300047.SZ,,rejected_signal,,24.68531,,0.99980855,,未满足 MA5>MA10>MA20>MA60; 60日趋势强度不足
2026-08-10,300048.SZ,,rejected_signal,,32.867737,,1.05220711,,未满足 MA5>MA10>MA20>MA60; 60日趋势强度不足
2026-08-10,300049.SZ,,rejected_signal,,17.654142,,1.06293106,,未满足 MA5>MA10>MA20>MA60; 收盘价低于MA20; 20日动量低于门槛; 60日趋势强度不足
2026-08-10,300050.SZ,,rejected_signal,,16.697088,,0.87713003,,未满足 MA5>MA10>MA20>MA60; 60日趋势强度不足
2026-08-10,300051.SZ,,rejected_signal,,13.075778,,0.8154307,,未满足 MA5>MA10>MA20>MA60; 60日趋势强度不足
2026-08-10,300052.SZ,,rejected_signal,,4.33692,,0.82533991,,未满足 MA5>MA10>MA20>MA60; 60日趋势强度不足
2026-08-10,300053.SZ,,rejected_signal,,4.196332,,0.81441319,,未满足 MA5>MA10>MA20>MA60; 20日动量低于门槛; 60日趋势强度不足
2026-08-10,300054.SZ,,rejected_signal,,7.381843,,0.74257672,,未满足 MA5>MA10>MA20>MA60; 20日动量低于门槛; 20日年化波动过高
2026-08-10,300055.SZ,,rejected_signal,,15.55101,,0.82403135,,未满足 MA5>MA10>MA20>MA60; 60日趋势强度不足
2026-08-10,300056.SZ,,rejected_signal,,21.614643,,0.98335844,,未满足 MA5>MA10>MA20>MA60; 60日趋势强度不足
2026-08-10,300057.SZ,,rejected_signal,,7.438961,,0.77192807,,未满足 MA5>MA10>MA20>MA60; 20日动量低于门槛; 60日趋势强度不足
2026-08-10,300058.SZ,,rejected_signal,,31.360701,,1.01478934,,未满足 MA5>MA10>MA20>MA60; 60日趋势强度不足; 偏离MA20过远，追高风险
2026-08-10,300059.SZ,,rejected_signal,,12.747119,,1.01457286,,20日动量低于门槛; 60日趋势强度不足
2026-08-10,300061.SZ,,rejected_signal,,14.214336,,0.85990804,,未满足 MA5>MA10>MA20>MA60; 60日趋势强度不足
2026-08-10,300062.SZ,,rejected_signal,,19.406635,,1.06876695,,未满足 MA5>MA10>MA20>MA60; 20日涨幅过热; 60日趋势强度不足; 偏离MA20过远，追高风险; 20日年化波动过高
2026-08-10,300063.SZ,,rejected_signal,,26.530806,,0.98109305,,未满足 MA5>MA10>MA20>MA60; 60日趋势强度不足
2026-08-10,300065.SZ,,rejected_signal,,7.529168,,0.77127057,,未满足 MA5>MA10>MA20>MA60; 20日动量低于门槛; 60日趋势强度不足
2026-08-10,300066.SZ,,rejected_signal,,12.581364,,0.95653003,,未满足 MA5>MA10>MA20>MA60; 60日趋势强度不足
2026-08-10,300067.SZ,,rejected_signal,,26.717455,,1.01216877,,未满足 MA5>MA10>MA20>MA60; 60日趋势强度不足
2026-08-10,300068.SZ,,rejected_universe,,5.390654,,0.99204201,,不在当日动态股票池(停牌/未上市/已退市/当前ST代理过滤)
2026-08-10,300069.SZ,,rejected_signal,,0.067323,,0.69689941,,未满足 MA5>MA10>MA20>MA60; 收盘价低于MA20; 20日动量低于门槛
2026-08-10,300070.SZ,,rejected_signal,,13.498004,,1.04938865,,未满足 MA5>MA10>MA20>MA60; 20日动量低于门槛; 60日趋势强度不足
2026-08-10,300071.SZ,,rejected_signal,,29.48156,,1.0747726,,20日动量低于门槛; 60日趋势强度不足
2026-08-10,300072.SZ,,rejected_signal,,27.003929,,0.98785824,,未满足 MA5>MA10>MA20>MA60; 60日趋势强度不足
2026-08-10,300073.SZ,,rejected_signal,,8.977117,,0.86945778,,未满足 MA5>MA10>MA20>MA60; 60日趋势强度不足
2026-08-10,300074.SZ,,rejected_signal,,22.333755,,0.96895891,,未满足 MA5>MA10>MA20>MA60; 60日趋势强度不足
2026-08-10,300075.SZ,,rejected_signal,,20.781496,,1.00086367,,未满足 MA5>MA10>MA20>MA60; 60日趋势强度不足
2026-08-10,300076.SZ,,rejected_universe,,6.311613,,0.98015034,,不在当日动态股票池(停牌/未上市/已退市/当前ST代理过滤)
2026-08-10,300077.SZ,,rejected_signal,,1.654552,,0.65829939,,未满足 MA5>MA10>MA20>MA60; 20日动量低于门槛; 60日趋势强度不足
2026-08-10,300078.SZ,,rejected_signal,,27.267006,,0.95827192,,未满足 MA5>MA10>MA20>MA60; 60日趋势强度不足
2026-08-10,300079.SZ,,rejected_signal,,21.541796,,0.99509215,,未满足 MA5>MA10>MA20>MA60; 60日趋势强度不足
2026-08-10,300080.SZ,,rejected_signal,,18.92654,,1.0157752,,未满足 MA5>MA10>MA20>MA60; 60日趋势强度不足
2026-08-10,300081.SZ,,rejected_universe,,0.0,,0.84039962,,不在当日动态股票池(停牌/未上市/已退市/当前ST代理过滤)
2026-08-10,300082.SZ,,rejected_signal,,16.366125,,0.87291509,,未满足 MA5>MA10>MA20>MA60; 60日趋势强度不足
2026-08-10,300083.SZ,,rejected_signal,,33.921806,,0.89205301,,未满足 MA5>MA10>MA20>MA60; 偏离MA20过远，追高风险; 20日年化波动过高
2026-08-10,300084.SZ,,rejected_signal,,13.358725,,0.92025697,,未满足 MA5>MA10>MA20>MA60; 60日趋势强度不足
2026-08-10,300085.SZ,,rejected_signal,,8.03032,,0.90534425,,未满足 MA5>MA10>MA20>MA60; 60日趋势强度不足
2026-08-10,300086.SZ,,rejected_signal,,34.907887,,1.01398194,,未满足 MA5>MA10>MA20>MA60; 60日趋势强度不足
2026-08-10,300087.SZ,,rejected_universe,,18.22896,,0.85741758,,不在当日动态股票池(停牌/未上市/已退市/当前ST代理过滤)
2026-08-10,300088.SZ,,rejected_signal,,4.46428,,0.8074261,,未满足 MA5>MA10>MA20>MA60; 20日动量低于门槛
2026-08-10,300091.SZ,,rejected_universe,,4.603533,,0.92700756,,不在当日动态股票池(停牌/未上市/已退市/当前ST代理过滤)
2026-08-10,300092.SZ,,rejected_signal,,12.047184,,0.94223726,,未满足 MA5>MA10>MA20>MA60; 60日趋势强度不足
2026-08-10,300093.SZ,,rejected_signal,,36.856537,,1.08744729,,20日年化波动过高
2026-08-10,300094.SZ,,rejected_signal,,37.162567,,1.03077185,,未满足 MA5>MA10>MA20>MA60; 60日趋势强度不足
2026-08-10,300095.SZ,,rejected_signal,,8.870374,,0.94063127,,未满足 MA5>MA10>MA20>MA60; 20日动量低于门槛; 60日趋势强度不足
2026-08-10,300096.SZ,,rejected_universe,,8.122973,,0.92841303,,不在当日动态股票池(停牌/未上市/已退市/当前ST代理过滤)
2026-08-10,300097.SZ,,rejected_signal,,12.91749,,0.88151973,,未满足 MA5>MA10>MA20>MA60; 60日趋势强度不足
2026-08-10,300098.SZ,,rejected_signal,,16.815119,,0.96566999,,未满足 MA5>MA10>MA20>MA60; 60日趋势强度不足
2026-08-10,300099.SZ,,rejected_signal,,13.842755,,0.88364798,,未满足 MA5>MA10>MA20>MA60; 60日趋势强度不足
2026-08-10,300100.SZ,,rejected_signal,,3.62878,,0.83899105,,未满足 MA5>MA10>MA20>MA60; 20日动量低于门槛; 60日趋势强度不足
2026-08-10,300101.SZ,,rejected_signal,,3.540216,,0.92739475,,未满足 MA5>MA10>MA20>MA60; 20日动量低于门槛; 60日趋势强度不足
2026-08-10,300102.SZ,,rejected_signal,,4.569281,,0.77022904,,未满足 MA5>MA10>MA20>MA60; 20日动量低于门槛; 60日趋势强度不足
2026-08-10,300103.SZ,,rejected_signal,,11.088583,,0.84372491,,未满足 MA5>MA10>MA20>MA60; 60日趋势强度不足
2026-08-10,300105.SZ,,rejected_signal,,36.898304,,1.03960848,,未满足 MA5>MA10>MA20>MA60; 收盘价低于MA20; 20日年化波动过高
2026-08-10,300106.SZ,,rejected_signal,,9.182947,,0.82708287,,未满足 MA5>MA10>MA20>MA60; 60日趋势强度不足
2026-08-10,300107.SZ,,rejected_signal,,39.79615,,1.0461185,,未满足 MA5>MA10>MA20>MA60; 60日趋势强度不足
2026-08-10,300108.SZ,,rejected_universe,,0.0,,0.0,,不在当日动态股票池(停牌/未上市/已退市/当前ST代理过滤)
2026-08-10,300109.SZ,,rejected_signal,,15.150738,,0.88241309,,未满足 MA5>MA10>MA20>MA60; 60日趋势强度不足
2026-08-10,300110.SZ,,rejected_signal,,16.374868,,1.00566602,,60日趋势强度不足
2026-08-10,300111.SZ,,rejected_signal,,19.731102,,0.93322897,,未满足 MA5>MA10>MA20>MA60; 60日趋势强度不足
2026-08-10,300112.SZ,,rejected_signal,,22.910618,,1.18997121,,20日涨幅过热; 偏离MA20过远，追高风险
2026-08-10,300113.SZ,,rejected_signal,,10.656815,,0.95752805,,未满足 MA5>MA10>MA20>MA60; 60日趋势强度不足
2026-08-10,300115.SZ,,rejected_signal,,5.66772,,0.9157604,,未满足 MA5>MA10>MA20>MA60; 20日动量低于门槛; 60日趋势强度不足
2026-08-10,300116.SZ,,rejected_universe,,0.0,,0.0,,不在当日动态股票池(停牌/未上市/已退市/当前ST代理过滤)
2026-08-10,300117.SZ,,rejected_universe,,0.0,,0.0,,不在当日动态股票池(停牌/未上市/已退市/当前ST代理过滤)
2026-08-10,300118.SZ,,rejected_signal,,10.721486,,0.82732999,,未满足 MA5>MA10>MA20>MA60; 60日趋势强度不足
2026-08-10,300119.SZ,,rejected_rank,47,45.921497,0.47126436,1.07844913,0.48505747,"信号有效, 但综合排名未进入 Top20"
2026-08-10,300120.SZ,,rejected_signal,,8.051326,,0.79215908,,未满足 MA5>MA10>MA20>MA60; 20日动量低于门槛; 60日趋势强度不足
2026-08-10,300121.SZ,,rejected_signal,,7.505094,,0.81623036,,未满足 MA5>MA10>MA20>MA60; 20日动量低于门槛; 60日趋势强度不足
2026-08-10,300122.SZ,,rejected_signal,,37.800758,,1.03917801,,60日趋势强度不足
2026-08-10,300123.SZ,,rejected_universe,,48.234955,,1.0912627,,不在当日动态股票池(停牌/未上市/已退市/当前ST代理过滤)
2026-08-10,300124.SZ,,rejected_signal,,11.656884,,0.94276834,,未满足 MA5>MA10>MA20>MA60; 60日趋势强度不足
2026-08-10,300125.SZ,,rejected_rank,74,38.345684,0.16091955,1.0743103,0.22298852,"信号有效, 但综合排名未进入 Top20"
2026-08-10,300126.SZ,,rejected_signal,,16.83882,,0.96985734,,未满足 MA5>MA10>MA20>MA60; 60日趋势强度不足; 20日平均成交额不足
2026-08-10,300127.SZ,,rejected_signal,,18.883337,,0.86550242,,未满足 MA5>MA10>MA20>MA60; 60日趋势强度不足
2026-08-10,300128.SZ,,rejected_signal,,4.351246,,0.71485561,,未满足 MA5>MA10>MA20>MA60; 60日趋势强度不足
2026-08-10,300129.SZ,,rejected_signal,,8.561535,,0.88914758,,未满足 MA5>MA10>MA20>MA60; 60日趋势强度不足
2026-08-10,300130.SZ,,rejected_signal,,20.10553,,0.92544127,,未满足 MA5>MA10>MA20>MA60; 60日趋势强度不足
2026-08-10,300131.SZ,,rejected_signal,,6.548357,,0.70135027,,未满足 MA5>MA10>MA20>MA60; 20日动量低于门槛; 60日趋势强度不足; 20日年化波动过高
2026-08-10,300132.SZ,,rejected_signal,,33.085716,,1.01922071,,未满足 MA5>MA10>MA20>MA60; 60日趋势强度不足
2026-08-10,300133.SZ,,rejected_signal,,5.130651,,0.93961567,,未满足 MA5>MA10>MA20>MA60; 60日趋势强度不足
2026-08-10,300134.SZ,,rejected_signal,,20.669142,,0.87353235,,未满足 MA5>MA10>MA20>MA60; 60日趋势强度不足
2026-08-10,300135.SZ,,rejected_signal,,26.42713,,0.99008304,,未满足 MA5>MA10>MA20>MA60; 60日趋势强度不足
2026-08-10,300136.SZ,,rejected_signal,,5.66614,,0.53705496,,未满足 MA5>MA10>MA20>MA60; 20日动量低于门槛; 60日趋势强度不足
2026-08-10,300137.SZ,,rejected_signal,,0.0,,0.66480273,,未满足 MA5>MA10>MA20>MA60; 20日动量低于门槛; 60日趋势强度不足; 20日年化波动过高
2026-08-10,300138.SZ,,selected_signal,12,56.104523,0.87356323,1.13616014,0.87816095,quality_momentum 横截面排名进入 Top20
2026-08-10,300139.SZ,,rejected_signal,,33.259804,,0.93122965,,未满足 MA5>MA10>MA20>MA60; 20日涨幅过热; 60日趋势强度不足; 偏离MA20过远，追高风险
2026-08-10,300140.SZ,,rejected_signal,,24.280704,,1.02361083,,未满足 MA5>MA10>MA20>MA60; 60日趋势强度不足
2026-08-10,300141.SZ,,rejected_signal,,26.912165,,0.9960655,,未满足 MA5>MA10>MA20>MA60; 60日趋势强度不足
2026-08-10,300142.SZ,,rejected_signal,,13.251184,,0.9708122,,未满足 MA5>MA10>MA20>MA60; 20日动量低于门槛; 60日趋势强度不足
2026-08-10,300143.SZ,,rejected_signal,,38.067375,,1.01247644,,未满足 MA5>MA10>MA20>MA60; 60日趋势强度不足
2026-08-10,300144.SZ,,rejected_signal,,17.521683,,1.02204788,,未满足 MA5>MA10>MA20>MA60; 60日趋势强度不足
2026-08-10,300145.SZ,,rejected_signal,,4.756881,,0.85410541,,未满足 MA5>MA10>MA20>MA60; 收盘价低于MA20; 20日动量低于门槛; 60日趋势强度不足
2026-08-10,300146.SZ,,rejected_signal,,31.478357,,1.05308867,,未满足 MA5>MA10>MA20>MA60; 60日趋势强度不足
2026-08-10,300147.SZ,,rejected_universe,,0.0,,0.74961126,,不在当日动态股票池(停牌/未上市/已退市/当前ST代理过滤)
2026-08-10,300148.SZ,,rejected_signal,,30.141094,,1.01662731,,未满足 MA5>MA10>MA20>MA60; 60日趋势强度不足
2026-08-10,300149.SZ,,rejected_signal,,47.657715,,1.02074122,,未满足 MA5>MA10>MA20>MA60; 20日年化波动过高
2026-08-10,300150.SZ,,rejected_signal,,21.893503,,0.99305969,,未满足 MA5>MA10>MA20>MA60; 60日趋势强度不足; 20日平均成交额不足
2026-08-10,300151.SZ,,rejected_signal,,0.0,,0.58682019,,未满足 MA5>MA10>MA20>MA60; 20日动量低于门槛; 60日趋势强度不足; 20日年化波动过高
2026-08-10,300152.SZ,,rejected_universe,,7.615879,,0.90072966,,不在当日动态股票池(停牌/未上市/已退市/当前ST代理过滤)
2026-08-10,300153.SZ,,rejected_signal,,12.087404,,0.84708452,,未满足 MA5>MA10>MA20>MA60; 20日动量低于门槛; 60日趋势强度不足
2026-08-10,300154.SZ,,rejected_signal,,19.628841,,0.86477965,,未满足 MA5>MA10>MA20>MA60; 60日趋势强度不足; 偏离MA20过远，追高风险
2026-08-10,300155.SZ,,rejected_signal,,19.345119,,0.96791285,,未满足 MA5>MA10>MA20>MA60; 60日趋势强度不足
2026-08-10,300157.SZ,,rejected_signal,,37.068672,,0.99896055,,未满足 MA5>MA10>MA20>MA60; 60日趋势强度不足
2026-08-10,300158.SZ,,rejected_signal,,21.457628,,0.98959553,,未满足 MA5>MA10>MA20>MA60; 60日趋势强度不足
2026-08-10,300159.SZ,,rejected_signal,,6.842612,,0.9868086,,未满足 MA5>MA10>MA20>MA60; 60日趋势强度不足
2026-08-10,300160.SZ,,rejected_signal,,11.799152,,0.97480178,,未满足 MA5>MA10>MA20>MA60; 60日趋势强度不足; 20日平均成交额不足
2026-08-10,300161.SZ,,rejected_signal,,3.157722,,0.83718055,,未满足 MA5>MA10>MA20>MA60; 60日趋势强度不足
2026-08-10,300162.SZ,,rejected_signal,,6.174926,,0.74063337,,未满足 MA5>MA10>MA20>MA60; 20日动量低于门槛; 60日趋势强度不足
2026-08-10,300163.SZ,,rejected_signal,,32.343842,,0.94261479,,未满足 MA5>MA10>MA20>MA60; 偏离MA20过远，追高风险
2026-08-10,300164.SZ,,rejected_signal,,45.766918,,1.09045088,,未满足 MA5>MA10>MA20>MA60; 收盘价低于MA20; 60日趋势强度不足; 20日年化波动过高
2026-08-10,300165.SZ,,rejected_signal,,18.246231,,0.88616943,,未满足 MA5>MA10>MA20>MA60; 60日趋势强度不足
2026-08-10,300166.SZ,,rejected_signal,,4.541118,,0.84343261,,未满足 MA5>MA10>MA20>MA60; 20日动量低于门槛; 60日趋势强度不足
2026-08-10,300167.SZ,,rejected_universe,,0.0,,0.82835436,,不在当日动态股票池(停牌/未上市/已退市/当前ST代理过滤)
2026-08-10,300168.SZ,,rejected_signal,,35.595497,,1.03015482,,未满足 MA5>MA10>MA20>MA60; 60日趋势强度不足
2026-08-10,300169.SZ,,rejected_signal,,35.416027,,1.04397953,,未满足 MA5>MA10>MA20>MA60; 60日趋势强度不足
2026-08-10,300170.SZ,,rejected_signal,,34.824989,,0.9389841,,未满足 MA5>MA10>MA20>MA60; 60日趋势强度不足
2026-08-10,300171.SZ,,rejected_signal,,46.483986,,1.04246056,,60日趋势强度不足
2026-08-10,300172.SZ,,rejected_signal,,29.075476,,1.01085031,,未满足 MA5>MA10>MA20>MA60; 60日趋势强度不足
2026-08-10,300173.SZ,,rejected_universe,,6.153692,,0.93554729,,不在当日动态股票池(停牌/未上市/已退市/当前ST代理过滤)
2026-08-10,300174.SZ,,rejected_signal,,10.489462,,0.68508267,,未满足 MA5>MA10>MA20>MA60; 20日动量低于门槛
2026-08-10,300175.SZ,,rejected_signal,,23.984613,,1.0491097,,未满足 MA5>MA10>MA20>MA60; 60日趋势强度不足
2026-08-10,300176.SZ,,rejected_signal,,26.623484,,0.97880864,,未满足 MA5>MA10>MA20>MA60; 60日趋势强度不足
2026-08-10,300177.SZ,,rejected_signal,,12.812896,,0.94996291,,未满足 MA5>MA10>MA20>MA60; 60日趋势强度不足
2026-08-10,300179.SZ,,rejected_signal,,11.666128,,0.5863573,,未满足 MA5>MA10>MA20>MA60; 20日动量低于门槛; 20日年化波动过高
2026-08-10,300180.SZ,,rejected_signal,,29.153856,,1.01906717,,未满足 MA5>MA10>MA20>MA60; 60日趋势强度不足
2026-08-10,300181.SZ,,rejected_signal,,19.764574,,1.03913307,,未满足 MA5>MA10>MA20>MA60; 20日动量低于门槛; 60日趋势强度不足
2026-08-10,300182.SZ,,rejected_signal,,35.830906,,0.97029948,,未满足 MA5>MA10>MA20>MA60; 60日趋势强度不足
2026-08-10,300183.SZ,,rejected_signal,,13.939399,,0.97252959,,未满足 MA5>MA10>MA20>MA60; 60日趋势强度不足
2026-08-10,300184.SZ,,rejected_signal,,11.746162,,0.75489867,,未满足 MA5>MA10>MA20>MA60; 20日动量低于门槛; 60日趋势强度不足
2026-08-10,300185.SZ,,rejected_signal,,11.028867,,1.0377723,,未满足 MA5>MA10>MA20>MA60; 60日趋势强度不足
2026-08-10,300187.SZ,,rejected_signal,,2.977043,,0.89969289,,未满足 MA5>MA10>MA20>MA60; 20日动量低于门槛; 60日趋势强度不足
2026-08-10,300188.SZ,,rejected_signal,,48.152035,,1.03480279,,未满足 MA5>MA10>MA20>MA60; 60日趋势强度不足
2026-08-10,300189.SZ,,rejected_signal,,30.286371,,0.9807592,,未满足 MA5>MA10>MA20>MA60; 60日趋势强度不足
2026-08-10,300190.SZ,,rejected_signal,,0.769045,,0.90635508,,未满足 MA5>MA10>MA20>MA60; 20日动量低于门槛; 60日趋势强度不足
2026-08-10,300191.SZ,,rejected_signal,,18.318228,,0.9052121,,未满足 MA5>MA10>MA20>MA60; 60日趋势强度不足; 20日年化波动过高
2026-08-10,300192.SZ,,rejected_signal,,30.791601,,1.00966775,,未满足 MA5>MA10>MA20>MA60; 60日趋势强度不足
2026-08-10,300193.SZ,,rejected_signal,,6.825953,,0.98929459,,未满足 MA5>MA10>MA20>MA60; 60日趋势强度不足
2026-08-10,300194.SZ,,rejected_signal,,24.914904,,1.01823997,,60日趋势强度不足
2026-08-10,300195.SZ,,rejected_signal,,13.142988,,0.92502284,,未满足 MA5>MA10>MA20>MA60; 60日趋势强度不足
2026-08-10,300196.SZ,,rejected_signal,,2.533868,,0.64451802,,未满足 MA5>MA10>MA20>MA60; 20日动量低于门槛; 60日趋势强度不足
2026-08-10,300197.SZ,,rejected_signal,,20.122198,,0.94089699,,未满足 MA5>MA10>MA20>MA60
2026-08-10,300198.SZ,,rejected_universe,,7.350402,,0.9766466,,不在当日动态股票池(停牌/未上市/已退市/当前ST代理过滤)
2026-08-10,300199.SZ,,rejected_signal,,20.657169,,0.87417024,,未满足 MA5>MA10>MA20>MA60
2026-08-10,300200.SZ,,rejected_signal,,6.834949,,0.87527001,,未满足 MA5>MA10>MA20>MA60; 20日动量低于门槛; 60日趋势强度不足
2026-08-10,300201.SZ,,rejected_signal,,3.603183,,0.83723789,,未满足 MA5>MA10>MA20>MA60; 20日年化波动过高
2026-08-10,300203.SZ,,rejected_signal,,4.824984,,0.92491382,,未满足 MA5>MA10>MA20>MA60; 60日趋势强度不足
2026-08-10,300204.SZ,,rejected_signal,,11.499543,,0.9162572,,未满足 MA5>MA10>MA20>MA60; 20日动量低于门槛; 60日趋势强度不足
2026-08-10,300205.SZ,,rejected_universe,,22.353659,,0.93953115,,不在当日动态股票池(停牌/未上市/已退市/当前ST代理过滤)
2026-08-10,300206.SZ,,rejected_signal,,10.295239,,0.94459468,,未满足 MA5>MA10>MA20>MA60; 60日趋势强度不足
2026-08-10,300207.SZ,,rejected_signal,,26.450369,,0.95054948,,未满足 MA5>MA10>MA20>MA60; 60日趋势强度不足
2026-08-10,300208.SZ,,rejected_universe,,0.0,,0.0,,不在当日动态股票池(停牌/未上市/已退市/当前ST代理过滤)
2026-08-10,300209.SZ,,rejected_signal,,36.913067,,1.00101066,,20日涨幅过热; 偏离MA20过远，追高风险; 20日年化波动过高
2026-08-10,300210.SZ,,rejected_signal,,13.189103,,0.93007159,,未满足 MA5>MA10>MA20>MA60; 60日趋势强度不足
2026-08-10,300211.SZ,,rejected_universe,,0.0,,0.88020164,,不在当日动态股票池(停牌/未上市/已退市/当前ST代理过滤)
2026-08-10,300212.SZ,,rejected_universe,,12.038449,,0.92012769,,不在当日动态股票池(停牌/未上市/已退市/当前ST代理过滤)
2026-08-10,300213.SZ,,rejected_signal,,17.070038,,0.95901269,,未满足 MA5>MA10>MA20>MA60; 60日趋势强度不足
2026-08-10,300214.SZ,,rejected_signal,,38.843868,,1.56699407,,未满足 MA5>MA10>MA20>MA60; 20日动量低于门槛; 20日年化波动过高
2026-08-10,300215.SZ,,rejected_signal,,12.602793,,0.92065352,,未满足 MA5>MA10>MA20>MA60; 60日趋势强度不足
2026-08-10,300217.SZ,,rejected_signal,,14.533189,,0.97474515,,未满足 MA5>MA10>MA20>MA60; 60日趋势强度不足
2026-08-10,300218.SZ,,rejected_signal,,1.021654,,0.95998263,,未满足 MA5>MA10>MA20>MA60; 20日动量低于门槛; 60日趋势强度不足; 20日平均成交额不足
2026-08-10,300219.SZ,,rejected_signal,,4.413564,,0.82607716,,未满足 MA5>MA10>MA20>MA60; 20日动量低于门槛; 60日趋势强度不足
2026-08-10,300220.SZ,,rejected_signal,,15.359926,,0.93120736,,未满足 MA5>MA10>MA20>MA60; 60日趋势强度不足; 20日平均成交额不足
2026-08-10,300221.SZ,,rejected_signal,,1.769675,,0.75794321,,未满足 MA5>MA10>MA20>MA60; 20日动量低于门槛; 偏离MA20过远，追高风险
2026-08-10,300222.SZ,,rejected_signal,,0.987875,,0.81954408,,未满足 MA5>MA10>MA20>MA60; 20日动量低于门槛; 60日趋势强度不足
2026-08-10,300223.SZ,,rejected_signal,,2.701587,,0.65126085,,未满足 MA5>MA10>MA20>MA60; 收盘价低于MA20; 20日动量低于门槛; 60日趋势强度不足; 20日年化波动过高
2026-08-10,300224.SZ,,rejected_signal,,7.059079,,0.90469104,,未满足 MA5>MA10>MA20>MA60; 20日动量低于门槛; 60日趋势强度不足
2026-08-10,300225.SZ,,rejected_signal,,8.764534,,0.82233846,,未满足 MA5>MA10>MA20>MA60; 60日趋势强度不足
2026-08-10,300226.SZ,,rejected_signal,,17.122538,,0.99776644,,未满足 MA5>MA10>MA20>MA60; 60日趋势强度不足
2026-08-10,300227.SZ,,rejected_signal,,15.378322,,0.8744325,,未满足 MA5>MA10>MA20>MA60; 偏离MA20过远，追高风险
2026-08-10,300228.SZ,,rejected_signal,,2.033298,,0.94646949,,未满足 MA5>MA10>MA20>MA60; 20日动量低于门槛; 60日趋势强度不足
2026-08-10,300229.SZ,,rejected_signal,,33.013416,,0.94479495,,未满足 MA5>MA10>MA20>MA60; 60日趋势强度不足
2026-08-10,300230.SZ,,rejected_signal,,12.99458,,0.97249657,,未满足 MA5>MA10>MA20>MA60; 60日趋势强度不足
2026-08-10,300231.SZ,,rejected_signal,,18.386889,,0.97454822,,未满足 MA5>MA10>MA20>MA60; 60日趋势强度不足; 20日年化波动过高
2026-08-10,300232.SZ,,rejected_signal,,13.387689,,0.93691587,,未满足 MA5>MA10>MA20>MA60; 60日趋势强度不足
2026-08-10,300233.SZ,,rejected_signal,,23.651188,,0.99464983,,未满足 MA5>MA10>MA20>MA60; 60日趋势强度不足
2026-08-10,300234.SZ,,rejected_signal,,7.345234,,0.94334483,,未满足 MA5>MA10>MA20>MA60; 20日动量低于门槛
2026-08-10,300235.SZ,,rejected_signal,,2.340915,,0.89391047,,未满足 MA5>MA10>MA20>MA60; 20日动量低于门槛; 60日趋势强度不足
2026-08-10,300236.SZ,,rejected_signal,,1.995479,,0.76039523,,未满足 MA5>MA10>MA20>MA60; 20日动量低于门槛; 60日趋势强度不足
2026-08-10,300237.SZ,,rejected_universe,,20.788279,,0.96409845,,不在当日动态股票池(停牌/未上市/已退市/当前ST代理过滤)
2026-08-10,300238.SZ,,rejected_signal,,16.836704,,0.95864141,,未满足 MA5>MA10>MA20>MA60; 60日趋势强度不足
2026-08-10,300239.SZ,,rejected_signal,,9.565136,,0.95253593,,未满足 MA5>MA10>MA20>MA60; 20日动量低于门槛; 60日趋势强度不足
2026-08-10,300240.SZ,,rejected_signal,,29.585182,,1.02101064,,未满足 MA5>MA10>MA20>MA60; 60日趋势强度不足
2026-08-10,300241.SZ,,rejected_signal,,7.435828,,0.8215158,,未满足 MA5>MA10>MA20>MA60; 60日趋势强度不足
2026-08-10,300242.SZ,,rejected_signal,,4.654404,,1.00730383,,未满足 MA5>MA10>MA20>MA60; 60日趋势强度不足
2026-08-10,300243.SZ,,rejected_signal,,2.863598,,0.70913631,,未满足 MA5>MA10>MA20>MA60; 20日动量低于门槛; 60日趋势强度不足
2026-08-10,300244.SZ,,rejected_rank,81,30.451775,0.08045977,0.95406854,0.06436782,"信号有效, 但综合排名未进入 Top20"
2026-08-10,300245.SZ,,rejected_universe,,13.045412,,0.96751451,,不在当日动态股票池(停牌/未上市/已退市/当前ST代理过滤)
2026-08-10,300246.SZ,,rejected_signal,,14.702024,,-1.0,,未满足 MA5>MA10>MA20>MA60; 收盘价低于MA20; 60日趋势强度不足; 20日年化波动过高; 当日跳空幅度过大
2026-08-10,300247.SZ,,rejected_signal,,13.691642,,0.97144139,,未满足 MA5>MA10>MA20>MA60; 60日趋势强度不足
2026-08-10,300248.SZ,,rejected_signal,,31.975914,,0.98677582,,未满足 MA5>MA10>MA20>MA60; 60日趋势强度不足; 偏离MA20过远，追高风险
2026-08-10,300249.SZ,,rejected_signal,,9.953466,,0.80214673,,未满足 MA5>MA10>MA20>MA60; 收盘价低于MA20; 20日动量低于门槛; 60日趋势强度不足
2026-08-10,300250.SZ,,rejected_signal,,28.232914,,0.97663391,,未满足 MA5>MA10>MA20>MA60; 60日趋势强度不足
2026-08-10,300251.SZ,,rejected_signal,,10.291183,,0.98428977,,未满足 MA5>MA10>MA20>MA60; 20日动量低于门槛; 60日趋势强度不足
2026-08-10,300252.SZ,,rejected_signal,,6.30195,,0.75151688,,未满足 MA5>MA10>MA20>MA60; 20日动量低于门槛; 60日趋势强度不足
2026-08-10,300253.SZ,,rejected_signal,,46.799614,,1.02301538,,未满足 MA5>MA10>MA20>MA60; 60日趋势强度不足
2026-08-10,300254.SZ,,rejected_signal,,21.25325,,0.86115253,,未满足 MA5>MA10>MA20>MA60; 60日趋势强度不足
2026-08-10,300255.SZ,,rejected_signal,,23.991585,,0.81052268,,未满足 MA5>MA10>MA20>MA60; 60日趋势强度不足
2026-08-10,300256.SZ,,rejected_signal,,14.767511,,0.95445549,,未满足 MA5>MA10>MA20>MA60; 60日趋势强度不足
2026-08-10,300257.SZ,,rejected_signal,,1.556196,,0.65025711,,未满足 MA5>MA10>MA20>MA60; 收盘价低于MA20; 20日动量低于门槛; 60日趋势强度不足
2026-08-10,300258.SZ,,rejected_signal,,1.602968,,0.89398831,,未满足 MA5>MA10>MA20>MA60; 20日动量低于门槛; 60日趋势强度不足
2026-08-10,300259.SZ,,rejected_signal,,7.625134,,0.68764287,,未满足 MA5>MA10>MA20>MA60; 收盘价低于MA20; 20日动量低于门槛; 60日趋势强度不足
2026-08-10,300260.SZ,,rejected_signal,,0.736082,,0.48298585,,未满足 MA5>MA10>MA20>MA60; 20日动量低于门槛; 60日趋势强度不足; 20日年化波动过高
2026-08-10,300261.SZ,,rejected_signal,,45.549828,,1.05865419,,60日趋势强度不足
2026-08-10,300262.SZ,,rejected_universe,,0.0,,0.0,,不在当日动态股票池(停牌/未上市/已退市/当前ST代理过滤)
2026-08-10,300263.SZ,,rejected_signal,,2.955073,,0.6416508,,未满足 MA5>MA10>MA20>MA60; 20日动量低于门槛; 60日趋势强度不足
2026-08-10,300264.SZ,,rejected_signal,,1.146775,,0.77524382,,未满足 MA5>MA10>MA20>MA60; 20日动量低于门槛; 60日趋势强度不足
2026-08-10,300265.SZ,,rejected_signal,,4.008749,,0.73898059,,未满足 MA5>MA10>MA20>MA60; 60日趋势强度不足
2026-08-10,300266.SZ,,rejected_signal,,16.843887,,0.97698611,,未满足 MA5>MA10>MA20>MA60; 60日趋势强度不足
2026-08-10,300267.SZ,,rejected_signal,,10.541095,,0.87942696,,未满足 MA5>MA10>MA20>MA60; 60日趋势强度不足
2026-08-10,300268.SZ,,rejected_signal,,12.196741,,0.95237535,,未满足 MA5>MA10>MA20>MA60; 60日趋势强度不足; 20日平均成交额不足
2026-08-10,300269.SZ,,rejected_signal,,6.140659,,0.90600628,,未满足 MA5>MA10>MA20>MA60; 20日动量低于门槛; 60日趋势强度不足
2026-08-10,300270.SZ,,rejected_signal,,22.850719,,0.8484295,,未满足 MA5>MA10>MA20>MA60; 60日趋势强度不足; 偏离MA20过远，追高风险; 20日年化波动过高
2026-08-10,300271.SZ,,rejected_signal,,38.41927,,1.06080234,,未满足 MA5>MA10>MA20>MA60; 60日趋势强度不足
2026-08-10,300272.SZ,,rejected_signal,,26.345736,,0.98138261,,未满足 MA5>MA10>MA20>MA60; 60日趋势强度不足
2026-08-10,300274.SZ,,rejected_signal,,17.067831,,0.73088944,,未满足 MA5>MA10>MA20>MA60; 60日趋势强度不足
2026-08-10,300275.SZ,,rejected_signal,,27.816862,,0.98902315,,未满足 MA5>MA10>MA20>MA60; 60日趋势强度不足
2026-08-10,300276.SZ,,rejected_signal,,3.134681,,0.91912425,,未满足 MA5>MA10>MA20>MA60; 20日动量低于门槛; 60日趋势强度不足
2026-08-10,300277.SZ,,rejected_signal,,3.784452,,0.85432953,,未满足 MA5>MA10>MA20>MA60; 20日动量低于门槛; 60日趋势强度不足
2026-08-10,300278.SZ,,rejected_signal,,12.336777,,0.94325387,,未满足 MA5>MA10>MA20>MA60; 60日趋势强度不足
2026-08-10,300279.SZ,,rejected_signal,,9.701191,,0.85908908,,未满足 MA5>MA10>MA20>MA60; 60日趋势强度不足
2026-08-10,300280.SZ,,rejected_universe,,0.0,,0.0,,不在当日动态股票池(停牌/未上市/已退市/当前ST代理过滤)
2026-08-10,300281.SZ,,rejected_signal,,5.101445,,0.87965691,,未满足 MA5>MA10>MA20>MA60; 60日趋势强度不足
2026-08-10,300282.SZ,,rejected_universe,,0.0,,0.0,,不在当日动态股票池(停牌/未上市/已退市/当前ST代理过滤)
2026-08-10,300283.SZ,,rejected_signal,,8.927494,,0.68021268,,未满足 MA5>MA10>MA20>MA60; 20日动量低于门槛; 60日趋势强度不足; 20日年化波动过高
2026-08-10,300284.SZ,,rejected_signal,,21.856537,,1.03174996,,未满足 MA5>MA10>MA20>MA60; 60日趋势强度不足
2026-08-10,300285.SZ,,rejected_signal,,18.223997,,0.80647683,,未满足 MA5>MA10>MA20>MA60; 偏离MA20过远，追高风险; 20日年化波动过高
2026-08-10,300286.SZ,,rejected_signal,,4.377989,,0.82748288,,未满足 MA5>MA10>MA20>MA60; 60日趋势强度不足
2026-08-10,300287.SZ,,rejected_signal,,10.366886,,1.00971937,,未满足 MA5>MA10>MA20>MA60; 20日动量低于门槛; 60日趋势强度不足
2026-08-10,300288.SZ,,rejected_signal,,39.659374,,1.02495801,,未满足 MA5>MA10>MA20>MA60; 60日趋势强度不足
2026-08-10,300289.SZ,,rejected_signal,,29.346684,,0.97628099,,未满足 MA5>MA10>MA20>MA60; 60日趋势强度不足
2026-08-10,300290.SZ,,rejected_universe,,0.829925,,0.73810542,,不在当日动态股票池(停牌/未上市/已退市/当前ST代理过滤)
2026-08-10,300291.SZ,,rejected_signal,,31.213415,,0.97301912,,未满足 MA5>MA10>MA20>MA60; 60日趋势强度不足
2026-08-10,300292.SZ,,rejected_signal,,7.430457,,0.81744713,,未满足 MA5>MA10>MA20>MA60; 60日趋势强度不足
2026-08-10,300293.SZ,,rejected_signal,,0.0,,0.87156081,,未满足 MA5>MA10>MA20>MA60; 20日动量低于门槛; 60日趋势强度不足
2026-08-10,300294.SZ,,rejected_signal,,24.653114,,1.02121747,,未满足 MA5>MA10>MA20>MA60; 60日趋势强度不足
2026-08-10,300295.SZ,,rejected_universe,,46.085514,,1.08301914,,不在当日动态股票池(停牌/未上市/已退市/当前ST代理过滤)
2026-08-10,300296.SZ,,rejected_signal,,13.653585,,0.91167843,,未满足 MA5>MA10>MA20>MA60; 60日趋势强度不足
2026-08-10,300298.SZ,,rejected_signal,,41.544445,,1.08163798,,60日趋势强度不足
2026-08-10,300299.SZ,,rejected_signal,,34.563263,,1.03796804,,未满足 MA5>MA10>MA20>MA60; 60日趋势强度不足
2026-08-10,300300.SZ,,rejected_signal,,15.005146,,0.93494219,,未满足 MA5>MA10>MA20>MA60; 60日趋势强度不足
2026-08-10,300301.SZ,,rejected_universe,,0.0,,0.96609968,,不在当日动态股票池(停牌/未上市/已退市/当前ST代理过滤)
2026-08-10,300302.SZ,,rejected_signal,,2.883045,,0.55822802,,未满足 MA5>MA10>MA20>MA60; 20日动量低于门槛; 60日趋势强度不足
2026-08-10,300303.SZ,,rejected_signal,,5.55308,,0.81102669,,未满足 MA5>MA10>MA20>MA60; 20日动量低于门槛; 60日趋势强度不足
2026-08-10,300304.SZ,,rejected_signal,,5.087814,,0.71266186,,未满足 MA5>MA10>MA20>MA60; 20日动量低于门槛; 60日趋势强度不足
2026-08-10,300305.SZ,,rejected_signal,,6.059872,,0.97012907,,未满足 MA5>MA10>MA20>MA60; 60日趋势强度不足
2026-08-10,300306.SZ,,rejected_signal,,19.282232,,0.94998139,,未满足 MA5>MA10>MA20>MA60; 60日趋势强度不足
2026-08-10,300307.SZ,,rejected_signal,,21.41802,,0.97434849,,未满足 MA5>MA10>MA20>MA60
2026-08-10,300308.SZ,,rejected_signal,,4.993566,,0.81466931,,未满足 MA5>MA10>MA20>MA60; 收盘价低于MA20; 20日动量低于门槛; 60日趋势强度不足; 20日年化波动过高
2026-08-10,300310.SZ,,rejected_signal,,22.904236,,0.94248575,,未满足 MA5>MA10>MA20>MA60; 60日趋势强度不足
2026-08-10,300311.SZ,,rejected_signal,,42.609756,,1.06535232,,偏离MA20过远，追高风险
2026-08-10,300313.SZ,,rejected_signal,,11.756819,,0.96317363,,未满足 MA5>MA10>MA20>MA60; 60日趋势强度不足
2026-08-10,300314.SZ,,rejected_signal,,24.757318,,1.01391375,,未满足 MA5>MA10>MA20>MA60; 60日趋势强度不足
2026-08-10,300315.SZ,,rejected_signal,,30.863058,,1.04212976,,未满足 MA5>MA10>MA20>MA60; 60日趋势强度不足
2026-08-10,300316.SZ,,rejected_signal,,6.9526,,0.80306911,,未满足 MA5>MA10>MA20>MA60; 20日动量低于门槛; 60日趋势强度不足
2026-08-10,300317.SZ,,rejected_signal,,21.703138,,0.98814493,,未满足 MA5>MA10>MA20>MA60; 20日涨幅过热; 60日趋势强度不足; 20日年化波动过高
2026-08-10,300318.SZ,,rejected_signal,,32.031708,,1.02389646,,60日趋势强度不足
2026-08-10,300319.SZ,,rejected_signal,,14.885929,,0.67975903,,未满足 MA5>MA10>MA20>MA60; 20日动量低于门槛
2026-08-10,300320.SZ,,rejected_signal,,0.991837,,0.96555495,,未满足 MA5>MA10>MA20>MA60; 60日趋势强度不足
2026-08-10,300321.SZ,,rejected_signal,,0.0,,0.60734379,,未满足 MA5>MA10>MA20>MA60; 收盘价低于MA20; 20日动量低于门槛; 60日趋势强度不足; 20日年化波动过高
2026-08-10,300322.SZ,,rejected_signal,,5.150685,,0.61187327,,未满足 MA5>MA10>MA20>MA60; 20日动量低于门槛; 60日趋势强度不足
2026-08-10,300323.SZ,,rejected_signal,,2.474044,,0.63611364,,未满足 MA5>MA10>MA20>MA60; 20日动量低于门槛; 60日趋势强度不足
2026-08-10,300324.SZ,,rejected_signal,,4.810121,,0.94503951,,未满足 MA5>MA10>MA20>MA60; 60日趋势强度不足
2026-08-10,300326.SZ,,rejected_universe,,12.226856,,0.93070275,,不在当日动态股票池(停牌/未上市/已退市/当前ST代理过滤)
2026-08-10,300327.SZ,,rejected_signal,,4.316584,,0.77263904,,未满足 MA5>MA10>MA20>MA60; 20日动量低于门槛; 60日趋势强度不足
2026-08-10,300328.SZ,,rejected_signal,,0.0,,0.85176146,,未满足 MA5>MA10>MA20>MA60; 60日趋势强度不足; 偏离MA20过远，追高风险
2026-08-10,300329.SZ,,rejected_signal,,24.295261,,0.94023335,,未满足 MA5>MA10>MA20>MA60; 60日趋势强度不足
2026-08-10,300331.SZ,,rejected_signal,,0.0,,0.56285137,,未满足 MA5>MA10>MA20>MA60; 20日动量低于门槛; 60日趋势强度不足; 20日年化波动过高
2026-08-10,300332.SZ,,rejected_signal,,11.484895,,1.17493927,,未满足 MA5>MA10>MA20>MA60; 20日动量低于门槛; 60日趋势强度不足
2026-08-10,300333.SZ,,rejected_universe,,0.0,,0.0,,不在当日动态股票池(停牌/未上市/已退市/当前ST代理过滤)
2026-08-10,300334.SZ,,rejected_signal,,2.294152,,0.84636515,,未满足 MA5>MA10>MA20>MA60; 20日动量低于门槛; 60日趋势强度不足
2026-08-10,300335.SZ,,rejected_signal,,32.577255,,0.98600715,,未满足 MA5>MA10>MA20>MA60; 60日趋势强度不足
2026-08-10,300337.SZ,,rejected_signal,,11.000273,,0.84735763,,未满足 MA5>MA10>MA20>MA60; 60日趋势强度不足
2026-08-10,300338.SZ,,rejected_universe,,3.10112,,0.96488953,,不在当日动态股票池(停牌/未上市/已退市/当前ST代理过滤)
2026-08-10,300339.SZ,,rejected_signal,,5.72636,,0.96026081,,未满足 MA5>MA10>MA20>MA60; 20日动量低于门槛; 60日趋势强度不足
2026-08-10,300340.SZ,,rejected_signal,,24.230907,,0.94682384,,未满足 MA5>MA10>MA20>MA60; 60日趋势强度不足
2026-08-10,300341.SZ,,rejected_signal,,15.656407,,0.98214042,,未满足 MA5>MA10>MA20>MA60; 60日趋势强度不足
2026-08-10,300342.SZ,,rejected_signal,,5.283271,,0.71904969,,未满足 MA5>MA10>MA20>MA60; 20日动量低于门槛; 60日趋势强度不足
2026-08-10,300343.SZ,,rejected_signal,,19.038799,,0.96150798,,未满足 MA5>MA10>MA20>MA60; 60日趋势强度不足
2026-08-10,300344.SZ,,rejected_universe,,0.0,,0.0,,不在当日动态股票池(停牌/未上市/已退市/当前ST代理过滤)
2026-08-10,300345.SZ,,rejected_signal,,6.853739,,0.89349979,,未满足 MA5>MA10>MA20>MA60; 20日动量低于门槛; 60日趋势强度不足
2026-08-10,300346.SZ,,rejected_signal,,7.862672,,0.67208016,,未满足 MA5>MA10>MA20>MA60; 20日动量低于门槛
2026-08-10,300347.SZ,,selected_signal,6,59.404755,0.94252872,1.11389756,0.91264367,quality_momentum 横截面排名进入 Top20
2026-08-10,300348.SZ,,rejected_signal,,29.924446,,1.00907409,,未满足 MA5>MA10>MA20>MA60; 60日趋势强度不足
2026-08-10,300349.SZ,,rejected_signal,,11.341055,,0.89418566,,未满足 MA5>MA10>MA20>MA60; 60日趋势强度不足
2026-08-10,300350.SZ,,rejected_signal,,27.411821,,1.00855553,,未满足 MA5>MA10>MA20>MA60; 60日趋势强度不足
2026-08-10,300351.SZ,,rejected_signal,,7.243711,,0.81762046,,未满足 MA5>MA10>MA20>MA60; 60日趋势强度不足
2026-08-10,300352.SZ,,rejected_universe,,0.452842,,0.88174486,,不在当日动态股票池(停牌/未上市/已退市/当前ST代理过滤)
2026-08-10,300353.SZ,,rejected_signal,,14.073281,,0.87482244,,未满足 MA5>MA10>MA20>MA60; 20日动量低于门槛
2026-08-10,300354.SZ,,rejected_signal,,7.385768,,0.88076425,,未满足 MA5>MA10>MA20>MA60; 20日动量低于门槛; 60日趋势强度不足
2026-08-10,300355.SZ,,rejected_signal,,22.491207,,1.00993049,,未满足 MA5>MA10>MA20>MA60; 60日趋势强度不足
2026-08-10,300357.SZ,,rejected_signal,,30.613508,,1.01747406,,未满足 MA5>MA10>MA20>MA60; 60日趋势强度不足
2026-08-10,300358.SZ,,rejected_signal,,45.309399,,1.03018832,,60日趋势强度不足
2026-08-10,300359.SZ,,rejected_signal,,37.56781,,1.09438217,,未满足 MA5>MA10>MA20>MA60; 60日趋势强度不足
2026-08-10,300360.SZ,,rejected_signal,,15.918077,,1.00459027,,未满足 MA5>MA10>MA20>MA60; 60日趋势强度不足
2026-08-10,300363.SZ,,rejected_signal,,42.084949,,0.96961308,,偏离MA20过远，追高风险; 20日年化波动过高
2026-08-10,300364.SZ,,rejected_signal,,31.622679,,1.01624584,,未满足 MA5>MA10>MA20>MA60; 60日趋势强度不足; 20日年化波动过高
2026-08-10,300365.SZ,,rejected_signal,,23.655119,,0.97366327,,未满足 MA5>MA10>MA20>MA60; 60日趋势强度不足
2026-08-10,300366.SZ,,rejected_universe,,10.81364,,0.93143398,,不在当日动态股票池(停牌/未上市/已退市/当前ST代理过滤)
2026-08-10,300368.SZ,,rejected_signal,,21.19066,,0.98048979,,未满足 MA5>MA10>MA20>MA60; 60日趋势强度不足
2026-08-10,300369.SZ,,rejected_signal,,39.048206,,1.15243006,,60日趋势强度不足
2026-08-10,300370.SZ,,rejected_signal,,16.089291,,0.96832973,,未满足 MA5>MA10>MA20>MA60; 60日趋势强度不足
2026-08-10,300371.SZ,,rejected_signal,,10.523302,,0.95738232,,未满足 MA5>MA10>MA20>MA60; 60日趋势强度不足; 20日平均成交额不足
2026-08-10,300373.SZ,,rejected_signal,,5.829266,,0.70465946,,未满足 MA5>MA10>MA20>MA60; 20日动量低于门槛
2026-08-10,300374.SZ,,rejected_signal,,29.137119,,0.99221289,,未满足 MA5>MA10>MA20>MA60; 60日趋势强度不足
2026-08-10,300375.SZ,,rejected_signal,,12.66622,,0.93568039,,未满足 MA5>MA10>MA20>MA60; 60日趋势强度不足
2026-08-10,300376.SZ,,rejected_signal,,5.470891,,0.93201417,,未满足 MA5>MA10>MA20>MA60; 20日动量低于门槛; 60日趋势强度不足
2026-08-10,300377.SZ,,rejected_signal,,11.519633,,0.96054298,,未满足 MA5>MA10>MA20>MA60; 60日趋势强度不足
2026-08-10,300378.SZ,,rejected_signal,,21.437201,,0.95350635,,未满足 MA5>MA10>MA20>MA60; 60日趋势强度不足; 偏离MA20过远，追高风险
2026-08-10,300379.SZ,,rejected_universe,,0.0,,0.0,,不在当日动态股票池(停牌/未上市/已退市/当前ST代理过滤)
2026-08-10,300380.SZ,,rejected_signal,,11.115092,,0.98746002,,未满足 MA5>MA10>MA20>MA60; 60日趋势强度不足
2026-08-10,300381.SZ,,rejected_signal,,11.621312,,0.96938407,,未满足 MA5>MA10>MA20>MA60; 60日趋势强度不足
2026-08-10,300382.SZ,,rejected_signal,,0.0,,0.71990281,,未满足 MA5>MA10>MA20>MA60; 收盘价低于MA20; 20日动量低于门槛; 60日趋势强度不足; 20日年化波动过高
2026-08-10,300383.SZ,,rejected_signal,,14.710903,,0.99753541,,未满足 MA5>MA10>MA20>MA60; 20日动量低于门槛; 60日趋势强度不足
2026-08-10,300384.SZ,,rejected_signal,,17.309975,,1.02162981,,未满足 MA5>MA10>MA20>MA60; 60日趋势强度不足
2026-08-10,300385.SZ,,rejected_universe,,0.454562,,0.90540034,,不在当日动态股票池(停牌/未上市/已退市/当前ST代理过滤)
2026-08-10,300386.SZ,,rejected_signal,,29.60544,,0.94287348,,未满足 MA5>MA10>MA20>MA60; 60日趋势强度不足
2026-08-10,300387.SZ,,rejected_signal,,13.593367,,0.97719151,,未满足 MA5>MA10>MA20>MA60; 60日趋势强度不足
2026-08-10,300388.SZ,,rejected_signal,,11.358274,,0.99010473,,未满足 MA5>MA10>MA20>MA60; 20日动量低于门槛; 60日趋势强度不足
2026-08-10,300389.SZ,,rejected_signal,,15.237633,,0.9475587,,未满足 MA5>MA10>MA20>MA60; 60日趋势强度不足
2026-08-10,300390.SZ,,rejected_signal,,16.989927,,0.65353864,,未满足 MA5>MA10>MA20>MA60; 20日动量低于门槛; 60日趋势强度不足
2026-08-10,300391.SZ,,rejected_universe,,0.0,,0.0,,不在当日动态股票池(停牌/未上市/已退市/当前ST代理过滤)
2026-08-10,300393.SZ,,rejected_signal,,7.135995,,0.79985762,,未满足 MA5>MA10>MA20>MA60; 60日趋势强度不足
2026-08-10,300394.SZ,,rejected_signal,,1.154758,,0.59817415,,未满足 MA5>MA10>MA20>MA60; 20日动量低于门槛; 60日趋势强度不足; 20日年化波动过高
2026-08-10,300395.SZ,,rejected_signal,,8.504974,,0.55531812,,未满足 MA5>MA10>MA20>MA60; 20日动量低于门槛; 60日趋势强度不足
2026-08-10,300396.SZ,,rejected_universe,,26.350779,,1.00941753,,不在当日动态股票池(停牌/未上市/已退市/当前ST代理过滤)
2026-08-10,300397.SZ,,rejected_signal,,5.466403,,0.78657341,,未满足 MA5>MA10>MA20>MA60; 60日趋势强度不足
2026-08-10,300398.SZ,,rejected_signal,,4.083404,,0.65343934,,未满足 MA5>MA10>MA20>MA60; 20日动量低于门槛; 60日趋势强度不足
2026-08-10,300399.SZ,,rejected_signal,,5.915879,,0.91897821,,未满足 MA5>MA10>MA20>MA60; 60日趋势强度不足
2026-08-10,300400.SZ,,rejected_signal,,6.662263,,0.47831833,,未满足 MA5>MA10>MA20>MA60; 60日趋势强度不足; 偏离MA20过远，追高风险; 20日年化波动过高
2026-08-10,300401.SZ,,rejected_signal,,13.059825,,0.81564951,,未满足 MA5>MA10>MA20>MA60; 20日动量低于门槛
2026-08-10,300402.SZ,,rejected_signal,,18.789211,,0.95692843,,未满足 MA5>MA10>MA20>MA60; 60日趋势强度不足
2026-08-10,300403.SZ,,rejected_signal,,7.410592,,0.93439448,,未满足 MA5>MA10>MA20>MA60; 60日趋势强度不足
2026-08-10,300404.SZ,,rejected_rank,52,45.150604,0.41379312,0.96589911,0.33563221,"信号有效, 但综合排名未进入 Top20"
2026-08-10,300405.SZ,,rejected_signal,,17.591352,,0.94146127,,未满足 MA5>MA10>MA20>MA60; 60日趋势强度不足
2026-08-10,300406.SZ,,rejected_signal,,17.988876,,1.01606667,,未满足 MA5>MA10>MA20>MA60; 60日趋势强度不足
2026-08-10,300407.SZ,,rejected_signal,,32.156227,,1.06600487,,未满足 MA5>MA10>MA20>MA60; 60日趋势强度不足
2026-08-10,300408.SZ,,rejected_signal,,28.624094,,0.8844474,,未满足 MA5>MA10>MA20>MA60; 20日年化波动过高
2026-08-10,300409.SZ,,rejected_signal,,21.825474,,0.89258933,,未满足 MA5>MA10>MA20>MA60; 60日趋势强度不足
2026-08-10,300410.SZ,,rejected_signal,,2.161609,,0.68122739,,未满足 MA5>MA10>MA20>MA60; 20日动量低于门槛; 60日趋势强度不足
2026-08-10,300411.SZ,,rejected_signal,,21.62224,,1.04508364,,未满足 MA5>MA10>MA20>MA60; 60日趋势强度不足
2026-08-10,300412.SZ,,rejected_signal,,12.795751,,0.93968749,,未满足 MA5>MA10>MA20>MA60; 60日趋势强度不足
2026-08-10,300413.SZ,,rejected_signal,,25.572031,,1.02775657,,未满足 MA5>MA10>MA20>MA60; 60日趋势强度不足
2026-08-10,300414.SZ,,rejected_signal,,25.748297,,0.97867358,,未满足 MA5>MA10>MA20>MA60; 60日趋势强度不足
2026-08-10,300415.SZ,,rejected_signal,,11.649365,,0.98211271,,未满足 MA5>MA10>MA20>MA60; 60日趋势强度不足
2026-08-10,300416.SZ,,rejected_signal,,6.449765,,0.82401735,,未满足 MA5>MA10>MA20>MA60; 20日动量低于门槛; 60日趋势强度不足
2026-08-10,300417.SZ,,rejected_signal,,11.766953,,0.93570495,,未满足 MA5>MA10>MA20>MA60; 60日趋势强度不足
2026-08-10,300418.SZ,,rejected_signal,,10.789697,,0.96988338,,未满足 MA5>MA10>MA20>MA60; 20日动量低于门槛; 60日趋势强度不足; 20日年化波动过高
2026-08-10,300419.SZ,,rejected_universe,,35.260685,,1.18790734,,不在当日动态股票池(停牌/未上市/已退市/当前ST代理过滤)
2026-08-10,300420.SZ,,rejected_signal,,17.363003,,0.77135175,,未满足 MA5>MA10>MA20>MA60; 20日动量低于门槛; 偏离MA20过远，追高风险; 20日年化波动过高
2026-08-10,300421.SZ,,rejected_signal,,1.897237,,0.85937297,,未满足 MA5>MA10>MA20>MA60; 20日动量低于门槛; 60日趋势强度不足
2026-08-10,300422.SZ,,rejected_signal,,19.299299,,0.92472601,,未满足 MA5>MA10>MA20>MA60; 60日趋势强度不足
2026-08-10,300423.SZ,,rejected_signal,,22.420141,,0.97797114,,未满足 MA5>MA10>MA20>MA60; 60日趋势强度不足
2026-08-10,300424.SZ,,rejected_signal,,14.990716,,0.83288205,,未满足 MA5>MA10>MA20>MA60; 60日趋势强度不足
2026-08-10,300425.SZ,,rejected_signal,,16.794779,,0.98615462,,未满足 MA5>MA10>MA20>MA60; 60日趋势强度不足
2026-08-10,300426.SZ,,rejected_signal,,18.535583,,0.9982788,,未满足 MA5>MA10>MA20>MA60; 60日趋势强度不足; 当日跳空幅度过大
2026-08-10,300427.SZ,,rejected_signal,,21.062782,,0.95348418,,未满足 MA5>MA10>MA20>MA60; 60日趋势强度不足
2026-08-10,300428.SZ,,rejected_signal,,28.498013,,1.00801086,,未满足 MA5>MA10>MA20>MA60; 60日趋势强度不足
2026-08-10,300429.SZ,,rejected_signal,,0.0,,0.64788699,,未满足 MA5>MA10>MA20>MA60; 20日动量低于门槛; 60日趋势强度不足
2026-08-10,300430.SZ,,rejected_universe,,0.640516,,0.9683367,,不在当日动态股票池(停牌/未上市/已退市/当前ST代理过滤)
2026-08-10,300432.SZ,,rejected_signal,,7.157166,,0.78683299,,未满足 MA5>MA10>MA20>MA60; 60日趋势强度不足
2026-08-10,300433.SZ,,rejected_signal,,6.325033,,0.72429305,,未满足 MA5>MA10>MA20>MA60; 收盘价低于MA20; 20日动量低于门槛; 60日趋势强度不足
2026-08-10,300434.SZ,,rejected_signal,,25.026529,,0.95583987,,未满足 MA5>MA10>MA20>MA60; 20日动量低于门槛; 60日趋势强度不足
2026-08-10,300435.SZ,,rejected_signal,,3.869491,,0.80245441,,未满足 MA5>MA10>MA20>MA60; 20日动量低于门槛; 60日趋势强度不足
2026-08-10,300436.SZ,,rejected_signal,,13.586585,,0.8925457,,未满足 MA5>MA10>MA20>MA60; 20日动量低于门槛; 60日趋势强度不足
2026-08-10,300437.SZ,,rejected_signal,,22.346518,,0.93384862,,未满足 MA5>MA10>MA20>MA60; 60日趋势强度不足
2026-08-10,300438.SZ,,rejected_signal,,8.112109,,0.80651671,,未满足 MA5>MA10>MA20>MA60; 20日动量低于门槛; 60日趋势强度不足
2026-08-10,300439.SZ,,rejected_signal,,24.542797,,1.00765145,,未满足 MA5>MA10>MA20>MA60; 60日趋势强度不足
2026-08-10,300440.SZ,,rejected_signal,,0.0,,0.83534241,,未满足 MA5>MA10>MA20>MA60; 20日动量低于门槛
2026-08-10,300441.SZ,,rejected_signal,,29.726141,,1.0740279,,60日趋势强度不足
2026-08-10,300442.SZ,,rejected_signal,,6.15268,,0.79717433,,未满足 MA5>MA10>MA20>MA60; 20日动量低于门槛; 60日趋势强度不足
2026-08-10,300443.SZ,,rejected_signal,,20.972881,,0.97428018,,未满足 MA5>MA10>MA20>MA60; 60日趋势强度不足
2026-08-10,300444.SZ,,rejected_signal,,11.948141,,0.88447279,,未满足 MA5>MA10>MA20>MA60; 60日趋势强度不足; 20日年化波动过高
2026-08-10,300445.SZ,,rejected_signal,,1.83045,,0.87228513,,未满足 MA5>MA10>MA20>MA60; 20日动量低于门槛; 60日趋势强度不足
2026-08-10,300446.SZ,,rejected_signal,,6.096306,,0.89552379,,未满足 MA5>MA10>MA20>MA60; 20日动量低于门槛; 60日趋势强度不足
2026-08-10,300447.SZ,,rejected_signal,,11.211798,,0.90772969,,未满足 MA5>MA10>MA20>MA60; 60日趋势强度不足
2026-08-10,300448.SZ,,rejected_signal,,17.697304,,0.88661873,,未满足 MA5>MA10>MA20>MA60; 60日趋势强度不足
2026-08-10,300449.SZ,,rejected_signal,,14.717754,,0.88795644,,未满足 MA5>MA10>MA20>MA60; 60日趋势强度不足
2026-08-10,300450.SZ,,rejected_signal,,8.310246,,0.8264913,,未满足 MA5>MA10>MA20>MA60; 60日趋势强度不足
2026-08-10,300451.SZ,,rejected_signal,,26.400703,,1.01326907,,未满足 MA5>MA10>MA20>MA60; 60日趋势强度不足
2026-08-10,300452.SZ,,rejected_signal,,21.055021,,1.00945687,,未满足 MA5>MA10>MA20>MA60; 60日趋势强度不足
2026-08-10,300453.SZ,,rejected_signal,,10.758972,,1.04569709,,未满足 MA5>MA10>MA20>MA60; 60日趋势强度不足
2026-08-10,300454.SZ,,rejected_signal,,51.951653,,1.07784021,,60日趋势强度不足
2026-08-10,300455.SZ,,rejected_signal,,6.592267,,0.88565892,,未满足 MA5>MA10>MA20>MA60; 20日动量低于门槛; 60日趋势强度不足
2026-08-10,300456.SZ,,rejected_signal,,4.212455,,0.69674414,,未满足 MA5>MA10>MA20>MA60; 20日动量低于门槛; 60日趋势强度不足
2026-08-10,300457.SZ,,rejected_signal,,15.390031,,0.91110927,,未满足 MA5>MA10>MA20>MA60; 60日趋势强度不足
2026-08-10,300458.SZ,,rejected_signal,,1.960778,,0.88014525,,未满足 MA5>MA10>MA20>MA60; 收盘价低于MA20; 20日动量低于门槛; 60日趋势强度不足
2026-08-10,300459.SZ,,rejected_signal,,39.049961,,1.04755044,,未满足 MA5>MA10>MA20>MA60; 60日趋势强度不足
2026-08-10,300460.SZ,,rejected_universe,,0.078316,,0.85872626,,不在当日动态股票池(停牌/未上市/已退市/当前ST代理过滤)
2026-08-10,300461.SZ,,rejected_signal,,0.827245,,0.73943263,,未满足 MA5>MA10>MA20>MA60; 20日动量低于门槛; 60日趋势强度不足
2026-08-10,300462.SZ,,rejected_universe,,30.099094,,1.02977765,,不在当日动态股票池(停牌/未上市/已退市/当前ST代理过滤)
2026-08-10,300463.SZ,,rejected_signal,,21.369024,,1.02561903,,60日趋势强度不足
2026-08-10,300464.SZ,,rejected_signal,,27.149889,,0.80826294,,未满足 MA5>MA10>MA20>MA60; 60日趋势强度不足
2026-08-10,300465.SZ,,rejected_signal,,24.368963,,0.98645383,,未满足 MA5>MA10>MA20>MA60; 60日趋势强度不足
2026-08-10,300466.SZ,,rejected_signal,,13.71901,,0.97445762,,未满足 MA5>MA10>MA20>MA60; 60日趋势强度不足
2026-08-10,300467.SZ,,rejected_signal,,7.36392,,0.90961587,,未满足 MA5>MA10>MA20>MA60; 60日趋势强度不足
2026-08-10,300468.SZ,,rejected_signal,,26.17074,,0.98755622,,未满足 MA5>MA10>MA20>MA60; 60日趋势强度不足
2026-08-10,300469.SZ,,rejected_signal,,28.042816,,1.0078727,,未满足 MA5>MA10>MA20>MA60; 60日趋势强度不足
2026-08-10,300470.SZ,,rejected_signal,,7.14334,,1.01377404,,未满足 MA5>MA10>MA20>MA60; 60日趋势强度不足
2026-08-10,300471.SZ,,rejected_signal,,17.680656,,1.01422787,,未满足 MA5>MA10>MA20>MA60; 60日趋势强度不足
2026-08-10,300472.SZ,,rejected_universe,,10.370041,,0.85496062,,不在当日动态股票池(停牌/未上市/已退市/当前ST代理过滤)
2026-08-10,300473.SZ,,rejected_signal,,4.307794,,0.71257162,,未满足 MA5>MA10>MA20>MA60; 20日动量低于门槛; 60日趋势强度不足
2026-08-10,300474.SZ,,rejected_signal,,14.347116,,0.93389398,,未满足 MA5>MA10>MA20>MA60; 20日动量低于门槛; 60日趋势强度不足
2026-08-10,300475.SZ,,rejected_signal,,1.824799,,0.59825498,,未满足 MA5>MA10>MA20>MA60; 收盘价低于MA20; 20日动量低于门槛; 60日趋势强度不足; 20日年化波动过高
2026-08-10,300476.SZ,,rejected_signal,,3.26584,,0.43295476,,未满足 MA5>MA10>MA20>MA60; 60日趋势强度不足; 偏离MA20过远，追高风险; 20日年化波动过高
2026-08-10,300477.SZ,,rejected_universe,,41.949356,,1.07185578,,不在当日动态股票池(停牌/未上市/已退市/当前ST代理过滤)
2026-08-10,300478.SZ,,rejected_signal,,1.646088,,0.64777064,,未满足 MA5>MA10>MA20>MA60; 20日动量低于门槛; 60日趋势强度不足
2026-08-10,300479.SZ,,rejected_signal,,16.477718,,0.98272669,,未满足 MA5>MA10>MA20>MA60; 60日趋势强度不足
2026-08-10,300480.SZ,,rejected_signal,,0.0,,0.68749589,,未满足 MA5>MA10>MA20>MA60; 20日动量低于门槛; 60日趋势强度不足; 偏离MA20过远，追高风险; 20日年化波动过高
2026-08-10,300481.SZ,,rejected_signal,,3.259362,,0.84283364,,未满足 MA5>MA10>MA20>MA60; 20日动量低于门槛; 60日趋势强度不足
2026-08-10,300482.SZ,,rejected_signal,,21.104774,,1.00035346,,未满足 MA5>MA10>MA20>MA60; 60日趋势强度不足
2026-08-10,300483.SZ,,rejected_signal,,34.688515,,1.13557506,,20日涨幅过热
2026-08-10,300484.SZ,,rejected_signal,,5.352885,,0.89329815,,未满足 MA5>MA10>MA20>MA60; 60日趋势强度不足
2026-08-10,300485.SZ,,rejected_signal,,16.490044,,0.9735499,,未满足 MA5>MA10>MA20>MA60; 20日动量低于门槛; 60日趋势强度不足
2026-08-10,300486.SZ,,rejected_signal,,0.352214,,0.82458597,,未满足 MA5>MA10>MA20>MA60; 20日动量低于门槛; 60日趋势强度不足
2026-08-10,300487.SZ,,rejected_signal,,24.373404,,0.89018387,,未满足 MA5>MA10>MA20>MA60; 20日动量低于门槛
2026-08-10,300488.SZ,,rejected_signal,,8.75211,,0.80036336,,未满足 MA5>MA10>MA20>MA60; 20日动量低于门槛; 60日趋势强度不足
2026-08-10,300489.SZ,,rejected_signal,,11.623981,,0.53457695,,未满足 MA5>MA10>MA20>MA60; 偏离MA20过远，追高风险; 20日年化波动过高
2026-08-10,300490.SZ,,rejected_signal,,8.608543,,0.86923927,,未满足 MA5>MA10>MA20>MA60; 60日趋势强度不足
2026-08-10,300491.SZ,,rejected_signal,,5.141363,,0.78174025,,未满足 MA5>MA10>MA20>MA60; 20日动量低于门槛; 60日趋势强度不足; 20日年化波动过高
2026-08-10,300492.SZ,,rejected_signal,,20.258114,,0.99413967,,未满足 MA5>MA10>MA20>MA60; 60日趋势强度不足
2026-08-10,300493.SZ,,rejected_signal,,2.601544,,0.89602292,,未满足 MA5>MA10>MA20>MA60; 20日动量低于门槛; 60日趋势强度不足
2026-08-10,300494.SZ,,rejected_signal,,19.107187,,0.97527426,,未满足 MA5>MA10>MA20>MA60; 60日趋势强度不足
2026-08-10,300495.SZ,,rejected_universe,,0.0,,0.0,,不在当日动态股票池(停牌/未上市/已退市/当前ST代理过滤)
2026-08-10,300496.SZ,,rejected_signal,,17.983643,,0.97968757,,未满足 MA5>MA10>MA20>MA60; 60日趋势强度不足
2026-08-10,300497.SZ,,rejected_signal,,22.061893,,0.87120467,,未满足 MA5>MA10>MA20>MA60
2026-08-10,300498.SZ,,rejected_signal,,27.521881,,1.04758775,,未满足 MA5>MA10>MA20>MA60; 60日趋势强度不足
2026-08-10,300499.SZ,,rejected_signal,,2.050555,,0.67345279,,未满足 MA5>MA10>MA20>MA60; 20日动量低于门槛; 60日趋势强度不足
2026-08-10,300500.SZ,,rejected_signal,,13.506792,,0.93548942,,未满足 MA5>MA10>MA20>MA60; 60日趋势强度不足
2026-08-10,300501.SZ,,rejected_signal,,2.147983,,0.7963596,,未满足 MA5>MA10>MA20>MA60; 20日动量低于门槛; 60日趋势强度不足
2026-08-10,300502.SZ,,rejected_signal,,5.766587,,0.78086227,,未满足 MA5>MA10>MA20>MA60; 收盘价低于MA20; 20日动量低于门槛; 60日趋势强度不足; 20日年化波动过高
2026-08-10,300503.SZ,,rejected_signal,,2.678351,,0.78613746,,未满足 MA5>MA10>MA20>MA60; 20日动量低于门槛; 60日趋势强度不足; 20日年化波动过高
2026-08-10,300504.SZ,,rejected_signal,,3.488473,,0.82726377,,未满足 MA5>MA10>MA20>MA60; 20日动量低于门槛; 60日趋势强度不足
2026-08-10,300505.SZ,,rejected_signal,,9.159758,,0.89522487,,未满足 MA5>MA10>MA20>MA60; 60日趋势强度不足
2026-08-10,300506.SZ,,rejected_signal,,37.228382,,1.1899997,,未满足 MA5>MA10>MA20>MA60; 收盘价低于MA20; 20日动量低于门槛; 20日年化波动过高
2026-08-10,300507.SZ,,rejected_signal,,5.586299,,0.89398849,,未满足 MA5>MA10>MA20>MA60; 20日动量低于门槛; 60日趋势强度不足
2026-08-10,300508.SZ,,rejected_signal,,0.0,,0.85213554,,未满足 MA5>MA10>MA20>MA60; 60日趋势强度不足; 偏离MA20过远，追高风险; 20日年化波动过高
2026-08-10,300509.SZ,,rejected_signal,,15.333122,,0.94942707,,未满足 MA5>MA10>MA20>MA60; 60日趋势强度不足
2026-08-10,300510.SZ,,rejected_signal,,32.987404,,1.02220845,,未满足 MA5>MA10>MA20>MA60; 60日趋势强度不足
2026-08-10,300511.SZ,,rejected_signal,,13.981891,,0.93761802,,未满足 MA5>MA10>MA20>MA60; 20日动量低于门槛; 60日趋势强度不足
2026-08-10,300512.SZ,,rejected_signal,,16.080015,,0.95988214,,未满足 MA5>MA10>MA20>MA60; 60日趋势强度不足
2026-08-10,300513.SZ,,rejected_signal,,11.264153,,0.95183027,,未满足 MA5>MA10>MA20>MA60; 60日趋势强度不足
2026-08-10,300514.SZ,,rejected_signal,,14.865952,,0.95688963,,未满足 MA5>MA10>MA20>MA60; 60日趋势强度不足; 20日平均成交额不足
2026-08-10,300515.SZ,,rejected_signal,,29.502285,,1.04596388,,60日趋势强度不足
2026-08-10,300516.SZ,,rejected_signal,,8.210303,,0.83708835,,未满足 MA5>MA10>MA20>MA60; 60日趋势强度不足
2026-08-10,300517.SZ,,rejected_signal,,13.262089,,0.92680806,,未满足 MA5>MA10>MA20>MA60; 60日趋势强度不足
2026-08-10,300518.SZ,,rejected_signal,,0.0,,0.47401243,,未满足 MA5>MA10>MA20>MA60; 20日动量低于门槛; 60日趋势强度不足; 20日年化波动过高
2026-08-10,300519.SZ,,rejected_signal,,28.398117,,1.02824748,,60日趋势强度不足
2026-08-10,300520.SZ,,rejected_signal,,12.98431,,0.88409698,,未满足 MA5>MA10>MA20>MA60; 60日趋势强度不足
2026-08-10,300521.SZ,,rejected_signal,,7.284251,,0.85304058,,未满足 MA5>MA10>MA20>MA60; 60日趋势强度不足
2026-08-10,300522.SZ,,rejected_signal,,1.492931,,0.6889531,,未满足 MA5>MA10>MA20>MA60; 20日动量低于门槛; 60日趋势强度不足
2026-08-10,300523.SZ,,rejected_signal,,21.934778,,0.99460536,,未满足 MA5>MA10>MA20>MA60; 60日趋势强度不足
2026-08-10,300525.SZ,,rejected_signal,,42.323269,,1.06782699,,未满足 MA5>MA10>MA20>MA60; 60日趋势强度不足
2026-08-10,300527.SZ,,rejected_universe,,31.16544,,1.02831018,,不在当日动态股票池(停牌/未上市/已退市/当前ST代理过滤)
2026-08-10,300528.SZ,,rejected_signal,,10.091617,,0.86991102,,未满足 MA5>MA10>MA20>MA60; 60日趋势强度不足; 20日年化波动过高
2026-08-10,300529.SZ,,rejected_signal,,25.132858,,1.09300148,,未满足 MA5>MA10>MA20>MA60; 收盘价低于MA20; 20日动量低于门槛; 60日趋势强度不足
2026-08-10,300530.SZ,,rejected_signal,,29.752752,,1.08581376,,未满足 MA5>MA10>MA20>MA60; 60日趋势强度不足; 20日年化波动过高
2026-08-10,300531.SZ,,rejected_signal,,33.653114,,1.0372051,,60日趋势强度不足
2026-08-10,300532.SZ,,rejected_signal,,35.272976,,1.03067231,,未满足 MA5>MA10>MA20>MA60; 60日趋势强度不足
2026-08-10,300533.SZ,,rejected_signal,,1.265547,,0.94278204,,未满足 MA5>MA10>MA20>MA60; 20日动量低于门槛; 60日趋势强度不足
2026-08-10,300534.SZ,,rejected_signal,,29.936689,,1.41320074,,20日涨幅过热; 偏离MA20过远，追高风险; 20日年化波动过高
2026-08-10,300535.SZ,,rejected_signal,,21.943573,,0.96268189,,未满足 MA5>MA10>MA20>MA60; 60日趋势强度不足
2026-08-10,300536.SZ,,rejected_signal,,7.858936,,0.82576996,,未满足 MA5>MA10>MA20>MA60; 60日趋势强度不足
2026-08-10,300537.SZ,,rejected_signal,,1.621984,,0.61787671,,未满足 MA5>MA10>MA20>MA60; 20日动量低于门槛; 60日趋势强度不足
2026-08-10,300538.SZ,,rejected_signal,,14.916722,,0.84213585,,未满足 MA5>MA10>MA20>MA60; 60日趋势强度不足
2026-08-10,300539.SZ,,rejected_signal,,2.152283,,0.83706659,,未满足 MA5>MA10>MA20>MA60; 20日动量低于门槛; 60日趋势强度不足
2026-08-10,300540.SZ,,rejected_signal,,15.561438,,0.7556653,,未满足 MA5>MA10>MA20>MA60; 20日动量低于门槛; 20日年化波动过高
2026-08-10,300541.SZ,,rejected_signal,,24.516926,,1.01414859,,未满足 MA5>MA10>MA20>MA60; 60日趋势强度不足
2026-08-10,300542.SZ,,rejected_signal,,24.282169,,0.99064022,,未满足 MA5>MA10>MA20>MA60; 60日趋势强度不足
2026-08-10,300543.SZ,,rejected_signal,,20.149078,,0.97058076,,未满足 MA5>MA10>MA20>MA60; 60日趋势强度不足
2026-08-10,300545.SZ,,rejected_signal,,6.700727,,0.77874005,,未满足 MA5>MA10>MA20>MA60; 20日动量低于门槛; 60日趋势强度不足
2026-08-10,300546.SZ,,rejected_signal,,26.064507,,0.96300989,,未满足 MA5>MA10>MA20>MA60; 60日趋势强度不足
2026-08-10,300547.SZ,,rejected_signal,,1.501811,,0.66765487,,未满足 MA5>MA10>MA20>MA60; 收盘价低于MA20; 20日动量低于门槛; 60日趋势强度不足
2026-08-10,300548.SZ,,rejected_signal,,2.149963,,0.57342303,,未满足 MA5>MA10>MA20>MA60; 20日动量低于门槛; 60日趋势强度不足; 20日年化波动过高
2026-08-10,300549.SZ,,rejected_signal,,16.354639,,0.94282854,,未满足 MA5>MA10>MA20>MA60; 60日趋势强度不足; 20日平均成交额不足
2026-08-10,300550.SZ,,rejected_signal,,0.745584,,0.93659663,,未满足 MA5>MA10>MA20>MA60; 20日动量低于门槛; 60日趋势强度不足
2026-08-10,300551.SZ,,rejected_signal,,20.195719,,0.88588619,,未满足 MA5>MA10>MA20>MA60; 60日趋势强度不足
2026-08-10,300552.SZ,,rejected_signal,,7.859173,,0.8200863,,未满足 MA5>MA10>MA20>MA60; 60日趋势强度不足
2026-08-10,300553.SZ,,rejected_signal,,0.0,,0.57654715,,未满足 MA5>MA10>MA20>MA60; 收盘价低于MA20; 20日动量低于门槛; 60日趋势强度不足; 20日年化波动过高
2026-08-10,300554.SZ,,rejected_signal,,1.068267,,0.75073797,,未满足 MA5>MA10>MA20>MA60; 20日动量低于门槛; 60日趋势强度不足
2026-08-10,300555.SZ,,rejected_universe,,10.512139,,0.95686829,,不在当日动态股票池(停牌/未上市/已退市/当前ST代理过滤)
2026-08-10,300556.SZ,,rejected_signal,,5.672812,,0.88659495,,未满足 MA5>MA10>MA20>MA60; 60日趋势强度不足
2026-08-10,300557.SZ,,rejected_signal,,5.083463,,0.82782191,,未满足 MA5>MA10>MA20>MA60; 20日动量低于门槛; 60日趋势强度不足
2026-08-10,300558.SZ,,rejected_signal,,49.700272,,0.97131079,,未满足 MA5>MA10>MA20>MA60
2026-08-10,300559.SZ,,rejected_signal,,25.795914,,1.02172375,,未满足 MA5>MA10>MA20>MA60; 60日趋势强度不足
2026-08-10,300560.SZ,,rejected_signal,,0.0,,0.6871469,,未满足 MA5>MA10>MA20>MA60; 20日动量低于门槛; 60日趋势强度不足; 偏离MA20过远，追高风险
2026-08-10,300561.SZ,,rejected_signal,,21.556627,,1.00333774,,未满足 MA5>MA10>MA20>MA60; 60日趋势强度不足
2026-08-10,300562.SZ,,rejected_rank,50,45.27557,0.43678162,1.03556931,0.39770114,"信号有效, 但综合排名未进入 Top20"
2026-08-10,300563.SZ,,rejected_signal,,1.50012,,0.8435272,,未满足 MA5>MA10>MA20>MA60; 20日动量低于门槛; 60日趋势强度不足
2026-08-10,300564.SZ,,rejected_signal,,9.810934,,0.91491693,,未满足 MA5>MA10>MA20>MA60; 20日动量低于门槛; 60日趋势强度不足
2026-08-10,300565.SZ,,rejected_signal,,16.193079,,0.82920855,,未满足 MA5>MA10>MA20>MA60; 60日趋势强度不足
2026-08-10,300566.SZ,,rejected_signal,,18.673866,,0.75598633,,未满足 MA5>MA10>MA20>MA60; 20日动量低于门槛; 20日年化波动过高
2026-08-10,300567.SZ,,rejected_signal,,11.031754,,0.75753599,,未满足 MA5>MA10>MA20>MA60; 20日动量低于门槛; 20日年化波动过高
2026-08-10,300568.SZ,,rejected_signal,,11.239104,,0.79466814,,未满足 MA5>MA10>MA20>MA60; 20日动量低于门槛; 60日趋势强度不足
2026-08-10,300569.SZ,,rejected_signal,,19.061216,,0.9986859,,未满足 MA5>MA10>MA20>MA60; 60日趋势强度不足
2026-08-10,300570.SZ,,rejected_signal,,0.0,,0.58405316,,未满足 MA5>MA10>MA20>MA60; 收盘价低于MA20; 20日动量低于门槛; 60日趋势强度不足; 20日年化波动过高
2026-08-10,300571.SZ,,rejected_signal,,1.772797,,0.72582936,,未满足 MA5>MA10>MA20>MA60; 20日动量低于门槛; 60日趋势强度不足
2026-08-10,300572.SZ,,rejected_signal,,0.0,,0.6944316,,未满足 MA5>MA10>MA20>MA60; 20日动量低于门槛; 60日趋势强度不足
2026-08-10,300573.SZ,,rejected_signal,,29.733282,,1.05918109,,60日趋势强度不足
2026-08-10,300575.SZ,,rejected_signal,,23.839218,,1.0005784,,未满足 MA5>MA10>MA20>MA60; 60日趋势强度不足
2026-08-10,300576.SZ,,rejected_signal,,6.758221,,0.52562696,,未满足 MA5>MA10>MA20>MA60; 20日动量低于门槛; 60日趋势强度不足
2026-08-10,300577.SZ,,rejected_signal,,35.910873,,1.04802442,,60日趋势强度不足; 20日年化波动过高
2026-08-10,300578.SZ,,rejected_signal,,14.450686,,0.89574689,,未满足 MA5>MA10>MA20>MA60; 60日趋势强度不足
2026-08-10,300579.SZ,,rejected_signal,,21.472378,,1.01766741,,未满足 MA5>MA10>MA20>MA60; 60日趋势强度不足
2026-08-10,300580.SZ,,rejected_signal,,1.793899,,0.93486995,,未满足 MA5>MA10>MA20>MA60; 20日动量低于门槛; 60日趋势强度不足
2026-08-10,300581.SZ,,rejected_signal,,28.095821,,0.92903203,,未满足 MA5>MA10>MA20>MA60; 60日趋势强度不足
2026-08-10,300582.SZ,,rejected_signal,,1.981498,,0.81712323,,未满足 MA5>MA10>MA20>MA60; 60日趋势强度不足
2026-08-10,300583.SZ,,rejected_signal,,29.778008,,0.99761653,,未满足 MA5>MA10>MA20>MA60; 60日趋势强度不足
2026-08-10,300584.SZ,,rejected_signal,,20.632366,,0.93058544,,未满足 MA5>MA10>MA20>MA60; 60日趋势强度不足
2026-08-10,300585.SZ,,rejected_signal,,7.888976,,0.85152328,,未满足 MA5>MA10>MA20>MA60; 60日趋势强度不足
2026-08-10,300586.SZ,,rejected_signal,,6.46365,,0.60948271,,未满足 MA5>MA10>MA20>MA60; 20日动量低于门槛; 60日趋势强度不足
2026-08-10,300587.SZ,,rejected_signal,,24.000046,,1.0246011,,未满足 MA5>MA10>MA20>MA60; 20日涨幅过热; 60日趋势强度不足; 偏离MA20过远，追高风险
2026-08-10,300588.SZ,,rejected_signal,,17.401018,,1.03319049,,20日动量低于门槛
2026-08-10,300589.SZ,,rejected_signal,,30.759012,,1.00583053,,未满足 MA5>MA10>MA20>MA60; 60日趋势强度不足
2026-08-10,300590.SZ,,rejected_signal,,0.0,,0.75585252,,未满足 MA5>MA10>MA20>MA60; 20日动量低于门槛; 60日趋势强度不足
2026-08-10,300591.SZ,,rejected_signal,,21.567743,,0.98363185,,未满足 MA5>MA10>MA20>MA60; 20日涨幅过热; 60日趋势强度不足; 偏离MA20过远，追高风险; 20日年化波动过高
2026-08-10,300592.SZ,,rejected_signal,,23.738518,,0.81304687,,未满足 MA5>MA10>MA20>MA60; 20日动量低于门槛; 20日年化波动过高
2026-08-10,300593.SZ,,rejected_signal,,16.299053,,0.82511348,,未满足 MA5>MA10>MA20>MA60; 60日趋势强度不足; 20日年化波动过高
2026-08-10,300594.SZ,,rejected_universe,,12.317771,,0.96747613,,不在当日动态股票池(停牌/未上市/已退市/当前ST代理过滤)
2026-08-10,300595.SZ,,rejected_signal,,23.426373,,1.0201416,,未满足 MA5>MA10>MA20>MA60; 60日趋势强度不足
2026-08-10,300596.SZ,,rejected_signal,,3.619716,,0.86590105,,未满足 MA5>MA10>MA20>MA60; 20日动量低于门槛; 60日趋势强度不足
2026-08-10,300597.SZ,,rejected_signal,,17.530472,,0.95668209,,未满足 MA5>MA10>MA20>MA60; 60日趋势强度不足
2026-08-10,300598.SZ,,rejected_signal,,5.840437,,0.96049029,,未满足 MA5>MA10>MA20>MA60; 20日动量低于门槛; 60日趋势强度不足
2026-08-10,300599.SZ,,rejected_signal,,14.627115,,0.94081515,,未满足 MA5>MA10>MA20>MA60; 60日趋势强度不足
2026-08-10,300600.SZ,,rejected_signal,,30.783621,,0.99798363,,未满足 MA5>MA10>MA20>MA60; 60日趋势强度不足
2026-08-10,300601.SZ,,rejected_signal,,27.204006,,1.02999544,,60日趋势强度不足
2026-08-10,300602.SZ,,rejected_signal,,2.249837,,0.69307709,,未满足 MA5>MA10>MA20>MA60; 20日动量低于门槛; 60日趋势强度不足
2026-08-10,300603.SZ,,rejected_signal,,16.570217,,0.93839782,,未满足 MA5>MA10>MA20>MA60; 60日趋势强度不足
2026-08-10,300604.SZ,,rejected_signal,,17.798164,,0.80326164,,未满足 MA5>MA10>MA20>MA60; 20日动量低于门槛; 20日年化波动过高
2026-08-10,300605.SZ,,rejected_signal,,30.648495,,1.05520022,,未满足 MA5>MA10>MA20>MA60; 60日趋势强度不足
2026-08-10,300606.SZ,,rejected_signal,,15.255722,,0.72748655,,未满足 MA5>MA10>MA20>MA60; 60日趋势强度不足
2026-08-10,300607.SZ,,rejected_signal,,2.717066,,0.85513568,,未满足 MA5>MA10>MA20>MA60; 20日动量低于门槛; 60日趋势强度不足
2026-08-10,300608.SZ,,rejected_signal,,19.873188,,0.89389229,,未满足 MA5>MA10>MA20>MA60; 60日趋势强度不足
2026-08-10,300609.SZ,,rejected_signal,,0.405344,,0.74949533,,未满足 MA5>MA10>MA20>MA60; 20日动量低于门槛; 60日趋势强度不足
2026-08-10,300610.SZ,,rejected_signal,,13.171885,,0.96017259,,未满足 MA5>MA10>MA20>MA60; 60日趋势强度不足
2026-08-10,300611.SZ,,rejected_signal,,6.75264,,0.95214272,,未满足 MA5>MA10>MA20>MA60; 60日趋势强度不足
2026-08-10,300612.SZ,,rejected_signal,,30.140028,,0.99304789,,未满足 MA5>MA10>MA20>MA60; 60日趋势强度不足
2026-08-10,300613.SZ,,rejected_signal,,36.425285,,1.04771709,,未满足 MA5>MA10>MA20>MA60; 偏离MA20过远，追高风险; 20日年化波动过高
2026-08-10,300614.SZ,,rejected_signal,,18.012892,,0.93580264,,未满足 MA5>MA10>MA20>MA60; 60日趋势强度不足
2026-08-10,300615.SZ,,rejected_signal,,32.790627,,1.00007951,,未满足 MA5>MA10>MA20>MA60; 20日涨幅过热; 偏离MA20过远，追高风险; 20日年化波动过高
2026-08-10,300616.SZ,,rejected_signal,,12.104143,,0.84056067,,未满足 MA5>MA10>MA20>MA60; 60日趋势强度不足
2026-08-10,300617.SZ,,rejected_signal,,13.725899,,0.7841382,,未满足 MA5>MA10>MA20>MA60; 20日动量低于门槛; 60日趋势强度不足
2026-08-10,300618.SZ,,rejected_signal,,5.116867,,0.91295409,,未满足 MA5>MA10>MA20>MA60; 60日趋势强度不足; 偏离MA20过远，追高风险
2026-08-10,300619.SZ,,rejected_signal,,2.583155,,0.82109749,,未满足 MA5>MA10>MA20>MA60; 20日动量低于门槛; 60日趋势强度不足
2026-08-10,300620.SZ,,rejected_signal,,0.952015,,0.6284793,,未满足 MA5>MA10>MA20>MA60; 60日趋势强度不足; 20日年化波动过高
2026-08-10,300621.SZ,,rejected_signal,,25.155771,,1.01939368,,未满足 MA5>MA10>MA20>MA60; 60日趋势强度不足
2026-08-10,300622.SZ,,rejected_signal,,27.00404,,1.01853216,,未满足 MA5>MA10>MA20>MA60; 60日趋势强度不足
2026-08-10,300623.SZ,,rejected_signal,,4.96359,,0.65228951,,未满足 MA5>MA10>MA20>MA60; 20日动量低于门槛; 60日趋势强度不足
2026-08-10,300624.SZ,,rejected_signal,,26.39389,,0.96186721,,未满足 MA5>MA10>MA20>MA60; 60日趋势强度不足
2026-08-10,300625.SZ,,rejected_signal,,22.723167,,0.94980019,,未满足 MA5>MA10>MA20>MA60; 60日趋势强度不足; 20日平均成交额不足
2026-08-10,300626.SZ,,rejected_signal,,1.968623,,0.78567725,,未满足 MA5>MA10>MA20>MA60; 20日动量低于门槛; 60日趋势强度不足; 20日年化波动过高
2026-08-10,300627.SZ,,rejected_signal,,8.786605,,0.99966329,,未满足 MA5>MA10>MA20>MA60; 60日趋势强度不足
2026-08-10,300628.SZ,,rejected_rank,30,49.942989,0.66666669,1.08373797,0.64827585,"信号有效, 但综合排名未进入 Top20"
2026-08-10,300629.SZ,,rejected_signal,,10.043768,,0.85532308,,未满足 MA5>MA10>MA20>MA60; 20日动量低于门槛; 60日趋势强度不足
2026-08-10,300630.SZ,,rejected_universe,,0.0,,0.0,,不在当日动态股票池(停牌/未上市/已退市/当前ST代理过滤)
2026-08-10,300631.SZ,,rejected_signal,,3.808502,,0.89096606,,未满足 MA5>MA10>MA20>MA60; 60日趋势强度不足
2026-08-10,300632.SZ,,rejected_signal,,4.513012,,0.57544279,,未满足 MA5>MA10>MA20>MA60; 20日动量低于门槛; 60日趋势强度不足
2026-08-10,300633.SZ,,rejected_signal,,26.302368,,1.04102373,,未满足 MA5>MA10>MA20>MA60; 60日趋势强度不足
2026-08-10,300634.SZ,,rejected_signal,,9.587351,,0.92249757,,未满足 MA5>MA10>MA20>MA60; 60日趋势强度不足
2026-08-10,300635.SZ,,rejected_signal,,12.133395,,0.93987882,,未满足 MA5>MA10>MA20>MA60; 60日趋势强度不足
2026-08-10,300636.SZ,,rejected_signal,,23.414841,,1.01312232,,未满足 MA5>MA10>MA20>MA60; 60日趋势强度不足
2026-08-10,300637.SZ,,rejected_signal,,7.624927,,0.84836257,,未满足 MA5>MA10>MA20>MA60; 60日趋势强度不足
2026-08-10,300638.SZ,,rejected_signal,,33.794243,,1.00822055,,未满足 MA5>MA10>MA20>MA60; 60日趋势强度不足
2026-08-10,300639.SZ,,rejected_signal,,35.621395,,1.05561769,,未满足 MA5>MA10>MA20>MA60; 60日趋势强度不足
2026-08-10,300640.SZ,,rejected_signal,,30.737103,,1.05201054,,未满足 MA5>MA10>MA20>MA60; 60日趋势强度不足
2026-08-10,300641.SZ,,rejected_signal,,21.321285,,0.95823914,,未满足 MA5>MA10>MA20>MA60; 60日趋势强度不足
2026-08-10,300642.SZ,,rejected_signal,,21.566963,,0.97415721,,未满足 MA5>MA10>MA20>MA60; 60日趋势强度不足
2026-08-10,300643.SZ,,rejected_signal,,8.836569,,0.90158325,,未满足 MA5>MA10>MA20>MA60; 60日趋势强度不足; 20日年化波动过高
2026-08-10,300644.SZ,,rejected_signal,,3.809685,,0.88709825,,未满足 MA5>MA10>MA20>MA60; 60日趋势强度不足
2026-08-10,300645.SZ,,rejected_signal,,28.888258,,0.98752916,,未满足 MA5>MA10>MA20>MA60; 60日趋势强度不足
2026-08-10,300647.SZ,,rejected_signal,,20.378368,,0.88646418,,未满足 MA5>MA10>MA20>MA60; 60日趋势强度不足
2026-08-10,300648.SZ,,rejected_signal,,4.289542,,0.76284879,,未满足 MA5>MA10>MA20>MA60; 60日趋势强度不足
2026-08-10,300649.SZ,,rejected_signal,,5.892639,,0.68621618,,未满足 MA5>MA10>MA20>MA60; 20日动量低于门槛; 20日年化波动过高
2026-08-10,300650.SZ,,rejected_signal,,1.689566,,0.84844828,,未满足 MA5>MA10>MA20>MA60; 20日动量低于门槛; 60日趋势强度不足
2026-08-10,300651.SZ,,rejected_signal,,20.702194,,0.86346215,,未满足 MA5>MA10>MA20>MA60; 60日趋势强度不足
2026-08-10,300652.SZ,,rejected_signal,,4.844245,,0.77755576,,未满足 MA5>MA10>MA20>MA60; 20日动量低于门槛; 60日趋势强度不足
2026-08-10,300653.SZ,,rejected_signal,,18.491135,,0.97430909,,未满足 MA5>MA10>MA20>MA60; 60日趋势强度不足
2026-08-10,300654.SZ,,rejected_signal,,48.406647,,1.08149886,,60日趋势强度不足
2026-08-10,300655.SZ,,rejected_signal,,1.107762,,0.71283144,,未满足 MA5>MA10>MA20>MA60; 20日动量低于门槛; 60日趋势强度不足
2026-08-10,300656.SZ,,rejected_signal,,7.86107,,0.68237454,,未满足 MA5>MA10>MA20>MA60; 20日动量低于门槛; 60日趋势强度不足
2026-08-10,300657.SZ,,rejected_signal,,6.913599,,0.78006577,,未满足 MA5>MA10>MA20>MA60; 20日动量低于门槛; 60日趋势强度不足
2026-08-10,300658.SZ,,rejected_signal,,12.651928,,0.87558109,,未满足 MA5>MA10>MA20>MA60; 60日趋势强度不足
2026-08-10,300659.SZ,,rejected_signal,,25.605349,,0.98197359,,未满足 MA5>MA10>MA20>MA60; 60日趋势强度不足
2026-08-10,300660.SZ,,rejected_signal,,8.484166,,0.94217038,,未满足 MA5>MA10>MA20>MA60; 20日动量低于门槛; 60日趋势强度不足
2026-08-10,300661.SZ,,rejected_signal,,8.918885,,0.78410524,,未满足 MA5>MA10>MA20>MA60; 20日动量低于门槛; 60日趋势强度不足
2026-08-10,300662.SZ,,rejected_signal,,34.891575,,1.05084634,,未满足 MA5>MA10>MA20>MA60; 60日趋势强度不足
2026-08-10,300663.SZ,,rejected_signal,,27.9459,,1.31258857,,20日涨幅过热; 20日年化波动过高
2026-08-10,300664.SZ,,rejected_signal,,20.446177,,0.99130666,,未满足 MA5>MA10>MA20>MA60; 60日趋势强度不足
2026-08-10,300665.SZ,,rejected_signal,,4.586931,,1.02351534,,未满足 MA5>MA10>MA20>MA60; 60日趋势强度不足
2026-08-10,300666.SZ,,rejected_signal,,14.902123,,0.59882927,,未满足 MA5>MA10>MA20>MA60; 20日动量低于门槛; 20日年化波动过高
2026-08-10,300667.SZ,,rejected_signal,,12.372306,,0.81953794,,未满足 MA5>MA10>MA20>MA60; 20日动量低于门槛; 60日趋势强度不足
2026-08-10,300668.SZ,,rejected_signal,,4.799764,,0.63808006,,未满足 MA5>MA10>MA20>MA60; 收盘价低于MA20; 20日动量低于门槛; 60日趋势强度不足; 20日年化波动过高
2026-08-10,300669.SZ,,rejected_signal,,0.0,,0.76060247,,未满足 MA5>MA10>MA20>MA60; 20日动量低于门槛; 60日趋势强度不足
2026-08-10,300670.SZ,,rejected_signal,,5.390901,,0.9228422,,未满足 MA5>MA10>MA20>MA60; 60日趋势强度不足
2026-08-10,300671.SZ,,rejected_signal,,5.378963,,0.73188716,,未满足 MA5>MA10>MA20>MA60; 收盘价低于MA20; 20日动量低于门槛; 20日年化波动过高
2026-08-10,300672.SZ,,rejected_signal,,5.529038,,0.30957696,,未满足 MA5>MA10>MA20>MA60; 20日动量低于门槛; 60日趋势强度不足; 20日年化波动过高
2026-08-10,300673.SZ,,rejected_signal,,21.118946,,0.94597387,,未满足 MA5>MA10>MA20>MA60; 60日趋势强度不足
2026-08-10,300674.SZ,,rejected_signal,,26.014227,,1.03038907,,未满足 MA5>MA10>MA20>MA60; 60日趋势强度不足
2026-08-10,300675.SZ,,rejected_signal,,15.534256,,0.96616417,,未满足 MA5>MA10>MA20>MA60; 60日趋势强度不足
2026-08-10,300676.SZ,,rejected_signal,,47.297119,,1.04255927,,60日趋势强度不足
2026-08-10,300677.SZ,,rejected_signal,,46.286419,,1.09022367,,60日趋势强度不足
2026-08-10,300678.SZ,,rejected_signal,,20.74128,,1.02749491,,未满足 MA5>MA10>MA20>MA60; 60日趋势强度不足
2026-08-10,300679.SZ,,rejected_signal,,4.963651,,0.66518009,,未满足 MA5>MA10>MA20>MA60; 收盘价低于MA20; 20日动量低于门槛; 60日趋势强度不足
2026-08-10,300680.SZ,,rejected_signal,,2.902493,,0.8788901,,未满足 MA5>MA10>MA20>MA60; 20日动量低于门槛; 60日趋势强度不足
2026-08-10,300681.SZ,,rejected_signal,,2.484297,,0.71226871,,未满足 MA5>MA10>MA20>MA60; 20日动量低于门槛; 60日趋势强度不足
2026-08-10,300682.SZ,,rejected_signal,,31.166264,,1.02980947,,未满足 MA5>MA10>MA20>MA60; 60日趋势强度不足
2026-08-10,300683.SZ,,rejected_signal,,31.347862,,0.94798309,,未满足 MA5>MA10>MA20>MA60; 60日趋势强度不足; 20日年化波动过高
2026-08-10,300684.SZ,,rejected_signal,,1.008309,,0.68841171,,未满足 MA5>MA10>MA20>MA60; 20日动量低于门槛; 60日趋势强度不足; 20日年化波动过高
2026-08-10,300685.SZ,,rejected_signal,,13.369504,,1.06417835,,未满足 MA5>MA10>MA20>MA60; 60日趋势强度不足
2026-08-10,300686.SZ,,rejected_signal,,11.554119,,0.6536594,,未满足 MA5>MA10>MA20>MA60; 60日趋势强度不足; 偏离MA20过远，追高风险; 20日年化波动过高
2026-08-10,300687.SZ,,rejected_signal,,4.355053,,0.87680101,,未满足 MA5>MA10>MA20>MA60; 20日动量低于门槛; 60日趋势强度不足
2026-08-10,300688.SZ,,rejected_signal,,44.289234,,1.17053568,,20日年化波动过高
2026-08-10,300689.SZ,,rejected_signal,,0.0,,0.70947975,,未满足 MA5>MA10>MA20>MA60; 20日动量低于门槛; 60日趋势强度不足; 20日年化波动过高
2026-08-10,300690.SZ,,rejected_signal,,6.274224,,0.95197278,,未满足 MA5>MA10>MA20>MA60; 60日趋势强度不足
2026-08-10,300691.SZ,,rejected_signal,,4.839012,,0.84049296,,未满足 MA5>MA10>MA20>MA60; 60日趋势强度不足
2026-08-10,300692.SZ,,rejected_rank,56,43.932198,0.36781609,0.98128879,0.30574712,"信号有效, 但综合排名未进入 Top20"
2026-08-10,300693.SZ,,rejected_signal,,8.372172,,0.76281095,,未满足 MA5>MA10>MA20>MA60; 20日动量低于门槛; 60日趋势强度不足
2026-08-10,300694.SZ,,rejected_signal,,4.241264,,0.95178223,,未满足 MA5>MA10>MA20>MA60; 20日动量低于门槛; 60日趋势强度不足
2026-08-10,300695.SZ,,rejected_signal,,0.105627,,0.87390703,,未满足 MA5>MA10>MA20>MA60; 20日动量低于门槛; 60日趋势强度不足
2026-08-10,300696.SZ,,rejected_signal,,8.24045,,0.70897752,,未满足 MA5>MA10>MA20>MA60; 20日动量低于门槛; 60日趋势强度不足
2026-08-10,300697.SZ,,rejected_signal,,21.552584,,0.85600019,,未满足 MA5>MA10>MA20>MA60; 60日趋势强度不足
2026-08-10,300698.SZ,,rejected_signal,,1.979978,,0.83490449,,未满足 MA5>MA10>MA20>MA60; 60日趋势强度不足
2026-08-10,300699.SZ,,rejected_signal,,8.719747,,0.93722194,,未满足 MA5>MA10>MA20>MA60; 20日动量低于门槛; 60日趋势强度不足
2026-08-10,300700.SZ,,rejected_signal,,0.0,,0.78784674,,未满足 MA5>MA10>MA20>MA60; 60日趋势强度不足
2026-08-10,300701.SZ,,rejected_signal,,11.717512,,0.92723632,,未满足 MA5>MA10>MA20>MA60; 60日趋势强度不足
2026-08-10,300702.SZ,,rejected_rank,70,40.39399,0.20689656,0.9957813,0.1816092,"信号有效, 但综合排名未进入 Top20"
2026-08-10,300703.SZ,,rejected_signal,,23.303862,,0.94839847,,未满足 MA5>MA10>MA20>MA60; 60日趋势强度不足
2026-08-10,300705.SZ,,rejected_signal,,28.360315,,1.02110684,,60日趋势强度不足
2026-08-10,300706.SZ,,rejected_signal,,3.805573,,0.62743115,,未满足 MA5>MA10>MA20>MA60; 20日动量低于门槛; 20日年化波动过高
2026-08-10,300707.SZ,,rejected_signal,,25.411394,,1.01198721,,未满足 MA5>MA10>MA20>MA60; 60日趋势强度不足
2026-08-10,300708.SZ,,rejected_signal,,3.589205,,0.92481887,,未满足 MA5>MA10>MA20>MA60; 60日趋势强度不足
2026-08-10,300709.SZ,,rejected_signal,,4.006709,,0.69144404,,未满足 MA5>MA10>MA20>MA60; 20日动量低于门槛; 60日趋势强度不足
2026-08-10,300710.SZ,,rejected_signal,,6.755502,,0.78362286,,未满足 MA5>MA10>MA20>MA60; 20日动量低于门槛; 60日趋势强度不足
2026-08-10,300711.SZ,,rejected_signal,,22.057518,,0.89994419,,未满足 MA5>MA10>MA20>MA60; 60日趋势强度不足; 偏离MA20过远，追高风险
2026-08-10,300712.SZ,,rejected_signal,,4.914019,,0.96388733,,未满足 MA5>MA10>MA20>MA60; 20日动量低于门槛; 60日趋势强度不足
2026-08-10,300713.SZ,,rejected_signal,,15.717855,,0.9201051,,未满足 MA5>MA10>MA20>MA60; 60日趋势强度不足
2026-08-10,300715.SZ,,rejected_signal,,0.658716,,0.54844391,,未满足 MA5>MA10>MA20>MA60; 20日动量低于门槛; 60日趋势强度不足
2026-08-10,300716.SZ,,rejected_universe,,18.364555,,0.91418731,,不在当日动态股票池(停牌/未上市/已退市/当前ST代理过滤)
2026-08-10,300717.SZ,,rejected_signal,,2.904925,,0.8979497,,未满足 MA5>MA10>MA20>MA60; 20日动量低于门槛; 60日趋势强度不足
2026-08-10,300718.SZ,,rejected_signal,,17.932344,,0.97151953,,未满足 MA5>MA10>MA20>MA60; 60日趋势强度不足
2026-08-10,300719.SZ,,rejected_signal,,15.067882,,0.95470041,,未满足 MA5>MA10>MA20>MA60; 60日趋势强度不足
2026-08-10,300720.SZ,,rejected_signal,,0.0,,0.44956461,,未满足 MA5>MA10>MA20>MA60; 20日动量低于门槛; 偏离MA20过远，追高风险; 20日年化波动过高
2026-08-10,300721.SZ,,rejected_signal,,7.659359,,0.62496638,,未满足 MA5>MA10>MA20>MA60; 20日动量低于门槛; 60日趋势强度不足
2026-08-10,300722.SZ,,rejected_signal,,16.903112,,0.9681856,,未满足 MA5>MA10>MA20>MA60; 60日趋势强度不足
2026-08-10,300723.SZ,,rejected_signal,,13.994731,,0.93557596,,未满足 MA5>MA10>MA20>MA60; 20日动量低于门槛; 60日趋势强度不足
2026-08-10,300724.SZ,,rejected_signal,,6.183228,,0.85011852,,未满足 MA5>MA10>MA20>MA60; 20日动量低于门槛; 60日趋势强度不足
2026-08-10,300725.SZ,,rejected_signal,,40.958618,,0.9844296,,偏离MA20过远，追高风险
2026-08-10,300726.SZ,,rejected_signal,,5.281826,,0.68606114,,未满足 MA5>MA10>MA20>MA60; 20日动量低于门槛; 60日趋势强度不足
2026-08-10,300727.SZ,,rejected_signal,,7.546866,,0.81397784,,未满足 MA5>MA10>MA20>MA60; 20日动量低于门槛; 60日趋势强度不足
2026-08-10,300729.SZ,,rejected_signal,,14.522889,,0.99467045,,未满足 MA5>MA10>MA20>MA60; 60日趋势强度不足; 20日平均成交额不足
2026-08-10,300730.SZ,,rejected_signal,,1.076794,,0.8644641,,未满足 MA5>MA10>MA20>MA60; 20日动量低于门槛; 60日趋势强度不足
2026-08-10,300731.SZ,,rejected_signal,,0.301601,,0.56113529,,未满足 MA5>MA10>MA20>MA60; 20日动量低于门槛; 60日趋势强度不足
2026-08-10,300732.SZ,,rejected_signal,,23.261688,,0.95759004,,未满足 MA5>MA10>MA20>MA60; 60日趋势强度不足
2026-08-10,300733.SZ,,rejected_signal,,29.942909,,1.02746236,,未满足 MA5>MA10>MA20>MA60; 60日趋势强度不足
2026-08-10,300735.SZ,,rejected_signal,,4.63176,,0.90477681,,未满足 MA5>MA10>MA20>MA60; 20日动量低于门槛; 60日趋势强度不足
2026-08-10,300736.SZ,,rejected_signal,,1.976896,,0.84253961,,未满足 MA5>MA10>MA20>MA60; 20日动量低于门槛; 60日趋势强度不足
2026-08-10,300737.SZ,,rejected_signal,,6.18473,,0.7629261,,未满足 MA5>MA10>MA20>MA60; 20日动量低于门槛; 60日趋势强度不足
2026-08-10,300738.SZ,,rejected_signal,,32.225864,,1.02849472,,60日趋势强度不足
2026-08-10,300739.SZ,,rejected_signal,,4.731313,,0.64149809,,未满足 MA5>MA10>MA20>MA60; 20日动量低于门槛; 60日趋势强度不足
2026-08-10,300740.SZ,,rejected_signal,,24.078379,,0.96091121,,未满足 MA5>MA10>MA20>MA60; 60日趋势强度不足
2026-08-10,300741.SZ,,rejected_signal,,14.747396,,0.98002529,,未满足 MA5>MA10>MA20>MA60; 60日趋势强度不足
2026-08-10,300742.SZ,,rejected_universe,,0.0,,0.0,,不在当日动态股票池(停牌/未上市/已退市/当前ST代理过滤)
2026-08-10,300743.SZ,,rejected_signal,,11.879511,,0.95330048,,未满足 MA5>MA10>MA20>MA60; 60日趋势强度不足
2026-08-10,300745.SZ,,rejected_signal,,0.0,,0.53989369,,未满足 MA5>MA10>MA20>MA60; 收盘价低于MA20; 20日动量低于门槛; 60日趋势强度不足
2026-08-10,300746.SZ,,rejected_signal,,24.549871,,1.23323011,,20日涨幅过热; 偏离MA20过远，追高风险
2026-08-10,300747.SZ,,rejected_signal,,6.315852,,0.76025659,,未满足 MA5>MA10>MA20>MA60; 20日动量低于门槛; 60日趋势强度不足
2026-08-10,300748.SZ,,rejected_signal,,17.809063,,0.86508894,,未满足 MA5>MA10>MA20>MA60; 60日趋势强度不足
2026-08-10,300749.SZ,,rejected_signal,,12.811319,,0.68537974,,未满足 MA5>MA10>MA20>MA60; 60日趋势强度不足; 偏离MA20过远，追高风险
2026-08-10,300750.SZ,,rejected_signal,,23.951363,,1.00309563,,未满足 MA5>MA10>MA20>MA60; 60日趋势强度不足
2026-08-10,300751.SZ,,rejected_signal,,0.0,,0.58673906,,未满足 MA5>MA10>MA20>MA60; 收盘价低于MA20; 20日动量低于门槛; 60日趋势强度不足; 20日年化波动过高
2026-08-10,300752.SZ,,rejected_signal,,4.203397,,0.74253577,,未满足 MA5>MA10>MA20>MA60; 20日动量低于门槛; 60日趋势强度不足
2026-08-10,300753.SZ,,rejected_signal,,38.19836,,1.05389655,,未满足 MA5>MA10>MA20>MA60; 60日趋势强度不足; 20日年化波动过高
2026-08-10,300755.SZ,,rejected_signal,,22.304146,,0.87420022,,未满足 MA5>MA10>MA20>MA60; 60日趋势强度不足
2026-08-10,300756.SZ,,rejected_signal,,10.176336,,0.79208058,,未满足 MA5>MA10>MA20>MA60; 60日趋势强度不足; 偏离MA20过远，追高风险
2026-08-10,300757.SZ,,rejected_signal,,4.960614,,0.71430618,,未满足 MA5>MA10>MA20>MA60; 20日动量低于门槛; 60日趋势强度不足; 20日年化波动过高
2026-08-10,300758.SZ,,rejected_signal,,20.175488,,0.84282827,,未满足 MA5>MA10>MA20>MA60; 60日趋势强度不足
2026-08-10,300759.SZ,,rejected_signal,,40.660206,,1.25370145,,20日涨幅过热; 偏离MA20过远，追高风险
2026-08-10,300760.SZ,,rejected_signal,,45.857628,,1.06683064,,未满足 MA5>MA10>MA20>MA60; 60日趋势强度不足
2026-08-10,300761.SZ,,rejected_signal,,16.319496,,1.01265371,,未满足 MA5>MA10>MA20>MA60; 20日动量低于门槛; 60日趋势强度不足
2026-08-10,300762.SZ,,rejected_signal,,9.539437,,0.80001891,,未满足 MA5>MA10>MA20>MA60; 20日动量低于门槛; 60日趋势强度不足
2026-08-10,300763.SZ,,rejected_signal,,7.289521,,0.73096704,,未满足 MA5>MA10>MA20>MA60; 20日动量低于门槛; 60日趋势强度不足
2026-08-10,300765.SZ,,rejected_signal,,60.846283,,1.162673,,未满足 MA5>MA10>MA20>MA60
2026-08-10,300766.SZ,,rejected_signal,,33.171318,,0.98915291,,未满足 MA5>MA10>MA20>MA60; 60日趋势强度不足
2026-08-10,300767.SZ,,rejected_signal,,0.0,,0.79446208,,未满足 MA5>MA10>MA20>MA60; 20日动量低于门槛; 60日趋势强度不足
2026-08-10,300768.SZ,,rejected_signal,,28.712425,,1.03103042,,60日趋势强度不足
2026-08-10,300769.SZ,,rejected_signal,,9.234307,,0.70863497,,未满足 MA5>MA10>MA20>MA60; 20日动量低于门槛; 60日趋势强度不足
2026-08-10,300770.SZ,,rejected_signal,,20.119589,,1.0433768,,未满足 MA5>MA10>MA20>MA60; 60日趋势强度不足
2026-08-10,300771.SZ,,rejected_signal,,31.015625,,0.99544233,,未满足 MA5>MA10>MA20>MA60; 60日趋势强度不足
2026-08-10,300772.SZ,,rejected_signal,,22.258841,,1.00596809,,未满足 MA5>MA10>MA20>MA60; 60日趋势强度不足
2026-08-10,300773.SZ,,rejected_signal,,22.219831,,0.98057115,,未满足 MA5>MA10>MA20>MA60; 60日趋势强度不足
2026-08-10,300774.SZ,,rejected_signal,,20.681704,,0.8497166,,未满足 MA5>MA10>MA20>MA60; 60日趋势强度不足
2026-08-10,300775.SZ,,rejected_signal,,17.270384,,0.9571656,,未满足 MA5>MA10>MA20>MA60; 60日趋势强度不足
2026-08-10,300776.SZ,,rejected_signal,,2.046295,,0.56209272,,未满足 MA5>MA10>MA20>MA60; 收盘价低于MA20; 20日动量低于门槛; 60日趋势强度不足; 20日年化波动过高
2026-08-10,300777.SZ,,rejected_signal,,7.020594,,0.8640343,,未满足 MA5>MA10>MA20>MA60; 20日动量低于门槛; 60日趋势强度不足
2026-08-10,300778.SZ,,rejected_signal,,26.875982,,0.98318249,,未满足 MA5>MA10>MA20>MA60; 60日趋势强度不足
2026-08-10,300779.SZ,,rejected_signal,,40.762184,,1.31954503,,20日涨幅过热; 20日年化波动过高
2026-08-10,300780.SZ,,rejected_signal,,0.0,,0.61128885,,未满足 MA5>MA10>MA20>MA60; 收盘价低于MA20; 20日动量低于门槛; 60日趋势强度不足; 20日年化波动过高
2026-08-10,300781.SZ,,rejected_signal,,26.458841,,0.96851695,,未满足 MA5>MA10>MA20>MA60; 60日趋势强度不足
2026-08-10,300782.SZ,,rejected_signal,,4.966602,,0.66306233,,未满足 MA5>MA10>MA20>MA60; 20日动量低于门槛; 60日趋势强度不足
2026-08-10,300783.SZ,,rejected_signal,,35.087902,,1.06109476,,未满足 MA5>MA10>MA20>MA60; 60日趋势强度不足
2026-08-10,300784.SZ,,rejected_signal,,7.786227,,0.90464157,,未满足 MA5>MA10>MA20>MA60; 60日趋势强度不足; 20日平均成交额不足
2026-08-10,300785.SZ,,rejected_signal,,28.319916,,0.98719627,,未满足 MA5>MA10>MA20>MA60; 60日趋势强度不足
2026-08-10,300786.SZ,,rejected_signal,,0.234583,,0.69671822,,未满足 MA5>MA10>MA20>MA60; 20日动量低于门槛; 60日趋势强度不足
2026-08-10,300787.SZ,,rejected_signal,,10.773299,,0.93414247,,未满足 MA5>MA10>MA20>MA60; 60日趋势强度不足
2026-08-10,300788.SZ,,rejected_signal,,33.248562,,1.0345664,,未满足 MA5>MA10>MA20>MA60; 60日趋势强度不足
2026-08-10,300789.SZ,,rejected_signal,,17.337669,,0.98592132,,未满足 MA5>MA10>MA20>MA60; 60日趋势强度不足
2026-08-10,300790.SZ,,rejected_signal,,5.456544,,0.76059365,,未满足 MA5>MA10>MA20>MA60; 20日动量低于门槛; 60日趋势强度不足
2026-08-10,300791.SZ,,rejected_signal,,15.468558,,1.03279817,,未满足 MA5>MA10>MA20>MA60; 60日趋势强度不足; 20日平均成交额不足
2026-08-10,300792.SZ,,rejected_signal,,9.89106,,0.86597061,,未满足 MA5>MA10>MA20>MA60; 60日趋势强度不足
2026-08-10,300793.SZ,,rejected_signal,,17.8428,,0.93755251,,未满足 MA5>MA10>MA20>MA60; 60日趋势强度不足
2026-08-10,300795.SZ,,rejected_signal,,31.988127,,1.37078142,,20日涨幅过热; 偏离MA20过远，追高风险; 20日年化波动过高
2026-08-10,300796.SZ,,rejected_signal,,20.335022,,0.9686656,,未满足 MA5>MA10>MA20>MA60; 60日趋势强度不足; 20日平均成交额不足
2026-08-10,300797.SZ,,rejected_signal,,19.045792,,0.9331333,,未满足 MA5>MA10>MA20>MA60; 60日趋势强度不足
2026-08-10,300798.SZ,,rejected_signal,,30.209028,,1.09532464,,未满足 MA5>MA10>MA20>MA60; 60日趋势强度不足
2026-08-10,300799.SZ,,rejected_universe,,0.0,,0.0,,不在当日动态股票池(停牌/未上市/已退市/当前ST代理过滤)
2026-08-10,300800.SZ,,rejected_signal,,15.433858,,0.94507229,,未满足 MA5>MA10>MA20>MA60; 60日趋势强度不足
2026-08-10,300801.SZ,,rejected_signal,,1.509532,,0.84248066,,未满足 MA5>MA10>MA20>MA60; 20日动量低于门槛; 60日趋势强度不足
2026-08-10,300802.SZ,,rejected_signal,,10.441661,,0.87532127,,未满足 MA5>MA10>MA20>MA60
2026-08-10,300803.SZ,,rejected_signal,,12.236314,,0.93197513,,未满足 MA5>MA10>MA20>MA60; 60日趋势强度不足
2026-08-10,300804.SZ,,rejected_signal,,33.777828,,1.04424798,,未满足 MA5>MA10>MA20>MA60; 20日涨幅过热; 60日趋势强度不足; 偏离MA20过远，追高风险
2026-08-10,300805.SZ,,rejected_signal,,31.050009,,1.00812602,,未满足 MA5>MA10>MA20>MA60; 60日趋势强度不足
2026-08-10,300806.SZ,,rejected_signal,,2.819422,,0.61800557,,未满足 MA5>MA10>MA20>MA60; 20日动量低于门槛; 60日趋势强度不足; 20日年化波动过高
2026-08-10,300807.SZ,,rejected_signal,,6.424419,,0.9034093,,未满足 MA5>MA10>MA20>MA60; 60日趋势强度不足
2026-08-10,300808.SZ,,rejected_signal,,7.104402,,0.82110137,,未满足 MA5>MA10>MA20>MA60; 20日动量低于门槛; 60日趋势强度不足
2026-08-10,300809.SZ,,rejected_signal,,11.106512,,0.77366805,,未满足 MA5>MA10>MA20>MA60; 60日趋势强度不足
2026-08-10,300810.SZ,,rejected_signal,,14.310699,,0.93301517,,未满足 MA5>MA10>MA20>MA60; 60日趋势强度不足
2026-08-10,300811.SZ,,rejected_signal,,5.503257,,0.63669598,,未满足 MA5>MA10>MA20>MA60; 20日动量低于门槛; 60日趋势强度不足
2026-08-10,300812.SZ,,rejected_signal,,3.030675,,0.67728269,,未满足 MA5>MA10>MA20>MA60; 20日动量低于门槛; 60日趋势强度不足
2026-08-10,300813.SZ,,rejected_signal,,9.528023,,0.9120779,,未满足 MA5>MA10>MA20>MA60; 20日动量低于门槛; 60日趋势强度不足
2026-08-10,300814.SZ,,rejected_signal,,6.672719,,0.45610335,,未满足 MA5>MA10>MA20>MA60; 20日动量低于门槛; 20日年化波动过高
2026-08-10,300815.SZ,,rejected_signal,,2.516058,,0.9199549,,未满足 MA5>MA10>MA20>MA60; 20日动量低于门槛; 60日趋势强度不足
2026-08-10,300816.SZ,,rejected_signal,,8.552189,,0.56624639,,未满足 MA5>MA10>MA20>MA60; 20日动量低于门槛; 60日趋势强度不足
2026-08-10,300817.SZ,,rejected_signal,,2.393916,,0.91482222,,未满足 MA5>MA10>MA20>MA60; 60日趋势强度不足
2026-08-10,300818.SZ,,rejected_signal,,14.725039,,0.91775954,,未满足 MA5>MA10>MA20>MA60; 60日趋势强度不足
2026-08-10,300819.SZ,,rejected_signal,,2.836709,,0.60957915,,未满足 MA5>MA10>MA20>MA60; 20日动量低于门槛; 60日趋势强度不足
2026-08-10,300820.SZ,,rejected_signal,,0.0,,0.59617841,,未满足 MA5>MA10>MA20>MA60; 20日动量低于门槛; 60日趋势强度不足
2026-08-10,300821.SZ,,rejected_signal,,1.260417,,0.76318842,,未满足 MA5>MA10>MA20>MA60; 20日动量低于门槛
2026-08-10,300822.SZ,,rejected_signal,,9.602313,,0.91022241,,未满足 MA5>MA10>MA20>MA60; 60日趋势强度不足
2026-08-10,300823.SZ,,rejected_signal,,9.945516,,0.91385502,,未满足 MA5>MA10>MA20>MA60; 60日趋势强度不足
2026-08-10,300824.SZ,,rejected_signal,,27.646828,,0.99564391,,未满足 MA5>MA10>MA20>MA60; 60日趋势强度不足
2026-08-10,300825.SZ,,rejected_signal,,0.172903,,0.75227356,,未满足 MA5>MA10>MA20>MA60; 20日动量低于门槛; 60日趋势强度不足
2026-08-10,300826.SZ,,rejected_signal,,24.101778,,0.94280934,,未满足 MA5>MA10>MA20>MA60; 偏离MA20过远，追高风险
2026-08-10,300827.SZ,,rejected_signal,,9.376771,,0.89598322,,未满足 MA5>MA10>MA20>MA60; 60日趋势强度不足
2026-08-10,300828.SZ,,rejected_signal,,3.539541,,0.79358888,,未满足 MA5>MA10>MA20>MA60; 60日趋势强度不足
2026-08-10,300829.SZ,,rejected_signal,,23.934336,,0.94719422,,未满足 MA5>MA10>MA20>MA60; 60日趋势强度不足
2026-08-10,300830.SZ,,rejected_signal,,21.785671,,0.96097022,,未满足 MA5>MA10>MA20>MA60; 60日趋势强度不足
2026-08-10,300831.SZ,,rejected_universe,,3.510137,,0.83062088,,不在当日动态股票池(停牌/未上市/已退市/当前ST代理过滤)
2026-08-10,300832.SZ,,rejected_signal,,43.923714,,1.06386769,,未满足 MA5>MA10>MA20>MA60; 60日趋势强度不足
2026-08-10,300833.SZ,,rejected_signal,,23.448334,,0.99840903,,60日趋势强度不足
2026-08-10,300834.SZ,,rejected_signal,,3.974776,,0.86791873,,未满足 MA5>MA10>MA20>MA60; 60日趋势强度不足
2026-08-10,300835.SZ,,rejected_signal,,7.67405,,0.62386441,,未满足 MA5>MA10>MA20>MA60; 20日动量低于门槛; 20日年化波动过高
2026-08-10,300836.SZ,,rejected_signal,,0.0,,0.6916281,,未满足 MA5>MA10>MA20>MA60; 收盘价低于MA20; 20日动量低于门槛; 60日趋势强度不足
2026-08-10,300837.SZ,,rejected_signal,,12.226627,,0.86596823,,未满足 MA5>MA10>MA20>MA60; 60日趋势强度不足
2026-08-10,300838.SZ,,rejected_signal,,9.820316,,0.87981862,,未满足 MA5>MA10>MA20>MA60; 60日趋势强度不足
2026-08-10,300839.SZ,,rejected_signal,,0.720371,,0.78514481,,未满足 MA5>MA10>MA20>MA60; 20日动量低于门槛; 60日趋势强度不足
2026-08-10,300840.SZ,,rejected_signal,,8.171329,,0.81850749,,未满足 MA5>MA10>MA20>MA60; 60日趋势强度不足; 偏离MA20过远，追高风险
2026-08-10,300841.SZ,,rejected_signal,,21.209755,,0.98379922,,未满足 MA5>MA10>MA20>MA60; 60日趋势强度不足
2026-08-10,300842.SZ,,rejected_signal,,3.211703,,0.63205642,,未满足 MA5>MA10>MA20>MA60; 20日动量低于门槛; 60日趋势强度不足
2026-08-10,300843.SZ,,rejected_signal,,16.23732,,0.78438205,,未满足 MA5>MA10>MA20>MA60; 20日动量低于门槛; 20日年化波动过高
2026-08-10,300844.SZ,,rejected_signal,,12.151081,,0.93346405,,未满足 MA5>MA10>MA20>MA60; 60日趋势强度不足
2026-08-10,300845.SZ,,rejected_signal,,3.521506,,0.77869833,,未满足 MA5>MA10>MA20>MA60; 20日动量低于门槛; 60日趋势强度不足
2026-08-10,300846.SZ,,rejected_signal,,3.837138,,0.89906925,,未满足 MA5>MA10>MA20>MA60; 60日趋势强度不足
2026-08-10,300847.SZ,,rejected_signal,,40.769135,,1.02017295,,60日趋势强度不足
2026-08-10,300848.SZ,,rejected_signal,,12.383923,,0.92286956,,未满足 MA5>MA10>MA20>MA60; 60日趋势强度不足
2026-08-10,300849.SZ,,rejected_signal,,0.0,,0.85633796,,未满足 MA5>MA10>MA20>MA60; 20日动量低于门槛; 60日趋势强度不足
2026-08-10,300850.SZ,,rejected_signal,,30.057764,,1.06983483,,未满足 MA5>MA10>MA20>MA60; 60日趋势强度不足
2026-08-10,300851.SZ,,rejected_signal,,15.346508,,1.07175076,,未满足 MA5>MA10>MA20>MA60; 60日趋势强度不足
2026-08-10,300852.SZ,,rejected_signal,,1.292474,,0.70925534,,未满足 MA5>MA10>MA20>MA60; 20日动量低于门槛; 60日趋势强度不足; 20日年化波动过高
2026-08-10,300853.SZ,,rejected_signal,,0.0,,0.74515331,,未满足 MA5>MA10>MA20>MA60; 60日趋势强度不足
2026-08-10,300854.SZ,,rejected_signal,,10.318233,,0.74627018,,未满足 MA5>MA10>MA20>MA60; 60日趋势强度不足
2026-08-10,300855.SZ,,rejected_signal,,6.173242,,0.92115641,,未满足 MA5>MA10>MA20>MA60; 60日趋势强度不足
2026-08-10,300856.SZ,,rejected_signal,,18.623192,,0.96583784,,未满足 MA5>MA10>MA20>MA60; 60日趋势强度不足
2026-08-10,300857.SZ,,rejected_signal,,3.0,,0.74446189,,未满足 MA5>MA10>MA20>MA60; 20日动量低于门槛; 60日趋势强度不足; 20日年化波动过高
2026-08-10,300858.SZ,,rejected_signal,,8.474796,,0.93665987,,未满足 MA5>MA10>MA20>MA60; 60日趋势强度不足
2026-08-10,300859.SZ,,rejected_signal,,11.328089,,0.98281074,,未满足 MA5>MA10>MA20>MA60; 60日趋势强度不足
2026-08-10,300860.SZ,,rejected_signal,,17.645079,,0.93901157,,未满足 MA5>MA10>MA20>MA60; 60日趋势强度不足
2026-08-10,300861.SZ,,rejected_signal,,3.582185,,0.80369955,,未满足 MA5>MA10>MA20>MA60; 20日动量低于门槛; 60日趋势强度不足
2026-08-10,300862.SZ,,rejected_signal,,0.0,,1.0,,未满足 MA5>MA10>MA20>MA60; 60日趋势强度不足; 偏离MA20过远，追高风险; 20日年化波动过高; 当日跳空幅度过大
2026-08-10,300863.SZ,,rejected_signal,,4.364014,,0.51236773,,未满足 MA5>MA10>MA20>MA60; 20日动量低于门槛; 60日趋势强度不足
2026-08-10,300864.SZ,,rejected_signal,,6.971983,,0.90526247,,未满足 MA5>MA10>MA20>MA60; 20日动量低于门槛; 60日趋势强度不足
2026-08-10,300865.SZ,,rejected_signal,,16.846188,,0.91431338,,未满足 MA5>MA10>MA20>MA60; 60日趋势强度不足
2026-08-10,300866.SZ,,rejected_signal,,30.60895,,1.0509721,,未满足 MA5>MA10>MA20>MA60; 60日趋势强度不足
2026-08-10,300867.SZ,,rejected_signal,,7.822291,,0.88572985,,未满足 MA5>MA10>MA20>MA60; 60日趋势强度不足
2026-08-10,300868.SZ,,rejected_signal,,0.0,,0.4454602,,未满足 MA5>MA10>MA20>MA60; 20日动量低于门槛; 60日趋势强度不足; 20日年化波动过高
2026-08-10,300869.SZ,,rejected_signal,,27.263298,,1.01175404,,未满足 MA5>MA10>MA20>MA60; 60日趋势强度不足
2026-08-10,300870.SZ,,rejected_signal,,5.024234,,0.55163145,,未满足 MA5>MA10>MA20>MA60; 20日动量低于门槛; 60日趋势强度不足; 20日年化波动过高
2026-08-10,300871.SZ,,rejected_signal,,9.248593,,0.93888813,,未满足 MA5>MA10>MA20>MA60; 20日动量低于门槛; 60日趋势强度不足
2026-08-10,300872.SZ,,rejected_signal,,9.937747,,0.88544869,,未满足 MA5>MA10>MA20>MA60; 60日趋势强度不足
2026-08-10,300873.SZ,,rejected_signal,,6.203239,,0.67729741,,未满足 MA5>MA10>MA20>MA60; 收盘价低于MA20; 20日动量低于门槛; 20日年化波动过高
2026-08-10,300875.SZ,,rejected_signal,,30.031845,,1.05530572,,未满足 MA5>MA10>MA20>MA60; 60日趋势强度不足
2026-08-10,300876.SZ,,rejected_signal,,6.36521,,0.85575855,,未满足 MA5>MA10>MA20>MA60; 60日趋势强度不足
2026-08-10,300877.SZ,,rejected_signal,,1.230146,,0.82775229,,未满足 MA5>MA10>MA20>MA60; 20日动量低于门槛; 60日趋势强度不足
2026-08-10,300878.SZ,,rejected_signal,,13.193857,,0.90813792,,未满足 MA5>MA10>MA20>MA60; 20日动量低于门槛; 60日趋势强度不足
2026-08-10,300879.SZ,,rejected_signal,,22.427521,,0.95977283,,未满足 MA5>MA10>MA20>MA60; 60日趋势强度不足
2026-08-10,300880.SZ,,rejected_signal,,5.575539,,0.92870641,,未满足 MA5>MA10>MA20>MA60; 20日动量低于门槛; 60日趋势强度不足
2026-08-10,300881.SZ,,rejected_signal,,7.033158,,0.79890603,,未满足 MA5>MA10>MA20>MA60; 20日动量低于门槛; 60日趋势强度不足
2026-08-10,300882.SZ,,rejected_signal,,5.854421,,0.96822983,,未满足 MA5>MA10>MA20>MA60; 60日趋势强度不足
2026-08-10,300883.SZ,,rejected_signal,,4.856139,,0.89923561,,未满足 MA5>MA10>MA20>MA60; 20日动量低于门槛; 60日趋势强度不足
2026-08-10,300884.SZ,,rejected_signal,,18.005981,,1.01945782,,未满足 MA5>MA10>MA20>MA60; 60日趋势强度不足
2026-08-10,300885.SZ,,rejected_signal,,0.839087,,0.83631235,,未满足 MA5>MA10>MA20>MA60; 20日动量低于门槛; 60日趋势强度不足
2026-08-10,300886.SZ,,rejected_signal,,32.115498,,0.98626482,,未满足 MA5>MA10>MA20>MA60; 60日趋势强度不足
2026-08-10,300887.SZ,,rejected_signal,,27.834515,,0.932504,,未满足 MA5>MA10>MA20>MA60; 60日趋势强度不足
2026-08-10,300888.SZ,,rejected_signal,,30.760216,,1.06135309,,未满足 MA5>MA10>MA20>MA60; 60日趋势强度不足
2026-08-10,300889.SZ,,rejected_signal,,2.208582,,0.76476264,,未满足 MA5>MA10>MA20>MA60; 20日动量低于门槛; 60日趋势强度不足
2026-08-10,300890.SZ,,rejected_signal,,8.681776,,0.8173216,,未满足 MA5>MA10>MA20>MA60; 60日趋势强度不足
2026-08-10,300891.SZ,,rejected_signal,,28.795029,,1.00186181,,未满足 MA5>MA10>MA20>MA60; 60日趋势强度不足
2026-08-10,300892.SZ,,rejected_signal,,26.197742,,1.00664973,,未满足 MA5>MA10>MA20>MA60; 60日趋势强度不足; 偏离MA20过远，追高风险
2026-08-10,300893.SZ,,rejected_signal,,10.896798,,0.91785014,,未满足 MA5>MA10>MA20>MA60; 60日趋势强度不足
2026-08-10,300894.SZ,,rejected_signal,,31.725693,,1.05651259,,未满足 MA5>MA10>MA20>MA60; 20日年化波动过高
2026-08-10,300895.SZ,,rejected_signal,,2.855538,,0.94491374,,未满足 MA5>MA10>MA20>MA60; 60日趋势强度不足
2026-08-10,300896.SZ,,rejected_signal,,46.314232,,1.08596504,,未满足 MA5>MA10>MA20>MA60; 60日趋势强度不足
2026-08-10,300897.SZ,,rejected_signal,,20.901257,,0.96368515,,未满足 MA5>MA10>MA20>MA60; 60日趋势强度不足; 20日年化波动过高
2026-08-10,300898.SZ,,rejected_signal,,38.808758,,1.01529217,,未满足 MA5>MA10>MA20>MA60; 60日趋势强度不足
2026-08-10,300899.SZ,,rejected_signal,,3.854559,,0.92646956,,未满足 MA5>MA10>MA20>MA60; 60日趋势强度不足; 20日平均成交额不足
2026-08-10,300900.SZ,,rejected_signal,,5.912557,,0.64920962,,未满足 MA5>MA10>MA20>MA60; 20日动量低于门槛; 60日趋势强度不足
2026-08-10,300901.SZ,,rejected_signal,,30.265751,,0.96540922,,未满足 MA5>MA10>MA20>MA60; 60日趋势强度不足
2026-08-10,300902.SZ,,rejected_signal,,28.895653,,0.92789543,,未满足 MA5>MA10>MA20>MA60; 60日趋势强度不足
2026-08-10,300903.SZ,,rejected_signal,,8.437284,,0.31862369,,未满足 MA5>MA10>MA20>MA60; 20日动量低于门槛; 60日趋势强度不足; 20日年化波动过高
2026-08-10,300904.SZ,,rejected_signal,,22.437044,,0.9308641,,未满足 MA5>MA10>MA20>MA60; 60日趋势强度不足
2026-08-10,300905.SZ,,rejected_signal,,7.697406,,0.66301745,,未满足 MA5>MA10>MA20>MA60; 20日动量低于门槛; 60日趋势强度不足
2026-08-10,300906.SZ,,rejected_signal,,22.002115,,0.94300473,,未满足 MA5>MA10>MA20>MA60; 60日趋势强度不足
2026-08-10,300907.SZ,,rejected_signal,,4.567285,,0.76529974,,未满足 MA5>MA10>MA20>MA60; 收盘价低于MA20; 20日动量低于门槛; 20日年化波动过高
2026-08-10,300908.SZ,,rejected_signal,,16.996635,,1.01534855,,未满足 MA5>MA10>MA20>MA60; 60日趋势强度不足
2026-08-10,300909.SZ,,rejected_signal,,0.0,,0.79405904,,未满足 MA5>MA10>MA20>MA60; 20日动量低于门槛; 60日趋势强度不足
2026-08-10,300910.SZ,,rejected_signal,,20.457346,,0.98376811,,未满足 MA5>MA10>MA20>MA60; 60日趋势强度不足
2026-08-10,300911.SZ,,rejected_signal,,1.987712,,0.87409252,,未满足 MA5>MA10>MA20>MA60; 20日动量低于门槛; 60日趋势强度不足
2026-08-10,300912.SZ,,rejected_signal,,4.481345,,0.86223978,,未满足 MA5>MA10>MA20>MA60; 收盘价低于MA20; 20日动量低于门槛; 60日趋势强度不足; 20日年化波动过高
2026-08-10,300913.SZ,,rejected_signal,,4.036773,,0.72922802,,未满足 MA5>MA10>MA20>MA60; 20日动量低于门槛; 60日趋势强度不足
2026-08-10,300915.SZ,,rejected_signal,,15.587115,,0.95022786,,未满足 MA5>MA10>MA20>MA60; 60日趋势强度不足
2026-08-10,300916.SZ,,rejected_signal,,6.380409,,0.72506797,,未满足 MA5>MA10>MA20>MA60; 60日趋势强度不足; 偏离MA20过远，追高风险
2026-08-10,300917.SZ,,rejected_signal,,35.942024,,0.99891317,,未满足 MA5>MA10>MA20>MA60; 60日趋势强度不足
2026-08-10,300918.SZ,,rejected_signal,,3.850642,,0.89140147,,未满足 MA5>MA10>MA20>MA60; 20日动量低于门槛; 60日趋势强度不足
2026-08-10,300919.SZ,,rejected_signal,,21.549467,,0.89385027,,未满足 MA5>MA10>MA20>MA60; 60日趋势强度不足
2026-08-10,300920.SZ,,rejected_signal,,3.265469,,0.78030747,,未满足 MA5>MA10>MA20>MA60; 20日动量低于门槛; 60日趋势强度不足
2026-08-10,300921.SZ,,rejected_signal,,1.432646,,0.80176383,,未满足 MA5>MA10>MA20>MA60; 20日动量低于门槛; 60日趋势强度不足
2026-08-10,300922.SZ,,rejected_signal,,23.740976,,0.84476203,,未满足 MA5>MA10>MA20>MA60; 60日趋势强度不足
2026-08-10,300923.SZ,,rejected_signal,,18.356354,,0.99285257,,未满足 MA5>MA10>MA20>MA60; 60日趋势强度不足; 20日平均成交额不足
2026-08-10,300925.SZ,,rejected_signal,,16.251165,,0.96664339,,未满足 MA5>MA10>MA20>MA60; 60日趋势强度不足
2026-08-10,300926.SZ,,rejected_signal,,13.713855,,0.9919523,,未满足 MA5>MA10>MA20>MA60; 60日趋势强度不足
2026-08-10,300927.SZ,,rejected_signal,,18.307192,,0.93596864,,未满足 MA5>MA10>MA20>MA60; 60日趋势强度不足
2026-08-10,300928.SZ,,rejected_signal,,6.299125,,0.86029267,,未满足 MA5>MA10>MA20>MA60; 20日动量低于门槛; 60日趋势强度不足
2026-08-10,300929.SZ,,rejected_signal,,26.334545,,1.03188777,,未满足 MA5>MA10>MA20>MA60; 60日趋势强度不足
2026-08-10,300930.SZ,,rejected_signal,,11.955578,,0.79207373,,未满足 MA5>MA10>MA20>MA60; 60日趋势强度不足
2026-08-10,300931.SZ,,rejected_signal,,0.0,,0.6836465,,未满足 MA5>MA10>MA20>MA60; 20日动量低于门槛; 60日趋势强度不足
2026-08-10,300932.SZ,,rejected_signal,,25.700954,,0.97395617,,未满足 MA5>MA10>MA20>MA60; 60日趋势强度不足
2026-08-10,300933.SZ,,rejected_signal,,20.166948,,0.9554143,,未满足 MA5>MA10>MA20>MA60; 60日趋势强度不足
2026-08-10,300935.SZ,,rejected_signal,,26.261702,,0.88308084,,未满足 MA5>MA10>MA20>MA60; 60日趋势强度不足; 偏离MA20过远，追高风险
2026-08-10,300936.SZ,,rejected_signal,,4.47612,,0.52349538,,未满足 MA5>MA10>MA20>MA60; 20日动量低于门槛; 60日趋势强度不足; 20日年化波动过高
2026-08-10,300937.SZ,,rejected_signal,,39.404739,,1.08587825,,20日涨幅过热; 60日趋势强度不足
2026-08-10,300938.SZ,,rejected_signal,,1.411028,,0.51531923,,未满足 MA5>MA10>MA20>MA60; 收盘价低于MA20; 20日动量低于门槛; 60日趋势强度不足; 20日年化波动过高
2026-08-10,300939.SZ,,rejected_signal,,12.224902,,0.85526639,,未满足 MA5>MA10>MA20>MA60; 偏离MA20过远，追高风险; 20日年化波动过高
2026-08-10,300940.SZ,,rejected_signal,,10.17096,,0.86429709,,未满足 MA5>MA10>MA20>MA60; 60日趋势强度不足
2026-08-10,300941.SZ,,rejected_signal,,31.243511,,0.97958285,,未满足 MA5>MA10>MA20>MA60; 60日趋势强度不足
2026-08-10,300942.SZ,,rejected_signal,,31.995237,,1.00028384,,未满足 MA5>MA10>MA20>MA60; 60日趋势强度不足
2026-08-10,300943.SZ,,rejected_signal,,0.985672,,0.53487581,,未满足 MA5>MA10>MA20>MA60; 20日动量低于门槛; 60日趋势强度不足; 20日年化波动过高
2026-08-10,300945.SZ,,rejected_signal,,22.52545,,0.98986173,,未满足 MA5>MA10>MA20>MA60; 60日趋势强度不足
2026-08-10,300946.SZ,,rejected_signal,,19.600864,,0.91416222,,未满足 MA5>MA10>MA20>MA60; 60日趋势强度不足
2026-08-10,300947.SZ,,rejected_signal,,27.415646,,1.00758839,,未满足 MA5>MA10>MA20>MA60; 60日趋势强度不足
2026-08-10,300948.SZ,,rejected_signal,,0.0,,0.64264345,,未满足 MA5>MA10>MA20>MA60; 20日动量低于门槛; 60日趋势强度不足; 20日年化波动过高
2026-08-10,300949.SZ,,rejected_signal,,15.655394,,0.96246076,,未满足 MA5>MA10>MA20>MA60; 60日趋势强度不足; 20日平均成交额不足
2026-08-10,300950.SZ,,rejected_signal,,17.853912,,0.94253373,,未满足 MA5>MA10>MA20>MA60; 60日趋势强度不足
2026-08-10,300951.SZ,,rejected_signal,,21.612303,,1.14442611,,20日涨幅过热; 偏离MA20过远，追高风险; 20日年化波动过高
2026-08-10,300952.SZ,,rejected_signal,,1.414908,,0.85854125,,未满足 MA5>MA10>MA20>MA60; 20日动量低于门槛; 60日趋势强度不足
2026-08-10,300953.SZ,,rejected_signal,,5.317941,,0.67052799,,未满足 MA5>MA10>MA20>MA60; 20日动量低于门槛; 60日趋势强度不足
2026-08-10,300955.SZ,,rejected_signal,,0.534446,,0.83444268,,未满足 MA5>MA10>MA20>MA60; 收盘价低于MA20; 20日动量低于门槛; 60日趋势强度不足
2026-08-10,300956.SZ,,rejected_signal,,13.656606,,0.85163397,,未满足 MA5>MA10>MA20>MA60; 60日趋势强度不足
2026-08-10,300957.SZ,,rejected_signal,,22.516262,,1.0124619,,未满足 MA5>MA10>MA20>MA60; 60日趋势强度不足
2026-08-10,300958.SZ,,rejected_signal,,15.385738,,0.97639811,,未满足 MA5>MA10>MA20>MA60; 60日趋势强度不足
2026-08-10,300959.SZ,,rejected_signal,,3.945183,,0.55857545,,未满足 MA5>MA10>MA20>MA60; 20日动量低于门槛; 60日趋势强度不足; 20日年化波动过高
2026-08-10,300960.SZ,,rejected_signal,,16.470657,,0.94892895,,未满足 MA5>MA10>MA20>MA60; 60日趋势强度不足; 20日平均成交额不足
2026-08-10,300961.SZ,,rejected_signal,,0.0,,0.86269397,,未满足 MA5>MA10>MA20>MA60; 20日动量低于门槛; 60日趋势强度不足
2026-08-10,300962.SZ,,rejected_signal,,10.913746,,1.00084817,,未满足 MA5>MA10>MA20>MA60; 60日趋势强度不足
2026-08-10,300963.SZ,,rejected_signal,,12.302452,,0.96338278,,未满足 MA5>MA10>MA20>MA60; 60日趋势强度不足
2026-08-10,300964.SZ,,rejected_signal,,7.148907,,0.62819427,,未满足 MA5>MA10>MA20>MA60; 20日动量低于门槛; 60日趋势强度不足; 20日年化波动过高
2026-08-10,300965.SZ,,rejected_signal,,25.389469,,0.87483126,,未满足 MA5>MA10>MA20>MA60; 60日趋势强度不足
2026-08-10,300966.SZ,,rejected_signal,,0.940726,,0.91473043,,未满足 MA5>MA10>MA20>MA60; 20日动量低于门槛; 60日趋势强度不足
2026-08-10,300967.SZ,,rejected_signal,,7.440094,,0.92389667,,未满足 MA5>MA10>MA20>MA60; 60日趋势强度不足
2026-08-10,300968.SZ,,rejected_signal,,14.053282,,0.94285864,,未满足 MA5>MA10>MA20>MA60; 60日趋势强度不足; 20日年化波动过高
2026-08-10,300969.SZ,,rejected_signal,,0.0,,0.73919564,,未满足 MA5>MA10>MA20>MA60; 收盘价低于MA20; 20日动量低于门槛; 60日趋势强度不足
2026-08-10,300970.SZ,,rejected_signal,,4.837238,,0.85312802,,未满足 MA5>MA10>MA20>MA60; 20日动量低于门槛; 60日趋势强度不足
2026-08-10,300971.SZ,,rejected_signal,,10.356667,,0.92021978,,未满足 MA5>MA10>MA20>MA60; 60日趋势强度不足
2026-08-10,300972.SZ,,rejected_signal,,28.480553,,1.06426346,,未满足 MA5>MA10>MA20>MA60; 60日趋势强度不足
2026-08-10,300973.SZ,,rejected_signal,,18.73469,,1.016047,,未满足 MA5>MA10>MA20>MA60; 60日趋势强度不足
2026-08-10,300975.SZ,,rejected_signal,,11.261036,,0.56415194,,未满足 MA5>MA10>MA20>MA60; 20日动量低于门槛; 20日年化波动过高
2026-08-10,300976.SZ,,rejected_signal,,3.217801,,0.62198329,,未满足 MA5>MA10>MA20>MA60; 20日动量低于门槛; 20日年化波动过高
2026-08-10,300977.SZ,,rejected_signal,,16.124031,,0.90815085,,未满足 MA5>MA10>MA20>MA60; 60日趋势强度不足; 20日平均成交额不足
2026-08-10,300978.SZ,,rejected_signal,,20.415785,,0.96442991,,未满足 MA5>MA10>MA20>MA60; 60日趋势强度不足
2026-08-10,300979.SZ,,rejected_signal,,43.217197,,1.06086767,,未满足 MA5>MA10>MA20>MA60; 60日趋势强度不足
2026-08-10,300980.SZ,,rejected_signal,,0.0,,0.78130478,,未满足 MA5>MA10>MA20>MA60; 20日动量低于门槛; 60日趋势强度不足
2026-08-10,300981.SZ,,rejected_signal,,23.819647,,1.25854671,,20日涨幅过热; 60日趋势强度不足; 偏离MA20过远，追高风险
2026-08-10,300982.SZ,,rejected_signal,,11.481272,,0.86841923,,未满足 MA5>MA10>MA20>MA60; 60日趋势强度不足
2026-08-10,300983.SZ,,rejected_signal,,25.879145,,0.93753946,,未满足 MA5>MA10>MA20>MA60; 60日趋势强度不足; 偏离MA20过远，追高风险
2026-08-10,300984.SZ,,rejected_signal,,0.0,,0.76641083,,未满足 MA5>MA10>MA20>MA60; 收盘价低于MA20; 20日动量低于门槛; 60日趋势强度不足
2026-08-10,300985.SZ,,rejected_signal,,14.310101,,0.82321155,,未满足 MA5>MA10>MA20>MA60; 20日动量低于门槛
2026-08-10,300986.SZ,,rejected_signal,,16.786077,,0.81807137,,未满足 MA5>MA10>MA20>MA60; 60日趋势强度不足; 偏离MA20过远，追高风险; 20日年化波动过高
2026-08-10,300987.SZ,,rejected_signal,,25.187906,,1.00443256,,未满足 MA5>MA10>MA20>MA60; 60日趋势强度不足
2026-08-10,300988.SZ,,rejected_signal,,10.917703,,0.86296284,,未满足 MA5>MA10>MA20>MA60; 60日趋势强度不足
2026-08-10,300989.SZ,,rejected_signal,,17.27755,,0.93145615,,未满足 MA5>MA10>MA20>MA60; 60日趋势强度不足
2026-08-10,300990.SZ,,rejected_signal,,0.0,,0.59966493,,未满足 MA5>MA10>MA20>MA60; 收盘价低于MA20; 20日动量低于门槛; 60日趋势强度不足; 20日年化波动过高
2026-08-10,300991.SZ,,rejected_signal,,0.047902,,0.6847322,,未满足 MA5>MA10>MA20>MA60; 20日动量低于门槛; 60日趋势强度不足
2026-08-10,300992.SZ,,rejected_signal,,11.050576,,0.85508382,,未满足 MA5>MA10>MA20>MA60; 60日趋势强度不足
2026-08-10,300993.SZ,,rejected_signal,,21.274107,,0.98382401,,未满足 MA5>MA10>MA20>MA60; 60日趋势强度不足; 20日平均成交额不足
2026-08-10,300994.SZ,,rejected_signal,,22.492744,,0.98095036,,未满足 MA5>MA10>MA20>MA60; 60日趋势强度不足; 20日平均成交额不足
2026-08-10,300995.SZ,,rejected_signal,,9.909636,,0.85976899,,未满足 MA5>MA10>MA20>MA60; 60日趋势强度不足
2026-08-10,300996.SZ,,rejected_signal,,31.479788,,1.4843235,,20日涨幅过热; 偏离MA20过远，追高风险; 20日年化波动过高
2026-08-10,300997.SZ,,rejected_signal,,37.527866,,1.08674777,,未满足 MA5>MA10>MA20>MA60; 60日趋势强度不足
2026-08-10,300998.SZ,,rejected_signal,,4.502221,,0.82157153,,未满足 MA5>MA10>MA20>MA60; 20日动量低于门槛; 60日趋势强度不足; 20日年化波动过高
2026-08-10,300999.SZ,,rejected_signal,,30.389675,,1.04544973,,未满足 MA5>MA10>MA20>MA60; 60日趋势强度不足
2026-08-10,301000.SZ,,rejected_signal,,4.397464,,0.83517796,,未满足 MA5>MA10>MA20>MA60; 20日动量低于门槛; 60日趋势强度不足
2026-08-10,301001.SZ,,rejected_signal,,24.504208,,0.96463209,,未满足 MA5>MA10>MA20>MA60; 60日趋势强度不足
2026-08-10,301002.SZ,,rejected_signal,,5.142231,,0.66626161,,未满足 MA5>MA10>MA20>MA60; 收盘价低于MA20; 20日动量低于门槛; 60日趋势强度不足
2026-08-10,301003.SZ,,rejected_signal,,3.801797,,0.86092657,,未满足 MA5>MA10>MA20>MA60; 60日趋势强度不足
2026-08-10,301004.SZ,,rejected_signal,,32.585594,,1.07006896,,未满足 MA5>MA10>MA20>MA60; 60日趋势强度不足
2026-08-10,301005.SZ,,rejected_signal,,5.690376,,0.62536687,,未满足 MA5>MA10>MA20>MA60; 20日动量低于门槛; 60日趋势强度不足; 偏离MA20过远，追高风险
2026-08-10,301006.SZ,,rejected_signal,,20.666105,,0.95712817,,未满足 MA5>MA10>MA20>MA60; 60日趋势强度不足; 20日平均成交额不足
2026-08-10,301007.SZ,,rejected_signal,,7.098202,,0.81190443,,未满足 MA5>MA10>MA20>MA60; 60日趋势强度不足; 20日年化波动过高
2026-08-10,301008.SZ,,rejected_signal,,27.704365,,1.14436376,,偏离MA20过远，追高风险; 20日年化波动过高
2026-08-10,301009.SZ,,rejected_signal,,31.996096,,1.01340806,,未满足 MA5>MA10>MA20>MA60; 60日趋势强度不足
2026-08-10,301010.SZ,,rejected_signal,,21.081642,,0.93016154,,未满足 MA5>MA10>MA20>MA60; 60日趋势强度不足
2026-08-10,301011.SZ,,rejected_signal,,22.592834,,0.98077649,,未满足 MA5>MA10>MA20>MA60; 60日趋势强度不足
2026-08-10,301012.SZ,,rejected_signal,,19.980543,,0.88068223,,未满足 MA5>MA10>MA20>MA60; 60日趋势强度不足; 20日年化波动过高
2026-08-10,301013.SZ,,rejected_signal,,5.638071,,0.7729755,,未满足 MA5>MA10>MA20>MA60; 20日动量低于门槛; 20日年化波动过高
2026-08-10,301015.SZ,,rejected_signal,,40.414078,,1.04278791,,未满足 MA5>MA10>MA20>MA60
2026-08-10,301016.SZ,,rejected_signal,,3.967498,,0.84341466,,未满足 MA5>MA10>MA20>MA60; 60日趋势强度不足
2026-08-10,301017.SZ,,rejected_signal,,26.278988,,1.02685249,,未满足 MA5>MA10>MA20>MA60; 60日趋势强度不足
2026-08-10,301018.SZ,,rejected_signal,,9.815821,,0.58015227,,未满足 MA5>MA10>MA20>MA60; 20日动量低于门槛; 60日趋势强度不足; 20日年化波动过高
2026-08-10,301019.SZ,,rejected_signal,,2.140005,,0.91396135,,未满足 MA5>MA10>MA20>MA60; 20日动量低于门槛; 60日趋势强度不足
2026-08-10,301020.SZ,,rejected_signal,,6.90409,,0.84831703,,未满足 MA5>MA10>MA20>MA60; 60日趋势强度不足
2026-08-10,301021.SZ,,rejected_signal,,3.219004,,0.44058707,,未满足 MA5>MA10>MA20>MA60; 20日动量低于门槛; 60日趋势强度不足; 20日年化波动过高
2026-08-10,301022.SZ,,rejected_signal,,13.566145,,0.91453987,,未满足 MA5>MA10>MA20>MA60; 60日趋势强度不足
2026-08-10,301023.SZ,,rejected_signal,,8.201057,,0.91276616,,未满足 MA5>MA10>MA20>MA60; 60日趋势强度不足
2026-08-10,301024.SZ,,rejected_signal,,8.472172,,0.799806,,未满足 MA5>MA10>MA20>MA60; 60日趋势强度不足
2026-08-10,301025.SZ,,rejected_signal,,28.085947,,0.98723227,,未满足 MA5>MA10>MA20>MA60; 60日趋势强度不足
2026-08-10,301026.SZ,,rejected_signal,,7.942699,,0.82092226,,未满足 MA5>MA10>MA20>MA60; 20日涨幅过热; 60日趋势强度不足; 偏离MA20过远，追高风险
2026-08-10,301027.SZ,,rejected_signal,,25.20805,,0.93366331,,未满足 MA5>MA10>MA20>MA60; 60日趋势强度不足
2026-08-10,301028.SZ,,rejected_signal,,0.735487,,0.74783564,,未满足 MA5>MA10>MA20>MA60; 20日动量低于门槛; 60日趋势强度不足
2026-08-10,301029.SZ,,rejected_signal,,6.030496,,0.87995553,,未满足 MA5>MA10>MA20>MA60; 20日动量低于门槛; 60日趋势强度不足
2026-08-10,301030.SZ,,rejected_universe,,1.069142,,0.89433444,,不在当日动态股票池(停牌/未上市/已退市/当前ST代理过滤)
2026-08-10,301031.SZ,,rejected_signal,,1.237332,,0.71811813,,未满足 MA5>MA10>MA20>MA60; 20日动量低于门槛; 60日趋势强度不足
2026-08-10,301032.SZ,,rejected_signal,,11.553092,,0.95195019,,未满足 MA5>MA10>MA20>MA60; 60日趋势强度不足
2026-08-10,301033.SZ,,rejected_signal,,51.145012,,1.10874748,,未满足 MA5>MA10>MA20>MA60
2026-08-10,301035.SZ,,rejected_signal,,42.296062,,1.09789741,,未满足 MA5>MA10>MA20>MA60; 60日趋势强度不足
2026-08-10,301036.SZ,,rejected_signal,,19.023756,,0.91280204,,未满足 MA5>MA10>MA20>MA60; 60日趋势强度不足; 20日平均成交额不足
2026-08-10,301037.SZ,,rejected_signal,,12.780474,,0.9165864,,未满足 MA5>MA10>MA20>MA60; 60日趋势强度不足; 20日平均成交额不足
2026-08-10,301038.SZ,,rejected_signal,,15.814468,,0.95282787,,未满足 MA5>MA10>MA20>MA60; 60日趋势强度不足
2026-08-10,301039.SZ,,rejected_signal,,48.494549,,1.14031029,,未满足 MA5>MA10>MA20>MA60; 60日趋势强度不足
2026-08-10,301040.SZ,,rejected_signal,,7.185072,,0.92514616,,未满足 MA5>MA10>MA20>MA60; 60日趋势强度不足
2026-08-10,301041.SZ,,rejected_signal,,1.702541,,0.69654679,,未满足 MA5>MA10>MA20>MA60; 20日动量低于门槛; 60日趋势强度不足
2026-08-10,301042.SZ,,rejected_signal,,0.002776,,0.34012982,,未满足 MA5>MA10>MA20>MA60; 收盘价低于MA20; 20日动量低于门槛; 60日趋势强度不足; 20日年化波动过高
2026-08-10,301043.SZ,,rejected_signal,,0.0,,0.87645054,,未满足 MA5>MA10>MA20>MA60; 20日动量低于门槛; 60日趋势强度不足
2026-08-10,301045.SZ,,rejected_signal,,6.315659,,0.6791923,,未满足 MA5>MA10>MA20>MA60; 20日动量低于门槛; 20日年化波动过高
2026-08-10,301046.SZ,,rejected_signal,,7.476293,,0.65669125,,未满足 MA5>MA10>MA20>MA60; 20日动量低于门槛; 60日趋势强度不足
2026-08-10,301047.SZ,,rejected_signal,,33.700241,,1.02651548,,20日涨幅过热; 偏离MA20过远，追高风险; 20日年化波动过高; 当日跳空幅度过大
2026-08-10,301048.SZ,,rejected_signal,,19.866175,,1.00438106,,未满足 MA5>MA10>MA20>MA60; 60日趋势强度不足
2026-08-10,301049.SZ,,rejected_signal,,19.30201,,0.96671635,,未满足 MA5>MA10>MA20>MA60; 60日趋势强度不足; 20日平均成交额不足
2026-08-10,301050.SZ,,rejected_signal,,6.086902,,0.91472661,,未满足 MA5>MA10>MA20>MA60; 20日动量低于门槛; 60日趋势强度不足
2026-08-10,301051.SZ,,rejected_signal,,7.667833,,0.66642553,,未满足 MA5>MA10>MA20>MA60; 偏离MA20过远，追高风险; 20日年化波动过高
2026-08-10,301052.SZ,,rejected_signal,,21.55662,,0.94890541,,未满足 MA5>MA10>MA20>MA60; 60日趋势强度不足
2026-08-10,301053.SZ,,rejected_signal,,8.995926,,0.96396846,,未满足 MA5>MA10>MA20>MA60; 收盘价低于MA20; 20日动量低于门槛; 60日趋势强度不足
2026-08-10,301055.SZ,,rejected_signal,,0.0,,0.68653506,,未满足 MA5>MA10>MA20>MA60; 20日动量低于门槛; 60日趋势强度不足
2026-08-10,301056.SZ,,rejected_signal,,2.137487,,0.83863002,,未满足 MA5>MA10>MA20>MA60; 60日趋势强度不足
2026-08-10,301057.SZ,,rejected_signal,,6.027798,,0.82515424,,未满足 MA5>MA10>MA20>MA60; 60日趋势强度不足
2026-08-10,301058.SZ,,rejected_signal,,20.361149,,1.00402737,,未满足 MA5>MA10>MA20>MA60; 60日趋势强度不足
2026-08-10,301059.SZ,,rejected_signal,,10.911487,,0.88862073,,未满足 MA5>MA10>MA20>MA60; 20日动量低于门槛; 60日趋势强度不足
2026-08-10,301060.SZ,,rejected_signal,,22.102907,,0.97726667,,未满足 MA5>MA10>MA20>MA60; 60日趋势强度不足
2026-08-10,301061.SZ,,rejected_signal,,22.353224,,0.97766083,,未满足 MA5>MA10>MA20>MA60; 60日趋势强度不足
2026-08-10,301062.SZ,,rejected_signal,,24.985962,,1.00957847,,未满足 MA5>MA10>MA20>MA60; 60日趋势强度不足
2026-08-10,301063.SZ,,rejected_signal,,15.711824,,0.9551757,,未满足 MA5>MA10>MA20>MA60; 60日趋势强度不足
2026-08-10,301065.SZ,,rejected_signal,,16.400688,,0.96409696,,未满足 MA5>MA10>MA20>MA60; 60日趋势强度不足; 20日平均成交额不足
2026-08-10,301066.SZ,,rejected_signal,,19.54566,,0.94992048,,未满足 MA5>MA10>MA20>MA60; 60日趋势强度不足
2026-08-10,301067.SZ,,rejected_signal,,14.100088,,0.73545963,,未满足 MA5>MA10>MA20>MA60; 60日趋势强度不足; 偏离MA20过远，追高风险; 20日年化波动过高
2026-08-10,301068.SZ,,rejected_signal,,21.824383,,1.00678682,,未满足 MA5>MA10>MA20>MA60; 60日趋势强度不足
2026-08-10,301069.SZ,,rejected_signal,,10.626019,,0.83255702,,未满足 MA5>MA10>MA20>MA60; 20日动量低于门槛; 60日趋势强度不足
2026-08-10,301070.SZ,,rejected_signal,,0.38349,,0.68548054,,未满足 MA5>MA10>MA20>MA60; 20日动量低于门槛; 60日趋势强度不足; 20日年化波动过高
2026-08-10,301071.SZ,,rejected_signal,,6.500321,,0.59641677,,未满足 MA5>MA10>MA20>MA60; 20日动量低于门槛
2026-08-10,301072.SZ,,rejected_signal,,12.759953,,0.92447847,,未满足 MA5>MA10>MA20>MA60; 20日动量低于门槛
2026-08-10,301073.SZ,,rejected_signal,,20.719995,,0.88837641,,未满足 MA5>MA10>MA20>MA60; 60日趋势强度不足
2026-08-10,301075.SZ,,rejected_signal,,0.0,,0.77664912,,未满足 MA5>MA10>MA20>MA60; 20日动量低于门槛; 60日趋势强度不足
2026-08-10,301076.SZ,,rejected_signal,,0.208557,,0.82758182,,未满足 MA5>MA10>MA20>MA60; 20日动量低于门槛; 60日趋势强度不足
2026-08-10,301077.SZ,,rejected_signal,,2.029713,,0.81641495,,未满足 MA5>MA10>MA20>MA60; 20日动量低于门槛; 60日趋势强度不足
2026-08-10,301078.SZ,,rejected_signal,,30.989594,,1.00192487,,未满足 MA5>MA10>MA20>MA60; 60日趋势强度不足
2026-08-10,301079.SZ,,rejected_signal,,1.625942,,0.83337158,,未满足 MA5>MA10>MA20>MA60; 20日动量低于门槛; 60日趋势强度不足
2026-08-10,301080.SZ,,rejected_signal,,19.532856,,0.95770317,,20日涨幅过热; 偏离MA20过远，追高风险; 20日年化波动过高; 当日跳空幅度过大
2026-08-10,301081.SZ,,rejected_signal,,0.0,,0.73974079,,未满足 MA5>MA10>MA20>MA60; 20日动量低于门槛; 60日趋势强度不足
2026-08-10,301082.SZ,,rejected_signal,,24.317785,,1.09885013,,未满足 MA5>MA10>MA20>MA60; 60日趋势强度不足; 偏离MA20过远，追高风险
2026-08-10,301083.SZ,,rejected_signal,,19.620564,,0.93537658,,未满足 MA5>MA10>MA20>MA60; 60日趋势强度不足; 20日平均成交额不足
2026-08-10,301085.SZ,,rejected_signal,,3.97751,,0.9500351,,未满足 MA5>MA10>MA20>MA60; 60日趋势强度不足
2026-08-10,301086.SZ,,rejected_signal,,1.910826,,0.46810785,,未满足 MA5>MA10>MA20>MA60; 20日动量低于门槛; 60日趋势强度不足; 20日年化波动过高
2026-08-10,301087.SZ,,rejected_signal,,35.972866,,1.0969137,,未满足 MA5>MA10>MA20>MA60; 收盘价低于MA20; 60日趋势强度不足
2026-08-10,301088.SZ,,rejected_signal,,18.805254,,0.92180049,,未满足 MA5>MA10>MA20>MA60; 60日趋势强度不足; 20日平均成交额不足
2026-08-10,301089.SZ,,rejected_signal,,25.228888,,1.00041723,,60日趋势强度不足
2026-08-10,301090.SZ,,rejected_signal,,7.495111,,0.97629309,,未满足 MA5>MA10>MA20>MA60; 60日趋势强度不足
2026-08-10,301091.SZ,,rejected_signal,,29.778099,,0.99498862,,未满足 MA5>MA10>MA20>MA60; 60日趋势强度不足; 偏离MA20过远，追高风险
2026-08-10,301092.SZ,,rejected_signal,,0.0,,0.71538579,,未满足 MA5>MA10>MA20>MA60; 收盘价低于MA20; 20日动量低于门槛; 20日年化波动过高
2026-08-10,301093.SZ,,rejected_signal,,9.302897,,0.50122088,,未满足 MA5>MA10>MA20>MA60; 60日趋势强度不足; 偏离MA20过远，追高风险; 20日年化波动过高
2026-08-10,301095.SZ,,rejected_signal,,0.0,,0.6354264,,未满足 MA5>MA10>MA20>MA60; 20日动量低于门槛; 60日趋势强度不足
2026-08-10,301096.SZ,,rejected_signal,,7.001676,,0.79349279,,未满足 MA5>MA10>MA20>MA60; 20日动量低于门槛; 60日趋势强度不足
2026-08-10,301097.SZ,,rejected_signal,,4.343881,,0.85680914,,未满足 MA5>MA10>MA20>MA60; 20日动量低于门槛; 60日趋势强度不足; 20日平均成交额不足
2026-08-10,301098.SZ,,rejected_signal,,4.571207,,0.84979588,,未满足 MA5>MA10>MA20>MA60; 60日趋势强度不足
2026-08-10,301099.SZ,,rejected_signal,,0.0,,0.66367221,,未满足 MA5>MA10>MA20>MA60; 收盘价低于MA20; 20日动量低于门槛; 60日趋势强度不足; 20日年化波动过高
2026-08-10,301100.SZ,,rejected_signal,,23.455864,,0.95472002,,未满足 MA5>MA10>MA20>MA60; 60日趋势强度不足
2026-08-10,301101.SZ,,rejected_signal,,11.331646,,1.00551212,,未满足 MA5>MA10>MA20>MA60; 60日趋势强度不足
2026-08-10,301102.SZ,,rejected_signal,,32.23996,,0.99091995,,未满足 MA5>MA10>MA20>MA60; 60日趋势强度不足; 20日平均成交额不足
2026-08-10,301103.SZ,,rejected_signal,,17.429918,,1.00302839,,未满足 MA5>MA10>MA20>MA60; 60日趋势强度不足
2026-08-10,301105.SZ,,rejected_signal,,20.708675,,0.97245961,,未满足 MA5>MA10>MA20>MA60; 60日趋势强度不足; 20日平均成交额不足
2026-08-10,301106.SZ,,rejected_signal,,1.697545,,0.7750445,,未满足 MA5>MA10>MA20>MA60; 60日趋势强度不足
2026-08-10,301107.SZ,,rejected_signal,,6.783332,,0.8266418,,未满足 MA5>MA10>MA20>MA60; 60日趋势强度不足
2026-08-10,301108.SZ,,rejected_signal,,43.895714,,1.31159616,,偏离MA20过远，追高风险
2026-08-10,301109.SZ,,rejected_signal,,16.289064,,1.02386439,,未满足 MA5>MA10>MA20>MA60; 收盘价低于MA20; 60日趋势强度不足
2026-08-10,301110.SZ,,rejected_signal,,13.441977,,0.92248404,,未满足 MA5>MA10>MA20>MA60; 60日趋势强度不足
2026-08-10,301111.SZ,,rejected_signal,,4.648295,,0.71236265,,未满足 MA5>MA10>MA20>MA60; 20日动量低于门槛; 60日趋势强度不足
2026-08-10,301112.SZ,,rejected_signal,,0.0,,0.98100626,,未满足 MA5>MA10>MA20>MA60; 20日动量低于门槛; 60日趋势强度不足
2026-08-10,301113.SZ,,rejected_signal,,10.906835,,0.92976665,,未满足 MA5>MA10>MA20>MA60; 60日趋势强度不足; 20日平均成交额不足
2026-08-10,301115.SZ,,rejected_signal,,20.381323,,0.69884086,,未满足 MA5>MA10>MA20>MA60; 偏离MA20过远，追高风险; 20日年化波动过高
2026-08-10,301116.SZ,,rejected_signal,,11.891014,,0.97998065,,未满足 MA5>MA10>MA20>MA60; 60日趋势强度不足
2026-08-10,301117.SZ,,rejected_signal,,4.447209,,0.75332654,,未满足 MA5>MA10>MA20>MA60; 60日趋势强度不足
2026-08-10,301118.SZ,,rejected_signal,,2.292024,,0.76385093,,未满足 MA5>MA10>MA20>MA60; 60日趋势强度不足
2026-08-10,301119.SZ,,rejected_signal,,1.985362,,0.83858937,,未满足 MA5>MA10>MA20>MA60; 20日动量低于门槛; 60日趋势强度不足
2026-08-10,301120.SZ,,rejected_signal,,9.935702,,0.85538733,,未满足 MA5>MA10>MA20>MA60; 60日趋势强度不足
2026-08-10,301121.SZ,,rejected_signal,,0.0,,0.85659707,,未满足 MA5>MA10>MA20>MA60; 20日动量低于门槛; 60日趋势强度不足
2026-08-10,301122.SZ,,rejected_signal,,35.847233,,1.05482888,,60日趋势强度不足
2026-08-10,301123.SZ,,rejected_signal,,2.470624,,0.51431698,,未满足 MA5>MA10>MA20>MA60; 收盘价低于MA20; 20日动量低于门槛; 60日趋势强度不足; 20日年化波动过高
2026-08-10,301125.SZ,,rejected_signal,,12.36972,,0.91697812,,未满足 MA5>MA10>MA20>MA60; 60日趋势强度不足
2026-08-10,301126.SZ,,rejected_signal,,22.506868,,0.96457392,,未满足 MA5>MA10>MA20>MA60; 60日趋势强度不足
2026-08-10,301127.SZ,,rejected_signal,,7.054605,,0.85886437,,未满足 MA5>MA10>MA20>MA60; 收盘价低于MA20; 20日动量低于门槛; 20日年化波动过高
2026-08-10,301128.SZ,,rejected_signal,,3.821406,,0.60091716,,未满足 MA5>MA10>MA20>MA60; 20日动量低于门槛; 60日趋势强度不足; 20日年化波动过高
2026-08-10,301129.SZ,,rejected_signal,,15.444483,,0.93257087,,未满足 MA5>MA10>MA20>MA60; 60日趋势强度不足
2026-08-10,301130.SZ,,rejected_signal,,3.201414,,0.92341864,,未满足 MA5>MA10>MA20>MA60; 60日趋势强度不足
2026-08-10,301131.SZ,,rejected_signal,,15.645554,,0.93714559,,未满足 MA5>MA10>MA20>MA60; 60日趋势强度不足
2026-08-10,301132.SZ,,rejected_signal,,1.25213,,0.6681475,,未满足 MA5>MA10>MA20>MA60; 20日动量低于门槛; 60日趋势强度不足
2026-08-10,301133.SZ,,rejected_signal,,7.835397,,0.60850298,,未满足 MA5>MA10>MA20>MA60; 20日动量低于门槛; 60日趋势强度不足
2026-08-10,301135.SZ,,rejected_signal,,11.271333,,0.98070735,,未满足 MA5>MA10>MA20>MA60; 60日趋势强度不足
2026-08-10,301136.SZ,,rejected_signal,,13.955109,,0.95101577,,未满足 MA5>MA10>MA20>MA60; 60日趋势强度不足
2026-08-10,301137.SZ,,rejected_signal,,22.027925,,1.04001355,,未满足 MA5>MA10>MA20>MA60; 60日趋势强度不足
2026-08-10,301138.SZ,,rejected_signal,,7.05567,,0.8885538,,未满足 MA5>MA10>MA20>MA60; 20日动量低于门槛; 60日趋势强度不足; 20日平均成交额不足
2026-08-10,301139.SZ,,rejected_universe,,2.96405,,0.89315599,,不在当日动态股票池(停牌/未上市/已退市/当前ST代理过滤)
2026-08-10,301141.SZ,,rejected_signal,,9.315009,,0.77756953,,未满足 MA5>MA10>MA20>MA60; 60日趋势强度不足; 偏离MA20过远，追高风险
2026-08-10,301148.SZ,,rejected_signal,,10.804446,,0.78263605,,未满足 MA5>MA10>MA20>MA60; 60日趋势强度不足
2026-08-10,301149.SZ,,rejected_signal,,8.778324,,0.90098584,,未满足 MA5>MA10>MA20>MA60; 60日趋势强度不足
2026-08-10,301150.SZ,,rejected_signal,,7.1767,,0.60137898,,未满足 MA5>MA10>MA20>MA60; 20日动量低于门槛; 60日趋势强度不足; 20日年化波动过高
2026-08-10,301151.SZ,,rejected_signal,,3.597682,,0.84873164,,未满足 MA5>MA10>MA20>MA60; 20日动量低于门槛; 60日趋势强度不足
2026-08-10,301152.SZ,,rejected_signal,,1.042121,,0.79736829,,未满足 MA5>MA10>MA20>MA60; 20日动量低于门槛; 60日趋势强度不足
2026-08-10,301153.SZ,,rejected_signal,,29.981106,,1.05777955,,未满足 MA5>MA10>MA20>MA60; 60日趋势强度不足
2026-08-10,301155.SZ,,rejected_signal,,12.019493,,0.90569174,,未满足 MA5>MA10>MA20>MA60; 60日趋势强度不足; 偏离MA20过远，追高风险
2026-08-10,301156.SZ,,rejected_signal,,9.210176,,0.91496646,,未满足 MA5>MA10>MA20>MA60; 60日趋势强度不足
2026-08-10,301157.SZ,,rejected_signal,,2.949501,,0.82026684,,未满足 MA5>MA10>MA20>MA60; 60日趋势强度不足
2026-08-10,301158.SZ,,rejected_signal,,27.531904,,0.94405556,,未满足 MA5>MA10>MA20>MA60; 60日趋势强度不足
2026-08-10,301159.SZ,,rejected_signal,,33.70779,,0.92625248,,未满足 MA5>MA10>MA20>MA60; 60日趋势强度不足; 偏离MA20过远，追高风险
2026-08-10,301160.SZ,,rejected_signal,,0.197264,,0.81829691,,未满足 MA5>MA10>MA20>MA60; 20日动量低于门槛; 60日趋势强度不足
2026-08-10,301161.SZ,,rejected_signal,,0.0,,0.74038458,,未满足 MA5>MA10>MA20>MA60; 20日动量低于门槛; 60日趋势强度不足
2026-08-10,301162.SZ,,rejected_signal,,16.616014,,0.97643715,,未满足 MA5>MA10>MA20>MA60; 60日趋势强度不足
2026-08-10,301163.SZ,,rejected_signal,,10.309911,,0.93018872,,未满足 MA5>MA10>MA20>MA60; 60日趋势强度不足
2026-08-10,301165.SZ,,rejected_signal,,55.44265,,1.27352536,,20日年化波动过高
2026-08-10,301166.SZ,,rejected_signal,,18.076193,,0.95342439,,未满足 MA5>MA10>MA20>MA60; 60日趋势强度不足
2026-08-10,301167.SZ,,rejected_signal,,21.314503,,0.96790397,,未满足 MA5>MA10>MA20>MA60; 60日趋势强度不足
2026-08-10,301168.SZ,,rejected_signal,,23.844368,,0.92617512,,未满足 MA5>MA10>MA20>MA60; 60日趋势强度不足
2026-08-10,301169.SZ,,rejected_signal,,0.0,,0.5854699,,未满足 MA5>MA10>MA20>MA60; 20日动量低于门槛; 60日趋势强度不足
2026-08-10,301170.SZ,,rejected_signal,,14.892859,,0.94489807,,未满足 MA5>MA10>MA20>MA60; 60日趋势强度不足; 20日平均成交额不足
2026-08-10,301171.SZ,,rejected_signal,,22.363262,,0.90538639,,未满足 MA5>MA10>MA20>MA60; 60日趋势强度不足; 偏离MA20过远，追高风险; 20日年化波动过高
2026-08-10,301172.SZ,,rejected_signal,,2.428134,,0.74407446,,未满足 MA5>MA10>MA20>MA60; 20日动量低于门槛; 60日趋势强度不足
2026-08-10,301173.SZ,,rejected_signal,,9.476848,,0.93353373,,未满足 MA5>MA10>MA20>MA60; 60日趋势强度不足; 20日平均成交额不足
2026-08-10,301175.SZ,,rejected_signal,,29.202238,,1.04179275,,未满足 MA5>MA10>MA20>MA60; 60日趋势强度不足
2026-08-10,301176.SZ,,rejected_signal,,17.428377,,0.68130422,,未满足 MA5>MA10>MA20>MA60; 20日年化波动过高
2026-08-10,301177.SZ,,rejected_signal,,23.374472,,0.90755367,,未满足 MA5>MA10>MA20>MA60; 60日趋势强度不足; 20日平均成交额不足
2026-08-10,301178.SZ,,rejected_signal,,5.46887,,0.88091779,,未满足 MA5>MA10>MA20>MA60; 60日趋势强度不足
2026-08-10,301179.SZ,,rejected_signal,,1.548185,,0.9172672,,未满足 MA5>MA10>MA20>MA60; 20日动量低于门槛; 60日趋势强度不足
2026-08-10,301180.SZ,,rejected_signal,,15.320227,,0.85306585,,未满足 MA5>MA10>MA20>MA60; 60日趋势强度不足
2026-08-10,301181.SZ,,rejected_signal,,8.253721,,0.79361069,,未满足 MA5>MA10>MA20>MA60; 60日趋势强度不足
2026-08-10,301182.SZ,,rejected_signal,,0.0,,0.71662366,,未满足 MA5>MA10>MA20>MA60; 20日动量低于门槛; 60日趋势强度不足; 20日年化波动过高
2026-08-10,301183.SZ,,rejected_signal,,9.683232,,0.57418543,,未满足 MA5>MA10>MA20>MA60; 20日动量低于门槛; 60日趋势强度不足; 20日年化波动过高; 当日跳空幅度过大
2026-08-10,301185.SZ,,rejected_signal,,32.221848,,1.0489279,,60日趋势强度不足
2026-08-10,301186.SZ,,rejected_signal,,0.0,,0.7631321,,未满足 MA5>MA10>MA20>MA60; 20日动量低于门槛; 60日趋势强度不足
2026-08-10,301187.SZ,,rejected_signal,,19.184715,,0.98568004,,未满足 MA5>MA10>MA20>MA60; 60日趋势强度不足
2026-08-10,301188.SZ,,rejected_signal,,11.16771,,0.64710373,,未满足 MA5>MA10>MA20>MA60; 20日动量低于门槛; 20日年化波动过高
2026-08-10,301189.SZ,,rejected_signal,,2.171587,,0.66459417,,未满足 MA5>MA10>MA20>MA60; 20日动量低于门槛; 60日趋势强度不足
2026-08-10,301190.SZ,,rejected_signal,,22.166439,,0.91551042,,未满足 MA5>MA10>MA20>MA60; 60日趋势强度不足
2026-08-10,301191.SZ,,rejected_signal,,0.0,,0.74128878,,未满足 MA5>MA10>MA20>MA60; 收盘价低于MA20; 20日动量低于门槛; 60日趋势强度不足; 20日年化波动过高
2026-08-10,301192.SZ,,rejected_signal,,13.697595,,0.9399088,,未满足 MA5>MA10>MA20>MA60; 60日趋势强度不足; 20日平均成交额不足
2026-08-10,301193.SZ,,rejected_signal,,12.850375,,0.81962204,,未满足 MA5>MA10>MA20>MA60; 60日趋势强度不足
2026-08-10,301195.SZ,,rejected_signal,,9.082496,,0.90881664,,未满足 MA5>MA10>MA20>MA60; 60日趋势强度不足
2026-08-10,301196.SZ,,rejected_signal,,0.187152,,0.45222318,,未满足 MA5>MA10>MA20>MA60; 20日动量低于门槛; 60日趋势强度不足; 20日年化波动过高
2026-08-10,301197.SZ,,rejected_signal,,18.67149,,0.83212203,,未满足 MA5>MA10>MA20>MA60; 60日趋势强度不足
2026-08-10,301198.SZ,,rejected_signal,,7.629368,,0.77577657,,未满足 MA5>MA10>MA20>MA60; 60日趋势强度不足
2026-08-10,301199.SZ,,rejected_signal,,1.337088,,0.93775666,,未满足 MA5>MA10>MA20>MA60; 20日动量低于门槛; 60日趋势强度不足
2026-08-10,301200.SZ,,rejected_signal,,11.802692,,0.71452934,,未满足 MA5>MA10>MA20>MA60; 20日动量低于门槛; 20日年化波动过高
2026-08-10,301201.SZ,,rejected_signal,,3.930926,,0.76632363,,未满足 MA5>MA10>MA20>MA60; 20日动量低于门槛; 60日趋势强度不足
2026-08-10,301202.SZ,,rejected_signal,,0.192965,,0.85627246,,未满足 MA5>MA10>MA20>MA60; 20日动量低于门槛; 60日趋势强度不足
2026-08-10,301203.SZ,,rejected_signal,,7.017417,,0.77513164,,未满足 MA5>MA10>MA20>MA60; 20日动量低于门槛; 60日趋势强度不足; 20日平均成交额不足
2026-08-10,301205.SZ,,rejected_signal,,8.499395,,0.88477612,,未满足 MA5>MA10>MA20>MA60; 60日趋势强度不足; 偏离MA20过远，追高风险; 20日年化波动过高
2026-08-10,301206.SZ,,rejected_signal,,16.912617,,1.00694883,,未满足 MA5>MA10>MA20>MA60; 60日趋势强度不足
2026-08-10,301207.SZ,,rejected_signal,,29.162392,,1.04131675,,60日趋势强度不足
2026-08-10,301208.SZ,,rejected_signal,,7.671013,,1.00038981,,未满足 MA5>MA10>MA20>MA60; 60日趋势强度不足
2026-08-10,301209.SZ,,rejected_signal,,5.492643,,0.68209958,,未满足 MA5>MA10>MA20>MA60; 60日趋势强度不足
2026-08-10,301210.SZ,,rejected_signal,,0.27248,,0.84305865,,未满足 MA5>MA10>MA20>MA60; 20日动量低于门槛; 60日趋势强度不足
2026-08-10,301211.SZ,,rejected_signal,,16.321796,,0.97566754,,未满足 MA5>MA10>MA20>MA60; 20日动量低于门槛; 60日趋势强度不足
2026-08-10,301212.SZ,,rejected_signal,,7.916687,,0.81041873,,未满足 MA5>MA10>MA20>MA60; 20日动量低于门槛; 60日趋势强度不足; 20日平均成交额不足
2026-08-10,301213.SZ,,rejected_signal,,8.671958,,0.90187842,,未满足 MA5>MA10>MA20>MA60; 60日趋势强度不足
2026-08-10,301215.SZ,,rejected_signal,,5.877306,,1.00362313,,未满足 MA5>MA10>MA20>MA60; 60日趋势强度不足
2026-08-10,301216.SZ,,rejected_signal,,9.188967,,0.72411937,,未满足 MA5>MA10>MA20>MA60; 20日动量低于门槛; 60日趋势强度不足
2026-08-10,301217.SZ,,rejected_signal,,16.115385,,0.41953105,,未满足 MA5>MA10>MA20>MA60; 20日动量低于门槛; 偏离MA20过远，追高风险; 20日年化波动过高
2026-08-10,301218.SZ,,rejected_signal,,45.209293,,0.89146268,,偏离MA20过远，追高风险; 20日年化波动过高
2026-08-10,301219.SZ,,rejected_signal,,22.796619,,0.81805664,,未满足 MA5>MA10>MA20>MA60; 60日趋势强度不足
2026-08-10,301220.SZ,,rejected_signal,,0.511386,,0.85680133,,未满足 MA5>MA10>MA20>MA60; 20日动量低于门槛; 60日趋势强度不足
2026-08-10,301221.SZ,,rejected_signal,,11.454582,,0.93671101,,未满足 MA5>MA10>MA20>MA60; 60日趋势强度不足
2026-08-10,301222.SZ,,rejected_signal,,4.845491,,0.7553091,,未满足 MA5>MA10>MA20>MA60; 20日动量低于门槛; 60日趋势强度不足
2026-08-10,301223.SZ,,rejected_signal,,5.050337,,1.01172805,,未满足 MA5>MA10>MA20>MA60; 60日趋势强度不足; 20日平均成交额不足
2026-08-10,301225.SZ,,rejected_signal,,1.580345,,0.79442811,,未满足 MA5>MA10>MA20>MA60; 20日动量低于门槛; 60日趋势强度不足
2026-08-10,301226.SZ,,rejected_signal,,5.075188,,0.85012883,,未满足 MA5>MA10>MA20>MA60; 60日趋势强度不足
2026-08-10,301227.SZ,,rejected_signal,,16.676859,,0.67675436,,未满足 MA5>MA10>MA20>MA60; 60日趋势强度不足; 偏离MA20过远，追高风险
2026-08-10,301228.SZ,,rejected_signal,,8.98937,,0.8924253,,未满足 MA5>MA10>MA20>MA60; 20日年化波动过高
2026-08-10,301229.SZ,,rejected_signal,,7.251006,,0.90225017,,未满足 MA5>MA10>MA20>MA60; 60日趋势强度不足
2026-08-10,301230.SZ,,rejected_signal,,28.746784,,0.83214325,,未满足 MA5>MA10>MA20>MA60; 偏离MA20过远，追高风险; 20日年化波动过高
2026-08-10,301231.SZ,,rejected_signal,,14.383498,,0.90899146,,未满足 MA5>MA10>MA20>MA60; 60日趋势强度不足
2026-08-10,301232.SZ,,rejected_signal,,8.883543,,0.69538444,,未满足 MA5>MA10>MA20>MA60; 20日动量低于门槛; 60日趋势强度不足; 20日年化波动过高
2026-08-10,301233.SZ,,rejected_signal,,19.658579,,0.83949816,,未满足 MA5>MA10>MA20>MA60; 60日趋势强度不足; 20日平均成交额不足
2026-08-10,301234.SZ,,rejected_signal,,29.910023,,1.99660397,,20日涨幅过热; 偏离MA20过远，追高风险; 20日年化波动过高
2026-08-10,301235.SZ,,rejected_signal,,0.0,,0.45672941,,未满足 MA5>MA10>MA20>MA60; 20日动量低于门槛; 60日趋势强度不足; 偏离MA20过远，追高风险; 20日年化波动过高
2026-08-10,301236.SZ,,rejected_signal,,13.196061,,0.93107039,,未满足 MA5>MA10>MA20>MA60; 20日动量低于门槛; 60日趋势强度不足
2026-08-10,301237.SZ,,rejected_signal,,0.0,,0.69484806,,未满足 MA5>MA10>MA20>MA60; 20日动量低于门槛; 60日趋势强度不足
2026-08-10,301238.SZ,,rejected_signal,,8.577815,,0.78210431,,未满足 MA5>MA10>MA20>MA60; 60日趋势强度不足
2026-08-10,301239.SZ,,rejected_signal,,5.71066,,0.95969486,,未满足 MA5>MA10>MA20>MA60; 60日趋势强度不足
2026-08-10,301246.SZ,,rejected_signal,,8.633693,,0.72660029,,未满足 MA5>MA10>MA20>MA60; 20日动量低于门槛; 60日趋势强度不足
2026-08-10,301248.SZ,,rejected_signal,,0.0,,0.65464634,,未满足 MA5>MA10>MA20>MA60; 20日动量低于门槛; 60日趋势强度不足; 20日年化波动过高
2026-08-10,301251.SZ,,rejected_signal,,1.070657,,0.41746062,,未满足 MA5>MA10>MA20>MA60; 20日动量低于门槛; 60日趋势强度不足; 偏离MA20过远，追高风险; 20日年化波动过高
2026-08-10,301252.SZ,,rejected_signal,,0.0,,0.79116684,,未满足 MA5>MA10>MA20>MA60; 20日动量低于门槛; 60日趋势强度不足
2026-08-10,301255.SZ,,rejected_signal,,8.30468,,0.86373705,,未满足 MA5>MA10>MA20>MA60; 60日趋势强度不足; 20日平均成交额不足
2026-08-10,301256.SZ,,rejected_signal,,12.181096,,0.83733439,,未满足 MA5>MA10>MA20>MA60; 60日趋势强度不足
2026-08-10,301257.SZ,,rejected_signal,,6.070908,,0.81090397,,未满足 MA5>MA10>MA20>MA60; 20日动量低于门槛; 60日趋势强度不足; 20日年化波动过高
2026-08-10,301258.SZ,,rejected_signal,,16.639164,,0.97984672,,未满足 MA5>MA10>MA20>MA60; 60日趋势强度不足
2026-08-10,301259.SZ,,rejected_signal,,6.51767,,0.86818087,,未满足 MA5>MA10>MA20>MA60; 60日趋势强度不足; 20日年化波动过高
2026-08-10,301260.SZ,,rejected_signal,,14.175755,,0.9590829,,未满足 MA5>MA10>MA20>MA60; 60日趋势强度不足
2026-08-10,301261.SZ,,rejected_signal,,3.630949,,0.80897546,,未满足 MA5>MA10>MA20>MA60; 20日动量低于门槛; 60日趋势强度不足
2026-08-10,301262.SZ,,rejected_signal,,24.145962,,1.02279842,,未满足 MA5>MA10>MA20>MA60; 60日趋势强度不足
2026-08-10,301263.SZ,,rejected_signal,,25.264566,,0.99540418,,未满足 MA5>MA10>MA20>MA60; 60日趋势强度不足
2026-08-10,301265.SZ,,rejected_signal,,10.56813,,0.62203974,,未满足 MA5>MA10>MA20>MA60; 20日动量低于门槛; 60日趋势强度不足
2026-08-10,301266.SZ,,rejected_signal,,11.799882,,0.92294258,,未满足 MA5>MA10>MA20>MA60; 60日趋势强度不足
2026-08-10,301267.SZ,,rejected_signal,,30.807022,,1.03389919,,60日趋势强度不足
2026-08-10,301268.SZ,,rejected_signal,,11.250798,,0.87002009,,未满足 MA5>MA10>MA20>MA60; 60日趋势强度不足
2026-08-10,301269.SZ,,rejected_signal,,3.113396,,0.82408357,,未满足 MA5>MA10>MA20>MA60; 收盘价低于MA20; 20日动量低于门槛; 60日趋势强度不足
2026-08-10,301270.SZ,,rejected_rank,80,34.880363,0.09195402,1.00602233,0.10114942,"信号有效, 但综合排名未进入 Top20"
2026-08-10,301272.SZ,,rejected_signal,,8.042055,,0.90768677,,未满足 MA5>MA10>MA20>MA60; 60日趋势强度不足; 20日平均成交额不足
2026-08-10,301273.SZ,,rejected_signal,,55.193615,,1.09235358,,未满足 MA5>MA10>MA20>MA60; 20日年化波动过高
2026-08-10,301275.SZ,,rejected_signal,,25.655056,,1.05661333,,未满足 MA5>MA10>MA20>MA60; 60日趋势强度不足
2026-08-10,301276.SZ,,rejected_signal,,0.0,,0.84145629,,未满足 MA5>MA10>MA20>MA60; 20日动量低于门槛; 60日趋势强度不足
2026-08-10,301277.SZ,,rejected_signal,,24.590134,,0.99408948,,未满足 MA5>MA10>MA20>MA60; 20日动量低于门槛; 60日趋势强度不足
2026-08-10,301278.SZ,,rejected_signal,,16.805632,,0.89838248,,未满足 MA5>MA10>MA20>MA60; 60日趋势强度不足
2026-08-10,301279.SZ,,rejected_signal,,0.0,,0.755427,,未满足 MA5>MA10>MA20>MA60; 60日趋势强度不足; 偏离MA20过远，追高风险
2026-08-10,301280.SZ,,rejected_signal,,0.0,,0.78604561,,未满足 MA5>MA10>MA20>MA60; 20日动量低于门槛; 60日趋势强度不足
2026-08-10,301281.SZ,,rejected_signal,,6.149993,,0.79032695,,未满足 MA5>MA10>MA20>MA60; 20日动量低于门槛; 20日年化波动过高
2026-08-10,301282.SZ,,rejected_signal,,10.333855,,0.76478785,,未满足 MA5>MA10>MA20>MA60; 60日趋势强度不足; 20日年化波动过高
2026-08-10,301283.SZ,,rejected_signal,,18.194159,,0.96946728,,未满足 MA5>MA10>MA20>MA60; 60日趋势强度不足
2026-08-10,301285.SZ,,rejected_signal,,7.819155,,0.53780407,,未满足 MA5>MA10>MA20>MA60; 20日动量低于门槛; 60日趋势强度不足; 20日年化波动过高
2026-08-10,301286.SZ,,rejected_signal,,0.0,,0.66845512,,未满足 MA5>MA10>MA20>MA60; 20日动量低于门槛; 60日趋势强度不足
2026-08-10,301287.SZ,,rejected_signal,,20.469954,,0.98020601,,未满足 MA5>MA10>MA20>MA60; 60日趋势强度不足; 20日平均成交额不足
2026-08-10,301288.SZ,,rejected_signal,,20.431234,,0.90620333,,未满足 MA5>MA10>MA20>MA60; 60日趋势强度不足; 20日平均成交额不足
2026-08-10,301289.SZ,,rejected_signal,,6.833193,,0.93001282,,未满足 MA5>MA10>MA20>MA60; 60日趋势强度不足; 20日平均成交额不足
2026-08-10,301290.SZ,,rejected_signal,,22.725538,,0.8952316,,未满足 MA5>MA10>MA20>MA60; 60日趋势强度不足
2026-08-10,301291.SZ,,rejected_signal,,29.694233,,0.91918039,,未满足 MA5>MA10>MA20>MA60; 60日趋势强度不足
2026-08-10,301292.SZ,,rejected_signal,,13.645646,,0.95654041,,未满足 MA5>MA10>MA20>MA60; 60日趋势强度不足
2026-08-10,301293.SZ,,rejected_signal,,37.719528,,0.97233087,,未满足 MA5>MA10>MA20>MA60; 60日趋势强度不足
2026-08-10,301295.SZ,,rejected_signal,,0.0,,0.86906916,,未满足 MA5>MA10>MA20>MA60; 20日动量低于门槛; 60日趋势强度不足; 偏离MA20过远，追高风险; 20日年化波动过高
2026-08-10,301296.SZ,,rejected_signal,,8.263083,,0.98118782,,未满足 MA5>MA10>MA20>MA60; 60日趋势强度不足; 20日平均成交额不足
2026-08-10,301297.SZ,,rejected_signal,,0.665427,,0.58242166,,未满足 MA5>MA10>MA20>MA60; 20日动量低于门槛; 60日趋势强度不足
2026-08-10,301298.SZ,,rejected_signal,,18.17602,,0.94201547,,未满足 MA5>MA10>MA20>MA60; 60日趋势强度不足; 20日平均成交额不足
2026-08-10,301299.SZ,,rejected_signal,,13.398883,,0.90965277,,未满足 MA5>MA10>MA20>MA60; 60日趋势强度不足
2026-08-10,301300.SZ,,rejected_signal,,15.054664,,0.90061188,,未满足 MA5>MA10>MA20>MA60; 60日趋势强度不足; 20日平均成交额不足
2026-08-10,301301.SZ,,rejected_signal,,23.294331,,1.02759278,,60日趋势强度不足
2026-08-10,301302.SZ,,rejected_signal,,10.488367,,0.84804434,,未满足 MA5>MA10>MA20>MA60; 60日趋势强度不足
2026-08-10,301303.SZ,,rejected_signal,,2.712775,,0.92951983,,未满足 MA5>MA10>MA20>MA60; 20日动量低于门槛; 60日趋势强度不足
2026-08-10,301305.SZ,,rejected_signal,,2.702054,,0.82415354,,未满足 MA5>MA10>MA20>MA60; 20日动量低于门槛; 60日趋势强度不足
2026-08-10,301306.SZ,,rejected_signal,,4.006095,,0.58093786,,未满足 MA5>MA10>MA20>MA60; 20日动量低于门槛; 60日趋势强度不足
2026-08-10,301307.SZ,,rejected_signal,,5.905484,,0.58455765,,未满足 MA5>MA10>MA20>MA60; 收盘价低于MA20; 20日动量低于门槛; 60日趋势强度不足; 20日年化波动过高
2026-08-10,301308.SZ,,rejected_signal,,10.34338,,0.51326066,,未满足 MA5>MA10>MA20>MA60; 20日动量低于门槛; 60日趋势强度不足; 20日年化波动过高
2026-08-10,301309.SZ,,rejected_signal,,10.000027,,0.94901258,,未满足 MA5>MA10>MA20>MA60; 60日趋势强度不足; 20日平均成交额不足
2026-08-10,301310.SZ,,rejected_signal,,27.552441,,1.03055573,,未满足 MA5>MA10>MA20>MA60; 收盘价低于MA20; 20日动量低于门槛; 20日年化波动过高
2026-08-10,301311.SZ,,rejected_signal,,17.208241,,0.9738093,,未满足 MA5>MA10>MA20>MA60; 60日趋势强度不足
2026-08-10,301312.SZ,,rejected_signal,,3.364305,,0.52792048,,未满足 MA5>MA10>MA20>MA60; 20日动量低于门槛; 60日趋势强度不足; 20日年化波动过高
2026-08-10,301313.SZ,,rejected_signal,,0.194817,,0.69604373,,未满足 MA5>MA10>MA20>MA60; 20日动量低于门槛; 60日趋势强度不足
2026-08-10,301314.SZ,,rejected_signal,,2.993045,,0.81885993,,未满足 MA5>MA10>MA20>MA60; 60日趋势强度不足
2026-08-10,301315.SZ,,rejected_signal,,5.915896,,0.93094647,,未满足 MA5>MA10>MA20>MA60; 60日趋势强度不足
2026-08-10,301316.SZ,,rejected_signal,,1.517324,,0.87015271,,未满足 MA5>MA10>MA20>MA60; 20日动量低于门槛; 60日趋势强度不足
2026-08-10,301317.SZ,,rejected_signal,,0.0,,0.61192942,,未满足 MA5>MA10>MA20>MA60; 收盘价低于MA20; 20日动量低于门槛; 60日趋势强度不足
2026-08-10,301318.SZ,,rejected_signal,,7.812475,,0.96911681,,未满足 MA5>MA10>MA20>MA60; 60日趋势强度不足; 20日平均成交额不足
2026-08-10,301319.SZ,,rejected_signal,,10.122639,,0.52960902,,未满足 MA5>MA10>MA20>MA60; 20日动量低于门槛; 20日年化波动过高
2026-08-10,301320.SZ,,rejected_signal,,14.202905,,0.91617358,,未满足 MA5>MA10>MA20>MA60; 60日趋势强度不足; 20日平均成交额不足
2026-08-10,301321.SZ,,rejected_signal,,17.304411,,0.74958247,,未满足 MA5>MA10>MA20>MA60; 20日动量低于门槛
2026-08-10,301322.SZ,,rejected_signal,,3.178569,,0.6525175,,未满足 MA5>MA10>MA20>MA60; 20日动量低于门槛; 60日趋势强度不足
2026-08-10,301323.SZ,,rejected_signal,,0.267431,,0.78356797,,未满足 MA5>MA10>MA20>MA60; 60日趋势强度不足
2026-08-10,301325.SZ,,rejected_signal,,10.517353,,0.82929605,,未满足 MA5>MA10>MA20>MA60; 60日趋势强度不足
2026-08-10,301326.SZ,,rejected_signal,,4.690042,,0.43423086,,未满足 MA5>MA10>MA20>MA60; 20日动量低于门槛; 60日趋势强度不足; 20日年化波动过高
2026-08-10,301327.SZ,,rejected_signal,,8.355095,,0.92766464,,未满足 MA5>MA10>MA20>MA60; 60日趋势强度不足
2026-08-10,301328.SZ,,rejected_signal,,5.282916,,0.59987259,,未满足 MA5>MA10>MA20>MA60; 20日动量低于门槛; 20日年化波动过高
2026-08-10,301329.SZ,,rejected_signal,,9.970854,,0.80268466,,未满足 MA5>MA10>MA20>MA60; 60日趋势强度不足
2026-08-10,301330.SZ,,rejected_signal,,9.032023,,0.91704291,,未满足 MA5>MA10>MA20>MA60; 60日趋势强度不足
2026-08-10,301331.SZ,,rejected_signal,,14.852123,,0.90986586,,未满足 MA5>MA10>MA20>MA60; 60日趋势强度不足
2026-08-10,301332.SZ,,rejected_signal,,20.175873,,1.00104535,,未满足 MA5>MA10>MA20>MA60; 60日趋势强度不足; 20日平均成交额不足
2026-08-10,301333.SZ,,rejected_signal,,34.333374,,0.92536163,,未满足 MA5>MA10>MA20>MA60; 60日趋势强度不足
2026-08-10,301335.SZ,,rejected_signal,,26.077642,,1.01966536,,未满足 MA5>MA10>MA20>MA60; 60日趋势强度不足
2026-08-10,301336.SZ,,rejected_signal,,15.503827,,1.02490008,,未满足 MA5>MA10>MA20>MA60; 60日趋势强度不足; 偏离MA20过远，追高风险
2026-08-10,301337.SZ,,rejected_signal,,4.765655,,0.90311092,,未满足 MA5>MA10>MA20>MA60; 60日趋势强度不足
2026-08-10,301338.SZ,,rejected_signal,,3.393851,,0.4547894,,未满足 MA5>MA10>MA20>MA60; 20日动量低于门槛; 60日趋势强度不足; 20日年化波动过高
2026-08-10,301339.SZ,,rejected_signal,,42.157028,,1.02695024,,未满足 MA5>MA10>MA20>MA60; 60日趋势强度不足
2026-08-10,301345.SZ,,rejected_signal,,38.023102,,1.07991838,,未满足 MA5>MA10>MA20>MA60
2026-08-10,301348.SZ,,rejected_signal,,0.165327,,0.70471424,,未满足 MA5>MA10>MA20>MA60; 20日动量低于门槛; 60日趋势强度不足
2026-08-10,301349.SZ,,rejected_signal,,0.225022,,0.63844311,,未满足 MA5>MA10>MA20>MA60; 20日动量低于门槛; 60日趋势强度不足
2026-08-10,301353.SZ,,rejected_signal,,17.973158,,0.92546004,,未满足 MA5>MA10>MA20>MA60; 60日趋势强度不足; 偏离MA20过远，追高风险; 20日平均成交额不足
2026-08-10,301355.SZ,,rejected_signal,,14.516005,,0.93061233,,未满足 MA5>MA10>MA20>MA60; 60日趋势强度不足
2026-08-10,301356.SZ,,rejected_signal,,0.0,,0.73496646,,未满足 MA5>MA10>MA20>MA60; 20日动量低于门槛; 60日趋势强度不足
2026-08-10,301357.SZ,,rejected_signal,,26.690596,,1.05641639,,未满足 MA5>MA10>MA20>MA60; 20日涨幅过热; 偏离MA20过远，追高风险; 20日年化波动过高
2026-08-10,301358.SZ,,rejected_signal,,24.987707,,0.84649712,,未满足 MA5>MA10>MA20>MA60; 60日趋势强度不足
2026-08-10,301359.SZ,,rejected_signal,,15.147532,,0.87171191,,未满足 MA5>MA10>MA20>MA60; 60日趋势强度不足; 20日平均成交额不足
2026-08-10,301360.SZ,,rejected_signal,,2.42857,,0.6828444,,未满足 MA5>MA10>MA20>MA60; 20日动量低于门槛; 60日趋势强度不足
2026-08-10,301361.SZ,,rejected_signal,,15.983957,,0.90480548,,未满足 MA5>MA10>MA20>MA60; 60日趋势强度不足
2026-08-10,301362.SZ,,rejected_signal,,5.81788,,0.61949629,,未满足 MA5>MA10>MA20>MA60; 20日动量低于门槛; 60日趋势强度不足; 20日年化波动过高
2026-08-10,301363.SZ,,rejected_signal,,7.150231,,0.85442185,,未满足 MA5>MA10>MA20>MA60; 20日动量低于门槛; 60日趋势强度不足
2026-08-10,301365.SZ,,rejected_signal,,31.435484,,0.97230363,,未满足 MA5>MA10>MA20>MA60
2026-08-10,301366.SZ,,rejected_signal,,35.049953,,0.89387041,,未满足 MA5>MA10>MA20>MA60; 偏离MA20过远，追高风险; 20日年化波动过高
2026-08-10,301367.SZ,,rejected_signal,,27.819818,,1.00696898,,未满足 MA5>MA10>MA20>MA60; 收盘价低于MA20; 60日趋势强度不足
2026-08-10,301368.SZ,,rejected_signal,,9.680036,,0.93588948,,未满足 MA5>MA10>MA20>MA60; 60日趋势强度不足
2026-08-10,301369.SZ,,rejected_signal,,0.368634,,0.49803099,,未满足 MA5>MA10>MA20>MA60; 收盘价低于MA20; 20日动量低于门槛; 60日趋势强度不足; 20日年化波动过高
2026-08-10,301370.SZ,,rejected_signal,,13.493106,,1.00099397,,未满足 MA5>MA10>MA20>MA60; 60日趋势强度不足
2026-08-10,301371.SZ,,rejected_signal,,11.258796,,0.94963062,,未满足 MA5>MA10>MA20>MA60; 60日趋势强度不足
2026-08-10,301372.SZ,,rejected_signal,,0.0,,0.81252545,,未满足 MA5>MA10>MA20>MA60; 20日动量低于门槛; 60日趋势强度不足
2026-08-10,301373.SZ,,rejected_signal,,5.666477,,0.44690016,,未满足 MA5>MA10>MA20>MA60; 20日动量低于门槛; 60日趋势强度不足; 20日年化波动过高
2026-08-10,301376.SZ,,rejected_rank,51,45.207058,0.42528737,1.00984895,0.37011495,"信号有效, 但综合排名未进入 Top20"
2026-08-10,301377.SZ,,rejected_signal,,7.649847,,0.69671553,,未满足 MA5>MA10>MA20>MA60; 20日动量低于门槛; 20日年化波动过高
2026-08-10,301378.SZ,,rejected_signal,,17.095125,,0.93183368,,未满足 MA5>MA10>MA20>MA60; 60日趋势强度不足
2026-08-10,301379.SZ,,rejected_signal,,0.0,,0.66523707,,未满足 MA5>MA10>MA20>MA60; 收盘价低于MA20; 20日动量低于门槛; 20日年化波动过高
2026-08-10,301380.SZ,,rejected_signal,,33.375984,,1.00331545,,未满足 MA5>MA10>MA20>MA60; 60日趋势强度不足
2026-08-10,301381.SZ,,rejected_rank,36,48.51104,0.59770113,1.14918137,0.66436779,"信号有效, 但综合排名未进入 Top20"
2026-08-10,301382.SZ,,rejected_signal,,7.939132,,0.86729026,,未满足 MA5>MA10>MA20>MA60; 60日趋势强度不足
2026-08-10,301383.SZ,,rejected_signal,,14.275961,,0.84918171,,未满足 MA5>MA10>MA20>MA60; 60日趋势强度不足
2026-08-10,301386.SZ,,rejected_signal,,10.335774,,0.93425614,,未满足 MA5>MA10>MA20>MA60; 60日趋势强度不足; 20日平均成交额不足
2026-08-10,301387.SZ,,rejected_signal,,6.10513,,0.47907305,,未满足 MA5>MA10>MA20>MA60; 20日动量低于门槛; 60日趋势强度不足
2026-08-10,301388.SZ,,rejected_signal,,9.685307,,0.91903561,,未满足 MA5>MA10>MA20>MA60; 60日趋势强度不足
2026-08-10,301389.SZ,,rejected_signal,,5.927167,,0.4799324,,未满足 MA5>MA10>MA20>MA60; 20日动量低于门槛; 60日趋势强度不足; 20日年化波动过高
2026-08-10,301390.SZ,,rejected_signal,,7.568452,,0.96580654,,未满足 MA5>MA10>MA20>MA60; 60日趋势强度不足; 20日平均成交额不足
2026-08-10,301391.SZ,,rejected_signal,,1.175004,,0.80619162,,未满足 MA5>MA10>MA20>MA60; 20日动量低于门槛; 60日趋势强度不足
2026-08-10,301392.SZ,,rejected_signal,,0.0,,0.42862511,,未满足 MA5>MA10>MA20>MA60; 20日动量低于门槛; 60日趋势强度不足; 20日年化波动过高
2026-08-10,301393.SZ,,rejected_signal,,18.161594,,0.83605462,,未满足 MA5>MA10>MA20>MA60; 20日动量低于门槛
2026-08-10,301395.SZ,,rejected_signal,,19.653803,,0.98836291,,未满足 MA5>MA10>MA20>MA60; 60日趋势强度不足; 偏离MA20过远，追高风险
2026-08-10,301396.SZ,,rejected_signal,,2.845366,,0.58017337,,未满足 MA5>MA10>MA20>MA60; 20日动量低于门槛; 60日趋势强度不足; 20日年化波动过高
2026-08-10,301397.SZ,,rejected_signal,,4.938172,,0.95314068,,未满足 MA5>MA10>MA20>MA60; 20日动量低于门槛; 60日趋势强度不足
2026-08-10,301398.SZ,,rejected_signal,,0.0,,0.86399478,,未满足 MA5>MA10>MA20>MA60; 20日动量低于门槛; 60日趋势强度不足
2026-08-10,301399.SZ,,rejected_signal,,16.612385,,0.87529445,,未满足 MA5>MA10>MA20>MA60; 60日趋势强度不足
2026-08-10,301408.SZ,,rejected_signal,,24.880117,,0.91822833,,未满足 MA5>MA10>MA20>MA60; 60日趋势强度不足
2026-08-10,301413.SZ,,rejected_signal,,4.150288,,0.74448442,,未满足 MA5>MA10>MA20>MA60; 60日趋势强度不足
2026-08-10,301418.SZ,,rejected_signal,,2.353363,,0.78704888,,未满足 MA5>MA10>MA20>MA60; 20日动量低于门槛; 60日趋势强度不足
2026-08-10,301419.SZ,,rejected_signal,,0.0,,0.6848222,,未满足 MA5>MA10>MA20>MA60; 20日动量低于门槛; 60日趋势强度不足
2026-08-10,301421.SZ,,rejected_signal,,0.0,,0.61065203,,未满足 MA5>MA10>MA20>MA60; 20日动量低于门槛; 60日趋势强度不足; 20日年化波动过高
2026-08-10,301428.SZ,,rejected_signal,,4.415638,,0.88131309,,未满足 MA5>MA10>MA20>MA60; 60日趋势强度不足
2026-08-10,301429.SZ,,rejected_signal,,18.800833,,0.935229,,未满足 MA5>MA10>MA20>MA60; 60日趋势强度不足; 20日平均成交额不足
2026-08-10,301439.SZ,,rejected_signal,,17.590115,,0.92412311,,未满足 MA5>MA10>MA20>MA60; 60日趋势强度不足
2026-08-10,301446.SZ,,rejected_signal,,8.947762,,0.87196678,,未满足 MA5>MA10>MA20>MA60; 60日趋势强度不足; 偏离MA20过远，追高风险
2026-08-10,301448.SZ,,rejected_rank,79,35.00309,0.10344828,1.00299644,0.10574713,"信号有效, 但综合排名未进入 Top20"
2026-08-10,301449.SZ,,rejected_signal,,17.933331,,0.98979855,,未满足 MA5>MA10>MA20>MA60; 60日趋势强度不足
2026-08-10,301456.SZ,,rejected_signal,,15.196774,,0.92476684,,未满足 MA5>MA10>MA20>MA60; 60日趋势强度不足
2026-08-10,301458.SZ,,rejected_signal,,3.953396,,0.65593022,,未满足 MA5>MA10>MA20>MA60; 20日动量低于门槛; 60日趋势强度不足
2026-08-10,301459.SZ,,rejected_signal,,18.987095,,0.97826922,,未满足 MA5>MA10>MA20>MA60; 60日趋势强度不足
2026-08-10,301468.SZ,,rejected_signal,,0.0,,0.7172507,,未满足 MA5>MA10>MA20>MA60; 20日动量低于门槛; 60日趋势强度不足
2026-08-10,301469.SZ,,rejected_signal,,15.856064,,0.92298371,,未满足 MA5>MA10>MA20>MA60; 60日趋势强度不足
2026-08-10,301479.SZ,,rejected_signal,,7.744463,,0.74182272,,未满足 MA5>MA10>MA20>MA60; 20日动量低于门槛; 60日趋势强度不足
2026-08-10,301486.SZ,,rejected_signal,,8.198455,,0.52233952,,未满足 MA5>MA10>MA20>MA60; 20日动量低于门槛; 60日趋势强度不足
2026-08-10,301487.SZ,,rejected_signal,,8.582087,,0.79799837,,未满足 MA5>MA10>MA20>MA60; 60日趋势强度不足
2026-08-10,301488.SZ,,rejected_signal,,1.380878,,0.77393454,,未满足 MA5>MA10>MA20>MA60; 20日动量低于门槛; 60日趋势强度不足
2026-08-10,301489.SZ,,rejected_signal,,2.293827,,0.5077942,,未满足 MA5>MA10>MA20>MA60; 收盘价低于MA20; 20日动量低于门槛; 60日趋势强度不足
2026-08-10,301491.SZ,,rejected_signal,,6.148952,,0.95468277,,未满足 MA5>MA10>MA20>MA60; 60日趋势强度不足
2026-08-10,301498.SZ,,rejected_signal,,38.446854,,1.04596341,,未满足 MA5>MA10>MA20>MA60; 60日趋势强度不足
2026-08-10,301499.SZ,,rejected_signal,,4.119758,,0.7604059,,未满足 MA5>MA10>MA20>MA60; 20日动量低于门槛; 60日趋势强度不足
2026-08-10,301500.SZ,,rejected_signal,,5.06294,,0.82907647,,未满足 MA5>MA10>MA20>MA60; 20日动量低于门槛; 60日趋势强度不足
2026-08-10,301501.SZ,,rejected_signal,,18.328629,,1.0102663,,未满足 MA5>MA10>MA20>MA60; 60日趋势强度不足
2026-08-10,301502.SZ,,rejected_signal,,0.0,,0.61334884,,未满足 MA5>MA10>MA20>MA60; 20日动量低于门槛; 60日趋势强度不足
2026-08-10,301503.SZ,,rejected_signal,,16.282587,,0.94467056,,未满足 MA5>MA10>MA20>MA60; 60日趋势强度不足; 20日平均成交额不足
2026-08-10,301505.SZ,,rejected_signal,,14.556785,,0.91029489,,未满足 MA5>MA10>MA20>MA60; 60日趋势强度不足
2026-08-10,301507.SZ,,rejected_signal,,12.483662,,0.97479194,,未满足 MA5>MA10>MA20>MA60; 60日趋势强度不足
2026-08-10,301508.SZ,,rejected_signal,,11.625573,,0.97218299,,未满足 MA5>MA10>MA20>MA60; 60日趋势强度不足
2026-08-10,301509.SZ,,rejected_signal,,25.597139,,0.93028414,,未满足 MA5>MA10>MA20>MA60; 60日趋势强度不足
2026-08-10,301510.SZ,,rejected_signal,,2.732082,,0.81070453,,未满足 MA5>MA10>MA20>MA60; 20日动量低于门槛; 60日趋势强度不足
2026-08-10,301511.SZ,,rejected_signal,,12.104374,,0.37273204,,未满足 MA5>MA10>MA20>MA60; 20日动量低于门槛; 60日趋势强度不足; 20日年化波动过高
2026-08-10,301512.SZ,,rejected_signal,,12.814829,,0.83751309,,未满足 MA5>MA10>MA20>MA60; 60日趋势强度不足
2026-08-10,301513.SZ,,rejected_signal,,2.833911,,0.78800935,,未满足 MA5>MA10>MA20>MA60; 20日动量低于门槛; 60日趋势强度不足
2026-08-10,301515.SZ,,rejected_signal,,19.388556,,0.92182297,,未满足 MA5>MA10>MA20>MA60; 60日趋势强度不足
2026-08-10,301516.SZ,,rejected_signal,,0.0,,0.86456537,,未满足 MA5>MA10>MA20>MA60; 收盘价低于MA20; 20日动量低于门槛; 60日趋势强度不足
2026-08-10,301517.SZ,,rejected_signal,,2.203871,,0.75567502,,未满足 MA5>MA10>MA20>MA60; 20日动量低于门槛; 60日趋势强度不足
2026-08-10,301518.SZ,,rejected_signal,,16.059601,,0.87829769,,未满足 MA5>MA10>MA20>MA60; 60日趋势强度不足
2026-08-10,301519.SZ,,rejected_signal,,24.699617,,0.95344245,,未满足 MA5>MA10>MA20>MA60; 60日趋势强度不足
2026-08-10,301520.SZ,,rejected_signal,,45.399685,,1.16786456,,未满足 MA5>MA10>MA20>MA60; 20日年化波动过高
2026-08-10,301522.SZ,,rejected_signal,,13.300583,,0.90849948,,未满足 MA5>MA10>MA20>MA60; 60日趋势强度不足
2026-08-10,301525.SZ,,rejected_signal,,6.295689,,0.8263858,,未满足 MA5>MA10>MA20>MA60; 20日动量低于门槛; 60日趋势强度不足
2026-08-10,301526.SZ,,rejected_signal,,32.743774,,0.82098031,,未满足 MA5>MA10>MA20>MA60; 偏离MA20过远，追高风险; 20日年化波动过高
2026-08-10,301528.SZ,,rejected_signal,,6.347321,,0.73428208,,未满足 MA5>MA10>MA20>MA60; 20日动量低于门槛
2026-08-10,301529.SZ,,rejected_signal,,0.0,,0.71667147,,未满足 MA5>MA10>MA20>MA60; 收盘价低于MA20; 20日动量低于门槛; 60日趋势强度不足
2026-08-10,301531.SZ,,rejected_signal,,1.163515,,0.66383553,,未满足 MA5>MA10>MA20>MA60; 20日动量低于门槛; 60日趋势强度不足
2026-08-10,301533.SZ,,rejected_signal,,28.890949,,0.99397492,,未满足 MA5>MA10>MA20>MA60; 60日趋势强度不足; 20日平均成交额不足
2026-08-10,301535.SZ,,rejected_signal,,35.169174,,1.07328939,,未满足 MA5>MA10>MA20>MA60; 60日趋势强度不足
2026-08-10,301536.SZ,,rejected_signal,,44.348938,,0.97745436,,未满足 MA5>MA10>MA20>MA60; 20日年化波动过高
2026-08-10,301538.SZ,,rejected_signal,,1.342092,,0.67621553,,未满足 MA5>MA10>MA20>MA60; 20日动量低于门槛; 60日趋势强度不足
2026-08-10,301539.SZ,,rejected_signal,,24.858837,,0.98115569,,未满足 MA5>MA10>MA20>MA60; 60日趋势强度不足; 20日平均成交额不足
2026-08-10,301548.SZ,,rejected_signal,,2.165433,,0.75614887,,未满足 MA5>MA10>MA20>MA60; 20日动量低于门槛; 60日趋势强度不足
2026-08-10,301550.SZ,,rejected_signal,,0.874845,,0.71721828,,未满足 MA5>MA10>MA20>MA60; 收盘价低于MA20; 20日动量低于门槛; 60日趋势强度不足
2026-08-10,301551.SZ,,rejected_signal,,22.337484,,0.99807817,,未满足 MA5>MA10>MA20>MA60; 60日趋势强度不足
2026-08-10,301552.SZ,,rejected_signal,,3.933899,,0.95520121,,未满足 MA5>MA10>MA20>MA60; 60日趋势强度不足; 偏离MA20过远，追高风险
2026-08-10,301555.SZ,,rejected_signal,,2.41527,,0.7480635,,未满足 MA5>MA10>MA20>MA60; 20日动量低于门槛; 60日趋势强度不足
2026-08-10,301556.SZ,,rejected_signal,,14.187579,,0.94165844,,未满足 MA5>MA10>MA20>MA60; 60日趋势强度不足
2026-08-10,301557.SZ,,rejected_signal,,2.703187,,0.86919886,,未满足 MA5>MA10>MA20>MA60; 20日动量低于门槛; 60日趋势强度不足
2026-08-10,301558.SZ,,rejected_signal,,17.742821,,1.00189304,,未满足 MA5>MA10>MA20>MA60; 60日趋势强度不足
2026-08-10,301559.SZ,,rejected_signal,,15.929426,,1.00387502,,未满足 MA5>MA10>MA20>MA60; 60日趋势强度不足
2026-08-10,301560.SZ,,rejected_signal,,4.173865,,0.79888546,,未满足 MA5>MA10>MA20>MA60; 20日动量低于门槛; 60日趋势强度不足
2026-08-10,301563.SZ,,rejected_signal,,1.852414,,0.68596357,,未满足 MA5>MA10>MA20>MA60; 20日动量低于门槛; 60日趋势强度不足
2026-08-10,301565.SZ,,rejected_signal,,3.09226,,0.90498668,,未满足 MA5>MA10>MA20>MA60; 60日趋势强度不足
2026-08-10,301566.SZ,,rejected_signal,,2.871399,,0.64927477,,未满足 MA5>MA10>MA20>MA60; 20日动量低于门槛; 60日趋势强度不足; 20日年化波动过高
2026-08-10,301567.SZ,,rejected_signal,,10.636915,,0.85648984,,未满足 MA5>MA10>MA20>MA60; 60日趋势强度不足
2026-08-10,301568.SZ,,rejected_signal,,5.410501,,0.57023585,,未满足 MA5>MA10>MA20>MA60; 20日动量低于门槛; 20日年化波动过高
2026-08-10,301571.SZ,,rejected_signal,,13.040033,,0.8850708,,未满足 MA5>MA10>MA20>MA60
2026-08-10,301575.SZ,,rejected_signal,,17.31501,,0.96033794,,未满足 MA5>MA10>MA20>MA60; 60日趋势强度不足; 20日平均成交额不足
2026-08-10,301577.SZ,,rejected_signal,,4.45021,,0.65978473,,未满足 MA5>MA10>MA20>MA60; 20日动量低于门槛; 60日趋势强度不足
2026-08-10,301578.SZ,,rejected_signal,,27.936592,,0.9773556,,未满足 MA5>MA10>MA20>MA60; 60日趋势强度不足
2026-08-10,301580.SZ,,rejected_signal,,30.922106,,0.93820071,,未满足 MA5>MA10>MA20>MA60
2026-08-10,301581.SZ,,rejected_signal,,2.68798,,0.80119628,,未满足 MA5>MA10>MA20>MA60; 20日动量低于门槛; 60日趋势强度不足; 20日平均成交额不足
2026-08-10,301583.SZ,,rejected_signal,,0.0,,2.717062,,历史数据不足或指标非有限值; 未满足 MA5>MA10>MA20>MA60; 20日动量低于门槛; 60日趋势强度不足; 20日年化波动过高
2026-08-10,301584.SZ,,rejected_signal,,34.374802,,0.99660444,,未满足 MA5>MA10>MA20>MA60; 60日趋势强度不足
2026-08-10,301585.SZ,,rejected_signal,,9.211641,,0.98509693,,未满足 MA5>MA10>MA20>MA60; 60日趋势强度不足; 20日平均成交额不足
2026-08-10,301586.SZ,,rejected_signal,,11.67504,,0.92156261,,未满足 MA5>MA10>MA20>MA60; 60日趋势强度不足; 20日平均成交额不足
2026-08-10,301587.SZ,,rejected_signal,,17.05439,,0.91900241,,未满足 MA5>MA10>MA20>MA60; 60日趋势强度不足
2026-08-10,301588.SZ,,rejected_signal,,2.610202,,0.73784244,,未满足 MA5>MA10>MA20>MA60; 收盘价低于MA20; 20日动量低于门槛; 60日趋势强度不足; 20日年化波动过高
2026-08-10,301589.SZ,,rejected_signal,,7.621351,,0.93102551,,未满足 MA5>MA10>MA20>MA60; 60日趋势强度不足
2026-08-10,301590.SZ,,rejected_signal,,6.85666,,0.66574252,,未满足 MA5>MA10>MA20>MA60; 20日动量低于门槛; 60日趋势强度不足
2026-08-10,301591.SZ,,rejected_signal,,0.57336,,0.62552553,,未满足 MA5>MA10>MA20>MA60; 20日动量低于门槛; 60日趋势强度不足
2026-08-10,301592.SZ,,rejected_signal,,4.268777,,0.81718963,,未满足 MA5>MA10>MA20>MA60; 20日动量低于门槛; 60日趋势强度不足
2026-08-10,301595.SZ,,rejected_signal,,0.0,,0.87673759,,未满足 MA5>MA10>MA20>MA60; 20日动量低于门槛; 60日趋势强度不足
2026-08-10,301596.SZ,,rejected_signal,,0.0,,0.94291693,,未满足 MA5>MA10>MA20>MA60; 20日动量低于门槛; 60日趋势强度不足; 20日年化波动过高
2026-08-10,301598.SZ,,rejected_signal,,5.800869,,0.91137379,,未满足 MA5>MA10>MA20>MA60; 20日动量低于门槛; 60日趋势强度不足; 20日平均成交额不足
2026-08-10,301599.SZ,,rejected_signal,,2.028539,,0.71278489,,未满足 MA5>MA10>MA20>MA60; 20日动量低于门槛; 60日趋势强度不足
2026-08-10,301600.SZ,,rejected_signal,,22.310501,,0.97146904,,未满足 MA5>MA10>MA20>MA60; 60日趋势强度不足
2026-08-10,301601.SZ,,rejected_signal,,15.708989,,0.95358819,,未满足 MA5>MA10>MA20>MA60; 60日趋势强度不足
2026-08-10,301602.SZ,,rejected_signal,,26.627663,,0.99714237,,未满足 MA5>MA10>MA20>MA60; 60日趋势强度不足
2026-08-10,301603.SZ,,rejected_signal,,0.0,,0.71300513,,未满足 MA5>MA10>MA20>MA60; 20日动量低于门槛; 60日趋势强度不足; 20日年化波动过高
2026-08-10,301606.SZ,,rejected_signal,,5.616719,,0.81386077,,未满足 MA5>MA10>MA20>MA60; 收盘价低于MA20; 20日动量低于门槛; 60日趋势强度不足
2026-08-10,301607.SZ,,rejected_signal,,6.019866,,0.67443675,,未满足 MA5>MA10>MA20>MA60; 20日动量低于门槛
2026-08-10,301608.SZ,,rejected_signal,,4.018292,,0.94524962,,未满足 MA5>MA10>MA20>MA60; 60日趋势强度不足
2026-08-10,301609.SZ,,rejected_signal,,21.303009,,0.96624476,,未满足 MA5>MA10>MA20>MA60; 60日趋势强度不足
2026-08-10,301611.SZ,,rejected_signal,,4.458733,,0.53737438,,未满足 MA5>MA10>MA20>MA60; 20日动量低于门槛; 60日趋势强度不足; 20日年化波动过高
2026-08-10,301613.SZ,,rejected_signal,,5.060319,,0.95114958,,未满足 MA5>MA10>MA20>MA60; 20日动量低于门槛; 60日趋势强度不足
2026-08-10,301616.SZ,,rejected_signal,,6.337038,,0.94513083,,未满足 MA5>MA10>MA20>MA60; 60日趋势强度不足; 20日平均成交额不足
2026-08-10,301617.SZ,,rejected_signal,,7.186336,,0.85794789,,未满足 MA5>MA10>MA20>MA60; 20日动量低于门槛; 60日趋势强度不足
2026-08-10,301618.SZ,,rejected_signal,,0.0,,0.82186753,,未满足 MA5>MA10>MA20>MA60; 收盘价低于MA20; 20日动量低于门槛; 60日趋势强度不足
2026-08-10,301622.SZ,,rejected_signal,,14.446391,,0.8626352,,未满足 MA5>MA10>MA20>MA60; 60日趋势强度不足
2026-08-10,301626.SZ,,rejected_signal,,0.821382,,0.64686096,,未满足 MA5>MA10>MA20>MA60; 20日动量低于门槛; 60日趋势强度不足; 20日年化波动过高
2026-08-10,301628.SZ,,rejected_signal,,9.891968,,0.6832366,,未满足 MA5>MA10>MA20>MA60; 60日趋势强度不足
2026-08-10,301629.SZ,,rejected_signal,,0.0,,0.53953135,,未满足 MA5>MA10>MA20>MA60; 20日动量低于门槛; 60日趋势强度不足
2026-08-10,301630.SZ,,rejected_signal,,0.0,,0.6441533,,未满足 MA5>MA10>MA20>MA60; 20日动量低于门槛; 60日趋势强度不足; 20日年化波动过高
2026-08-10,301631.SZ,,rejected_signal,,2.532179,,0.76984262,,未满足 MA5>MA10>MA20>MA60; 20日动量低于门槛; 60日趋势强度不足
2026-08-10,301632.SZ,,rejected_signal,,18.287992,,0.97501451,,未满足 MA5>MA10>MA20>MA60; 60日趋势强度不足
2026-08-10,301633.SZ,,rejected_signal,,39.403893,,1.11356235,,20日涨幅过热; 60日趋势强度不足
2026-08-10,301636.SZ,,rejected_signal,,11.798878,,0.889579,,未满足 MA5>MA10>MA20>MA60; 60日趋势强度不足
2026-08-10,301638.SZ,,rejected_signal,,19.498217,,0.98516017,,未满足 MA5>MA10>MA20>MA60; 60日趋势强度不足
2026-08-10,301656.SZ,,rejected_signal,,9.779291,,0.95569086,,未满足 MA5>MA10>MA20>MA60; 20日动量低于门槛; 60日趋势强度不足
2026-08-10,301658.SZ,,rejected_signal,,4.96534,,0.8685261,,未满足 MA5>MA10>MA20>MA60; 60日趋势强度不足
2026-08-10,301662.SZ,,rejected_signal,,3.331563,,0.78073591,,未满足 MA5>MA10>MA20>MA60; 20日动量低于门槛; 60日趋势强度不足
2026-08-10,301665.SZ,,rejected_signal,,5.561394,,0.98097759,,未满足 MA5>MA10>MA20>MA60; 20日动量低于门槛; 60日趋势强度不足
2026-08-10,301666.SZ,,rejected_signal,,3.293848,,0.60652065,,未满足 MA5>MA10>MA20>MA60; 收盘价低于MA20; 20日动量低于门槛; 60日趋势强度不足
2026-08-10,301667.SZ,,rejected_signal,,10.688737,,0.93995667,,未满足 MA5>MA10>MA20>MA60; 60日趋势强度不足
2026-08-10,301668.SZ,,rejected_signal,,33.867802,,1.10410535,,未满足 MA5>MA10>MA20>MA60; 60日趋势强度不足
2026-08-10,301669.SZ,,rejected_signal,,0.0,,1.1224829,,历史数据不足或指标非有限值; 未满足 MA5>MA10>MA20>MA60; 20日动量低于门槛; 60日趋势强度不足
2026-08-10,301677.SZ,,rejected_signal,,0.0,,6.77948809,,历史数据不足或指标非有限值; 未满足 MA5>MA10>MA20>MA60; 收盘价低于MA20; 20日动量低于门槛; 20日涨幅过热; 60日趋势强度不足; 偏离MA20过远，追高风险; 20日年化波动过高; 20日平均成交额不足
2026-08-10,301678.SZ,,rejected_signal,,0.031128,,0.71764207,,未满足 MA5>MA10>MA20>MA60; 20日动量低于门槛; 60日趋势强度不足
2026-08-10,301680.SZ,,rejected_signal,,0.753067,,0.84641039,,未满足 MA5>MA10>MA20>MA60; 20日动量低于门槛; 60日趋势强度不足
2026-08-10,301682.SZ,,rejected_signal,,8.000175,,0.7868278,,未满足 MA5>MA10>MA20>MA60; 20日动量低于门槛; 60日趋势强度不足
2026-08-10,301683.SZ,,rejected_signal,,8.174413,,0.80230743,,未满足 MA5>MA10>MA20>MA60; 20日动量低于门槛; 60日趋势强度不足
2026-08-10,301687.SZ,,rejected_signal,,2.577868,,0.74433392,,未满足 MA5>MA10>MA20>MA60; 20日动量低于门槛; 60日趋势强度不足
2026-08-10,301696.SZ,,rejected_signal,,0.497814,,0.84159619,,未满足 MA5>MA10>MA20>MA60; 20日动量低于门槛; 60日趋势强度不足
2026-08-10,301707.SZ,,rejected_signal,,0.0,,1.0,,历史数据不足或指标非有限值; 未满足 MA5>MA10>MA20>MA60; 收盘价低于MA20; 20日动量低于门槛; 20日涨幅过热; 60日趋势强度不足; 偏离MA20过远，追高风险; 20日年化波动过高; 20日平均成交额不足
2026-08-10,302132.SZ,,rejected_signal,,23.978174,,0.9870947,,未满足 MA5>MA10>MA20>MA60; 60日趋势强度不足
2026-08-10,600000.SH,,rejected_signal,,29.729206,,1.08362508,,未满足 MA5>MA10>MA20>MA60
2026-08-10,600004.SH,,rejected_signal,,14.083886,,1.04361856,,未满足 MA5>MA10>MA20>MA60; 收盘价低于MA20; 60日趋势强度不足
2026-08-10,600006.SH,,rejected_signal,,15.883648,,1.01515424,,未满足 MA5>MA10>MA20>MA60; 60日趋势强度不足
2026-08-10,600007.SH,,rejected_signal,,4.635456,,0.98331237,,未满足 MA5>MA10>MA20>MA60; 收盘价低于MA20; 20日动量低于门槛; 60日趋势强度不足
2026-08-10,600008.SH,,rejected_signal,,7.188173,,1.02162945,,未满足 MA5>MA10>MA20>MA60; 收盘价低于MA20; 20日动量低于门槛; 60日趋势强度不足
2026-08-10,600009.SH,,rejected_signal,,14.774454,,1.03211892,,未满足 MA5>MA10>MA20>MA60; 收盘价低于MA20; 60日趋势强度不足
2026-08-10,600010.SH,,rejected_signal,,20.853817,,0.97528476,,未满足 MA5>MA10>MA20>MA60; 60日趋势强度不足
2026-08-10,600011.SH,,rejected_signal,,8.351725,,0.9956274,,未满足 MA5>MA10>MA20>MA60; 收盘价低于MA20; 60日趋势强度不足
2026-08-10,600012.SH,,rejected_signal,,7.97543,,1.0484165,,未满足 MA5>MA10>MA20>MA60; 收盘价低于MA20; 20日动量低于门槛; 60日趋势强度不足
2026-08-10,600015.SH,,rejected_signal,,19.985703,,1.07102454,,未满足 MA5>MA10>MA20>MA60
2026-08-10,600016.SH,,rejected_signal,,18.721727,,1.05376482,,未满足 MA5>MA10>MA20>MA60; 60日趋势强度不足
2026-08-10,600017.SH,,rejected_signal,,11.382598,,1.04752254,,未满足 MA5>MA10>MA20>MA60; 收盘价低于MA20; 60日趋势强度不足
2026-08-10,600018.SH,,rejected_signal,,23.243055,,1.06585705,,未满足 MA5>MA10>MA20>MA60; 60日趋势强度不足
2026-08-10,600019.SH,,rejected_signal,,19.671703,,1.06430471,,未满足 MA5>MA10>MA20>MA60; 收盘价低于MA20; 60日趋势强度不足
2026-08-10,600020.SH,,rejected_signal,,12.355249,,1.0448153,,未满足 MA5>MA10>MA20>MA60; 收盘价低于MA20; 20日动量低于门槛; 60日趋势强度不足
2026-08-10,600021.SH,,rejected_signal,,17.953043,,0.91575754,,未满足 MA5>MA10>MA20>MA60; 60日趋势强度不足
2026-08-10,600022.SH,,rejected_signal,,21.011246,,1.0639869,,未满足 MA5>MA10>MA20>MA60; 收盘价低于MA20; 60日趋势强度不足
2026-08-10,600023.SH,,rejected_signal,,3.928005,,0.93717122,,未满足 MA5>MA10>MA20>MA60; 收盘价低于MA20; 20日动量低于门槛; 60日趋势强度不足
2026-08-10,600025.SH,,rejected_signal,,15.838389,,1.05796468,,未满足 MA5>MA10>MA20>MA60; 收盘价低于MA20; 20日动量低于门槛; 60日趋势强度不足
2026-08-10,600026.SH,,rejected_signal,,23.340099,,0.96401924,,未满足 MA5>MA10>MA20>MA60; 60日趋势强度不足
2026-08-10,600027.SH,,rejected_signal,,10.907799,,1.00891769,,未满足 MA5>MA10>MA20>MA60; 收盘价低于MA20; 20日动量低于门槛; 60日趋势强度不足
2026-08-10,600028.SH,,rejected_signal,,25.203163,,1.07891572,,未满足 MA5>MA10>MA20>MA60; 收盘价低于MA20; 60日趋势强度不足
2026-08-10,600029.SH,,rejected_signal,,6.355941,,1.00589812,,未满足 MA5>MA10>MA20>MA60; 20日动量低于门槛; 60日趋势强度不足
2026-08-10,600030.SH,,rejected_signal,,16.166712,,1.03499591,,未满足 MA5>MA10>MA20>MA60; 收盘价低于MA20; 20日动量低于门槛
2026-08-10,600031.SH,,rejected_signal,,29.811966,,1.07303047,,未满足 MA5>MA10>MA20>MA60; 60日趋势强度不足
2026-08-10,600032.SH,,rejected_signal,,30.98534,,0.91823834,,未满足 MA5>MA10>MA20>MA60; 60日趋势强度不足
2026-08-10,600033.SH,,rejected_signal,,21.907955,,1.06231284,,未满足 MA5>MA10>MA20>MA60; 60日趋势强度不足
2026-08-10,600035.SH,,rejected_signal,,2.500622,,1.00707471,,未满足 MA5>MA10>MA20>MA60; 收盘价低于MA20; 20日动量低于门槛; 60日趋势强度不足
2026-08-10,600036.SH,,rejected_signal,,25.680077,,1.07740963,,未满足 MA5>MA10>MA20>MA60
2026-08-10,600037.SH,,rejected_signal,,32.792088,,1.06058145,,60日趋势强度不足
2026-08-10,600038.SH,,rejected_signal,,25.990221,,1.02365434,,未满足 MA5>MA10>MA20>MA60; 60日趋势强度不足
2026-08-10,600039.SH,,rejected_signal,,31.403795,,1.08225954,,未满足 MA5>MA10>MA20>MA60; 收盘价低于MA20
2026-08-10,600048.SH,,rejected_signal,,37.872833,,1.01880312,,未满足 MA5>MA10>MA20>MA60; 60日趋势强度不足
2026-08-10,600050.SH,,rejected_signal,,14.174777,,1.04446411,,未满足 MA5>MA10>MA20>MA60; 收盘价低于MA20; 60日趋势强度不足
2026-08-10,600051.SH,,rejected_signal,,17.632875,,0.98160428,,未满足 MA5>MA10>MA20>MA60; 60日趋势强度不足
2026-08-10,600052.SH,,rejected_signal,,16.81048,,0.98164481,,未满足 MA5>MA10>MA20>MA60; 60日趋势强度不足
2026-08-10,600053.SH,,rejected_universe,,0.0,,0.94793779,,不在当日动态股票池(停牌/未上市/已退市/当前ST代理过滤)
2026-08-10,600054.SH,,rejected_signal,,12.673348,,1.03849328,,60日趋势强度不足
2026-08-10,600055.SH,,rejected_signal,,22.039066,,1.04074156,,未满足 MA5>MA10>MA20>MA60; 60日趋势强度不足
2026-08-10,600056.SH,,rejected_signal,,13.90709,,1.02336812,,未满足 MA5>MA10>MA20>MA60; 20日动量低于门槛; 60日趋势强度不足
2026-08-10,600057.SH,,rejected_signal,,33.886452,,1.09293687,,未满足 MA5>MA10>MA20>MA60; 60日趋势强度不足
2026-08-10,600058.SH,,rejected_signal,,22.067284,,0.95527804,,未满足 MA5>MA10>MA20>MA60; 60日趋势强度不足; 偏离MA20过远，追高风险
2026-08-10,600059.SH,,rejected_signal,,21.637655,,1.04695332,,未满足 MA5>MA10>MA20>MA60; 60日趋势强度不足
2026-08-10,600060.SH,,rejected_signal,,7.931778,,1.04244149,,未满足 MA5>MA10>MA20>MA60; 收盘价低于MA20; 20日动量低于门槛
2026-08-10,600061.SH,,rejected_signal,,7.198481,,1.02584898,,未满足 MA5>MA10>MA20>MA60; 收盘价低于MA20; 20日动量低于门槛; 60日趋势强度不足
2026-08-10,600062.SH,,rejected_signal,,10.066695,,0.9935776,,未满足 MA5>MA10>MA20>MA60; 收盘价低于MA20; 20日动量低于门槛; 60日趋势强度不足
2026-08-10,600063.SH,,rejected_signal,,14.952207,,0.84678388,,未满足 MA5>MA10>MA20>MA60; 60日趋势强度不足
2026-08-10,600064.SH,,rejected_signal,,32.548828,,1.0941546,,未满足 MA5>MA10>MA20>MA60; 60日趋势强度不足
2026-08-10,600066.SH,,rejected_signal,,51.155067,,1.0688647,,未满足 MA5>MA10>MA20>MA60; 60日趋势强度不足
2026-08-10,600067.SH,,rejected_signal,,17.360016,,0.93504822,,未满足 MA5>MA10>MA20>MA60; 60日趋势强度不足
2026-08-10,600070.SH,,rejected_universe,,0.0,,0.0,,不在当日动态股票池(停牌/未上市/已退市/当前ST代理过滤)
2026-08-10,600071.SH,,rejected_signal,,5.695783,,0.92200315,,未满足 MA5>MA10>MA20>MA60; 60日趋势强度不足
2026-08-10,600072.SH,,rejected_signal,,19.537487,,0.96558493,,未满足 MA5>MA10>MA20>MA60; 60日趋势强度不足
2026-08-10,600073.SH,,rejected_signal,,18.654982,,1.03590059,,未满足 MA5>MA10>MA20>MA60; 60日趋势强度不足
2026-08-10,600075.SH,,rejected_signal,,28.010773,,1.0022831,,未满足 MA5>MA10>MA20>MA60; 60日趋势强度不足
2026-08-10,600076.SH,,rejected_signal,,2.867946,,0.89188844,,未满足 MA5>MA10>MA20>MA60; 20日动量低于门槛; 60日趋势强度不足
2026-08-10,600078.SH,,rejected_signal,,20.273077,,0.75618279,,未满足 MA5>MA10>MA20>MA60; 60日趋势强度不足
2026-08-10,600079.SH,,rejected_universe,,32.286854,,1.04227543,,不在当日动态股票池(停牌/未上市/已退市/当前ST代理过滤)
2026-08-10,600080.SH,,rejected_universe,,5.386077,,0.98873287,,不在当日动态股票池(停牌/未上市/已退市/当前ST代理过滤)
2026-08-10,600081.SH,,rejected_signal,,18.341219,,1.00042427,,未满足 MA5>MA10>MA20>MA60; 60日趋势强度不足; 20日平均成交额不足
2026-08-10,600082.SH,,rejected_universe,,10.052131,,0.96094155,,不在当日动态股票池(停牌/未上市/已退市/当前ST代理过滤)
2026-08-10,600083.SH,,rejected_universe,,0.0,,0.0,,不在当日动态股票池(停牌/未上市/已退市/当前ST代理过滤)
2026-08-10,600084.SH,,rejected_universe,,1.614606,,0.97148752,,不在当日动态股票池(停牌/未上市/已退市/当前ST代理过滤)
2026-08-10,600085.SH,,rejected_signal,,21.046288,,1.06182718,,未满足 MA5>MA10>MA20>MA60; 收盘价低于MA20; 20日动量低于门槛; 60日趋势强度不足
2026-08-10,600088.SH,,rejected_signal,,10.227803,,0.93175101,,未满足 MA5>MA10>MA20>MA60; 60日趋势强度不足
2026-08-10,600089.SH,,rejected_signal,,24.074074,,0.95146722,,未满足 MA5>MA10>MA20>MA60; 60日趋势强度不足
2026-08-10,600094.SH,,rejected_signal,,44.90189,,1.08531117,,未满足 MA5>MA10>MA20>MA60; 60日趋势强度不足
2026-08-10,600095.SH,,rejected_signal,,26.444002,,0.98769367,,未满足 MA5>MA10>MA20>MA60; 收盘价低于MA20; 60日趋势强度不足
2026-08-10,600096.SH,,rejected_signal,,34.257935,,0.97965956,,未满足 MA5>MA10>MA20>MA60; 60日趋势强度不足
2026-08-10,600097.SH,,rejected_signal,,20.581007,,0.98679626,,未满足 MA5>MA10>MA20>MA60; 60日趋势强度不足; 20日平均成交额不足
2026-08-10,600098.SH,,rejected_signal,,8.789613,,0.99470848,,未满足 MA5>MA10>MA20>MA60; 收盘价低于MA20; 60日趋势强度不足
2026-08-10,600099.SH,,rejected_signal,,17.144255,,0.96957105,,未满足 MA5>MA10>MA20>MA60; 60日趋势强度不足
2026-08-10,600100.SH,,rejected_signal,,11.07525,,0.99876434,,未满足 MA5>MA10>MA20>MA60; 60日趋势强度不足
2026-08-10,600101.SH,,rejected_signal,,13.762445,,0.96095824,,未满足 MA5>MA10>MA20>MA60; 60日趋势强度不足
2026-08-10,600103.SH,,rejected_signal,,15.01047,,0.88395572,,未满足 MA5>MA10>MA20>MA60; 60日趋势强度不足
2026-08-10,600104.SH,,rejected_signal,,21.13579,,1.02798402,,未满足 MA5>MA10>MA20>MA60; 60日趋势强度不足
2026-08-10,600105.SH,,rejected_signal,,1.356287,,0.56772083,,未满足 MA5>MA10>MA20>MA60; 20日动量低于门槛; 60日趋势强度不足; 20日年化波动过高
2026-08-10,600106.SH,,rejected_signal,,5.411225,,0.97280115,,未满足 MA5>MA10>MA20>MA60; 60日趋势强度不足
2026-08-10,600107.SH,,rejected_universe,,6.190718,,0.84473234,,不在当日动态股票池(停牌/未上市/已退市/当前ST代理过滤)
2026-08-10,600108.SH,,rejected_signal,,31.306162,,0.9608646,,未满足 MA5>MA10>MA20>MA60; 60日趋势强度不足
2026-08-10,600109.SH,,rejected_signal,,13.662169,,1.02723372,,60日趋势强度不足
2026-08-10,600110.SH,,rejected_signal,,9.309927,,0.62318695,,未满足 MA5>MA10>MA20>MA60; 20日动量低于门槛; 60日趋势强度不足
2026-08-10,600111.SH,,rejected_signal,,25.220469,,0.86286294,,未满足 MA5>MA10>MA20>MA60; 60日趋势强度不足
2026-08-10,600112.SH,,rejected_universe,,0.0,,0.0,,不在当日动态股票池(停牌/未上市/已退市/当前ST代理过滤)
2026-08-10,600113.SH,,rejected_signal,,12.673974,,0.89625543,,未满足 MA5>MA10>MA20>MA60; 60日趋势强度不足
2026-08-10,600114.SH,,rejected_signal,,4.842464,,0.76849532,,未满足 MA5>MA10>MA20>MA60; 20日动量低于门槛; 60日趋势强度不足
2026-08-10,600115.SH,,rejected_signal,,6.426524,,0.97198975,,未满足 MA5>MA10>MA20>MA60; 60日趋势强度不足
2026-08-10,600116.SH,,rejected_signal,,44.374744,,1.08084095,,未满足 MA5>MA10>MA20>MA60; 60日趋势强度不足
2026-08-10,600117.SH,,rejected_signal,,20.122858,,1.02731824,,未满足 MA5>MA10>MA20>MA60; 60日趋势强度不足
2026-08-10,600118.SH,,rejected_signal,,10.56368,,0.7645933,,未满足 MA5>MA10>MA20>MA60; 20日动量低于门槛; 60日趋势强度不足
2026-08-10,600119.SH,,rejected_universe,,10.422956,,0.93956,,不在当日动态股票池(停牌/未上市/已退市/当前ST代理过滤)
2026-08-10,600120.SH,,rejected_signal,,29.438543,,1.08599567,,60日趋势强度不足
2026-08-10,600121.SH,,rejected_signal,,26.970383,,0.93739796,,未满足 MA5>MA10>MA20>MA60; 60日趋势强度不足
2026-08-10,600123.SH,,rejected_rank,40,47.839851,0.55172414,1.08772457,0.56781608,"信号有效, 但综合排名未进入 Top20"
2026-08-10,600125.SH,,rejected_signal,,12.232956,,1.03224766,,未满足 MA5>MA10>MA20>MA60; 60日趋势强度不足
2026-08-10,600126.SH,,rejected_signal,,27.726522,,0.95415324,,未满足 MA5>MA10>MA20>MA60; 60日趋势强度不足
2026-08-10,600127.SH,,rejected_signal,,40.544949,,0.98772609,,未满足 MA5>MA10>MA20>MA60; 60日趋势强度不足
2026-08-10,600128.SH,,rejected_signal,,17.698105,,0.98674589,,未满足 MA5>MA10>MA20>MA60; 60日趋势强度不足
2026-08-10,600129.SH,,rejected_signal,,37.715332,,1.08773959,,未满足 MA5>MA10>MA20>MA60; 20日动量低于门槛
2026-08-10,600130.SH,,rejected_signal,,15.260532,,0.85678554,,未满足 MA5>MA10>MA20>MA60; 60日趋势强度不足
2026-08-10,600131.SH,,rejected_signal,,21.708715,,1.02410161,,未满足 MA5>MA10>MA20>MA60; 60日趋势强度不足
2026-08-10,600132.SH,,rejected_signal,,17.137199,,1.02408731,,未满足 MA5>MA10>MA20>MA60; 收盘价低于MA20; 60日趋势强度不足
2026-08-10,600133.SH,,rejected_signal,,37.736755,,1.03738749,,未满足 MA5>MA10>MA20>MA60; 60日趋势强度不足
2026-08-10,600135.SH,,rejected_signal,,16.6273,,0.86631191,,未满足 MA5>MA10>MA20>MA60; 60日趋势强度不足
2026-08-10,600136.SH,,rejected_universe,,3.336387,,0.97444439,,不在当日动态股票池(停牌/未上市/已退市/当前ST代理过滤)
2026-08-10,600137.SH,,rejected_signal,,18.192554,,0.97557896,,未满足 MA5>MA10>MA20>MA60; 60日趋势强度不足
2026-08-10,600138.SH,,rejected_signal,,12.645828,,1.00588846,,未满足 MA5>MA10>MA20>MA60; 60日趋势强度不足
2026-08-10,600141.SH,,rejected_signal,,18.745008,,0.83269709,,未满足 MA5>MA10>MA20>MA60; 60日趋势强度不足
2026-08-10,600143.SH,,rejected_signal,,16.745476,,0.98894989,,未满足 MA5>MA10>MA20>MA60; 60日趋势强度不足
2026-08-10,600148.SH,,rejected_signal,,21.429119,,0.96663642,,未满足 MA5>MA10>MA20>MA60; 60日趋势强度不足; 20日平均成交额不足
2026-08-10,600149.SH,,rejected_signal,,20.506611,,0.96438724,,未满足 MA5>MA10>MA20>MA60; 60日趋势强度不足
2026-08-10,600150.SH,,rejected_signal,,12.733894,,0.99586499,,未满足 MA5>MA10>MA20>MA60; 20日动量低于门槛; 60日趋势强度不足
2026-08-10,600151.SH,,rejected_signal,,8.486732,,0.89435124,,未满足 MA5>MA10>MA20>MA60; 60日趋势强度不足
2026-08-10,600152.SH,,rejected_signal,,10.574305,,0.76681113,,未满足 MA5>MA10>MA20>MA60; 60日趋势强度不足
2026-08-10,600153.SH,,rejected_signal,,7.498893,,1.04227173,,未满足 MA5>MA10>MA20>MA60; 收盘价低于MA20; 20日动量低于门槛; 60日趋势强度不足
2026-08-10,600155.SH,,rejected_signal,,32.857502,,1.07160711,,60日趋势强度不足
2026-08-10,600156.SH,,rejected_signal,,10.851808,,0.82292223,,未满足 MA5>MA10>MA20>MA60; 60日趋势强度不足
2026-08-10,600157.SH,,rejected_signal,,11.658053,,0.97195309,,未满足 MA5>MA10>MA20>MA60; 60日趋势强度不足
2026-08-10,600158.SH,,rejected_signal,,32.410072,,0.88629138,,未满足 MA5>MA10>MA20>MA60; 60日趋势强度不足
2026-08-10,600159.SH,,rejected_signal,,24.616337,,0.96354944,,未满足 MA5>MA10>MA20>MA60; 60日趋势强度不足
2026-08-10,600160.SH,,rejected_signal,,26.830786,,0.94631428,,未满足 MA5>MA10>MA20>MA60
2026-08-10,600161.SH,,rejected_signal,,24.118763,,1.0306201,,未满足 MA5>MA10>MA20>MA60; 60日趋势强度不足
2026-08-10,600162.SH,,rejected_signal,,24.538286,,1.09524226,,20日涨幅过热; 偏离MA20过远，追高风险
2026-08-10,600163.SH,,rejected_signal,,25.231272,,0.95986992,,未满足 MA5>MA10>MA20>MA60; 60日趋势强度不足
2026-08-10,600165.SH,,rejected_universe,,9.432134,,1.02523768,,不在当日动态股票池(停牌/未上市/已退市/当前ST代理过滤)
2026-08-10,600166.SH,,rejected_signal,,7.758892,,1.0213716,,未满足 MA5>MA10>MA20>MA60; 20日动量低于门槛; 60日趋势强度不足
2026-08-10,600167.SH,,rejected_signal,,15.124408,,1.01935232,,未满足 MA5>MA10>MA20>MA60; 60日趋势强度不足
2026-08-10,600168.SH,,rejected_signal,,12.910983,,1.0020504,,未满足 MA5>MA10>MA20>MA60; 60日趋势强度不足; 20日平均成交额不足
2026-08-10,600169.SH,,rejected_universe,,10.217267,,0.98213422,,不在当日动态股票池(停牌/未上市/已退市/当前ST代理过滤)
2026-08-10,600170.SH,,rejected_signal,,13.604795,,1.01594126,,未满足 MA5>MA10>MA20>MA60; 收盘价低于MA20; 60日趋势强度不足
2026-08-10,600171.SH,,rejected_signal,,3.934874,,0.85274607,,未满足 MA5>MA10>MA20>MA60; 收盘价低于MA20; 20日动量低于门槛; 60日趋势强度不足
2026-08-10,600172.SH,,rejected_signal,,8.509164,,0.62783778,,未满足 MA5>MA10>MA20>MA60; 20日动量低于门槛
2026-08-10,600173.SH,,rejected_signal,,24.006239,,0.97777247,,未满足 MA5>MA10>MA20>MA60; 60日趋势强度不足
2026-08-10,600176.SH,,rejected_signal,,13.294623,,0.64916772,,未满足 MA5>MA10>MA20>MA60; 20日动量低于门槛; 20日年化波动过高
2026-08-10,600177.SH,,rejected_signal,,11.771575,,1.0293169,,未满足 MA5>MA10>MA20>MA60; 收盘价低于MA20; 20日动量低于门槛; 60日趋势强度不足
2026-08-10,600178.SH,,rejected_signal,,24.94054,,1.0364126,,未满足 MA5>MA10>MA20>MA60; 60日趋势强度不足
2026-08-10,600179.SH,,rejected_signal,,5.676671,,0.98808616,,未满足 MA5>MA10>MA20>MA60; 收盘价低于MA20; 20日动量低于门槛; 60日趋势强度不足
2026-08-10,600180.SH,,rejected_universe,,34.304043,,1.15904236,,不在当日动态股票池(停牌/未上市/已退市/当前ST代理过滤)
2026-08-10,600182.SH,,rejected_signal,,4.372313,,0.97738332,,未满足 MA5>MA10>MA20>MA60; 20日动量低于门槛; 60日趋势强度不足; 20日平均成交额不足
2026-08-10,600183.SH,,rejected_signal,,17.76861,,0.63144696,,未满足 MA5>MA10>MA20>MA60; 20日年化波动过高
2026-08-10,600184.SH,,rejected_signal,,4.501111,,0.67008847,,未满足 MA5>MA10>MA20>MA60; 20日动量低于门槛; 60日趋势强度不足
2026-08-10,600185.SH,,rejected_signal,,21.301464,,1.00468683,,未满足 MA5>MA10>MA20>MA60; 60日趋势强度不足
2026-08-10,600186.SH,,rejected_signal,,3.423122,,0.68761081,,未满足 MA5>MA10>MA20>MA60; 20日动量低于门槛; 偏离MA20过远，追高风险
2026-08-10,600187.SH,,rejected_universe,,1.521393,,0.98550713,,不在当日动态股票池(停牌/未上市/已退市/当前ST代理过滤)
2026-08-10,600188.SH,,rejected_signal,,26.886431,,0.91962183,,未满足 MA5>MA10>MA20>MA60; 60日趋势强度不足
2026-08-10,600189.SH,,rejected_signal,,15.187836,,0.96507311,,未满足 MA5>MA10>MA20>MA60; 60日趋势强度不足
2026-08-10,600190.SH,,rejected_universe,,0.0,,0.0,,不在当日动态股票池(停牌/未上市/已退市/当前ST代理过滤)
2026-08-10,600191.SH,,rejected_signal,,43.902161,,1.02576768,,未满足 MA5>MA10>MA20>MA60; 60日趋势强度不足
2026-08-10,600192.SH,,rejected_signal,,30.325148,,1.02969348,,未满足 MA5>MA10>MA20>MA60; 60日趋势强度不足; 偏离MA20过远，追高风险
2026-08-10,600193.SH,,rejected_universe,,0.0,,0.0,,不在当日动态股票池(停牌/未上市/已退市/当前ST代理过滤)
2026-08-10,600195.SH,,rejected_signal,,20.338461,,1.02843833,,60日趋势强度不足
2026-08-10,600196.SH,,rejected_signal,,21.173992,,1.02236974,,未满足 MA5>MA10>MA20>MA60; 60日趋势强度不足
2026-08-10,600197.SH,,rejected_signal,,23.299053,,0.99060875,,未满足 MA5>MA10>MA20>MA60; 60日趋势强度不足
2026-08-10,600198.SH,,rejected_signal,,5.899841,,0.84619457,,未满足 MA5>MA10>MA20>MA60; 20日动量低于门槛; 60日趋势强度不足
2026-08-10,600199.SH,,rejected_signal,,43.778305,,1.08909631,,60日趋势强度不足
2026-08-10,600200.SH,,rejected_universe,,0.0,,0.0,,不在当日动态股票池(停牌/未上市/已退市/当前ST代理过滤)
2026-08-10,600201.SH,,rejected_signal,,38.756775,,1.05483258,,未满足 MA5>MA10>MA20>MA60; 60日趋势强度不足
2026-08-10,600202.SH,,rejected_signal,,20.378473,,0.96864748,,未满足 MA5>MA10>MA20>MA60; 60日趋势强度不足
2026-08-10,600203.SH,,rejected_signal,,0.13219,,0.84107691,,未满足 MA5>MA10>MA20>MA60; 20日动量低于门槛; 60日趋势强度不足
2026-08-10,600206.SH,,rejected_signal,,21.661169,,0.68132979,,未满足 MA5>MA10>MA20>MA60; 20日动量低于门槛; 偏离MA20过远，追高风险; 20日年化波动过高
2026-08-10,600207.SH,,rejected_signal,,9.512953,,0.76761955,,未满足 MA5>MA10>MA20>MA60; 60日趋势强度不足
2026-08-10,600208.SH,,rejected_signal,,28.030836,,0.97705722,,未满足 MA5>MA10>MA20>MA60; 60日趋势强度不足
2026-08-10,600210.SH,,rejected_signal,,14.535088,,1.03487241,,未满足 MA5>MA10>MA20>MA60; 收盘价低于MA20; 60日趋势强度不足
2026-08-10,600211.SH,,rejected_signal,,20.145773,,1.02237201,,未满足 MA5>MA10>MA20>MA60; 20日动量低于门槛; 60日趋势强度不足
2026-08-10,600212.SH,,rejected_signal,,20.375086,,0.9602648,,未满足 MA5>MA10>MA20>MA60; 60日趋势强度不足
2026-08-10,600213.SH,,rejected_universe,,0.0,,0.0,,不在当日动态股票池(停牌/未上市/已退市/当前ST代理过滤)
2026-08-10,600215.SH,,rejected_signal,,17.836273,,1.00168562,,未满足 MA5>MA10>MA20>MA60; 60日趋势强度不足
2026-08-10,600216.SH,,rejected_signal,,19.864134,,1.01462054,,未满足 MA5>MA10>MA20>MA60; 60日趋势强度不足
2026-08-10,600217.SH,,rejected_signal,,23.320402,,1.03606093,,未满足 MA5>MA10>MA20>MA60; 60日趋势强度不足
2026-08-10,600218.SH,,rejected_signal,,14.62262,,0.98443639,,未满足 MA5>MA10>MA20>MA60; 60日趋势强度不足
2026-08-10,600219.SH,,rejected_signal,,37.695518,,1.02350295,,未满足 MA5>MA10>MA20>MA60; 60日趋势强度不足
2026-08-10,600220.SH,,rejected_universe,,0.0,,0.0,,不在当日动态股票池(停牌/未上市/已退市/当前ST代理过滤)
2026-08-10,600221.SH,,rejected_signal,,4.06115,,0.98001349,,未满足 MA5>MA10>MA20>MA60; 收盘价低于MA20; 20日动量低于门槛; 60日趋势强度不足
2026-08-10,600222.SH,,rejected_signal,,14.534837,,0.95677412,,未满足 MA5>MA10>MA20>MA60; 60日趋势强度不足
2026-08-10,600223.SH,,rejected_signal,,24.14653,,1.01602781,,未满足 MA5>MA10>MA20>MA60; 60日趋势强度不足
2026-08-10,600225.SH,,rejected_universe,,0.0,,0.0,,不在当日动态股票池(停牌/未上市/已退市/当前ST代理过滤)
2026-08-10,600226.SH,,rejected_signal,,7.583228,,0.62136894,,未满足 MA5>MA10>MA20>MA60; 20日动量低于门槛
2026-08-10,600227.SH,,rejected_signal,,38.489746,,1.12210655,,20日涨幅过热; 60日趋势强度不足
2026-08-10,600228.SH,,rejected_signal,,30.859936,,1.14532793,,未满足 MA5>MA10>MA20>MA60; 偏离MA20过远，追高风险
2026-08-10,600229.SH,,rejected_signal,,23.782038,,0.98716617,,未满足 MA5>MA10>MA20>MA60; 60日趋势强度不足; 20日平均成交额不足
2026-08-10,600230.SH,,rejected_signal,,26.31933,,0.98153186,,未满足 MA5>MA10>MA20>MA60; 60日趋势强度不足; 偏离MA20过远，追高风险
2026-08-10,600231.SH,,rejected_signal,,13.607264,,0.9759813,,未满足 MA5>MA10>MA20>MA60; 60日趋势强度不足; 20日平均成交额不足
2026-08-10,600232.SH,,rejected_signal,,19.559406,,0.89156657,,未满足 MA5>MA10>MA20>MA60; 60日趋势强度不足
2026-08-10,600233.SH,,rejected_signal,,43.913822,,1.08961272,,60日趋势强度不足
2026-08-10,600234.SH,,rejected_signal,,1.912929,,0.64614493,,未满足 MA5>MA10>MA20>MA60; 20日动量低于门槛; 60日趋势强度不足
2026-08-10,600235.SH,,rejected_signal,,28.823132,,1.00159168,,未满足 MA5>MA10>MA20>MA60; 60日趋势强度不足; 20日平均成交额不足
2026-08-10,600236.SH,,rejected_signal,,44.173058,,1.07688832,,60日趋势强度不足
2026-08-10,600237.SH,,rejected_signal,,5.247516,,0.7515558,,未满足 MA5>MA10>MA20>MA60; 20日动量低于门槛; 60日趋势强度不足
2026-08-10,600238.SH,,rejected_universe,,0.0,,0.99225682,,不在当日动态股票池(停牌/未上市/已退市/当前ST代理过滤)
2026-08-10,600239.SH,,rejected_universe,,6.596249,,0.99108714,,不在当日动态股票池(停牌/未上市/已退市/当前ST代理过滤)
2026-08-10,600241.SH,,rejected_signal,,20.589071,,0.98444998,,未满足 MA5>MA10>MA20>MA60; 60日趋势强度不足
2026-08-10,600243.SH,,rejected_universe,,13.330047,,0.95162648,,不在当日动态股票池(停牌/未上市/已退市/当前ST代理过滤)
2026-08-10,600246.SH,,rejected_signal,,0.802373,,0.57529777,,未满足 MA5>MA10>MA20>MA60; 收盘价低于MA20; 20日动量低于门槛; 60日趋势强度不足
2026-08-10,600248.SH,,rejected_signal,,11.43223,,1.01756537,,未满足 MA5>MA10>MA20>MA60; 收盘价低于MA20; 20日动量低于门槛; 60日趋势强度不足
2026-08-10,600249.SH,,rejected_signal,,37.476112,,1.011868,,未满足 MA5>MA10>MA20>MA60; 60日趋势强度不足
2026-08-10,600250.SH,,rejected_signal,,25.336355,,1.00173044,,未满足 MA5>MA10>MA20>MA60; 60日趋势强度不足
2026-08-10,600251.SH,,rejected_signal,,31.497723,,0.99948847,,未满足 MA5>MA10>MA20>MA60; 60日趋势强度不足
2026-08-10,600252.SH,,rejected_signal,,40.311234,,1.06635296,,60日趋势强度不足
2026-08-10,600255.SH,,rejected_signal,,17.675179,,0.88498968,,未满足 MA5>MA10>MA20>MA60; 60日趋势强度不足
2026-08-10,600256.SH,,rejected_signal,,27.447531,,0.95529985,,未满足 MA5>MA10>MA20>MA60; 60日趋势强度不足
2026-08-10,600257.SH,,rejected_signal,,39.230698,,1.04354942,,60日趋势强度不足
2026-08-10,600258.SH,,rejected_signal,,33.955132,,1.04095554,,未满足 MA5>MA10>MA20>MA60; 60日趋势强度不足
2026-08-10,600259.SH,,rejected_signal,,24.438745,,0.84205419,,未满足 MA5>MA10>MA20>MA60; 60日趋势强度不足
2026-08-10,600261.SH,,rejected_signal,,8.29476,,0.99430883,,未满足 MA5>MA10>MA20>MA60; 60日趋势强度不足; 20日平均成交额不足
2026-08-10,600262.SH,,rejected_signal,,31.523005,,0.95817071,,未满足 MA5>MA10>MA20>MA60; 60日趋势强度不足
2026-08-10,600265.SH,,rejected_universe,,19.528149,,0.96200979,,不在当日动态股票池(停牌/未上市/已退市/当前ST代理过滤)
2026-08-10,600266.SH,,rejected_signal,,9.480054,,0.98152328,,未满足 MA5>MA10>MA20>MA60; 60日趋势强度不足
2026-08-10,600267.SH,,rejected_signal,,44.610626,,1.07475233,,偏离MA20过远，追高风险
2026-08-10,600268.SH,,rejected_signal,,13.926726,,0.95175558,,未满足 MA5>MA10>MA20>MA60; 60日趋势强度不足
2026-08-10,600269.SH,,rejected_signal,,5.709693,,1.03650868,,未满足 MA5>MA10>MA20>MA60; 收盘价低于MA20; 20日动量低于门槛; 60日趋势强度不足
2026-08-10,600271.SH,,rejected_signal,,13.400854,,1.01000726,,未满足 MA5>MA10>MA20>MA60; 60日趋势强度不足
2026-08-10,600272.SH,,rejected_signal,,20.677402,,0.96837139,,未满足 MA5>MA10>MA20>MA60; 偏离MA20过远，追高风险; 当日跳空幅度过大
2026-08-10,600273.SH,,rejected_signal,,20.063206,,1.01888239,,未满足 MA5>MA10>MA20>MA60; 60日趋势强度不足
2026-08-10,600276.SH,,rejected_signal,,25.800859,,1.02640951,,未满足 MA5>MA10>MA20>MA60; 收盘价低于MA20; 20日动量低于门槛; 60日趋势强度不足
2026-08-10,600277.SH,,rejected_universe,,0.0,,0.0,,不在当日动态股票池(停牌/未上市/已退市/当前ST代理过滤)
2026-08-10,600278.SH,,rejected_signal,,20.034958,,1.00533712,,未满足 MA5>MA10>MA20>MA60; 60日趋势强度不足; 20日平均成交额不足
2026-08-10,600279.SH,,rejected_signal,,18.726229,,1.00550187,,未满足 MA5>MA10>MA20>MA60; 60日趋势强度不足
2026-08-10,600280.SH,,rejected_signal,,27.783394,,0.98061639,,未满足 MA5>MA10>MA20>MA60; 60日趋势强度不足
2026-08-10,600281.SH,,rejected_signal,,16.663454,,0.95287359,,未满足 MA5>MA10>MA20>MA60; 60日趋势强度不足
2026-08-10,600282.SH,,rejected_signal,,14.480552,,1.03512585,,未满足 MA5>MA10>MA20>MA60; 收盘价低于MA20; 20日动量低于门槛; 60日趋势强度不足
2026-08-10,600283.SH,,rejected_signal,,8.823665,,0.99117345,,未满足 MA5>MA10>MA20>MA60; 60日趋势强度不足; 20日平均成交额不足
2026-08-10,600284.SH,,rejected_signal,,11.530552,,0.97820669,,未满足 MA5>MA10>MA20>MA60; 60日趋势强度不足
2026-08-10,600285.SH,,rejected_signal,,28.186005,,1.08282328,,未满足 MA5>MA10>MA20>MA60; 收盘价低于MA20; 20日动量低于门槛
2026-08-10,600287.SH,,rejected_signal,,17.563721,,0.982719,,未满足 MA5>MA10>MA20>MA60; 60日趋势强度不足; 20日平均成交额不足
2026-08-10,600288.SH,,rejected_signal,,0.0,,0.78759801,,未满足 MA5>MA10>MA20>MA60; 20日动量低于门槛; 60日趋势强度不足
2026-08-10,600289.SH,,rejected_universe,,0.0,,0.84320301,,不在当日动态股票池(停牌/未上市/已退市/当前ST代理过滤)
2026-08-10,600292.SH,,rejected_signal,,16.376596,,0.96015579,,未满足 MA5>MA10>MA20>MA60; 收盘价低于MA20; 60日趋势强度不足
2026-08-10,600293.SH,,rejected_signal,,25.884251,,0.89220548,,未满足 MA5>MA10>MA20>MA60; 60日趋势强度不足
2026-08-10,600295.SH,,rejected_signal,,29.793592,,1.00926602,,未满足 MA5>MA10>MA20>MA60; 60日趋势强度不足
2026-08-10,600297.SH,,rejected_universe,,0.0,,0.0,,不在当日动态股票池(停牌/未上市/已退市/当前ST代理过滤)
2026-08-10,600298.SH,,selected_signal,4,61.099613,0.96551722,1.15597081,0.9609195,quality_momentum 横截面排名进入 Top20
2026-08-10,600299.SH,,rejected_signal,,26.339558,,0.92888516,,未满足 MA5>MA10>MA20>MA60; 60日趋势强度不足
2026-08-10,600300.SH,,rejected_signal,,26.140532,,1.04607522,,未满足 MA5>MA10>MA20>MA60; 60日趋势强度不足
2026-08-10,600301.SH,,rejected_signal,,10.331106,,0.72664058,,未满足 MA5>MA10>MA20>MA60; 60日趋势强度不足; 偏离MA20过远，追高风险
2026-08-10,600302.SH,,rejected_universe,,0.0,,0.719118,,不在当日动态股票池(停牌/未上市/已退市/当前ST代理过滤)
2026-08-10,600303.SH,,rejected_signal,,23.877502,,0.96179605,,未满足 MA5>MA10>MA20>MA60; 60日趋势强度不足
2026-08-10,600305.SH,,rejected_signal,,24.894897,,1.05150425,,未满足 MA5>MA10>MA20>MA60; 60日趋势强度不足
2026-08-10,600306.SH,,rejected_universe,,0.0,,0.0,,不在当日动态股票池(停牌/未上市/已退市/当前ST代理过滤)
2026-08-10,600307.SH,,rejected_signal,,11.577755,,1.00769043,,未满足 MA5>MA10>MA20>MA60; 60日趋势强度不足
2026-08-10,600308.SH,,rejected_signal,,12.339822,,1.0002532,,未满足 MA5>MA10>MA20>MA60; 20日动量低于门槛; 60日趋势强度不足; 20日平均成交额不足
2026-08-10,600309.SH,,rejected_signal,,46.496876,,1.03703511,,60日趋势强度不足
2026-08-10,600310.SH,,rejected_signal,,35.676498,,0.95240909,,未满足 MA5>MA10>MA20>MA60; 60日趋势强度不足
2026-08-10,600312.SH,,rejected_signal,,43.883579,,1.08636272,,60日趋势强度不足
2026-08-10,600313.SH,,rejected_signal,,30.855566,,1.01350033,,未满足 MA5>MA10>MA20>MA60; 60日趋势强度不足
2026-08-10,600315.SH,,rejected_signal,,17.856762,,1.04330218,,未满足 MA5>MA10>MA20>MA60; 60日趋势强度不足
2026-08-10,600316.SH,,rejected_signal,,13.424351,,0.93442243,,未满足 MA5>MA10>MA20>MA60; 60日趋势强度不足
2026-08-10,600318.SH,,rejected_signal,,26.83264,,1.02482104,,未满足 MA5>MA10>MA20>MA60; 60日趋势强度不足
2026-08-10,600319.SH,,rejected_signal,,4.999547,,0.88712943,,未满足 MA5>MA10>MA20>MA60; 60日趋势强度不足
2026-08-10,600320.SH,,rejected_signal,,14.43304,,1.00595343,,未满足 MA5>MA10>MA20>MA60; 60日趋势强度不足
2026-08-10,600321.SH,,rejected_universe,,0.0,,0.0,,不在当日动态股票池(停牌/未上市/已退市/当前ST代理过滤)
2026-08-10,600322.SH,,rejected_signal,,8.68847,,0.98129749,,未满足 MA5>MA10>MA20>MA60; 60日趋势强度不足
2026-08-10,600323.SH,,rejected_signal,,29.513863,,1.06761849,,未满足 MA5>MA10>MA20>MA60; 收盘价低于MA20; 60日趋势强度不足
2026-08-10,600325.SH,,rejected_signal,,19.655354,,1.02967346,,未满足 MA5>MA10>MA20>MA60; 收盘价低于MA20; 60日趋势强度不足
2026-08-10,600326.SH,,rejected_signal,,21.017736,,0.98196703,,未满足 MA5>MA10>MA20>MA60; 20日涨幅过热; 60日趋势强度不足; 偏离MA20过远，追高风险
2026-08-10,600327.SH,,rejected_signal,,32.312557,,1.03849351,,60日趋势强度不足
2026-08-10,600328.SH,,rejected_signal,,25.96583,,1.00486708,,未满足 MA5>MA10>MA20>MA60; 60日趋势强度不足
2026-08-10,600329.SH,,rejected_signal,,10.22606,,1.01676989,,未满足 MA5>MA10>MA20>MA60; 收盘价低于MA20; 20日动量低于门槛; 60日趋势强度不足
2026-08-10,600330.SH,,rejected_signal,,13.05142,,0.46682525,,未满足 MA5>MA10>MA20>MA60; 60日趋势强度不足; 偏离MA20过远，追高风险; 20日年化波动过高
2026-08-10,600331.SH,,rejected_signal,,25.586063,,1.00349224,,未满足 MA5>MA10>MA20>MA60; 20日涨幅过热; 60日趋势强度不足
2026-08-10,600332.SH,,rejected_signal,,15.195778,,1.039011,,未满足 MA5>MA10>MA20>MA60; 收盘价低于MA20; 20日动量低于门槛; 60日趋势强度不足
2026-08-10,600333.SH,,rejected_signal,,41.41909,,1.06140041,,60日趋势强度不足
2026-08-10,600335.SH,,rejected_signal,,14.464983,,1.03444624,,未满足 MA5>MA10>MA20>MA60; 60日趋势强度不足
2026-08-10,600336.SH,,rejected_signal,,13.546152,,0.93399966,,未满足 MA5>MA10>MA20>MA60; 60日趋势强度不足
2026-08-10,600337.SH,,rejected_universe,,7.724627,,0.83217752,,不在当日动态股票池(停牌/未上市/已退市/当前ST代理过滤)
2026-08-10,600338.SH,,rejected_signal,,25.211525,,0.82648528,,未满足 MA5>MA10>MA20>MA60; 60日趋势强度不足
2026-08-10,600339.SH,,rejected_signal,,16.623768,,1.01506543,,未满足 MA5>MA10>MA20>MA60; 60日趋势强度不足
2026-08-10,600340.SH,,rejected_universe,,6.815283,,0.89978844,,不在当日动态股票池(停牌/未上市/已退市/当前ST代理过滤)
2026-08-10,600343.SH,,rejected_signal,,7.708147,,0.70982236,,未满足 MA5>MA10>MA20>MA60; 20日动量低于门槛; 60日趋势强度不足
2026-08-10,600345.SH,,rejected_signal,,2.162309,,0.73353326,,未满足 MA5>MA10>MA20>MA60; 20日动量低于门槛; 60日趋势强度不足
2026-08-10,600346.SH,,rejected_signal,,22.248535,,0.99069083,,未满足 MA5>MA10>MA20>MA60; 60日趋势强度不足
2026-08-10,600348.SH,,rejected_signal,,16.562019,,1.00435257,,未满足 MA5>MA10>MA20>MA60; 60日趋势强度不足
2026-08-10,600350.SH,,rejected_signal,,5.824119,,0.99743915,,未满足 MA5>MA10>MA20>MA60; 收盘价低于MA20; 20日动量低于门槛; 60日趋势强度不足
2026-08-10,600351.SH,,rejected_rank,72,39.884529,0.18390805,1.09964001,0.28735632,"信号有效, 但综合排名未进入 Top20"
2026-08-10,600352.SH,,selected_signal,1,65.831223,1.0,1.11273837,0.95632184,quality_momentum 横截面排名进入 Top20
2026-08-10,600353.SH,,rejected_signal,,13.767494,,0.56874794,,未满足 MA5>MA10>MA20>MA60; 收盘价低于MA20; 20日动量低于门槛; 20日年化波动过高
2026-08-10,600354.SH,,rejected_rank,55,44.594547,0.37931034,1.12647593,0.47126436,"信号有效, 但综合排名未进入 Top20"
2026-08-10,600355.SH,,rejected_universe,,0.0,,0.0,,不在当日动态股票池(停牌/未上市/已退市/当前ST代理过滤)
2026-08-10,600356.SH,,rejected_signal,,26.834595,,1.03411889,,未满足 MA5>MA10>MA20>MA60; 60日趋势强度不足
2026-08-10,600358.SH,,rejected_signal,,4.626069,,0.89923835,,未满足 MA5>MA10>MA20>MA60; 60日趋势强度不足
2026-08-10,600359.SH,,rejected_signal,,20.123331,,1.00835812,,未满足 MA5>MA10>MA20>MA60; 60日趋势强度不足
2026-08-10,600360.SH,,rejected_signal,,1.853499,,0.71833009,,未满足 MA5>MA10>MA20>MA60; 收盘价低于MA20; 20日动量低于门槛; 60日趋势强度不足
2026-08-10,600361.SH,,rejected_signal,,23.363365,,0.9838624,,未满足 MA5>MA10>MA20>MA60; 60日趋势强度不足
2026-08-10,600362.SH,,rejected_signal,,41.15807,,0.9823364,,未满足 MA5>MA10>MA20>MA60
2026-08-10,600363.SH,,rejected_signal,,4.869173,,0.879004,,未满足 MA5>MA10>MA20>MA60; 收盘价低于MA20; 20日动量低于门槛; 60日趋势强度不足
2026-08-10,600365.SH,,rejected_universe,,27.754211,,1.03621101,,不在当日动态股票池(停牌/未上市/已退市/当前ST代理过滤)
2026-08-10,600366.SH,,rejected_signal,,5.81675,,0.82920861,,未满足 MA5>MA10>MA20>MA60; 20日动量低于门槛; 60日趋势强度不足
2026-08-10,600367.SH,,rejected_signal,,19.125908,,0.52100158,,未满足 MA5>MA10>MA20>MA60; 20日动量低于门槛
2026-08-10,600368.SH,,rejected_rank,46,46.053226,0.48275861,1.07439983,0.48505747,"信号有效, 但综合排名未进入 Top20"
2026-08-10,600369.SH,,rejected_signal,,16.422564,,1.05119145,,60日趋势强度不足
2026-08-10,600370.SH,,rejected_universe,,0.0,,0.97706002,,不在当日动态股票池(停牌/未上市/已退市/当前ST代理过滤)
2026-08-10,600371.SH,,rejected_signal,,23.120462,,0.99856132,,未满足 MA5>MA10>MA20>MA60; 60日趋势强度不足
2026-08-10,600372.SH,,rejected_signal,,18.170244,,1.02626681,,60日趋势强度不足
2026-08-10,600373.SH,,rejected_signal,,22.277073,,1.05612504,,未满足 MA5>MA10>MA20>MA60; 收盘价低于MA20; 60日趋势强度不足
2026-08-10,600375.SH,,rejected_signal,,14.956292,,1.01612461,,未满足 MA5>MA10>MA20>MA60; 60日趋势强度不足
2026-08-10,600376.SH,,rejected_signal,,45.765224,,1.11657536,,未满足 MA5>MA10>MA20>MA60; 60日趋势强度不足
2026-08-10,600377.SH,,rejected_signal,,9.290833,,1.03732467,,未满足 MA5>MA10>MA20>MA60; 收盘价低于MA20; 20日动量低于门槛; 60日趋势强度不足
2026-08-10,600378.SH,,rejected_signal,,19.792097,,0.64762169,,未满足 MA5>MA10>MA20>MA60; 20日动量低于门槛
2026-08-10,600379.SH,,rejected_signal,,6.886168,,0.81156945,,未满足 MA5>MA10>MA20>MA60; 60日趋势强度不足; 偏离MA20过远，追高风险
2026-08-10,600380.SH,,rejected_signal,,18.376947,,1.03111172,,未满足 MA5>MA10>MA20>MA60; 20日动量低于门槛; 60日趋势强度不足
2026-08-10,600381.SH,,rejected_universe,,0.0,,0.77503699,,不在当日动态股票池(停牌/未上市/已退市/当前ST代理过滤)
2026-08-10,600382.SH,,rejected_signal,,13.872993,,0.85520822,,未满足 MA5>MA10>MA20>MA60; 60日趋势强度不足
2026-08-10,600383.SH,,rejected_signal,,15.930958,,0.98369515,,未满足 MA5>MA10>MA20>MA60; 60日趋势强度不足
2026-08-10,600386.SH,,rejected_signal,,11.330014,,0.98365527,,未满足 MA5>MA10>MA20>MA60; 60日趋势强度不足
2026-08-10,600387.SH,,rejected_universe,,0.0,,0.0,,不在当日动态股票池(停牌/未上市/已退市/当前ST代理过滤)
2026-08-10,600388.SH,,rejected_signal,,39.751308,,1.05009973,,未满足 MA5>MA10>MA20>MA60; 60日趋势强度不足
2026-08-10,600389.SH,,rejected_signal,,21.427998,,0.98542887,,未满足 MA5>MA10>MA20>MA60; 60日趋势强度不足
2026-08-10,600390.SH,,rejected_signal,,18.880611,,1.04931188,,未满足 MA5>MA10>MA20>MA60; 收盘价低于MA20; 60日趋势强度不足
2026-08-10,600391.SH,,rejected_signal,,17.595358,,0.88121951,,未满足 MA5>MA10>MA20>MA60; 60日趋势强度不足
2026-08-10,600392.SH,,rejected_signal,,21.271557,,0.83932638,,未满足 MA5>MA10>MA20>MA60; 60日趋势强度不足
2026-08-10,600395.SH,,rejected_signal,,28.452435,,0.96378034,,未满足 MA5>MA10>MA20>MA60; 60日趋势强度不足
2026-08-10,600396.SH,,rejected_signal,,31.456903,,0.96914184,,未满足 MA5>MA10>MA20>MA60; 20日涨幅过热; 60日趋势强度不足; 20日年化波动过高
2026-08-10,600397.SH,,rejected_signal,,12.542573,,0.63222462,,未满足 MA5>MA10>MA20>MA60; 20日动量低于门槛; 偏离MA20过远，追高风险; 20日年化波动过高
2026-08-10,600398.SH,,rejected_signal,,28.941715,,1.08803034,,未满足 MA5>MA10>MA20>MA60; 60日趋势强度不足
2026-08-10,600399.SH,,rejected_signal,,23.611753,,1.00863409,,未满足 MA5>MA10>MA20>MA60; 60日趋势强度不足
2026-08-10,600400.SH,,rejected_signal,,23.23653,,0.96518731,,未满足 MA5>MA10>MA20>MA60; 60日趋势强度不足
2026-08-10,600403.SH,,rejected_signal,,37.467316,,0.94098282,,未满足 MA5>MA10>MA20>MA60; 20日涨幅过热; 偏离MA20过远，追高风险
2026-08-10,600405.SH,,rejected_signal,,2.663017,,1.04877138,,未满足 MA5>MA10>MA20>MA60; 20日动量低于门槛; 60日趋势强度不足
2026-08-10,600406.SH,,rejected_signal,,31.598997,,1.06275737,,60日趋势强度不足
2026-08-10,600408.SH,,rejected_signal,,32.286999,,0.99724329,,未满足 MA5>MA10>MA20>MA60; 60日趋势强度不足
2026-08-10,600409.SH,,rejected_signal,,35.791622,,1.07983637,,未满足 MA5>MA10>MA20>MA60; 60日趋势强度不足
2026-08-10,600410.SH,,rejected_signal,,2.900213,,0.83322126,,未满足 MA5>MA10>MA20>MA60; 20日动量低于门槛; 60日趋势强度不足
2026-08-10,600415.SH,,rejected_signal,,46.248333,,1.10383904,,未满足 MA5>MA10>MA20>MA60; 60日趋势强度不足
2026-08-10,600416.SH,,rejected_signal,,6.200508,,0.93746984,,未满足 MA5>MA10>MA20>MA60; 20日动量低于门槛; 60日趋势强度不足
2026-08-10,600418.SH,,rejected_signal,,8.186075,,0.88029855,,未满足 MA5>MA10>MA20>MA60; 60日趋势强度不足
2026-08-10,600419.SH,,rejected_signal,,46.43412,,1.08106411,,60日趋势强度不足
2026-08-10,600420.SH,,rejected_signal,,12.517649,,1.0240308,,未满足 MA5>MA10>MA20>MA60; 收盘价低于MA20; 20日动量低于门槛; 60日趋势强度不足
2026-08-10,600421.SH,,rejected_universe,,0.0,,0.0,,不在当日动态股票池(停牌/未上市/已退市/当前ST代理过滤)
2026-08-10,600422.SH,,rejected_signal,,26.487129,,1.08072364,,未满足 MA5>MA10>MA20>MA60; 收盘价低于MA20; 20日动量低于门槛; 60日趋势强度不足
2026-08-10,600423.SH,,rejected_universe,,47.908806,,1.09322608,,不在当日动态股票池(停牌/未上市/已退市/当前ST代理过滤)
2026-08-10,600425.SH,,rejected_signal,,27.636129,,1.01635945,,未满足 MA5>MA10>MA20>MA60; 60日趋势强度不足
2026-08-10,600426.SH,,rejected_signal,,42.326252,,1.02970815,,未满足 MA5>MA10>MA20>MA60; 60日趋势强度不足
2026-08-10,600428.SH,,selected_signal,2,63.626446,0.98850572,1.28696752,0.99080455,quality_momentum 横截面排名进入 Top20
2026-08-10,600429.SH,,rejected_signal,,35.79874,,1.03392768,,未满足 MA5>MA10>MA20>MA60; 60日趋势强度不足
2026-08-10,600433.SH,,rejected_signal,,29.948006,,0.96462935,,未满足 MA5>MA10>MA20>MA60; 60日趋势强度不足
2026-08-10,600435.SH,,rejected_signal,,18.038187,,0.95478934,,未满足 MA5>MA10>MA20>MA60; 60日趋势强度不足
2026-08-10,600436.SH,,rejected_signal,,59.592991,,1.11939466,,60日趋势强度不足
2026-08-10,600438.SH,,rejected_signal,,24.043856,,1.00296307,,未满足 MA5>MA10>MA20>MA60; 60日趋势强度不足
2026-08-10,600439.SH,,rejected_universe,,0.0,,0.89126593,,不在当日动态股票池(停牌/未上市/已退市/当前ST代理过滤)
2026-08-10,600444.SH,,rejected_signal,,18.052813,,0.97608399,,未满足 MA5>MA10>MA20>MA60; 60日趋势强度不足
2026-08-10,600446.SH,,rejected_signal,,25.877867,,0.99166578,,未满足 MA5>MA10>MA20>MA60; 60日趋势强度不足
2026-08-10,600448.SH,,rejected_signal,,22.644941,,0.98492008,,未满足 MA5>MA10>MA20>MA60; 60日趋势强度不足
2026-08-10,600449.SH,,rejected_signal,,34.442081,,1.01948547,,未满足 MA5>MA10>MA20>MA60; 60日趋势强度不足; 当日跳空幅度过大
2026-08-10,600452.SH,,rejected_signal,,15.979478,,0.95294648,,未满足 MA5>MA10>MA20>MA60; 60日趋势强度不足
2026-08-10,600455.SH,,rejected_signal,,15.465084,,0.96874303,,未满足 MA5>MA10>MA20>MA60; 60日趋势强度不足
2026-08-10,600456.SH,,rejected_signal,,19.492117,,0.98127663,,未满足 MA5>MA10>MA20>MA60; 60日趋势强度不足
2026-08-10,600458.SH,,rejected_signal,,5.12727,,0.84815913,,未满足 MA5>MA10>MA20>MA60; 20日动量低于门槛; 60日趋势强度不足
2026-08-10,600459.SH,,rejected_signal,,19.787373,,0.80656415,,未满足 MA5>MA10>MA20>MA60
2026-08-10,600460.SH,,rejected_signal,,3.803132,,0.68989927,,未满足 MA5>MA10>MA20>MA60; 20日动量低于门槛; 60日趋势强度不足
2026-08-10,600461.SH,,rejected_signal,,7.035301,,1.00597155,,未满足 MA5>MA10>MA20>MA60; 收盘价低于MA20; 20日动量低于门槛; 60日趋势强度不足
2026-08-10,600462.SH,,rejected_universe,,0.0,,0.0,,不在当日动态股票池(停牌/未上市/已退市/当前ST代理过滤)
2026-08-10,600463.SH,,rejected_signal,,23.207685,,0.92754543,,未满足 MA5>MA10>MA20>MA60; 60日趋势强度不足
2026-08-10,600467.SH,,rejected_signal,,35.152618,,1.04194903,,60日趋势强度不足
2026-08-10,600468.SH,,rejected_signal,,31.167347,,1.05205524,,未满足 MA5>MA10>MA20>MA60; 60日趋势强度不足
2026-08-10,600469.SH,,rejected_signal,,7.932338,,0.97190487,,未满足 MA5>MA10>MA20>MA60; 60日趋势强度不足
2026-08-10,600470.SH,,rejected_signal,,5.28399,,0.95998764,,未满足 MA5>MA10>MA20>MA60; 20日动量低于门槛; 60日趋势强度不足
2026-08-10,600475.SH,,rejected_signal,,18.888958,,1.0285939,,未满足 MA5>MA10>MA20>MA60; 60日趋势强度不足
2026-08-10,600476.SH,,rejected_universe,,8.225618,,0.91544247,,不在当日动态股票池(停牌/未上市/已退市/当前ST代理过滤)
2026-08-10,600477.SH,,rejected_signal,,19.407776,,0.9898175,,未满足 MA5>MA10>MA20>MA60; 60日趋势强度不足
2026-08-10,600478.SH,,rejected_signal,,19.625292,,0.9668749,,未满足 MA5>MA10>MA20>MA60; 60日趋势强度不足
2026-08-10,600479.SH,,rejected_signal,,15.339187,,1.0235461,,未满足 MA5>MA10>MA20>MA60; 20日动量低于门槛; 60日趋势强度不足
2026-08-10,600480.SH,,rejected_signal,,7.44475,,0.95466042,,未满足 MA5>MA10>MA20>MA60; 60日趋势强度不足
2026-08-10,600481.SH,,rejected_signal,,5.009675,,0.87420762,,未满足 MA5>MA10>MA20>MA60; 60日趋势强度不足
2026-08-10,600482.SH,,rejected_signal,,11.204572,,0.79933685,,未满足 MA5>MA10>MA20>MA60; 60日趋势强度不足
2026-08-10,600483.SH,,rejected_signal,,12.52372,,1.02623117,,未满足 MA5>MA10>MA20>MA60; 收盘价低于MA20; 60日趋势强度不足
2026-08-10,600486.SH,,rejected_signal,,35.057819,,1.03089917,,未满足 MA5>MA10>MA20>MA60; 60日趋势强度不足
2026-08-10,600487.SH,,rejected_signal,,6.534709,,0.48863736,,未满足 MA5>MA10>MA20>MA60; 20日动量低于门槛; 60日趋势强度不足
2026-08-10,600488.SH,,rejected_signal,,32.115749,,0.98375887,,未满足 MA5>MA10>MA20>MA60; 20日动量低于门槛; 60日趋势强度不足
2026-08-10,600489.SH,,rejected_signal,,37.219624,,1.05049479,,20日涨幅过热; 偏离MA20过远，追高风险
2026-08-10,600490.SH,,rejected_signal,,24.088154,,0.98390555,,未满足 MA5>MA10>MA20>MA60; 20日涨幅过热; 60日趋势强度不足; 偏离MA20过远，追高风险; 当日跳空幅度过大
2026-08-10,600491.SH,,rejected_universe,,10.064065,,1.08805358,,不在当日动态股票池(停牌/未上市/已退市/当前ST代理过滤)
2026-08-10,600493.SH,,rejected_signal,,13.688429,,0.97354019,,未满足 MA5>MA10>MA20>MA60; 60日趋势强度不足
2026-08-10,600495.SH,,rejected_signal,,25.928932,,1.03504598,,未满足 MA5>MA10>MA20>MA60; 60日趋势强度不足
2026-08-10,600496.SH,,rejected_signal,,21.620647,,0.97676539,,未满足 MA5>MA10>MA20>MA60; 60日趋势强度不足
2026-08-10,600497.SH,,rejected_signal,,29.483351,,0.92174959,,未满足 MA5>MA10>MA20>MA60
2026-08-10,600498.SH,,rejected_signal,,6.829526,,0.54792231,,未满足 MA5>MA10>MA20>MA60; 20日动量低于门槛; 60日趋势强度不足
2026-08-10,600499.SH,,rejected_signal,,5.003576,,1.03785622,,未满足 MA5>MA10>MA20>MA60; 收盘价低于MA20; 20日动量低于门槛; 60日趋势强度不足
2026-08-10,600500.SH,,rejected_signal,,2.376209,,0.6893096,,未满足 MA5>MA10>MA20>MA60; 20日动量低于门槛; 60日趋势强度不足
2026-08-10,600501.SH,,rejected_signal,,10.171146,,0.88027078,,未满足 MA5>MA10>MA20>MA60; 60日趋势强度不足
2026-08-10,600502.SH,,rejected_signal,,18.555218,,1.03188574,,未满足 MA5>MA10>MA20>MA60; 收盘价低于MA20; 60日趋势强度不足
2026-08-10,600503.SH,,rejected_signal,,15.635135,,0.92716032,,未满足 MA5>MA10>MA20>MA60; 60日趋势强度不足
2026-08-10,600505.SH,,rejected_signal,,18.45413,,0.96103251,,未满足 MA5>MA10>MA20>MA60; 60日趋势强度不足
2026-08-10,600506.SH,,rejected_signal,,15.218689,,0.92085177,,未满足 MA5>MA10>MA20>MA60; 60日趋势强度不足
2026-08-10,600507.SH,,rejected_signal,,17.301807,,1.05481088,,未满足 MA5>MA10>MA20>MA60; 收盘价低于MA20; 60日趋势强度不足
2026-08-10,600508.SH,,rejected_signal,,17.949644,,0.9922601,,未满足 MA5>MA10>MA20>MA60; 60日趋势强度不足
2026-08-10,600509.SH,,rejected_signal,,19.141495,,0.93332583,,未满足 MA5>MA10>MA20>MA60; 60日趋势强度不足
2026-08-10,600510.SH,,rejected_signal,,3.085188,,0.88012588,,未满足 MA5>MA10>MA20>MA60; 20日动量低于门槛; 60日趋势强度不足
2026-08-10,600511.SH,,rejected_signal,,16.874605,,1.05359256,,未满足 MA5>MA10>MA20>MA60; 收盘价低于MA20; 20日动量低于门槛; 60日趋势强度不足
2026-08-10,600512.SH,,rejected_signal,,14.078084,,1.0103054,,未满足 MA5>MA10>MA20>MA60; 60日趋势强度不足
2026-08-10,600513.SH,,rejected_signal,,29.111397,,1.02905869,,60日趋势强度不足
2026-08-10,600515.SH,,rejected_signal,,18.69314,,1.02316439,,未满足 MA5>MA10>MA20>MA60; 60日趋势强度不足
2026-08-10,600516.SH,,rejected_signal,,7.877445,,0.96937233,,未满足 MA5>MA10>MA20>MA60; 60日趋势强度不足
2026-08-10,600517.SH,,rejected_signal,,22.176966,,1.04575431,,未满足 MA5>MA10>MA20>MA60; 60日趋势强度不足
2026-08-10,600518.SH,,rejected_signal,,11.689467,,0.99338114,,未满足 MA5>MA10>MA20>MA60; 60日趋势强度不足
2026-08-10,600519.SH,,rejected_signal,,47.012131,,1.08199215,,未满足 MA5>MA10>MA20>MA60; 60日趋势强度不足
2026-08-10,600520.SH,,rejected_signal,,5.104823,,0.64808762,,未满足 MA5>MA10>MA20>MA60; 20日动量低于门槛; 60日趋势强度不足
2026-08-10,600521.SH,,rejected_rank,57,43.902889,0.35632184,1.06616521,0.36551723,"信号有效, 但综合排名未进入 Top20"
2026-08-10,600522.SH,,rejected_signal,,5.780628,,0.59416783,,未满足 MA5>MA10>MA20>MA60; 20日动量低于门槛; 60日趋势强度不足
2026-08-10,600523.SH,,rejected_signal,,11.432917,,1.00308156,,未满足 MA5>MA10>MA20>MA60; 20日动量低于门槛; 60日趋势强度不足
2026-08-10,600525.SH,,rejected_universe,,4.499838,,0.99386388,,不在当日动态股票池(停牌/未上市/已退市/当前ST代理过滤)
2026-08-10,600526.SH,,rejected_signal,,20.834993,,1.00876212,,未满足 MA5>MA10>MA20>MA60; 60日趋势强度不足
2026-08-10,600527.SH,,rejected_signal,,17.976551,,0.98550475,,未满足 MA5>MA10>MA20>MA60; 60日趋势强度不足
2026-08-10,600528.SH,,rejected_signal,,14.187552,,1.04710662,,未满足 MA5>MA10>MA20>MA60; 60日趋势强度不足
2026-08-10,600529.SH,,rejected_signal,,26.634422,,1.06607533,,未满足 MA5>MA10>MA20>MA60; 收盘价低于MA20
2026-08-10,600530.SH,,rejected_universe,,0.0,,1.0,,不在当日动态股票池(停牌/未上市/已退市/当前ST代理过滤)
2026-08-10,600531.SH,,rejected_signal,,21.310514,,0.88316977,,未满足 MA5>MA10>MA20>MA60; 60日趋势强度不足
2026-08-10,600533.SH,,rejected_signal,,27.738234,,0.9954828,,未满足 MA5>MA10>MA20>MA60; 60日趋势强度不足; 20日平均成交额不足
2026-08-10,600535.SH,,rejected_signal,,44.831787,,1.08730173,,未满足 MA5>MA10>MA20>MA60; 收盘价低于MA20
2026-08-10,600536.SH,,rejected_signal,,16.60774,,1.00083208,,未满足 MA5>MA10>MA20>MA60; 收盘价低于MA20; 20日动量低于门槛; 60日趋势强度不足
2026-08-10,600537.SH,,rejected_universe,,3.861733,,0.89736056,,不在当日动态股票池(停牌/未上市/已退市/当前ST代理过滤)
2026-08-10,600538.SH,,rejected_signal,,17.918131,,0.82160473,,未满足 MA5>MA10>MA20>MA60; 60日趋势强度不足
2026-08-10,600539.SH,,rejected_signal,,3.176825,,0.84291339,,未满足 MA5>MA10>MA20>MA60; 收盘价低于MA20; 20日动量低于门槛; 60日趋势强度不足; 20日年化波动过高
2026-08-10,600540.SH,,rejected_signal,,15.425462,,0.96145111,,未满足 MA5>MA10>MA20>MA60; 60日趋势强度不足
2026-08-10,600543.SH,,rejected_universe,,12.48707,,0.94163859,,不在当日动态股票池(停牌/未上市/已退市/当前ST代理过滤)
2026-08-10,600545.SH,,rejected_signal,,6.357218,,0.62871093,,未满足 MA5>MA10>MA20>MA60; 20日动量低于门槛; 60日趋势强度不足
2026-08-10,600546.SH,,rejected_signal,,32.687553,,0.98242456,,未满足 MA5>MA10>MA20>MA60; 60日趋势强度不足
2026-08-10,600547.SH,,rejected_signal,,43.222492,,1.0278666,,60日趋势强度不足
2026-08-10,600548.SH,,rejected_signal,,2.487769,,1.03613138,,未满足 MA5>MA10>MA20>MA60; 收盘价低于MA20; 20日动量低于门槛; 60日趋势强度不足
2026-08-10,600549.SH,,rejected_signal,,10.62079,,0.67741227,,未满足 MA5>MA10>MA20>MA60; 20日动量低于门槛
2026-08-10,600550.SH,,rejected_signal,,27.105877,,0.99714589,,未满足 MA5>MA10>MA20>MA60; 60日趋势强度不足
2026-08-10,600551.SH,,rejected_signal,,13.174005,,1.0157125,,未满足 MA5>MA10>MA20>MA60; 60日趋势强度不足
2026-08-10,600552.SH,,rejected_signal,,4.438753,,0.66857255,,未满足 MA5>MA10>MA20>MA60; 20日动量低于门槛; 60日趋势强度不足
2026-08-10,600556.SH,,rejected_signal,,38.238388,,0.9914161,,未满足 MA5>MA10>MA20>MA60; 60日趋势强度不足
2026-08-10,600557.SH,,rejected_signal,,13.504508,,1.03139448,,未满足 MA5>MA10>MA20>MA60; 收盘价低于MA20; 20日动量低于门槛; 60日趋势强度不足
2026-08-10,600558.SH,,rejected_signal,,7.100869,,0.96800059,,未满足 MA5>MA10>MA20>MA60; 60日趋势强度不足
2026-08-10,600559.SH,,rejected_signal,,27.183905,,1.0429616,,未满足 MA5>MA10>MA20>MA60; 60日趋势强度不足
2026-08-10,600560.SH,,rejected_signal,,14.842502,,0.94722813,,未满足 MA5>MA10>MA20>MA60; 60日趋势强度不足; 20日平均成交额不足
2026-08-10,600561.SH,,rejected_signal,,24.863724,,1.00192535,,未满足 MA5>MA10>MA20>MA60; 60日趋势强度不足; 20日平均成交额不足
2026-08-10,600562.SH,,rejected_rank,60,43.34761,0.32183909,1.0787636,0.36781609,"信号有效, 但综合排名未进入 Top20"
2026-08-10,600563.SH,,rejected_signal,,8.78104,,0.89461017,,未满足 MA5>MA10>MA20>MA60; 20日动量低于门槛; 60日趋势强度不足
2026-08-10,600565.SH,,rejected_universe,,0.0,,0.0,,不在当日动态股票池(停牌/未上市/已退市/当前ST代理过滤)
2026-08-10,600566.SH,,rejected_signal,,28.46064,,1.05258775,,未满足 MA5>MA10>MA20>MA60; 收盘价低于MA20; 60日趋势强度不足
2026-08-10,600567.SH,,rejected_signal,,1.831675,,1.00595033,,未满足 MA5>MA10>MA20>MA60; 20日动量低于门槛; 60日趋势强度不足
2026-08-10,600568.SH,,rejected_universe,,8.560489,,0.95476305,,不在当日动态股票池(停牌/未上市/已退市/当前ST代理过滤)
2026-08-10,600569.SH,,rejected_signal,,17.357958,,1.02602255,,未满足 MA5>MA10>MA20>MA60; 60日趋势强度不足
2026-08-10,600570.SH,,rejected_signal,,27.324421,,1.02650809,,未满足 MA5>MA10>MA20>MA60; 60日趋势强度不足
2026-08-10,600571.SH,,rejected_signal,,27.496683,,1.00448966,,未满足 MA5>MA10>MA20>MA60; 60日趋势强度不足
2026-08-10,600572.SH,,rejected_signal,,22.762272,,1.06092787,,未满足 MA5>MA10>MA20>MA60; 60日趋势强度不足
2026-08-10,600573.SH,,rejected_signal,,23.961224,,0.94180113,,未满足 MA5>MA10>MA20>MA60; 60日趋势强度不足
2026-08-10,600575.SH,,rejected_signal,,26.651367,,1.0155406,,未满足 MA5>MA10>MA20>MA60; 60日趋势强度不足
2026-08-10,600576.SH,,rejected_signal,,12.481714,,0.97298843,,未满足 MA5>MA10>MA20>MA60; 20日动量低于门槛; 60日趋势强度不足
2026-08-10,600577.SH,,rejected_signal,,7.526237,,0.7864688,,未满足 MA5>MA10>MA20>MA60; 60日趋势强度不足
2026-08-10,600578.SH,,rejected_signal,,15.296594,,0.85917032,,未满足 MA5>MA10>MA20>MA60; 60日趋势强度不足
2026-08-10,600579.SH,,rejected_signal,,8.000739,,0.9963358,,未满足 MA5>MA10>MA20>MA60; 20日动量低于门槛; 60日趋势强度不足
2026-08-10,600580.SH,,rejected_signal,,24.970716,,0.97805035,,未满足 MA5>MA10>MA20>MA60; 60日趋势强度不足
2026-08-10,600581.SH,,rejected_universe,,10.081248,,0.98593509,,不在当日动态股票池(停牌/未上市/已退市/当前ST代理过滤)
2026-08-10,600582.SH,,rejected_signal,,11.885212,,1.01027679,,未满足 MA5>MA10>MA20>MA60; 20日动量低于门槛; 60日趋势强度不足
2026-08-10,600583.SH,,rejected_signal,,32.700264,,1.06352031,,未满足 MA5>MA10>MA20>MA60; 60日趋势强度不足
2026-08-10,600584.SH,,rejected_signal,,12.710073,,0.66595292,,未满足 MA5>MA10>MA20>MA60; 20日动量低于门槛; 20日年化波动过高
2026-08-10,600585.SH,,rejected_signal,,13.784805,,1.02200723,,未满足 MA5>MA10>MA20>MA60; 收盘价低于MA20; 60日趋势强度不足
2026-08-10,600586.SH,,rejected_signal,,3.620286,,0.93778336,,未满足 MA5>MA10>MA20>MA60; 20日动量低于门槛; 60日趋势强度不足
2026-08-10,600587.SH,,rejected_signal,,24.140343,,1.03588116,,未满足 MA5>MA10>MA20>MA60; 收盘价低于MA20; 60日趋势强度不足
2026-08-10,600588.SH,,rejected_signal,,39.109211,,1.1117717,,60日趋势强度不足
2026-08-10,600589.SH,,rejected_signal,,5.554747,,0.83350295,,未满足 MA5>MA10>MA20>MA60; 60日趋势强度不足
2026-08-10,600590.SH,,rejected_signal,,4.795466,,0.78048712,,未满足 MA5>MA10>MA20>MA60; 20日动量低于门槛; 60日趋势强度不足
2026-08-10,600592.SH,,rejected_signal,,13.131902,,0.90120113,,未满足 MA5>MA10>MA20>MA60; 60日趋势强度不足
2026-08-10,600593.SH,,rejected_rank,85,25.051399,0.03448276,1.0474478,0.08505747,"信号有效, 但综合排名未进入 Top20"
2026-08-10,600594.SH,,rejected_signal,,45.685471,,1.04735315,,60日趋势强度不足
2026-08-10,600595.SH,,rejected_signal,,42.109699,,1.02449691,,未满足 MA5>MA10>MA20>MA60; 60日趋势强度不足
2026-08-10,600596.SH,,rejected_signal,,6.983927,,0.79883313,,未满足 MA5>MA10>MA20>MA60; 20日动量低于门槛; 60日趋势强度不足
2026-08-10,600597.SH,,rejected_signal,,24.977118,,1.06266224,,未满足 MA5>MA10>MA20>MA60; 60日趋势强度不足
2026-08-10,600598.SH,,rejected_signal,,17.823032,,0.97038126,,未满足 MA5>MA10>MA20>MA60; 60日趋势强度不足
2026-08-10,600599.SH,,rejected_universe,,0.0,,0.0,,不在当日动态股票池(停牌/未上市/已退市/当前ST代理过滤)
2026-08-10,600600.SH,,rejected_signal,,15.096392,,1.02929378,,未满足 MA5>MA10>MA20>MA60; 收盘价低于MA20; 60日趋势强度不足
2026-08-10,600601.SH,,rejected_signal,,14.711276,,0.61153078,,未满足 MA5>MA10>MA20>MA60; 偏离MA20过远，追高风险; 20日年化波动过高
2026-08-10,600602.SH,,rejected_signal,,12.951398,,0.97979569,,未满足 MA5>MA10>MA20>MA60; 60日趋势强度不足
2026-08-10,600603.SH,,rejected_signal,,6.606881,,0.99603897,,未满足 MA5>MA10>MA20>MA60; 60日趋势强度不足
2026-08-10,600604.SH,,rejected_signal,,21.005024,,1.04591,,未满足 MA5>MA10>MA20>MA60; 60日趋势强度不足
2026-08-10,600605.SH,,rejected_signal,,0.0,,0.77588111,,未满足 MA5>MA10>MA20>MA60; 收盘价低于MA20; 20日动量低于门槛; 60日趋势强度不足
2026-08-10,600606.SH,,rejected_signal,,18.116791,,1.00344074,,未满足 MA5>MA10>MA20>MA60; 60日趋势强度不足
2026-08-10,600608.SH,,rejected_universe,,0.0,,0.0,,不在当日动态股票池(停牌/未上市/已退市/当前ST代理过滤)
2026-08-10,600609.SH,,rejected_signal,,17.316679,,1.01189935,,未满足 MA5>MA10>MA20>MA60; 60日趋势强度不足
2026-08-10,600610.SH,,rejected_signal,,23.477678,,0.97788942,,未满足 MA5>MA10>MA20>MA60; 60日趋势强度不足
2026-08-10,600611.SH,,rejected_signal,,33.66872,,0.98505419,,未满足 MA5>MA10>MA20>MA60; 60日趋势强度不足
2026-08-10,600612.SH,,rejected_signal,,32.656078,,1.05336618,,未满足 MA5>MA10>MA20>MA60; 60日趋势强度不足
2026-08-10,600613.SH,,rejected_signal,,28.444088,,1.01651597,,60日趋势强度不足
2026-08-10,600615.SH,,rejected_signal,,12.189706,,0.93014592,,未满足 MA5>MA10>MA20>MA60; 60日趋势强度不足; 20日平均成交额不足
2026-08-10,600616.SH,,rejected_signal,,22.636847,,1.02522206,,未满足 MA5>MA10>MA20>MA60; 60日趋势强度不足
2026-08-10,600617.SH,,rejected_signal,,35.931984,,1.06017721,,60日趋势强度不足
2026-08-10,600618.SH,,rejected_signal,,31.169289,,1.03561199,,未满足 MA5>MA10>MA20>MA60; 60日趋势强度不足
2026-08-10,600619.SH,,rejected_signal,,8.157074,,0.939372,,未满足 MA5>MA10>MA20>MA60; 60日趋势强度不足
2026-08-10,600620.SH,,rejected_signal,,19.329967,,0.98245192,,未满足 MA5>MA10>MA20>MA60; 60日趋势强度不足; 20日平均成交额不足
2026-08-10,600621.SH,,rejected_signal,,9.651589,,1.01847625,,未满足 MA5>MA10>MA20>MA60; 收盘价低于MA20; 20日动量低于门槛; 60日趋势强度不足
2026-08-10,600622.SH,,rejected_signal,,29.91291,,0.99185014,,未满足 MA5>MA10>MA20>MA60; 60日趋势强度不足
2026-08-10,600623.SH,,rejected_signal,,15.451314,,0.98739076,,未满足 MA5>MA10>MA20>MA60; 60日趋势强度不足
2026-08-10,600624.SH,,rejected_universe,,16.238226,,1.01783442,,不在当日动态股票池(停牌/未上市/已退市/当前ST代理过滤)
2026-08-10,600626.SH,,rejected_signal,,27.675289,,1.00652218,,未满足 MA5>MA10>MA20>MA60; 60日趋势强度不足
2026-08-10,600628.SH,,rejected_signal,,21.073067,,1.01388311,,未满足 MA5>MA10>MA20>MA60; 60日趋势强度不足
2026-08-10,600629.SH,,rejected_signal,,50.13118,,1.02937436,,未满足 MA5>MA10>MA20>MA60; 60日趋势强度不足; 偏离MA20过远，追高风险
2026-08-10,600630.SH,,rejected_signal,,9.924212,,0.8459115,,未满足 MA5>MA10>MA20>MA60; 60日趋势强度不足
2026-08-10,600633.SH,,rejected_signal,,23.914577,,0.99955136,,未满足 MA5>MA10>MA20>MA60; 60日趋势强度不足
2026-08-10,600635.SH,,rejected_signal,,22.271914,,1.02174306,,未满足 MA5>MA10>MA20>MA60; 60日趋势强度不足
2026-08-10,600636.SH,,rejected_universe,,0.0,,0.0,,不在当日动态股票池(停牌/未上市/已退市/当前ST代理过滤)
2026-08-10,600637.SH,,rejected_signal,,18.900627,,0.97080415,,未满足 MA5>MA10>MA20>MA60; 60日趋势强度不足
2026-08-10,600638.SH,,rejected_signal,,31.904301,,0.99353296,,未满足 MA5>MA10>MA20>MA60; 60日趋势强度不足
2026-08-10,600639.SH,,rejected_signal,,18.46463,,1.05646348,,未满足 MA5>MA10>MA20>MA60; 60日趋势强度不足
2026-08-10,600640.SH,,rejected_signal,,21.35833,,1.02185833,,未满足 MA5>MA10>MA20>MA60; 60日趋势强度不足
2026-08-10,600641.SH,,rejected_signal,,2.719761,,0.59309089,,未满足 MA5>MA10>MA20>MA60; 20日动量低于门槛; 20日年化波动过高
2026-08-10,600642.SH,,rejected_signal,,6.365532,,0.96407658,,未满足 MA5>MA10>MA20>MA60; 收盘价低于MA20; 20日动量低于门槛; 60日趋势强度不足
2026-08-10,600643.SH,,rejected_signal,,14.393951,,1.02391076,,未满足 MA5>MA10>MA20>MA60; 60日趋势强度不足
2026-08-10,600644.SH,,rejected_signal,,27.171934,,1.05634975,,未满足 MA5>MA10>MA20>MA60; 20日涨幅过热; 60日趋势强度不足
2026-08-10,600645.SH,,rejected_signal,,32.493282,,0.99912566,,未满足 MA5>MA10>MA20>MA60; 60日趋势强度不足
2026-08-10,600647.SH,,rejected_universe,,0.0,,0.0,,不在当日动态股票池(停牌/未上市/已退市/当前ST代理过滤)
2026-08-10,600648.SH,,rejected_signal,,27.461178,,1.02740753,,60日趋势强度不足; 20日平均成交额不足
2026-08-10,600649.SH,,rejected_signal,,22.850069,,1.03735578,,未满足 MA5>MA10>MA20>MA60; 60日趋势强度不足
2026-08-10,600650.SH,,rejected_signal,,26.147005,,0.99141222,,未满足 MA5>MA10>MA20>MA60; 60日趋势强度不足
2026-08-10,600651.SH,,rejected_signal,,29.108337,,0.96394604,,未满足 MA5>MA10>MA20>MA60; 60日趋势强度不足
2026-08-10,600653.SH,,rejected_signal,,29.856792,,1.02149045,,未满足 MA5>MA10>MA20>MA60; 60日趋势强度不足
2026-08-10,600654.SH,,rejected_signal,,34.704063,,0.99017721,,未满足 MA5>MA10>MA20>MA60; 60日趋势强度不足
2026-08-10,600655.SH,,rejected_signal,,24.981226,,1.06126153,,60日趋势强度不足
2026-08-10,600657.SH,,rejected_signal,,27.562243,,1.03766191,,未满足 MA5>MA10>MA20>MA60; 60日趋势强度不足
2026-08-10,600658.SH,,rejected_signal,,6.380986,,0.94568455,,未满足 MA5>MA10>MA20>MA60; 60日趋势强度不足
2026-08-10,600660.SH,,rejected_signal,,39.273529,,1.08124793,,未满足 MA5>MA10>MA20>MA60; 60日趋势强度不足
2026-08-10,600661.SH,,rejected_signal,,28.425655,,1.1781677,,20日涨幅过热; 60日趋势强度不足
2026-08-10,600662.SH,,rejected_signal,,28.516293,,1.06372595,,未满足 MA5>MA10>MA20>MA60; 60日趋势强度不足
2026-08-10,600663.SH,,rejected_signal,,32.270744,,1.24717474,,20日涨幅过热; 偏离MA20过远，追高风险
2026-08-10,600664.SH,,rejected_signal,,24.011318,,1.59496903,,20日涨幅过热; 偏离MA20过远，追高风险
2026-08-10,600665.SH,,rejected_signal,,17.578363,,0.89945823,,未满足 MA5>MA10>MA20>MA60; 60日趋势强度不足
2026-08-10,600666.SH,,rejected_signal,,16.381727,,0.81305856,,未满足 MA5>MA10>MA20>MA60; 60日趋势强度不足
2026-08-10,600667.SH,,rejected_signal,,8.587308,,0.831747,,未满足 MA5>MA10>MA20>MA60; 20日动量低于门槛; 20日年化波动过高
2026-08-10,600668.SH,,rejected_signal,,18.435612,,0.99325317,,未满足 MA5>MA10>MA20>MA60; 60日趋势强度不足
2026-08-10,600671.SH,,rejected_signal,,37.414288,,1.11212099,,20日动量低于门槛
2026-08-10,600673.SH,,rejected_signal,,1.933035,,0.83493209,,未满足 MA5>MA10>MA20>MA60; 20日动量低于门槛; 60日趋势强度不足
2026-08-10,600674.SH,,rejected_signal,,21.04504,,1.06242132,,未满足 MA5>MA10>MA20>MA60; 收盘价低于MA20; 20日动量低于门槛; 60日趋势强度不足
2026-08-10,600675.SH,,rejected_signal,,20.520172,,1.02811348,,未满足 MA5>MA10>MA20>MA60; 60日趋势强度不足
2026-08-10,600676.SH,,rejected_signal,,12.513863,,1.06330359,,20日动量低于门槛; 60日趋势强度不足
2026-08-10,600678.SH,,rejected_universe,,0.158336,,0.9072755,,不在当日动态股票池(停牌/未上市/已退市/当前ST代理过滤)
2026-08-10,600679.SH,,rejected_signal,,17.417191,,1.02924621,,未满足 MA5>MA10>MA20>MA60; 60日趋势强度不足; 20日平均成交额不足
2026-08-10,600681.SH,,rejected_signal,,9.281031,,1.00824308,,未满足 MA5>MA10>MA20>MA60; 20日动量低于门槛; 60日趋势强度不足
2026-08-10,600682.SH,,rejected_signal,,17.311354,,1.00813293,,未满足 MA5>MA10>MA20>MA60; 60日趋势强度不足
2026-08-10,600683.SH,,rejected_signal,,0.0,,0.60969806,,未满足 MA5>MA10>MA20>MA60; 60日趋势强度不足
2026-08-10,600684.SH,,rejected_signal,,41.122223,,1.03961325,,未满足 MA5>MA10>MA20>MA60; 60日趋势强度不足
2026-08-10,600685.SH,,rejected_signal,,16.786024,,0.99849349,,未满足 MA5>MA10>MA20>MA60; 60日趋势强度不足
2026-08-10,600686.SH,,rejected_signal,,24.670065,,1.00142348,,未满足 MA5>MA10>MA20>MA60; 60日趋势强度不足
2026-08-10,600688.SH,,rejected_signal,,5.59999,,0.98518199,,未满足 MA5>MA10>MA20>MA60; 20日动量低于门槛; 60日趋势强度不足
2026-08-10,600689.SH,,rejected_signal,,16.829805,,0.95864367,,未满足 MA5>MA10>MA20>MA60; 60日趋势强度不足; 20日平均成交额不足
2026-08-10,600690.SH,,rejected_signal,,42.294483,,1.09201956,,未满足 MA5>MA10>MA20>MA60; 60日趋势强度不足
2026-08-10,600691.SH,,rejected_signal,,29.918823,,0.99665219,,未满足 MA5>MA10>MA20>MA60; 60日趋势强度不足
2026-08-10,600692.SH,,rejected_signal,,29.899078,,0.9854573,,未满足 MA5>MA10>MA20>MA60; 60日趋势强度不足
2026-08-10,600693.SH,,rejected_signal,,38.408627,,1.06844783,,未满足 MA5>MA10>MA20>MA60; 60日趋势强度不足
2026-08-10,600694.SH,,rejected_signal,,10.601785,,1.03639984,,未满足 MA5>MA10>MA20>MA60; 60日趋势强度不足
2026-08-10,600696.SH,,rejected_universe,,0.0,,0.0,,不在当日动态股票池(停牌/未上市/已退市/当前ST代理过滤)
2026-08-10,600697.SH,,rejected_signal,,19.460434,,0.99874693,,未满足 MA5>MA10>MA20>MA60; 60日趋势强度不足
2026-08-10,600698.SH,,rejected_signal,,25.968815,,1.02717173,,未满足 MA5>MA10>MA20>MA60; 60日趋势强度不足
2026-08-10,600699.SH,,rejected_signal,,8.897731,,0.89013022,,未满足 MA5>MA10>MA20>MA60; 60日趋势强度不足
2026-08-10,600702.SH,,rejected_signal,,34.706356,,1.00105321,,未满足 MA5>MA10>MA20>MA60; 60日趋势强度不足
2026-08-10,600703.SH,,rejected_signal,,11.200109,,0.74157745,,未满足 MA5>MA10>MA20>MA60; 20日动量低于门槛; 60日趋势强度不足
2026-08-10,600704.SH,,rejected_signal,,17.564981,,1.05001032,,未满足 MA5>MA10>MA20>MA60; 60日趋势强度不足
2026-08-10,600705.SH,,rejected_universe,,0.0,,0.0,,不在当日动态股票池(停牌/未上市/已退市/当前ST代理过滤)
2026-08-10,600706.SH,,rejected_signal,,31.471354,,1.01967037,,未满足 MA5>MA10>MA20>MA60; 60日趋势强度不足
2026-08-10,600707.SH,,rejected_signal,,5.262054,,0.63755816,,未满足 MA5>MA10>MA20>MA60; 20日动量低于门槛; 60日趋势强度不足
2026-08-10,600708.SH,,rejected_signal,,4.603229,,0.9659009,,未满足 MA5>MA10>MA20>MA60; 20日动量低于门槛; 60日趋势强度不足
2026-08-10,600710.SH,,rejected_signal,,18.698963,,1.04452932,,未满足 MA5>MA10>MA20>MA60; 收盘价低于MA20; 60日趋势强度不足
2026-08-10,600711.SH,,rejected_signal,,17.928474,,0.89684993,,未满足 MA5>MA10>MA20>MA60; 60日趋势强度不足; 偏离MA20过远，追高风险
2026-08-10,600712.SH,,rejected_signal,,31.220385,,0.95933044,,未满足 MA5>MA10>MA20>MA60; 60日趋势强度不足
2026-08-10,600713.SH,,rejected_signal,,18.526857,,1.02625215,,未满足 MA5>MA10>MA20>MA60; 20日动量低于门槛; 60日趋势强度不足
2026-08-10,600714.SH,,rejected_signal,,10.75292,,0.5594365,,未满足 MA5>MA10>MA20>MA60; 60日趋势强度不足
2026-08-10,600715.SH,,rejected_signal,,17.881939,,0.98022854,,未满足 MA5>MA10>MA20>MA60; 60日趋势强度不足
2026-08-10,600716.SH,,rejected_signal,,12.715575,,1.00466132,,未满足 MA5>MA10>MA20>MA60; 60日趋势强度不足; 20日平均成交额不足
2026-08-10,600717.SH,,rejected_signal,,13.562943,,1.23397923,,未满足 MA5>MA10>MA20>MA60; 收盘价低于MA20; 60日趋势强度不足
2026-08-10,600718.SH,,rejected_signal,,32.093792,,1.06431568,,60日趋势强度不足
2026-08-10,600719.SH,,rejected_signal,,8.828373,,0.91688484,,未满足 MA5>MA10>MA20>MA60; 60日趋势强度不足
2026-08-10,600720.SH,,rejected_signal,,14.159855,,1.00623655,,未满足 MA5>MA10>MA20>MA60; 60日趋势强度不足
2026-08-10,600721.SH,,rejected_signal,,29.407288,,0.95350182,,20日涨幅过热; 偏离MA20过远，追高风险; 20日年化波动过高
2026-08-10,600722.SH,,rejected_signal,,31.88203,,1.12352896,,20日涨幅过热; 60日趋势强度不足; 偏离MA20过远，追高风险; 20日年化波动过高
2026-08-10,600724.SH,,rejected_signal,,3.656891,,0.87142295,,未满足 MA5>MA10>MA20>MA60; 20日动量低于门槛; 60日趋势强度不足
2026-08-10,600725.SH,,rejected_signal,,17.475445,,0.90641433,,未满足 MA5>MA10>MA20>MA60; 60日趋势强度不足
2026-08-10,600726.SH,,rejected_signal,,11.131374,,0.79733777,,未满足 MA5>MA10>MA20>MA60; 60日趋势强度不足
2026-08-10,600727.SH,,rejected_signal,,29.86005,,0.9980486,,未满足 MA5>MA10>MA20>MA60; 60日趋势强度不足
2026-08-10,600728.SH,,rejected_signal,,39.828548,,1.07226849,,未满足 MA5>MA10>MA20>MA60; 60日趋势强度不足
2026-08-10,600729.SH,,rejected_signal,,25.861973,,1.06649208,,未满足 MA5>MA10>MA20>MA60; 60日趋势强度不足
2026-08-10,600730.SH,,rejected_universe,,7.510011,,0.91909701,,不在当日动态股票池(停牌/未上市/已退市/当前ST代理过滤)
2026-08-10,600731.SH,,rejected_signal,,30.331511,,1.04913723,,60日趋势强度不足
2026-08-10,600732.SH,,rejected_signal,,16.370319,,1.01374388,,未满足 MA5>MA10>MA20>MA60; 60日趋势强度不足
2026-08-10,600733.SH,,rejected_signal,,35.080532,,1.07616436,,未满足 MA5>MA10>MA20>MA60; 60日趋势强度不足
2026-08-10,600734.SH,,rejected_universe,,9.939621,,0.92076194,,不在当日动态股票池(停牌/未上市/已退市/当前ST代理过滤)
2026-08-10,600735.SH,,rejected_universe,,10.180005,,0.97537225,,不在当日动态股票池(停牌/未上市/已退市/当前ST代理过滤)
2026-08-10,600736.SH,,rejected_signal,,3.889404,,0.951644,,未满足 MA5>MA10>MA20>MA60; 20日动量低于门槛; 60日趋势强度不足
2026-08-10,600737.SH,,rejected_signal,,36.725922,,0.99936891,,未满足 MA5>MA10>MA20>MA60; 60日趋势强度不足
2026-08-10,600738.SH,,rejected_signal,,16.847256,,1.01387894,,未满足 MA5>MA10>MA20>MA60; 60日趋势强度不足
2026-08-10,600739.SH,,rejected_signal,,29.022533,,1.03225994,,60日趋势强度不足
2026-08-10,600740.SH,,rejected_signal,,19.48958,,1.00737739,,未满足 MA5>MA10>MA20>MA60; 60日趋势强度不足
2026-08-10,600741.SH,,rejected_signal,,20.903553,,1.05518818,,未满足 MA5>MA10>MA20>MA60; 收盘价低于MA20; 60日趋势强度不足
2026-08-10,600742.SH,,rejected_signal,,13.924315,,0.99830401,,未满足 MA5>MA10>MA20>MA60; 60日趋势强度不足
2026-08-10,600743.SH,,rejected_signal,,20.716936,,0.96678144,,未满足 MA5>MA10>MA20>MA60; 60日趋势强度不足
2026-08-10,600744.SH,,rejected_signal,,31.60862,,1.02065718,,未满足 MA5>MA10>MA20>MA60; 20日涨幅过热; 60日趋势强度不足
2026-08-10,600745.SH,,rejected_universe,,5.221012,,0.90978014,,不在当日动态股票池(停牌/未上市/已退市/当前ST代理过滤)
2026-08-10,600746.SH,,rejected_signal,,40.782223,,1.08857787,,60日趋势强度不足
2026-08-10,600748.SH,,rejected_signal,,13.458151,,0.94476342,,未满足 MA5>MA10>MA20>MA60; 60日趋势强度不足
2026-08-10,600749.SH,,rejected_signal,,12.28486,,0.9585889,,未满足 MA5>MA10>MA20>MA60; 60日趋势强度不足
2026-08-10,600750.SH,,rejected_signal,,29.474613,,1.08780885,,未满足 MA5>MA10>MA20>MA60; 收盘价低于MA20; 20日动量低于门槛
2026-08-10,600751.SH,,rejected_signal,,34.32114,,1.03063548,,未满足 MA5>MA10>MA20>MA60; 60日趋势强度不足
2026-08-10,600753.SH,,rejected_universe,,10.34554,,0.84353578,,不在当日动态股票池(停牌/未上市/已退市/当前ST代理过滤)
2026-08-10,600754.SH,,rejected_signal,,37.761013,,1.0290314,,未满足 MA5>MA10>MA20>MA60; 60日趋势强度不足
2026-08-10,600755.SH,,rejected_signal,,4.9114,,1.03431678,,未满足 MA5>MA10>MA20>MA60; 收盘价低于MA20; 20日动量低于门槛; 60日趋势强度不足
2026-08-10,600756.SH,,rejected_signal,,39.084278,,1.15789235,,60日趋势强度不足
2026-08-10,600757.SH,,rejected_signal,,20.89962,,1.07052016,,未满足 MA5>MA10>MA20>MA60; 收盘价低于MA20; 60日趋势强度不足
2026-08-10,600758.SH,,rejected_signal,,25.887299,,0.87780023,,未满足 MA5>MA10>MA20>MA60; 60日趋势强度不足
2026-08-10,600759.SH,,rejected_universe,,4.339005,,0.94815361,,不在当日动态股票池(停牌/未上市/已退市/当前ST代理过滤)
2026-08-10,600760.SH,,rejected_signal,,35.220528,,1.02771115,,未满足 MA5>MA10>MA20>MA60; 60日趋势强度不足
2026-08-10,600761.SH,,rejected_signal,,25.231869,,1.07865465,,未满足 MA5>MA10>MA20>MA60; 60日趋势强度不足
2026-08-10,600763.SH,,rejected_signal,,31.77714,,1.03659678,,60日趋势强度不足
2026-08-10,600764.SH,,rejected_signal,,16.06992,,0.99713838,,未满足 MA5>MA10>MA20>MA60; 60日趋势强度不足
2026-08-10,600765.SH,,rejected_signal,,24.635719,,1.00924575,,未满足 MA5>MA10>MA20>MA60; 60日趋势强度不足
2026-08-10,600766.SH,,rejected_universe,,0.0,,0.0,,不在当日动态股票池(停牌/未上市/已退市/当前ST代理过滤)
2026-08-10,600768.SH,,rejected_signal,,15.933326,,0.91370326,,未满足 MA5>MA10>MA20>MA60; 60日趋势强度不足
2026-08-10,600769.SH,,rejected_signal,,2.889825,,0.74275994,,未满足 MA5>MA10>MA20>MA60; 20日动量低于门槛; 60日趋势强度不足
2026-08-10,600770.SH,,rejected_signal,,3.536724,,0.84551978,,未满足 MA5>MA10>MA20>MA60; 20日动量低于门槛; 60日趋势强度不足
2026-08-10,600771.SH,,rejected_signal,,12.005151,,1.0233326,,未满足 MA5>MA10>MA20>MA60; 收盘价低于MA20; 20日动量低于门槛; 60日趋势强度不足
2026-08-10,600773.SH,,rejected_signal,,6.804846,,0.75306159,,未满足 MA5>MA10>MA20>MA60; 20日动量低于门槛; 60日趋势强度不足
2026-08-10,600774.SH,,rejected_signal,,24.02669,,0.97447634,,未满足 MA5>MA10>MA20>MA60; 60日趋势强度不足
2026-08-10,600775.SH,,rejected_signal,,24.835196,,0.96308535,,未满足 MA5>MA10>MA20>MA60; 60日趋势强度不足
2026-08-10,600776.SH,,rejected_signal,,11.818832,,0.92196989,,未满足 MA5>MA10>MA20>MA60; 60日趋势强度不足
2026-08-10,600777.SH,,rejected_signal,,1.807022,,0.89725059,,未满足 MA5>MA10>MA20>MA60; 20日动量低于门槛; 60日趋势强度不足
2026-08-10,600778.SH,,rejected_signal,,26.138487,,0.97924268,,未满足 MA5>MA10>MA20>MA60; 60日趋势强度不足
2026-08-10,600779.SH,,rejected_signal,,16.676258,,0.98368663,,未满足 MA5>MA10>MA20>MA60; 60日趋势强度不足
2026-08-10,600780.SH,,rejected_signal,,13.027888,,0.98986131,,未满足 MA5>MA10>MA20>MA60; 60日趋势强度不足
2026-08-10,600782.SH,,rejected_signal,,29.638323,,1.09591341,,未满足 MA5>MA10>MA20>MA60; 收盘价低于MA20; 60日趋势强度不足
2026-08-10,600783.SH,,rejected_signal,,3.253417,,0.85988939,,未满足 MA5>MA10>MA20>MA60; 20日动量低于门槛; 60日趋势强度不足
2026-08-10,600784.SH,,rejected_signal,,27.572039,,1.02566588,,未满足 MA5>MA10>MA20>MA60
2026-08-10,600785.SH,,rejected_signal,,6.966029,,0.86165738,,未满足 MA5>MA10>MA20>MA60; 60日趋势强度不足
2026-08-10,600787.SH,,rejected_signal,,13.627699,,1.05755782,,未满足 MA5>MA10>MA20>MA60; 收盘价低于MA20; 60日趋势强度不足
2026-08-10,600789.SH,,rejected_signal,,27.554352,,1.01798153,,60日趋势强度不足
2026-08-10,600790.SH,,rejected_signal,,9.209292,,0.9651531,,未满足 MA5>MA10>MA20>MA60; 60日趋势强度不足
2026-08-10,600791.SH,,rejected_signal,,4.391183,,0.61351162,,未满足 MA5>MA10>MA20>MA60; 20日动量低于门槛; 60日趋势强度不足
2026-08-10,600792.SH,,rejected_signal,,30.848339,,0.956967,,未满足 MA5>MA10>MA20>MA60; 60日趋势强度不足
2026-08-10,600793.SH,,rejected_signal,,13.488771,,1.00537193,,未满足 MA5>MA10>MA20>MA60; 60日趋势强度不足
2026-08-10,600794.SH,,rejected_signal,,18.989166,,1.02410781,,未满足 MA5>MA10>MA20>MA60; 60日趋势强度不足
2026-08-10,600795.SH,,rejected_rank,83,28.402195,0.05747126,1.06066859,0.11724138,"信号有效, 但综合排名未进入 Top20"
2026-08-10,600796.SH,,rejected_signal,,24.492395,,1.00346363,,未满足 MA5>MA10>MA20>MA60; 60日趋势强度不足
2026-08-10,600797.SH,,rejected_signal,,36.889252,,1.00725746,,未满足 MA5>MA10>MA20>MA60; 60日趋势强度不足
2026-08-10,600798.SH,,rejected_signal,,15.040113,,0.98083341,,未满足 MA5>MA10>MA20>MA60; 60日趋势强度不足
2026-08-10,600800.SH,,rejected_signal,,19.231869,,0.9315567,,未满足 MA5>MA10>MA20>MA60; 60日趋势强度不足
2026-08-10,600801.SH,,rejected_rank,33,49.257816,0.63218391,1.1174562,0.66666669,"信号有效, 但综合排名未进入 Top20"
2026-08-10,600802.SH,,rejected_signal,,19.611973,,0.97204417,,未满足 MA5>MA10>MA20>MA60; 60日趋势强度不足; 20日平均成交额不足
2026-08-10,600803.SH,,rejected_signal,,26.429579,,1.06218112,,未满足 MA5>MA10>MA20>MA60; 60日趋势强度不足
2026-08-10,600804.SH,,rejected_universe,,0.0,,0.0,,不在当日动态股票池(停牌/未上市/已退市/当前ST代理过滤)
2026-08-10,600805.SH,,rejected_signal,,8.344959,,1.02258611,,未满足 MA5>MA10>MA20>MA60; 60日趋势强度不足
2026-08-10,600807.SH,,rejected_signal,,24.529858,,0.9844259,,未满足 MA5>MA10>MA20>MA60; 60日趋势强度不足
2026-08-10,600808.SH,,rejected_signal,,17.551317,,0.99649543,,未满足 MA5>MA10>MA20>MA60; 60日趋势强度不足
2026-08-10,600809.SH,,rejected_signal,,51.588661,,1.08207607,,未满足 MA5>MA10>MA20>MA60; 60日趋势强度不足
2026-08-10,600810.SH,,rejected_signal,,37.101856,,1.02411938,,未满足 MA5>MA10>MA20>MA60; 60日趋势强度不足
2026-08-10,600811.SH,,rejected_universe,,0.0,,0.0,,不在当日动态股票池(停牌/未上市/已退市/当前ST代理过滤)
2026-08-10,600812.SH,,rejected_signal,,34.800858,,1.05527437,,60日趋势强度不足
2026-08-10,600814.SH,,rejected_signal,,21.736328,,1.01589537,,未满足 MA5>MA10>MA20>MA60; 60日趋势强度不足
2026-08-10,600815.SH,,rejected_signal,,31.224506,,1.06532681,,未满足 MA5>MA10>MA20>MA60; 20日涨幅过热; 60日趋势强度不足; 偏离MA20过远，追高风险
2026-08-10,600816.SH,,rejected_signal,,18.424103,,0.97777838,,未满足 MA5>MA10>MA20>MA60; 60日趋势强度不足
2026-08-10,600817.SH,,rejected_signal,,9.170807,,1.01863945,,未满足 MA5>MA10>MA20>MA60; 60日趋势强度不足; 20日平均成交额不足
2026-08-10,600818.SH,,rejected_universe,,37.599461,,1.12814677,,不在当日动态股票池(停牌/未上市/已退市/当前ST代理过滤)
2026-08-10,600819.SH,,rejected_signal,,18.676571,,0.92038387,,未满足 MA5>MA10>MA20>MA60; 60日趋势强度不足
2026-08-10,600820.SH,,rejected_signal,,10.239879,,1.05827451,,未满足 MA5>MA10>MA20>MA60; 收盘价低于MA20; 20日动量低于门槛; 60日趋势强度不足
2026-08-10,600821.SH,,rejected_signal,,11.581041,,0.95125341,,未满足 MA5>MA10>MA20>MA60; 20日动量低于门槛; 60日趋势强度不足
2026-08-10,600822.SH,,rejected_signal,,19.113605,,1.00486565,,未满足 MA5>MA10>MA20>MA60; 60日趋势强度不足; 20日平均成交额不足
2026-08-10,600823.SH,,rejected_universe,,0.0,,0.0,,不在当日动态股票池(停牌/未上市/已退市/当前ST代理过滤)
2026-08-10,600824.SH,,rejected_signal,,14.678862,,1.00901699,,未满足 MA5>MA10>MA20>MA60; 60日趋势强度不足
2026-08-10,600825.SH,,rejected_signal,,18.401287,,1.01902831,,未满足 MA5>MA10>MA20>MA60; 60日趋势强度不足
2026-08-10,600826.SH,,rejected_signal,,4.329372,,0.92387843,,未满足 MA5>MA10>MA20>MA60; 20日动量低于门槛; 60日趋势强度不足
2026-08-10,600827.SH,,rejected_signal,,12.626378,,1.03721607,,未满足 MA5>MA10>MA20>MA60; 20日动量低于门槛; 60日趋势强度不足
2026-08-10,600828.SH,,rejected_signal,,25.059349,,0.98926914,,未满足 MA5>MA10>MA20>MA60; 60日趋势强度不足
2026-08-10,600829.SH,,rejected_rank,29,50.006451,0.67816091,1.07069016,0.63448274,"信号有效, 但综合排名未进入 Top20"
2026-08-10,600830.SH,,rejected_signal,,14.388895,,0.98291415,,未满足 MA5>MA10>MA20>MA60; 60日趋势强度不足
2026-08-10,600831.SH,,rejected_signal,,23.66823,,0.98000282,,未满足 MA5>MA10>MA20>MA60; 60日趋势强度不足
2026-08-10,600833.SH,,rejected_signal,,26.585255,,0.99992579,,未满足 MA5>MA10>MA20>MA60; 60日趋势强度不足
2026-08-10,600834.SH,,rejected_signal,,19.358969,,1.03504133,,未满足 MA5>MA10>MA20>MA60; 60日趋势强度不足; 20日平均成交额不足
2026-08-10,600835.SH,,rejected_signal,,4.706359,,0.92972827,,未满足 MA5>MA10>MA20>MA60; 收盘价低于MA20; 20日动量低于门槛; 60日趋势强度不足
2026-08-10,600836.SH,,rejected_universe,,0.0,,0.0,,不在当日动态股票池(停牌/未上市/已退市/当前ST代理过滤)
2026-08-10,600837.SH,,rejected_universe,,0.0,,0.0,,不在当日动态股票池(停牌/未上市/已退市/当前ST代理过滤)
2026-08-10,600838.SH,,rejected_signal,,21.135717,,0.97341752,,未满足 MA5>MA10>MA20>MA60; 60日趋势强度不足
2026-08-10,600839.SH,,rejected_signal,,8.834878,,0.98258656,,未满足 MA5>MA10>MA20>MA60; 20日动量低于门槛; 60日趋势强度不足
2026-08-10,600841.SH,,rejected_signal,,2.43438,,0.91333205,,未满足 MA5>MA10>MA20>MA60; 20日动量低于门槛; 60日趋势强度不足
2026-08-10,600843.SH,,rejected_signal,,8.006353,,0.91724008,,未满足 MA5>MA10>MA20>MA60; 60日趋势强度不足
2026-08-10,600844.SH,,rejected_signal,,32.319057,,1.17561495,,20日涨幅过热; 60日趋势强度不足
2026-08-10,600845.SH,,rejected_signal,,4.444263,,0.97683048,,未满足 MA5>MA10>MA20>MA60; 收盘价低于MA20; 20日动量低于门槛; 60日趋势强度不足
2026-08-10,600846.SH,,rejected_signal,,48.007126,,1.04712236,,60日趋势强度不足
2026-08-10,600847.SH,,rejected_signal,,7.053974,,0.85679227,,未满足 MA5>MA10>MA20>MA60; 60日趋势强度不足
2026-08-10,600848.SH,,rejected_signal,,44.787785,,1.09463537,,60日趋势强度不足
2026-08-10,600850.SH,,rejected_signal,,10.656032,,1.00319564,,未满足 MA5>MA10>MA20>MA60; 60日趋势强度不足
2026-08-10,600851.SH,,rejected_signal,,15.360371,,0.95963454,,未满足 MA5>MA10>MA20>MA60; 20日动量低于门槛
2026-08-10,600853.SH,,rejected_signal,,14.689883,,1.00123119,,未满足 MA5>MA10>MA20>MA60; 60日趋势强度不足
2026-08-10,600854.SH,,rejected_signal,,20.656281,,0.99735814,,未满足 MA5>MA10>MA20>MA60; 60日趋势强度不足; 20日平均成交额不足
2026-08-10,600855.SH,,rejected_signal,,13.444919,,0.88216698,,未满足 MA5>MA10>MA20>MA60; 60日趋势强度不足
2026-08-10,600857.SH,,rejected_signal,,14.798984,,0.9435367,,未满足 MA5>MA10>MA20>MA60; 20日动量低于门槛
2026-08-10,600858.SH,,rejected_signal,,24.066706,,1.00778043,,未满足 MA5>MA10>MA20>MA60; 60日趋势强度不足
2026-08-10,600859.SH,,rejected_signal,,27.959078,,1.03434181,,未满足 MA5>MA10>MA20>MA60; 60日趋势强度不足
2026-08-10,600860.SH,,rejected_signal,,11.073394,,0.96229339,,未满足 MA5>MA10>MA20>MA60; 60日趋势强度不足
2026-08-10,600861.SH,,rejected_signal,,21.272585,,1.05694306,,未满足 MA5>MA10>MA20>MA60; 60日趋势强度不足
2026-08-10,600862.SH,,rejected_signal,,9.808907,,1.02119172,,未满足 MA5>MA10>MA20>MA60; 20日动量低于门槛; 60日趋势强度不足
2026-08-10,600863.SH,,rejected_signal,,12.957176,,0.96067023,,未满足 MA5>MA10>MA20>MA60; 收盘价低于MA20; 60日趋势强度不足
2026-08-10,600864.SH,,rejected_signal,,14.535167,,1.03010821,,60日趋势强度不足
2026-08-10,600865.SH,,rejected_signal,,18.114361,,0.95462453,,未满足 MA5>MA10>MA20>MA60; 60日趋势强度不足
2026-08-10,600866.SH,,rejected_signal,,11.122935,,1.0166198,,未满足 MA5>MA10>MA20>MA60; 收盘价低于MA20; 60日趋势强度不足
2026-08-10,600867.SH,,rejected_signal,,20.884298,,1.03934073,,未满足 MA5>MA10>MA20>MA60; 20日动量低于门槛; 60日趋势强度不足
2026-08-10,600868.SH,,rejected_signal,,27.392504,,0.95625669,,未满足 MA5>MA10>MA20>MA60; 60日趋势强度不足
2026-08-10,600869.SH,,rejected_signal,,6.886367,,0.47990653,,未满足 MA5>MA10>MA20>MA60; 收盘价低于MA20; 20日动量低于门槛; 60日趋势强度不足
2026-08-10,600871.SH,,rejected_signal,,22.240585,,1.01869273,,未满足 MA5>MA10>MA20>MA60; 60日趋势强度不足
2026-08-10,600872.SH,,rejected_signal,,34.947601,,1.09648693,,未满足 MA5>MA10>MA20>MA60; 60日趋势强度不足
2026-08-10,600873.SH,,rejected_signal,,16.819164,,0.99207288,,未满足 MA5>MA10>MA20>MA60; 收盘价低于MA20; 20日动量低于门槛; 60日趋势强度不足
2026-08-10,600874.SH,,rejected_signal,,14.64407,,1.02757716,,未满足 MA5>MA10>MA20>MA60; 60日趋势强度不足
2026-08-10,600875.SH,,rejected_signal,,6.051364,,0.90138096,,未满足 MA5>MA10>MA20>MA60; 60日趋势强度不足
2026-08-10,600876.SH,,rejected_signal,,17.342577,,0.91629148,,未满足 MA5>MA10>MA20>MA60; 60日趋势强度不足; 20日平均成交额不足
2026-08-10,600877.SH,,rejected_signal,,12.468471,,0.82995677,,未满足 MA5>MA10>MA20>MA60; 20日动量低于门槛; 60日趋势强度不足
2026-08-10,600879.SH,,rejected_signal,,7.979049,,0.76654428,,未满足 MA5>MA10>MA20>MA60; 20日动量低于门槛; 60日趋势强度不足
2026-08-10,600880.SH,,rejected_signal,,16.015875,,0.9855929,,未满足 MA5>MA10>MA20>MA60; 60日趋势强度不足
2026-08-10,600881.SH,,rejected_signal,,29.843414,,1.08401275,,未满足 MA5>MA10>MA20>MA60; 收盘价低于MA20
2026-08-10,600882.SH,,rejected_signal,,55.754513,,1.15224934,,未满足 MA5>MA10>MA20>MA60
2026-08-10,600883.SH,,rejected_signal,,14.421752,,0.95965475,,未满足 MA5>MA10>MA20>MA60; 60日趋势强度不足
2026-08-10,600884.SH,,rejected_signal,,16.791656,,0.94765735,,未满足 MA5>MA10>MA20>MA60; 收盘价低于MA20; 20日动量低于门槛; 60日趋势强度不足
2026-08-10,600885.SH,,rejected_signal,,20.663408,,1.04062045,,未满足 MA5>MA10>MA20>MA60; 20日动量低于门槛
2026-08-10,600886.SH,,rejected_signal,,33.554417,,1.08139026,,未满足 MA5>MA10>MA20>MA60; 收盘价低于MA20
2026-08-10,600887.SH,,rejected_signal,,24.556152,,1.05449247,,未满足 MA5>MA10>MA20>MA60; 收盘价低于MA20; 60日趋势强度不足
2026-08-10,600888.SH,,rejected_signal,,14.396503,,0.78463787,,未满足 MA5>MA10>MA20>MA60; 20日动量低于门槛
2026-08-10,600889.SH,,rejected_universe,,2.558249,,0.88506114,,不在当日动态股票池(停牌/未上市/已退市/当前ST代理过滤)
2026-08-10,600892.SH,,rejected_signal,,38.464565,,0.96690518,,未满足 MA5>MA10>MA20>MA60; 60日趋势强度不足
2026-08-10,600893.SH,,rejected_signal,,23.936317,,0.93413681,,未满足 MA5>MA10>MA20>MA60; 60日趋势强度不足
2026-08-10,600894.SH,,rejected_signal,,7.438076,,1.01885629,,未满足 MA5>MA10>MA20>MA60; 60日趋势强度不足
2026-08-10,600895.SH,,rejected_signal,,4.789965,,0.90801537,,未满足 MA5>MA10>MA20>MA60; 20日动量低于门槛; 60日趋势强度不足
2026-08-10,600897.SH,,rejected_signal,,10.433186,,1.03238833,,未满足 MA5>MA10>MA20>MA60; 60日趋势强度不足; 20日平均成交额不足
2026-08-10,600898.SH,,rejected_universe,,0.0,,0.0,,不在当日动态股票池(停牌/未上市/已退市/当前ST代理过滤)
2026-08-10,600900.SH,,rejected_signal,,23.342974,,1.06736517,,未满足 MA5>MA10>MA20>MA60; 收盘价低于MA20; 20日动量低于门槛
2026-08-10,600901.SH,,rejected_signal,,27.697321,,1.02644002,,未满足 MA5>MA10>MA20>MA60; 60日趋势强度不足
2026-08-10,600903.SH,,rejected_signal,,13.152185,,0.83805084,,未满足 MA5>MA10>MA20>MA60; 60日趋势强度不足
2026-08-10,600905.SH,,rejected_signal,,7.33437,,1.00233352,,未满足 MA5>MA10>MA20>MA60; 收盘价低于MA20; 20日动量低于门槛; 60日趋势强度不足
2026-08-10,600906.SH,,rejected_signal,,4.839872,,0.94170284,,未满足 MA5>MA10>MA20>MA60; 收盘价低于MA20; 20日动量低于门槛
2026-08-10,600908.SH,,rejected_signal,,16.120365,,1.07360506,,未满足 MA5>MA10>MA20>MA60; 收盘价低于MA20; 20日动量低于门槛; 60日趋势强度不足
2026-08-10,600909.SH,,rejected_signal,,14.982219,,0.89543521,,未满足 MA5>MA10>MA20>MA60; 收盘价低于MA20; 20日动量低于门槛
2026-08-10,600916.SH,,rejected_signal,,46.545536,,1.05545521,,60日趋势强度不足
2026-08-10,600917.SH,,rejected_signal,,8.892148,,0.99845964,,未满足 MA5>MA10>MA20>MA60; 20日动量低于门槛; 60日趋势强度不足; 20日平均成交额不足
2026-08-10,600918.SH,,rejected_signal,,12.346729,,1.0437454,,未满足 MA5>MA10>MA20>MA60; 收盘价低于MA20; 20日动量低于门槛; 60日趋势强度不足
2026-08-10,600919.SH,,rejected_signal,,28.16341,,1.04019642,,未满足 MA5>MA10>MA20>MA60
2026-08-10,600925.SH,,rejected_signal,,7.048758,,1.00262737,,未满足 MA5>MA10>MA20>MA60; 20日动量低于门槛; 60日趋势强度不足
2026-08-10,600926.SH,,rejected_signal,,17.94022,,1.04293966,,未满足 MA5>MA10>MA20>MA60; 60日趋势强度不足
2026-08-10,600927.SH,,rejected_signal,,7.674484,,1.03770423,,未满足 MA5>MA10>MA20>MA60; 60日趋势强度不足
2026-08-10,600928.SH,,rejected_signal,,17.746729,,1.07693207,,未满足 MA5>MA10>MA20>MA60; 收盘价低于MA20; 20日动量低于门槛; 60日趋势强度不足
2026-08-10,600929.SH,,rejected_signal,,42.475952,,1.03423274,,60日趋势强度不足
2026-08-10,600930.SH,,rejected_signal,,5.206428,,0.85357046,,未满足 MA5>MA10>MA20>MA60; 收盘价低于MA20; 20日动量低于门槛; 60日趋势强度不足
2026-08-10,600933.SH,,rejected_signal,,5.032506,,0.95841759,,未满足 MA5>MA10>MA20>MA60; 60日趋势强度不足
2026-08-10,600935.SH,,rejected_signal,,14.341126,,1.00164652,,未满足 MA5>MA10>MA20>MA60; 60日趋势强度不足
2026-08-10,600936.SH,,rejected_signal,,34.021915,,1.14703846,,20日涨幅过热
2026-08-10,600938.SH,,rejected_signal,,31.821207,,1.01323998,,未满足 MA5>MA10>MA20>MA60; 60日趋势强度不足
2026-08-10,600939.SH,,rejected_signal,,10.994834,,1.02226198,,未满足 MA5>MA10>MA20>MA60; 60日趋势强度不足; 20日平均成交额不足
2026-08-10,600941.SH,,rejected_signal,,24.610058,,1.05376363,,未满足 MA5>MA10>MA20>MA60; 60日趋势强度不足
2026-08-10,600955.SH,,rejected_signal,,5.406956,,0.86226559,,未满足 MA5>MA10>MA20>MA60; 20日动量低于门槛; 60日趋势强度不足
2026-08-10,600956.SH,,rejected_signal,,16.950066,,0.97984797,,未满足 MA5>MA10>MA20>MA60; 60日趋势强度不足
2026-08-10,600958.SH,,rejected_signal,,12.968027,,1.01026547,,未满足 MA5>MA10>MA20>MA60; 60日趋势强度不足
2026-08-10,600959.SH,,rejected_signal,,12.151354,,0.98921919,,未满足 MA5>MA10>MA20>MA60; 60日趋势强度不足
2026-08-10,600960.SH,,rejected_signal,,14.625504,,0.9852218,,未满足 MA5>MA10>MA20>MA60; 60日趋势强度不足
2026-08-10,600961.SH,,rejected_signal,,27.246693,,0.81059349,,未满足 MA5>MA10>MA20>MA60; 60日趋势强度不足; 偏离MA20过远，追高风险
2026-08-10,600962.SH,,rejected_signal,,37.975883,,1.06076729,,未满足 MA5>MA10>MA20>MA60
2026-08-10,600963.SH,,rejected_signal,,27.403873,,0.99535984,,未满足 MA5>MA10>MA20>MA60; 60日趋势强度不足
2026-08-10,600965.SH,,rejected_universe,,5.731168,,0.95421433,,不在当日动态股票池(停牌/未上市/已退市/当前ST代理过滤)
2026-08-10,600966.SH,,rejected_signal,,24.529638,,0.97829264,,未满足 MA5>MA10>MA20>MA60; 60日趋势强度不足
2026-08-10,600967.SH,,rejected_signal,,23.538317,,1.00313783,,未满足 MA5>MA10>MA20>MA60; 60日趋势强度不足
2026-08-10,600968.SH,,rejected_signal,,28.304672,,1.05993187,,60日趋势强度不足
2026-08-10,600969.SH,,rejected_signal,,33.12286,,0.93250233,,未满足 MA5>MA10>MA20>MA60; 60日趋势强度不足
2026-08-10,600970.SH,,rejected_signal,,20.904613,,1.0260762,,未满足 MA5>MA10>MA20>MA60; 60日趋势强度不足
2026-08-10,600971.SH,,rejected_rank,32,49.482742,0.64367819,1.05503726,0.58160925,"信号有效, 但综合排名未进入 Top20"
2026-08-10,600973.SH,,rejected_signal,,12.41461,,0.94224393,,未满足 MA5>MA10>MA20>MA60; 60日趋势强度不足
2026-08-10,600975.SH,,rejected_signal,,15.992191,,1.01841974,,未满足 MA5>MA10>MA20>MA60; 20日动量低于门槛; 60日趋势强度不足
2026-08-10,600976.SH,,rejected_signal,,16.715691,,1.00880098,,未满足 MA5>MA10>MA20>MA60; 60日趋势强度不足
2026-08-10,600977.SH,,rejected_signal,,15.105719,,0.92975974,,未满足 MA5>MA10>MA20>MA60; 60日趋势强度不足
2026-08-10,600979.SH,,rejected_signal,,16.393209,,0.94225895,,未满足 MA5>MA10>MA20>MA60; 60日趋势强度不足
2026-08-10,600980.SH,,rejected_signal,,22.752726,,0.92588592,,未满足 MA5>MA10>MA20>MA60; 60日趋势强度不足
2026-08-10,600981.SH,,rejected_signal,,22.115536,,1.00579143,,未满足 MA5>MA10>MA20>MA60; 60日趋势强度不足
2026-08-10,600982.SH,,rejected_signal,,32.388298,,0.95897502,,未满足 MA5>MA10>MA20>MA60; 60日趋势强度不足
2026-08-10,600983.SH,,rejected_signal,,24.21386,,1.02822292,,未满足 MA5>MA10>MA20>MA60; 60日趋势强度不足; 20日平均成交额不足
2026-08-10,600984.SH,,rejected_signal,,15.057209,,0.9565599,,未满足 MA5>MA10>MA20>MA60; 60日趋势强度不足; 偏离MA20过远，追高风险
2026-08-10,600985.SH,,rejected_rank,61,43.288273,0.31034482,0.97349459,0.25747126,"信号有效, 但综合排名未进入 Top20"
2026-08-10,600986.SH,,rejected_signal,,33.092598,,1.02043951,,未满足 MA5>MA10>MA20>MA60; 60日趋势强度不足
2026-08-10,600987.SH,,rejected_signal,,24.512777,,1.02750301,,未满足 MA5>MA10>MA20>MA60; 60日趋势强度不足
2026-08-10,600988.SH,,rejected_signal,,42.855324,,1.18013203,,20日涨幅过热
2026-08-10,600989.SH,,rejected_signal,,40.375061,,0.99561721,,60日趋势强度不足
2026-08-10,600990.SH,,rejected_signal,,11.869868,,0.95880878,,未满足 MA5>MA10>MA20>MA60; 60日趋势强度不足
2026-08-10,600992.SH,,rejected_signal,,4.259377,,0.92551988,,未满足 MA5>MA10>MA20>MA60; 20日动量低于门槛; 60日趋势强度不足
2026-08-10,600993.SH,,rejected_signal,,19.537033,,1.06134689,,未满足 MA5>MA10>MA20>MA60; 20日动量低于门槛; 60日趋势强度不足
2026-08-10,600995.SH,,rejected_signal,,21.816757,,0.99196374,,未满足 MA5>MA10>MA20>MA60; 60日趋势强度不足
2026-08-10,600996.SH,,rejected_signal,,19.448204,,0.9064678,,未满足 MA5>MA10>MA20>MA60; 60日趋势强度不足
2026-08-10,600997.SH,,rejected_signal,,27.137619,,1.07426262,,60日趋势强度不足
2026-08-10,600998.SH,,rejected_signal,,17.644497,,1.05561423,,未满足 MA5>MA10>MA20>MA60; 收盘价低于MA20; 20日动量低于门槛
2026-08-10,600999.SH,,rejected_signal,,12.489633,,0.95637411,,未满足 MA5>MA10>MA20>MA60; 收盘价低于MA20; 20日动量低于门槛
2026-08-10,601000.SH,,rejected_signal,,40.079884,,1.11830413,,未满足 MA5>MA10>MA20>MA60; 收盘价低于MA20
2026-08-10,601001.SH,,rejected_signal,,19.208162,,0.87990028,,未满足 MA5>MA10>MA20>MA60; 60日趋势强度不足
2026-08-10,601002.SH,,rejected_signal,,44.449982,,1.0472368,,60日趋势强度不足
2026-08-10,601003.SH,,rejected_signal,,36.553108,,1.09158039,,未满足 MA5>MA10>MA20>MA60; 60日趋势强度不足
2026-08-10,601005.SH,,rejected_signal,,4.930814,,1.00780261,,未满足 MA5>MA10>MA20>MA60; 60日趋势强度不足
2026-08-10,601006.SH,,rejected_signal,,13.568377,,1.02703512,,未满足 MA5>MA10>MA20>MA60; 收盘价低于MA20; 20日动量低于门槛; 60日趋势强度不足
2026-08-10,601007.SH,,rejected_signal,,29.950438,,1.03132606,,未满足 MA5>MA10>MA20>MA60; 60日趋势强度不足
2026-08-10,601008.SH,,rejected_signal,,10.402002,,1.02191269,,未满足 MA5>MA10>MA20>MA60; 60日趋势强度不足
2026-08-10,601009.SH,,rejected_signal,,19.449587,,1.0608964,,未满足 MA5>MA10>MA20>MA60; 收盘价低于MA20; 60日趋势强度不足
2026-08-10,601010.SH,,rejected_universe,,2.934115,,0.97806293,,不在当日动态股票池(停牌/未上市/已退市/当前ST代理过滤)
2026-08-10,601011.SH,,rejected_signal,,16.250393,,0.95304006,,未满足 MA5>MA10>MA20>MA60; 60日趋势强度不足
2026-08-10,601012.SH,,rejected_signal,,21.668131,,1.01486111,,未满足 MA5>MA10>MA20>MA60; 60日趋势强度不足
2026-08-10,601015.SH,,rejected_signal,,39.025906,,0.99229246,,未满足 MA5>MA10>MA20>MA60; 60日趋势强度不足
2026-08-10,601016.SH,,rejected_signal,,18.276688,,0.91930735,,未满足 MA5>MA10>MA20>MA60; 60日趋势强度不足
2026-08-10,601018.SH,,rejected_signal,,9.100513,,1.03849685,,未满足 MA5>MA10>MA20>MA60; 收盘价低于MA20; 20日动量低于门槛; 60日趋势强度不足
2026-08-10,601019.SH,,rejected_signal,,18.735613,,1.08271265,,未满足 MA5>MA10>MA20>MA60; 收盘价低于MA20; 20日动量低于门槛; 60日趋势强度不足
2026-08-10,601020.SH,,rejected_signal,,15.585011,,0.86083746,,未满足 MA5>MA10>MA20>MA60; 60日趋势强度不足; 偏离MA20过远，追高风险
2026-08-10,601021.SH,,rejected_signal,,5.155144,,1.01512384,,未满足 MA5>MA10>MA20>MA60; 20日动量低于门槛; 60日趋势强度不足
2026-08-10,601022.SH,,rejected_signal,,14.534455,,1.03968704,,未满足 MA5>MA10>MA20>MA60; 60日趋势强度不足
2026-08-10,601026.SH,,rejected_signal,,23.838476,,1.00305164,,未满足 MA5>MA10>MA20>MA60; 60日趋势强度不足
2026-08-10,601028.SH,,rejected_universe,,0.0,,0.0,,不在当日动态股票池(停牌/未上市/已退市/当前ST代理过滤)
2026-08-10,601033.SH,,rejected_signal,,20.386852,,1.04196227,,未满足 MA5>MA10>MA20>MA60; 60日趋势强度不足
2026-08-10,601038.SH,,rejected_signal,,48.622505,,1.13201976,,未满足 MA5>MA10>MA20>MA60; 60日趋势强度不足
2026-08-10,601058.SH,,rejected_signal,,37.868755,,1.0972966,,未满足 MA5>MA10>MA20>MA60
2026-08-10,601059.SH,,rejected_signal,,6.075615,,1.0134232,,未满足 MA5>MA10>MA20>MA60; 20日动量低于门槛; 60日趋势强度不足
2026-08-10,601061.SH,,rejected_signal,,31.169615,,0.98807323,,未满足 MA5>MA10>MA20>MA60; 60日趋势强度不足
2026-08-10,601065.SH,,rejected_signal,,11.746909,,0.98794234,,未满足 MA5>MA10>MA20>MA60; 20日动量低于门槛; 60日趋势强度不足
2026-08-10,601066.SH,,rejected_signal,,12.341961,,0.98058999,,未满足 MA5>MA10>MA20>MA60; 收盘价低于MA20; 20日动量低于门槛
2026-08-10,601068.SH,,rejected_signal,,25.802761,,0.96719575,,未满足 MA5>MA10>MA20>MA60; 60日趋势强度不足
2026-08-10,601069.SH,,rejected_signal,,39.529705,,1.00002789,,未满足 MA5>MA10>MA20>MA60; 60日趋势强度不足; 偏离MA20过远，追高风险
2026-08-10,601077.SH,,rejected_signal,,13.442634,,1.02485585,,未满足 MA5>MA10>MA20>MA60; 收盘价低于MA20; 20日动量低于门槛; 60日趋势强度不足
2026-08-10,601083.SH,,rejected_signal,,42.353634,,1.07590818,,未满足 MA5>MA10>MA20>MA60; 60日趋势强度不足
2026-08-10,601086.SH,,rejected_signal,,51.369595,,1.07520473,,60日趋势强度不足
2026-08-10,601088.SH,,rejected_signal,,19.514017,,1.00413632,,未满足 MA5>MA10>MA20>MA60; 60日趋势强度不足
2026-08-10,601089.SH,,rejected_signal,,13.937185,,1.00217474,,未满足 MA5>MA10>MA20>MA60; 60日趋势强度不足
2026-08-10,601096.SH,,rejected_signal,,14.924616,,0.98738271,,未满足 MA5>MA10>MA20>MA60; 60日趋势强度不足
2026-08-10,601098.SH,,rejected_signal,,25.717422,,1.07946754,,未满足 MA5>MA10>MA20>MA60; 60日趋势强度不足
2026-08-10,601099.SH,,rejected_signal,,9.829198,,1.03350842,,收盘价低于MA20; 20日动量低于门槛; 60日趋势强度不足
2026-08-10,601100.SH,,rejected_signal,,8.62355,,0.9944548,,未满足 MA5>MA10>MA20>MA60; 收盘价低于MA20; 20日动量低于门槛; 60日趋势强度不足
2026-08-10,601101.SH,,rejected_signal,,44.414677,,0.94887805,,未满足 MA5>MA10>MA20>MA60
2026-08-10,601106.SH,,rejected_signal,,15.280867,,0.9771235,,未满足 MA5>MA10>MA20>MA60; 60日趋势强度不足
2026-08-10,601107.SH,,rejected_signal,,14.495714,,1.06297946,,未满足 MA5>MA10>MA20>MA60; 收盘价低于MA20; 60日趋势强度不足
2026-08-10,601108.SH,,rejected_signal,,13.25398,,1.03046906,,未满足 MA5>MA10>MA20>MA60; 收盘价低于MA20; 20日动量低于门槛; 60日趋势强度不足
2026-08-10,601111.SH,,rejected_signal,,7.093581,,0.9935081,,未满足 MA5>MA10>MA20>MA60; 60日趋势强度不足
2026-08-10,601112.SH,,rejected_signal,,2.885503,,0.91506153,,未满足 MA5>MA10>MA20>MA60; 20日动量低于门槛; 60日趋势强度不足
2026-08-10,601113.SH,,rejected_signal,,17.549501,,0.9532147,,未满足 MA5>MA10>MA20>MA60; 60日趋势强度不足
2026-08-10,601116.SH,,rejected_signal,,22.068909,,0.97552294,,未满足 MA5>MA10>MA20>MA60; 60日趋势强度不足
2026-08-10,601117.SH,,rejected_signal,,15.78791,,1.01820409,,60日趋势强度不足
2026-08-10,601118.SH,,rejected_signal,,22.888529,,0.939641,,未满足 MA5>MA10>MA20>MA60; 60日趋势强度不足
2026-08-10,601121.SH,,rejected_signal,,57.270973,,1.07162476,,60日趋势强度不足
2026-08-10,601126.SH,,rejected_signal,,10.284599,,0.55148864,,未满足 MA5>MA10>MA20>MA60; 20日动量低于门槛; 60日趋势强度不足
2026-08-10,601127.SH,,rejected_signal,,8.024191,,0.93116689,,未满足 MA5>MA10>MA20>MA60; 收盘价低于MA20; 60日趋势强度不足
2026-08-10,601128.SH,,rejected_signal,,10.415518,,1.03385365,,未满足 MA5>MA10>MA20>MA60; 收盘价低于MA20; 20日动量低于门槛; 60日趋势强度不足
2026-08-10,601133.SH,,rejected_signal,,0.0,,0.65281957,,未满足 MA5>MA10>MA20>MA60; 收盘价低于MA20; 20日动量低于门槛; 60日趋势强度不足
2026-08-10,601136.SH,,rejected_signal,,12.473176,,1.04385495,,未满足 MA5>MA10>MA20>MA60; 60日趋势强度不足
2026-08-10,601137.SH,,rejected_signal,,11.775727,,0.81907988,,未满足 MA5>MA10>MA20>MA60; 20日动量低于门槛; 60日趋势强度不足
2026-08-10,601138.SH,,rejected_signal,,15.61718,,0.79203635,,未满足 MA5>MA10>MA20>MA60; 60日趋势强度不足
2026-08-10,601139.SH,,rejected_signal,,24.710371,,1.06971252,,未满足 MA5>MA10>MA20>MA60; 60日趋势强度不足
2026-08-10,601155.SH,,rejected_signal,,24.754997,,0.96614158,,未满足 MA5>MA10>MA20>MA60; 60日趋势强度不足
2026-08-10,601156.SH,,rejected_rank,38,48.10741,0.57471263,1.0646441,0.53563219,"信号有效, 但综合排名未进入 Top20"
2026-08-10,601158.SH,,rejected_signal,,14.959129,,1.03551424,,未满足 MA5>MA10>MA20>MA60; 20日动量低于门槛; 60日趋势强度不足
2026-08-10,601162.SH,,rejected_signal,,15.558821,,1.05295837,,未满足 MA5>MA10>MA20>MA60; 收盘价低于MA20; 20日动量低于门槛; 60日趋势强度不足
2026-08-10,601163.SH,,rejected_signal,,15.156666,,1.0287894,,未满足 MA5>MA10>MA20>MA60; 60日趋势强度不足
2026-08-10,601166.SH,,rejected_signal,,24.894608,,1.07283199,,未满足 MA5>MA10>MA20>MA60
2026-08-10,601168.SH,,rejected_signal,,49.286312,,1.1795398,,20日涨幅过热
2026-08-10,601169.SH,,rejected_signal,,15.609701,,1.062886,,未满足 MA5>MA10>MA20>MA60; 收盘价低于MA20; 20日动量低于门槛; 60日趋势强度不足
2026-08-10,601177.SH,,rejected_signal,,6.327825,,0.94220507,,未满足 MA5>MA10>MA20>MA60; 60日趋势强度不足
2026-08-10,601179.SH,,rejected_signal,,22.871346,,0.95364219,,未满足 MA5>MA10>MA20>MA60; 60日趋势强度不足
2026-08-10,601186.SH,,rejected_signal,,16.927204,,1.05523562,,未满足 MA5>MA10>MA20>MA60; 收盘价低于MA20; 60日趋势强度不足
2026-08-10,601187.SH,,rejected_signal,,14.576788,,1.07335675,,未满足 MA5>MA10>MA20>MA60; 收盘价低于MA20; 20日动量低于门槛; 60日趋势强度不足
2026-08-10,601188.SH,,rejected_signal,,13.981576,,1.00218046,,未满足 MA5>MA10>MA20>MA60; 60日趋势强度不足
2026-08-10,601198.SH,,rejected_signal,,15.778312,,1.03919971,,20日动量低于门槛
2026-08-10,601199.SH,,rejected_signal,,3.801205,,0.98210788,,未满足 MA5>MA10>MA20>MA60; 60日趋势强度不足
2026-08-10,601200.SH,,rejected_signal,,13.562822,,1.02632427,,未满足 MA5>MA10>MA20>MA60; 60日趋势强度不足
2026-08-10,601208.SH,,rejected_signal,,12.506747,,0.44252583,,未满足 MA5>MA10>MA20>MA60; 20日动量低于门槛; 60日趋势强度不足; 20日年化波动过高
2026-08-10,601211.SH,,rejected_signal,,22.094738,,1.04837632,,未满足 MA5>MA10>MA20>MA60; 收盘价低于MA20; 20日动量低于门槛
2026-08-10,601212.SH,,rejected_signal,,20.942453,,0.90716851,,未满足 MA5>MA10>MA20>MA60; 60日趋势强度不足; 偏离MA20过远，追高风险
2026-08-10,601216.SH,,rejected_signal,,17.427114,,1.02780557,,未满足 MA5>MA10>MA20>MA60; 收盘价低于MA20; 60日趋势强度不足
2026-08-10,601218.SH,,rejected_signal,,28.173491,,0.99683893,,未满足 MA5>MA10>MA20>MA60; 60日趋势强度不足
2026-08-10,601222.SH,,rejected_signal,,13.001953,,1.00480819,,未满足 MA5>MA10>MA20>MA60; 60日趋势强度不足
2026-08-10,601225.SH,,rejected_rank,77,35.671021,0.12643678,1.01828206,0.13793103,"信号有效, 但综合排名未进入 Top20"
2026-08-10,601226.SH,,rejected_signal,,11.077097,,0.93747967,,未满足 MA5>MA10>MA20>MA60; 60日趋势强度不足
2026-08-10,601228.SH,,rejected_signal,,17.815903,,1.05363464,,未满足 MA5>MA10>MA20>MA60; 60日趋势强度不足
2026-08-10,601229.SH,,rejected_signal,,16.521042,,1.05492592,,未满足 MA5>MA10>MA20>MA60; 20日动量低于门槛; 60日趋势强度不足
2026-08-10,601231.SH,,rejected_signal,,3.185739,,0.59361845,,未满足 MA5>MA10>MA20>MA60; 20日动量低于门槛; 60日趋势强度不足
2026-08-10,601233.SH,,rejected_rank,68,41.364483,0.22988506,1.04773378,0.24367815,"信号有效, 但综合排名未进入 Top20"
2026-08-10,601236.SH,,rejected_signal,,7.995368,,1.03275061,,未满足 MA5>MA10>MA20>MA60; 收盘价低于MA20; 20日动量低于门槛; 60日趋势强度不足
2026-08-10,601238.SH,,rejected_signal,,18.279852,,1.00137579,,未满足 MA5>MA10>MA20>MA60; 60日趋势强度不足
2026-08-10,601279.SH,,rejected_signal,,15.514781,,0.99016064,,未满足 MA5>MA10>MA20>MA60; 60日趋势强度不足
2026-08-10,601288.SH,,rejected_signal,,16.888109,,1.06393182,,未满足 MA5>MA10>MA20>MA60; 收盘价低于MA20; 20日动量低于门槛; 60日趋势强度不足
2026-08-10,601298.SH,,rejected_signal,,33.324135,,1.04214787,,未满足 MA5>MA10>MA20>MA60; 60日趋势强度不足
2026-08-10,601311.SH,,rejected_signal,,10.027074,,1.01648021,,未满足 MA5>MA10>MA20>MA60; 60日趋势强度不足
2026-08-10,601318.SH,,rejected_signal,,30.684975,,1.06888771,,未满足 MA5>MA10>MA20>MA60; 收盘价低于MA20; 60日趋势强度不足
2026-08-10,601319.SH,,rejected_signal,,12.62202,,1.05226612,,未满足 MA5>MA10>MA20>MA60; 收盘价低于MA20; 20日动量低于门槛; 60日趋势强度不足
2026-08-10,601326.SH,,rejected_signal,,23.880955,,1.08914161,,未满足 MA5>MA10>MA20>MA60; 收盘价低于MA20; 60日趋势强度不足
2026-08-10,601328.SH,,rejected_signal,,21.042797,,1.07931066,,未满足 MA5>MA10>MA20>MA60; 收盘价低于MA20; 20日动量低于门槛
2026-08-10,601330.SH,,rejected_signal,,14.021265,,0.96678948,,未满足 MA5>MA10>MA20>MA60; 60日趋势强度不足
2026-08-10,601333.SH,,rejected_signal,,11.617186,,1.04731941,,未满足 MA5>MA10>MA20>MA60; 收盘价低于MA20; 20日动量低于门槛; 60日趋势强度不足
2026-08-10,601336.SH,,rejected_signal,,11.987776,,1.02252686,,未满足 MA5>MA10>MA20>MA60; 收盘价低于MA20; 20日动量低于门槛; 60日趋势强度不足
2026-08-10,601339.SH,,rejected_signal,,48.403896,,1.09660769,,收盘价低于MA20; 60日趋势强度不足
2026-08-10,601360.SH,,rejected_signal,,26.165331,,1.01266801,,未满足 MA5>MA10>MA20>MA60; 60日趋势强度不足
2026-08-10,601366.SH,,rejected_signal,,16.264858,,1.02716804,,未满足 MA5>MA10>MA20>MA60; 60日趋势强度不足
2026-08-10,601368.SH,,rejected_signal,,18.358952,,1.01505291,,未满足 MA5>MA10>MA20>MA60; 60日趋势强度不足; 20日平均成交额不足
2026-08-10,601369.SH,,rejected_signal,,20.65756,,1.26286566,,20日动量低于门槛; 60日趋势强度不足
2026-08-10,601375.SH,,rejected_signal,,14.1955,,1.04463804,,20日动量低于门槛
2026-08-10,601377.SH,,rejected_signal,,5.687524,,1.01944721,,未满足 MA5>MA10>MA20>MA60; 收盘价低于MA20; 20日动量低于门槛; 60日趋势强度不足
2026-08-10,601388.SH,,rejected_signal,,35.753883,,0.99820757,,未满足 MA5>MA10>MA20>MA60; 60日趋势强度不足
2026-08-10,601390.SH,,rejected_signal,,23.022614,,1.03855312,,未满足 MA5>MA10>MA20>MA60; 60日趋势强度不足
2026-08-10,601398.SH,,rejected_signal,,17.629436,,1.06900477,,未满足 MA5>MA10>MA20>MA60; 收盘价低于MA20; 20日动量低于门槛; 60日趋势强度不足
2026-08-10,601399.SH,,rejected_signal,,12.594541,,0.97956079,,未满足 MA5>MA10>MA20>MA60; 60日趋势强度不足
2026-08-10,601456.SH,,rejected_signal,,4.761402,,1.0153383,,未满足 MA5>MA10>MA20>MA60; 20日动量低于门槛; 60日趋势强度不足
2026-08-10,601500.SH,,rejected_signal,,18.166304,,1.02213752,,未满足 MA5>MA10>MA20>MA60; 60日趋势强度不足
2026-08-10,601512.SH,,rejected_signal,,8.488592,,0.99032009,,未满足 MA5>MA10>MA20>MA60; 20日动量低于门槛; 60日趋势强度不足; 20日平均成交额不足
2026-08-10,601515.SH,,rejected_signal,,22.151361,,0.92865634,,未满足 MA5>MA10>MA20>MA60; 60日趋势强度不足
2026-08-10,601518.SH,,rejected_signal,,5.136996,,1.02055955,,未满足 MA5>MA10>MA20>MA60; 20日动量低于门槛; 60日趋势强度不足
2026-08-10,601519.SH,,rejected_signal,,17.78031,,0.93590367,,未满足 MA5>MA10>MA20>MA60; 60日趋势强度不足
2026-08-10,601528.SH,,rejected_signal,,24.204195,,1.0942986,,未满足 MA5>MA10>MA20>MA60; 60日趋势强度不足
2026-08-10,601555.SH,,rejected_signal,,14.399796,,1.03740215,,60日趋势强度不足
2026-08-10,601566.SH,,rejected_signal,,14.92829,,0.91901886,,未满足 MA5>MA10>MA20>MA60; 60日趋势强度不足
2026-08-10,601567.SH,,rejected_signal,,37.026127,,1.07723618,,未满足 MA5>MA10>MA20>MA60; 60日趋势强度不足
2026-08-10,601568.SH,,rejected_signal,,24.461031,,1.03405118,,60日趋势强度不足
2026-08-10,601577.SH,,rejected_signal,,13.589425,,1.06182241,,未满足 MA5>MA10>MA20>MA60; 收盘价低于MA20; 60日趋势强度不足
2026-08-10,601579.SH,,rejected_signal,,26.221514,,0.99321049,,未满足 MA5>MA10>MA20>MA60; 60日趋势强度不足
2026-08-10,601588.SH,,rejected_signal,,19.902403,,0.97291327,,未满足 MA5>MA10>MA20>MA60; 60日趋势强度不足
2026-08-10,601595.SH,,rejected_signal,,19.114731,,0.9851948,,未满足 MA5>MA10>MA20>MA60; 60日趋势强度不足
2026-08-10,601598.SH,,rejected_signal,,51.18792,,1.14457726,,未满足 MA5>MA10>MA20>MA60
2026-08-10,601599.SH,,rejected_signal,,18.592304,,1.01045489,,未满足 MA5>MA10>MA20>MA60; 60日趋势强度不足
2026-08-10,601600.SH,,rejected_signal,,34.094585,,0.97264075,,未满足 MA5>MA10>MA20>MA60; 60日趋势强度不足
2026-08-10,601601.SH,,rejected_signal,,35.377739,,1.07354903,,未满足 MA5>MA10>MA20>MA60; 收盘价低于MA20; 60日趋势强度不足
2026-08-10,601606.SH,,rejected_signal,,29.374557,,1.05222869,,未满足 MA5>MA10>MA20>MA60; 20日涨幅过热; 60日趋势强度不足
2026-08-10,601607.SH,,rejected_signal,,22.799429,,1.04399979,,未满足 MA5>MA10>MA20>MA60; 60日趋势强度不足
2026-08-10,601608.SH,,rejected_signal,,5.56303,,0.95618778,,未满足 MA5>MA10>MA20>MA60; 20日动量低于门槛; 60日趋势强度不足
2026-08-10,601609.SH,,rejected_signal,,8.290456,,0.86748767,,未满足 MA5>MA10>MA20>MA60; 20日动量低于门槛; 60日趋势强度不足
2026-08-10,601611.SH,,rejected_signal,,40.476887,,1.05469465,,未满足 MA5>MA10>MA20>MA60; 60日趋势强度不足
2026-08-10,601615.SH,,rejected_signal,,22.857679,,0.92637181,,未满足 MA5>MA10>MA20>MA60; 60日趋势强度不足
2026-08-10,601616.SH,,rejected_signal,,26.410839,,1.03995776,,未满足 MA5>MA10>MA20>MA60; 60日趋势强度不足
2026-08-10,601618.SH,,rejected_signal,,9.535451,,1.02729917,,未满足 MA5>MA10>MA20>MA60; 收盘价低于MA20; 60日趋势强度不足
2026-08-10,601619.SH,,rejected_signal,,34.801399,,1.02272844,,未满足 MA5>MA10>MA20>MA60; 60日趋势强度不足
2026-08-10,601628.SH,,rejected_signal,,23.874733,,1.05935609,,未满足 MA5>MA10>MA20>MA60; 收盘价低于MA20; 20日动量低于门槛
2026-08-10,601633.SH,,rejected_signal,,13.994543,,1.02955306,,未满足 MA5>MA10>MA20>MA60; 收盘价低于MA20; 60日趋势强度不足
2026-08-10,601636.SH,,rejected_signal,,4.600673,,0.83024693,,未满足 MA5>MA10>MA20>MA60; 20日动量低于门槛; 60日趋势强度不足
2026-08-10,601658.SH,,rejected_signal,,9.147127,,1.03633261,,未满足 MA5>MA10>MA20>MA60; 收盘价低于MA20; 20日动量低于门槛; 60日趋势强度不足
2026-08-10,601665.SH,,rejected_signal,,15.411371,,1.04944694,,未满足 MA5>MA10>MA20>MA60; 20日动量低于门槛; 60日趋势强度不足
2026-08-10,601666.SH,,rejected_signal,,43.024319,,0.96581501,,未满足 MA5>MA10>MA20>MA60
2026-08-10,601668.SH,,rejected_signal,,19.327848,,1.06305969,,未满足 MA5>MA10>MA20>MA60; 收盘价低于MA20; 60日趋势强度不足
2026-08-10,601669.SH,,rejected_signal,,11.369936,,1.00844145,,未满足 MA5>MA10>MA20>MA60; 60日趋势强度不足
2026-08-10,601677.SH,,rejected_signal,,38.448826,,0.99108046,,未满足 MA5>MA10>MA20>MA60; 60日趋势强度不足
2026-08-10,601678.SH,,rejected_signal,,33.368347,,1.02067912,,20日涨幅过热; 偏离MA20过远，追高风险
2026-08-10,601686.SH,,rejected_signal,,10.371381,,1.03590584,,60日趋势强度不足
2026-08-10,601688.SH,,rejected_signal,,7.627884,,0.98900849,,未满足 MA5>MA10>MA20>MA60; 收盘价低于MA20; 20日动量低于门槛; 60日趋势强度不足
2026-08-10,601689.SH,,rejected_signal,,6.032144,,0.82742977,,未满足 MA5>MA10>MA20>MA60; 20日动量低于门槛; 60日趋势强度不足
2026-08-10,601696.SH,,rejected_signal,,9.586014,,1.00042307,,未满足 MA5>MA10>MA20>MA60; 60日趋势强度不足
2026-08-10,601698.SH,,rejected_signal,,11.044291,,0.87041056,,未满足 MA5>MA10>MA20>MA60; 20日动量低于门槛; 60日趋势强度不足
2026-08-10,601699.SH,,rejected_signal,,23.587502,,0.92552042,,未满足 MA5>MA10>MA20>MA60
2026-08-10,601700.SH,,rejected_signal,,35.353462,,1.09437144,,20日涨幅过热; 偏离MA20过远，追高风险
2026-08-10,601702.SH,,rejected_signal,,28.804043,,0.96802747,,未满足 MA5>MA10>MA20>MA60; 60日趋势强度不足
2026-08-10,601717.SH,,rejected_signal,,31.688171,,1.03003597,,未满足 MA5>MA10>MA20>MA60; 60日趋势强度不足
2026-08-10,601718.SH,,rejected_universe,,12.577501,,0.99477124,,不在当日动态股票池(停牌/未上市/已退市/当前ST代理过滤)
2026-08-10,601727.SH,,rejected_signal,,7.102083,,0.96201599,,未满足 MA5>MA10>MA20>MA60; 60日趋势强度不足
2026-08-10,601728.SH,,rejected_signal,,37.331982,,1.08346975,,未满足 MA5>MA10>MA20>MA60; 60日趋势强度不足
2026-08-10,601766.SH,,rejected_signal,,35.345718,,1.08667684,,未满足 MA5>MA10>MA20>MA60; 60日趋势强度不足
2026-08-10,601777.SH,,rejected_signal,,23.12406,,0.9428556,,未满足 MA5>MA10>MA20>MA60; 60日趋势强度不足
2026-08-10,601778.SH,,rejected_signal,,10.976954,,0.82305062,,未满足 MA5>MA10>MA20>MA60; 60日趋势强度不足
2026-08-10,601788.SH,,rejected_signal,,6.039566,,1.01513505,,未满足 MA5>MA10>MA20>MA60; 收盘价低于MA20; 20日动量低于门槛; 60日趋势强度不足
2026-08-10,601789.SH,,rejected_signal,,23.202129,,0.98982906,,未满足 MA5>MA10>MA20>MA60; 60日趋势强度不足
2026-08-10,601798.SH,,rejected_signal,,24.97084,,1.00871813,,未满足 MA5>MA10>MA20>MA60; 60日趋势强度不足
2026-08-10,601799.SH,,rejected_signal,,15.543395,,0.89606869,,未满足 MA5>MA10>MA20>MA60; 60日趋势强度不足
2026-08-10,601800.SH,,rejected_signal,,11.947768,,1.03924501,,未满足 MA5>MA10>MA20>MA60; 收盘价低于MA20; 60日趋势强度不足
2026-08-10,601801.SH,,rejected_signal,,30.28891,,1.08169508,,未满足 MA5>MA10>MA20>MA60; 60日趋势强度不足
2026-08-10,601808.SH,,rejected_signal,,20.345221,,1.0401994,,未满足 MA5>MA10>MA20>MA60; 收盘价低于MA20; 60日趋势强度不足
2026-08-10,601811.SH,,rejected_signal,,9.189733,,1.04769552,,未满足 MA5>MA10>MA20>MA60; 收盘价低于MA20; 60日趋势强度不足
2026-08-10,601816.SH,,rejected_signal,,33.660229,,1.07104063,,未满足 MA5>MA10>MA20>MA60; 60日趋势强度不足
2026-08-10,601818.SH,,rejected_signal,,11.477137,,1.04939878,,未满足 MA5>MA10>MA20>MA60; 收盘价低于MA20; 20日动量低于门槛; 60日趋势强度不足
2026-08-10,601825.SH,,rejected_signal,,17.223568,,1.063133,,未满足 MA5>MA10>MA20>MA60; 收盘价低于MA20; 60日趋势强度不足
2026-08-10,601827.SH,,rejected_rank,53,44.966633,0.40229884,1.08510685,0.44367814,"信号有效, 但综合排名未进入 Top20"
2026-08-10,601828.SH,,rejected_signal,,16.206329,,0.99679667,,未满足 MA5>MA10>MA20>MA60; 60日趋势强度不足
2026-08-10,601838.SH,,rejected_signal,,9.6065,,1.02573395,,未满足 MA5>MA10>MA20>MA60; 收盘价低于MA20; 20日动量低于门槛; 60日趋势强度不足
2026-08-10,601857.SH,,rejected_signal,,45.604366,,1.08574176,,未满足 MA5>MA10>MA20>MA60; 60日趋势强度不足
2026-08-10,601858.SH,,rejected_signal,,25.113026,,1.05597091,,未满足 MA5>MA10>MA20>MA60; 20日涨幅过热; 60日趋势强度不足; 偏离MA20过远，追高风险
2026-08-10,601860.SH,,rejected_signal,,10.115586,,1.05610788,,未满足 MA5>MA10>MA20>MA60; 收盘价低于MA20; 20日动量低于门槛; 60日趋势强度不足
2026-08-10,601865.SH,,rejected_signal,,38.586533,,1.049178,,未满足 MA5>MA10>MA20>MA60; 60日趋势强度不足
2026-08-10,601866.SH,,rejected_signal,,12.310398,,1.03067935,,未满足 MA5>MA10>MA20>MA60; 60日趋势强度不足
2026-08-10,601868.SH,,rejected_signal,,8.700218,,0.97457993,,未满足 MA5>MA10>MA20>MA60; 60日趋势强度不足
2026-08-10,601869.SH,,rejected_signal,,5.01511,,0.52688807,,未满足 MA5>MA10>MA20>MA60; 20日动量低于门槛; 60日趋势强度不足; 20日年化波动过高
2026-08-10,601872.SH,,rejected_signal,,36.384048,,1.0404985,,未满足 MA5>MA10>MA20>MA60
2026-08-10,601877.SH,,rejected_signal,,13.993544,,0.98265755,,未满足 MA5>MA10>MA20>MA60; 60日趋势强度不足
2026-08-10,601878.SH,,rejected_signal,,6.87534,,1.02176499,,收盘价低于MA20; 20日动量低于门槛; 60日趋势强度不足
2026-08-10,601880.SH,,rejected_signal,,12.575634,,1.03841603,,未满足 MA5>MA10>MA20>MA60; 收盘价低于MA20; 60日趋势强度不足
2026-08-10,601881.SH,,rejected_signal,,5.535847,,1.00925004,,未满足 MA5>MA10>MA20>MA60; 收盘价低于MA20; 20日动量低于门槛; 60日趋势强度不足
2026-08-10,601882.SH,,rejected_signal,,20.545895,,0.96660399,,未满足 MA5>MA10>MA20>MA60; 60日趋势强度不足
2026-08-10,601886.SH,,rejected_signal,,22.452965,,1.01285744,,未满足 MA5>MA10>MA20>MA60; 60日趋势强度不足
2026-08-10,601888.SH,,rejected_signal,,31.184929,,1.0464834,,未满足 MA5>MA10>MA20>MA60; 60日趋势强度不足
2026-08-10,601890.SH,,rejected_signal,,19.300203,,1.01129127,,未满足 MA5>MA10>MA20>MA60; 60日趋势强度不足
2026-08-10,601898.SH,,rejected_signal,,27.228197,,0.93231213,,未满足 MA5>MA10>MA20>MA60; 60日趋势强度不足
2026-08-10,601899.SH,,rejected_rank,37,48.296749,0.58620691,1.10327852,0.61609197,"信号有效, 但综合排名未进入 Top20"
2026-08-10,601900.SH,,rejected_signal,,28.52532,,1.06929028,,未满足 MA5>MA10>MA20>MA60; 60日趋势强度不足
2026-08-10,601901.SH,,rejected_signal,,6.902953,,1.01733446,,未满足 MA5>MA10>MA20>MA60; 收盘价低于MA20; 20日动量低于门槛; 60日趋势强度不足
2026-08-10,601908.SH,,rejected_signal,,10.73991,,0.97725928,,未满足 MA5>MA10>MA20>MA60; 60日趋势强度不足
2026-08-10,601916.SH,,rejected_signal,,17.200523,,1.06357276,,未满足 MA5>MA10>MA20>MA60; 60日趋势强度不足
2026-08-10,601918.SH,,rejected_signal,,31.144428,,0.9670431,,未满足 MA5>MA10>MA20>MA60
2026-08-10,601919.SH,,rejected_signal,,47.840015,,1.09823608,,未满足 MA5>MA10>MA20>MA60
2026-08-10,601921.SH,,rejected_signal,,16.496939,,1.04666567,,未满足 MA5>MA10>MA20>MA60; 60日趋势强度不足
2026-08-10,601928.SH,,rejected_signal,,14.433354,,1.07184875,,未满足 MA5>MA10>MA20>MA60; 收盘价低于MA20; 20日动量低于门槛; 60日趋势强度不足
2026-08-10,601929.SH,,rejected_signal,,21.256617,,0.97040004,,未满足 MA5>MA10>MA20>MA60; 60日趋势强度不足
2026-08-10,601933.SH,,rejected_signal,,18.229574,,1.00416839,,未满足 MA5>MA10>MA20>MA60; 60日趋势强度不足
2026-08-10,601939.SH,,rejected_signal,,14.319139,,1.04482543,,未满足 MA5>MA10>MA20>MA60; 收盘价低于MA20; 20日动量低于门槛
2026-08-10,601949.SH,,rejected_signal,,39.741199,,1.10452306,,60日趋势强度不足
2026-08-10,601952.SH,,rejected_signal,,19.407564,,1.03076231,,未满足 MA5>MA10>MA20>MA60; 60日趋势强度不足
2026-08-10,601956.SH,,rejected_signal,,12.808921,,1.0035063,,未满足 MA5>MA10>MA20>MA60; 60日趋势强度不足
2026-08-10,601958.SH,,rejected_signal,,29.879293,,0.88008964,,未满足 MA5>MA10>MA20>MA60
2026-08-10,601963.SH,,rejected_signal,,27.73765,,1.05381536,,未满足 MA5>MA10>MA20>MA60; 收盘价低于MA20
2026-08-10,601965.SH,,rejected_signal,,37.707481,,1.0744797,,未满足 MA5>MA10>MA20>MA60; 60日趋势强度不足
2026-08-10,601966.SH,,rejected_signal,,14.130308,,1.0421952,,未满足 MA5>MA10>MA20>MA60; 60日趋势强度不足
2026-08-10,601968.SH,,rejected_signal,,23.731535,,1.04052496,,60日趋势强度不足
2026-08-10,601969.SH,,rejected_signal,,32.466213,,1.02275038,,未满足 MA5>MA10>MA20>MA60; 60日趋势强度不足
2026-08-10,601975.SH,,rejected_signal,,17.296999,,0.91036016,,未满足 MA5>MA10>MA20>MA60; 60日趋势强度不足
2026-08-10,601985.SH,,rejected_signal,,7.774326,,1.01906073,,未满足 MA5>MA10>MA20>MA60; 收盘价低于MA20; 20日动量低于门槛; 60日趋势强度不足
2026-08-10,601988.SH,,rejected_signal,,12.199196,,1.03291619,,未满足 MA5>MA10>MA20>MA60; 收盘价低于MA20; 20日动量低于门槛; 60日趋势强度不足
2026-08-10,601989.SH,,rejected_universe,,0.0,,0.0,,不在当日动态股票池(停牌/未上市/已退市/当前ST代理过滤)
2026-08-10,601990.SH,,rejected_signal,,9.561924,,1.0361588,,收盘价低于MA20; 60日趋势强度不足
2026-08-10,601991.SH,,rejected_signal,,12.119685,,0.84899545,,未满足 MA5>MA10>MA20>MA60; 60日趋势强度不足
2026-08-10,601992.SH,,rejected_signal,,20.657076,,1.00903678,,未满足 MA5>MA10>MA20>MA60; 60日趋势强度不足
2026-08-10,601995.SH,,rejected_signal,,7.254484,,1.00928771,,未满足 MA5>MA10>MA20>MA60; 收盘价低于MA20; 20日动量低于门槛; 60日趋势强度不足
2026-08-10,601996.SH,,rejected_signal,,15.794457,,0.97103894,,未满足 MA5>MA10>MA20>MA60; 60日趋势强度不足
2026-08-10,601997.SH,,rejected_signal,,18.641144,,1.05860782,,未满足 MA5>MA10>MA20>MA60; 60日趋势强度不足
2026-08-10,601998.SH,,rejected_signal,,19.247141,,1.06153464,,未满足 MA5>MA10>MA20>MA60; 收盘价低于MA20; 20日动量低于门槛; 60日趋势强度不足
2026-08-10,601999.SH,,rejected_signal,,20.20339,,1.02519023,,未满足 MA5>MA10>MA20>MA60; 60日趋势强度不足; 20日平均成交额不足
2026-08-10,603000.SH,,rejected_signal,,38.06134,,1.03954184,,未满足 MA5>MA10>MA20>MA60; 60日趋势强度不足
2026-08-10,603001.SH,,rejected_signal,,6.463219,,0.79205257,,未满足 MA5>MA10>MA20>MA60; 60日趋势强度不足
2026-08-10,603002.SH,,rejected_signal,,10.049467,,0.56222278,,未满足 MA5>MA10>MA20>MA60; 20日动量低于门槛; 60日趋势强度不足
2026-08-10,603003.SH,,rejected_universe,,0.0,,0.0,,不在当日动态股票池(停牌/未上市/已退市/当前ST代理过滤)
2026-08-10,603004.SH,,rejected_signal,,1.782265,,0.8722626,,未满足 MA5>MA10>MA20>MA60; 20日动量低于门槛; 60日趋势强度不足
2026-08-10,603005.SH,,rejected_signal,,2.284734,,0.66073304,,未满足 MA5>MA10>MA20>MA60; 20日动量低于门槛; 60日趋势强度不足
2026-08-10,603006.SH,,rejected_signal,,2.969926,,0.8436842,,未满足 MA5>MA10>MA20>MA60; 20日动量低于门槛; 60日趋势强度不足
2026-08-10,603007.SH,,rejected_signal,,1.608614,,0.8094002,,未满足 MA5>MA10>MA20>MA60; 20日动量低于门槛; 60日趋势强度不足
2026-08-10,603008.SH,,rejected_universe,,0.42429,,0.96989155,,不在当日动态股票池(停牌/未上市/已退市/当前ST代理过滤)
2026-08-10,603009.SH,,rejected_signal,,4.11695,,0.8513934,,未满足 MA5>MA10>MA20>MA60; 收盘价低于MA20; 20日动量低于门槛; 60日趋势强度不足
2026-08-10,603010.SH,,rejected_signal,,3.769324,,0.71312517,,未满足 MA5>MA10>MA20>MA60; 20日动量低于门槛; 60日趋势强度不足
2026-08-10,603011.SH,,rejected_signal,,16.122919,,0.64716369,,未满足 MA5>MA10>MA20>MA60; 偏离MA20过远，追高风险
2026-08-10,603012.SH,,rejected_signal,,11.646126,,0.95164841,,未满足 MA5>MA10>MA20>MA60; 收盘价低于MA20; 60日趋势强度不足
2026-08-10,603013.SH,,rejected_signal,,11.203029,,1.00499117,,未满足 MA5>MA10>MA20>MA60; 60日趋势强度不足
2026-08-10,603014.SH,,rejected_signal,,7.683457,,0.98244262,,未满足 MA5>MA10>MA20>MA60; 20日动量低于门槛; 60日趋势强度不足
2026-08-10,603015.SH,,rejected_signal,,10.128482,,0.90273696,,未满足 MA5>MA10>MA20>MA60; 60日趋势强度不足
2026-08-10,603016.SH,,rejected_signal,,3.480025,,0.80705464,,未满足 MA5>MA10>MA20>MA60; 20日动量低于门槛; 60日趋势强度不足
2026-08-10,603017.SH,,rejected_signal,,15.404795,,0.88254231,,未满足 MA5>MA10>MA20>MA60; 60日趋势强度不足
2026-08-10,603018.SH,,rejected_signal,,3.737432,,0.99423891,,未满足 MA5>MA10>MA20>MA60; 60日趋势强度不足
2026-08-10,603019.SH,,rejected_signal,,8.808594,,0.90924525,,未满足 MA5>MA10>MA20>MA60; 收盘价低于MA20; 20日动量低于门槛; 60日趋势强度不足
2026-08-10,603020.SH,,rejected_signal,,5.200302,,0.78992987,,未满足 MA5>MA10>MA20>MA60; 20日动量低于门槛; 60日趋势强度不足
2026-08-10,603021.SH,,rejected_universe,,0.0,,1.03927374,,不在当日动态股票池(停牌/未上市/已退市/当前ST代理过滤)
2026-08-10,603022.SH,,rejected_signal,,17.200184,,0.94918698,,未满足 MA5>MA10>MA20>MA60; 60日趋势强度不足
2026-08-10,603023.SH,,rejected_signal,,22.677738,,0.92486513,,未满足 MA5>MA10>MA20>MA60; 60日趋势强度不足
2026-08-10,603025.SH,,rejected_signal,,7.923135,,0.96676242,,未满足 MA5>MA10>MA20>MA60; 60日趋势强度不足
2026-08-10,603026.SH,,rejected_signal,,8.747109,,0.7915476,,未满足 MA5>MA10>MA20>MA60; 20日动量低于门槛; 60日趋势强度不足
2026-08-10,603027.SH,,rejected_signal,,33.309032,,1.07093465,,未满足 MA5>MA10>MA20>MA60; 60日趋势强度不足
2026-08-10,603028.SH,,rejected_signal,,18.621012,,0.91657537,,未满足 MA5>MA10>MA20>MA60; 60日趋势强度不足; 20日平均成交额不足
2026-08-10,603029.SH,,rejected_signal,,24.906893,,0.96902841,,未满足 MA5>MA10>MA20>MA60; 60日趋势强度不足; 20日平均成交额不足
2026-08-10,603030.SH,,rejected_signal,,15.382883,,0.88750231,,未满足 MA5>MA10>MA20>MA60; 60日趋势强度不足
2026-08-10,603031.SH,,rejected_signal,,3.063544,,0.70603585,,未满足 MA5>MA10>MA20>MA60; 20日动量低于门槛; 60日趋势强度不足
2026-08-10,603032.SH,,rejected_signal,,1.189872,,0.74362373,,未满足 MA5>MA10>MA20>MA60; 20日动量低于门槛; 60日趋势强度不足
2026-08-10,603033.SH,,rejected_signal,,1.086595,,0.83195668,,未满足 MA5>MA10>MA20>MA60; 20日动量低于门槛; 60日趋势强度不足
2026-08-10,603035.SH,,rejected_signal,,10.244253,,0.99854529,,未满足 MA5>MA10>MA20>MA60; 60日趋势强度不足
2026-08-10,603036.SH,,rejected_signal,,9.851157,,0.94178218,,未满足 MA5>MA10>MA20>MA60; 60日趋势强度不足
2026-08-10,603037.SH,,rejected_signal,,13.440582,,0.90468651,,未满足 MA5>MA10>MA20>MA60; 60日趋势强度不足
2026-08-10,603038.SH,,rejected_signal,,3.922745,,0.81900328,,未满足 MA5>MA10>MA20>MA60; 20日动量低于门槛; 60日趋势强度不足
2026-08-10,603039.SH,,rejected_signal,,30.928511,,1.0708921,,未满足 MA5>MA10>MA20>MA60; 20日涨幅过热; 偏离MA20过远，追高风险
2026-08-10,603040.SH,,rejected_signal,,2.639758,,0.85655391,,未满足 MA5>MA10>MA20>MA60; 20日动量低于门槛; 60日趋势强度不足
2026-08-10,603041.SH,,rejected_signal,,11.008714,,0.93204933,,未满足 MA5>MA10>MA20>MA60; 60日趋势强度不足; 20日平均成交额不足
2026-08-10,603042.SH,,rejected_signal,,13.042731,,0.83839327,,未满足 MA5>MA10>MA20>MA60; 60日趋势强度不足
2026-08-10,603043.SH,,rejected_signal,,17.954042,,1.0446341,,未满足 MA5>MA10>MA20>MA60; 60日趋势强度不足
2026-08-10,603045.SH,,rejected_signal,,3.00024,,0.62526405,,未满足 MA5>MA10>MA20>MA60; 20日动量低于门槛; 60日趋势强度不足
2026-08-10,603048.SH,,rejected_signal,,21.283398,,0.99304229,,未满足 MA5>MA10>MA20>MA60; 60日趋势强度不足; 偏离MA20过远，追高风险
2026-08-10,603049.SH,,rejected_signal,,21.672131,,1.07427979,,未满足 MA5>MA10>MA20>MA60
2026-08-10,603050.SH,,rejected_signal,,5.70525,,0.9269219,,未满足 MA5>MA10>MA20>MA60; 20日动量低于门槛; 60日趋势强度不足
2026-08-10,603051.SH,,rejected_signal,,5.066519,,0.90450585,,未满足 MA5>MA10>MA20>MA60; 20日动量低于门槛; 60日趋势强度不足
2026-08-10,603052.SH,,rejected_signal,,1.668676,,0.56710684,,未满足 MA5>MA10>MA20>MA60; 20日动量低于门槛; 60日趋势强度不足
2026-08-10,603053.SH,,rejected_signal,,13.034132,,1.03083777,,60日趋势强度不足; 20日平均成交额不足
2026-08-10,603055.SH,,rejected_signal,,11.822132,,1.0357163,,未满足 MA5>MA10>MA20>MA60; 收盘价低于MA20; 20日动量低于门槛; 60日趋势强度不足
2026-08-10,603056.SH,,rejected_universe,,0.0,,0.0,,不在当日动态股票池(停牌/未上市/已退市/当前ST代理过滤)
2026-08-10,603057.SH,,rejected_signal,,19.450245,,0.97755742,,未满足 MA5>MA10>MA20>MA60; 60日趋势强度不足
2026-08-10,603058.SH,,rejected_signal,,27.938213,,0.94090152,,未满足 MA5>MA10>MA20>MA60; 60日趋势强度不足
2026-08-10,603059.SH,,rejected_signal,,14.760378,,0.93768394,,未满足 MA5>MA10>MA20>MA60; 60日趋势强度不足; 20日平均成交额不足
2026-08-10,603060.SH,,rejected_signal,,1.925829,,0.89562577,,未满足 MA5>MA10>MA20>MA60; 60日趋势强度不足
2026-08-10,603061.SH,,rejected_signal,,7.367888,,0.61102581,,未满足 MA5>MA10>MA20>MA60; 20日动量低于门槛; 60日趋势强度不足; 20日年化波动过高
2026-08-10,603062.SH,,rejected_signal,,10.226462,,0.91363448,,未满足 MA5>MA10>MA20>MA60; 60日趋势强度不足; 20日平均成交额不足
2026-08-10,603063.SH,,rejected_signal,,4.851578,,0.57256228,,未满足 MA5>MA10>MA20>MA60; 20日动量低于门槛; 60日趋势强度不足
2026-08-10,603065.SH,,rejected_signal,,18.625977,,0.94113928,,未满足 MA5>MA10>MA20>MA60; 20日动量低于门槛; 20日年化波动过高
2026-08-10,603066.SH,,rejected_signal,,3.77763,,0.89420795,,未满足 MA5>MA10>MA20>MA60; 20日动量低于门槛; 60日趋势强度不足
2026-08-10,603067.SH,,rejected_signal,,11.240145,,0.81246763,,未满足 MA5>MA10>MA20>MA60; 20日动量低于门槛; 60日趋势强度不足
2026-08-10,603068.SH,,rejected_rank,87,22.12599,0.01149425,0.96960825,0.01609195,"信号有效, 但综合排名未进入 Top20"
2026-08-10,603069.SH,,rejected_signal,,17.1388,,0.95420581,,未满足 MA5>MA10>MA20>MA60; 60日趋势强度不足
2026-08-10,603070.SH,,rejected_signal,,10.78666,,0.84589946,,未满足 MA5>MA10>MA20>MA60; 60日趋势强度不足
2026-08-10,603071.SH,,rejected_signal,,10.557699,,0.98816901,,未满足 MA5>MA10>MA20>MA60; 60日趋势强度不足
2026-08-10,603072.SH,,rejected_signal,,9.354791,,0.90772861,,未满足 MA5>MA10>MA20>MA60; 60日趋势强度不足
2026-08-10,603073.SH,,rejected_signal,,19.352182,,0.96471214,,未满足 MA5>MA10>MA20>MA60; 60日趋势强度不足; 20日平均成交额不足
2026-08-10,603075.SH,,rejected_signal,,4.508888,,0.81913877,,未满足 MA5>MA10>MA20>MA60; 收盘价低于MA20; 20日动量低于门槛; 60日趋势强度不足
2026-08-10,603076.SH,,rejected_signal,,11.666552,,0.9185757,,未满足 MA5>MA10>MA20>MA60; 60日趋势强度不足
2026-08-10,603077.SH,,rejected_signal,,34.829502,,1.00036037,,未满足 MA5>MA10>MA20>MA60; 60日趋势强度不足
2026-08-10,603078.SH,,rejected_signal,,16.726833,,0.55281043,,未满足 MA5>MA10>MA20>MA60; 20日动量低于门槛
2026-08-10,603079.SH,,rejected_signal,,18.443834,,0.92840052,,未满足 MA5>MA10>MA20>MA60; 60日趋势强度不足
2026-08-10,603080.SH,,rejected_signal,,3.509457,,0.9292044,,未满足 MA5>MA10>MA20>MA60; 20日动量低于门槛; 60日趋势强度不足; 20日平均成交额不足
2026-08-10,603081.SH,,rejected_signal,,14.975847,,0.94550037,,未满足 MA5>MA10>MA20>MA60; 60日趋势强度不足
2026-08-10,603082.SH,,rejected_signal,,24.806335,,0.93534207,,未满足 MA5>MA10>MA20>MA60; 60日趋势强度不足
2026-08-10,603083.SH,,rejected_signal,,2.181308,,0.67984039,,未满足 MA5>MA10>MA20>MA60; 收盘价低于MA20; 20日动量低于门槛; 60日趋势强度不足; 20日年化波动过高
2026-08-10,603085.SH,,rejected_signal,,1.844951,,0.82652599,,未满足 MA5>MA10>MA20>MA60; 20日动量低于门槛; 60日趋势强度不足
2026-08-10,603086.SH,,rejected_signal,,17.156809,,0.98822027,,未满足 MA5>MA10>MA20>MA60; 60日趋势强度不足
2026-08-10,603087.SH,,rejected_rank,31,49.513336,0.65517241,1.12657404,0.69425285,"信号有效, 但综合排名未进入 Top20"
2026-08-10,603088.SH,,rejected_signal,,18.810486,,0.93015093,,未满足 MA5>MA10>MA20>MA60; 60日趋势强度不足
2026-08-10,603089.SH,,rejected_signal,,18.474173,,0.94439387,,未满足 MA5>MA10>MA20>MA60; 60日趋势强度不足; 20日平均成交额不足
2026-08-10,603090.SH,,rejected_signal,,1.335048,,0.65296483,,未满足 MA5>MA10>MA20>MA60; 20日动量低于门槛; 60日趋势强度不足
2026-08-10,603091.SH,,rejected_signal,,2.805359,,0.95179522,,未满足 MA5>MA10>MA20>MA60; 20日动量低于门槛; 60日趋势强度不足
2026-08-10,603092.SH,,rejected_signal,,5.668496,,0.92196256,,未满足 MA5>MA10>MA20>MA60; 60日趋势强度不足
2026-08-10,603093.SH,,rejected_signal,,16.976574,,0.9375639,,未满足 MA5>MA10>MA20>MA60; 60日趋势强度不足
2026-08-10,603095.SH,,rejected_signal,,5.347028,,0.77970922,,未满足 MA5>MA10>MA20>MA60; 60日趋势强度不足
2026-08-10,603096.SH,,rejected_signal,,20.626247,,0.99849916,,未满足 MA5>MA10>MA20>MA60; 60日趋势强度不足; 20日平均成交额不足
2026-08-10,603097.SH,,rejected_signal,,24.029659,,1.01777625,,未满足 MA5>MA10>MA20>MA60; 20日涨幅过热; 偏离MA20过远，追高风险
2026-08-10,603098.SH,,rejected_signal,,10.027758,,0.93429512,,未满足 MA5>MA10>MA20>MA60; 60日趋势强度不足
2026-08-10,603099.SH,,rejected_rank,44,46.089512,0.50574714,1.06807339,0.48735633,"信号有效, 但综合排名未进入 Top20"
2026-08-10,603100.SH,,rejected_signal,,18.226416,,1.03732955,,未满足 MA5>MA10>MA20>MA60; 60日趋势强度不足
2026-08-10,603101.SH,,rejected_signal,,32.385807,,1.04279804,,60日趋势强度不足
2026-08-10,603102.SH,,rejected_signal,,15.403065,,0.98987556,,未满足 MA5>MA10>MA20>MA60; 60日趋势强度不足; 偏离MA20过远，追高风险
2026-08-10,603103.SH,,rejected_signal,,27.016077,,0.87137318,,未满足 MA5>MA10>MA20>MA60; 60日趋势强度不足
2026-08-10,603105.SH,,rejected_signal,,23.784878,,0.97290659,,未满足 MA5>MA10>MA20>MA60; 60日趋势强度不足
2026-08-10,603106.SH,,rejected_signal,,32.896416,,1.10992384,,未满足 MA5>MA10>MA20>MA60; 60日趋势强度不足
2026-08-10,603107.SH,,rejected_signal,,9.630659,,1.00479281,,未满足 MA5>MA10>MA20>MA60; 60日趋势强度不足
2026-08-10,603108.SH,,rejected_signal,,24.578735,,0.94025064,,未满足 MA5>MA10>MA20>MA60; 60日趋势强度不足
2026-08-10,603109.SH,,rejected_signal,,11.88592,,0.95758063,,未满足 MA5>MA10>MA20>MA60; 60日趋势强度不足
2026-08-10,603110.SH,,rejected_signal,,40.012856,,0.9751631,,未满足 MA5>MA10>MA20>MA60; 偏离MA20过远，追高风险
2026-08-10,603111.SH,,rejected_signal,,6.633554,,0.99559498,,未满足 MA5>MA10>MA20>MA60; 20日动量低于门槛; 60日趋势强度不足
2026-08-10,603112.SH,,rejected_signal,,12.069792,,0.81825721,,未满足 MA5>MA10>MA20>MA60; 20日动量低于门槛; 60日趋势强度不足
2026-08-10,603113.SH,,rejected_signal,,24.437305,,0.98893052,,未满足 MA5>MA10>MA20>MA60; 60日趋势强度不足
2026-08-10,603115.SH,,rejected_signal,,2.292685,,0.60696852,,未满足 MA5>MA10>MA20>MA60; 20日动量低于门槛; 60日趋势强度不足; 20日年化波动过高
2026-08-10,603116.SH,,rejected_signal,,0.0,,0.90402895,,未满足 MA5>MA10>MA20>MA60; 20日动量低于门槛; 60日趋势强度不足
2026-08-10,603117.SH,,rejected_signal,,20.638027,,0.95709306,,未满足 MA5>MA10>MA20>MA60; 60日趋势强度不足
2026-08-10,603118.SH,,rejected_signal,,21.255323,,0.95727241,,未满足 MA5>MA10>MA20>MA60; 收盘价低于MA20; 20日动量低于门槛; 60日趋势强度不足; 20日年化波动过高
2026-08-10,603119.SH,,rejected_signal,,4.479979,,0.74109936,,未满足 MA5>MA10>MA20>MA60; 20日动量低于门槛; 60日趋势强度不足
2026-08-10,603120.SH,,rejected_signal,,0.0,,0.86647177,,未满足 MA5>MA10>MA20>MA60; 20日动量低于门槛; 60日趋势强度不足
2026-08-10,603121.SH,,rejected_signal,,13.235164,,0.83698839,,未满足 MA5>MA10>MA20>MA60; 60日趋势强度不足
2026-08-10,603122.SH,,rejected_signal,,24.816187,,0.91784763,,未满足 MA5>MA10>MA20>MA60; 60日趋势强度不足
2026-08-10,603123.SH,,rejected_signal,,39.103371,,0.99349087,,未满足 MA5>MA10>MA20>MA60; 60日趋势强度不足
2026-08-10,603124.SH,,rejected_signal,,6.614754,,0.5497669,,未满足 MA5>MA10>MA20>MA60; 20日动量低于门槛; 20日年化波动过高
2026-08-10,603125.SH,,rejected_signal,,0.0,,0.74530923,,未满足 MA5>MA10>MA20>MA60; 20日动量低于门槛; 60日趋势强度不足
2026-08-10,603126.SH,,rejected_signal,,8.167095,,0.89940995,,未满足 MA5>MA10>MA20>MA60; 60日趋势强度不足
2026-08-10,603127.SH,,rejected_signal,,58.582764,,1.02811396,,未满足 MA5>MA10>MA20>MA60; 20日年化波动过高
2026-08-10,603128.SH,,rejected_signal,,18.731842,,1.05772758,,未满足 MA5>MA10>MA20>MA60; 60日趋势强度不足
2026-08-10,603129.SH,,rejected_signal,,59.857605,,1.19153452,,未满足 MA5>MA10>MA20>MA60
2026-08-10,603130.SH,,rejected_signal,,15.426427,,1.01056087,,未满足 MA5>MA10>MA20>MA60; 60日趋势强度不足
2026-08-10,603131.SH,,rejected_signal,,4.098124,,0.8431499,,未满足 MA5>MA10>MA20>MA60; 20日动量低于门槛; 60日趋势强度不足
2026-08-10,603132.SH,,rejected_signal,,30.992218,,1.03004622,,未满足 MA5>MA10>MA20>MA60; 60日趋势强度不足
2026-08-10,603133.SH,,rejected_universe,,0.0,,0.0,,不在当日动态股票池(停牌/未上市/已退市/当前ST代理过滤)
2026-08-10,603135.SH,,rejected_signal,,3.106191,,0.7838248,,未满足 MA5>MA10>MA20>MA60; 20日动量低于门槛; 60日趋势强度不足
2026-08-10,603136.SH,,rejected_signal,,19.177662,,1.01766336,,未满足 MA5>MA10>MA20>MA60; 60日趋势强度不足; 20日平均成交额不足
2026-08-10,603137.SH,,rejected_signal,,37.892838,,1.57461822,,未满足 MA5>MA10>MA20>MA60; 20日动量低于门槛; 20日年化波动过高
2026-08-10,603138.SH,,rejected_signal,,4.293886,,0.85980219,,未满足 MA5>MA10>MA20>MA60; 60日趋势强度不足
2026-08-10,603139.SH,,rejected_signal,,1.663037,,0.86476201,,未满足 MA5>MA10>MA20>MA60; 20日动量低于门槛; 60日趋势强度不足
2026-08-10,603150.SH,,rejected_signal,,4.586641,,0.67985648,,未满足 MA5>MA10>MA20>MA60; 20日动量低于门槛; 60日趋势强度不足
2026-08-10,603151.SH,,rejected_signal,,32.928921,,1.01323867,,未满足 MA5>MA10>MA20>MA60; 60日趋势强度不足
2026-08-10,603153.SH,,rejected_signal,,6.443298,,1.01357448,,未满足 MA5>MA10>MA20>MA60; 60日趋势强度不足; 20日平均成交额不足
2026-08-10,603155.SH,,rejected_signal,,3.136791,,0.77812481,,未满足 MA5>MA10>MA20>MA60; 20日动量低于门槛
2026-08-10,603156.SH,,rejected_signal,,36.796703,,0.99608982,,未满足 MA5>MA10>MA20>MA60; 偏离MA20过远，追高风险
2026-08-10,603158.SH,,rejected_signal,,13.957323,,0.72956836,,未满足 MA5>MA10>MA20>MA60; 60日趋势强度不足
2026-08-10,603159.SH,,rejected_signal,,24.08227,,0.89323175,,未满足 MA5>MA10>MA20>MA60; 60日趋势强度不足
2026-08-10,603160.SH,,rejected_signal,,4.460773,,0.91756439,,未满足 MA5>MA10>MA20>MA60; 20日动量低于门槛; 60日趋势强度不足
2026-08-10,603161.SH,,rejected_rank,86,22.136782,0.02298851,1.00214088,0.03908046,"信号有效, 但综合排名未进入 Top20"
2026-08-10,603162.SH,,rejected_signal,,46.37693,,1.00188541,,60日趋势强度不足
2026-08-10,603163.SH,,rejected_signal,,0.0,,0.56485868,,未满足 MA5>MA10>MA20>MA60; 20日动量低于门槛; 60日趋势强度不足; 20日年化波动过高
2026-08-10,603165.SH,,rejected_signal,,4.681675,,0.97761035,,未满足 MA5>MA10>MA20>MA60; 60日趋势强度不足
2026-08-10,603166.SH,,rejected_signal,,12.795879,,0.8608731,,未满足 MA5>MA10>MA20>MA60; 60日趋势强度不足
2026-08-10,603167.SH,,rejected_signal,,10.8607,,1.03390658,,60日趋势强度不足
2026-08-10,603168.SH,,rejected_signal,,32.639687,,1.01024842,,未满足 MA5>MA10>MA20>MA60; 60日趋势强度不足
2026-08-10,603169.SH,,rejected_signal,,22.24032,,0.98076117,,未满足 MA5>MA10>MA20>MA60; 60日趋势强度不足
2026-08-10,603170.SH,,rejected_rank,26,50.144207,0.71264368,1.07995319,0.68275863,"信号有效, 但综合排名未进入 Top20"
2026-08-10,603171.SH,,rejected_signal,,37.774693,,1.04408395,,未满足 MA5>MA10>MA20>MA60; 60日趋势强度不足
2026-08-10,603172.SH,,rejected_signal,,10.948043,,0.90874785,,未满足 MA5>MA10>MA20>MA60; 60日趋势强度不足; 20日平均成交额不足
2026-08-10,603173.SH,,rejected_signal,,2.986322,,0.9569515,,未满足 MA5>MA10>MA20>MA60; 20日动量低于门槛; 60日趋势强度不足; 20日平均成交额不足
2026-08-10,603175.SH,,rejected_signal,,21.101564,,0.84876609,,未满足 MA5>MA10>MA20>MA60; 60日趋势强度不足
2026-08-10,603176.SH,,rejected_signal,,16.736336,,0.95817602,,未满足 MA5>MA10>MA20>MA60; 60日趋势强度不足; 20日平均成交额不足
2026-08-10,603177.SH,,rejected_signal,,9.017916,,0.95975798,,未满足 MA5>MA10>MA20>MA60; 60日趋势强度不足
2026-08-10,603178.SH,,rejected_signal,,31.717014,,1.02334201,,未满足 MA5>MA10>MA20>MA60; 60日趋势强度不足
2026-08-10,603179.SH,,rejected_signal,,3.052248,,0.8370139,,未满足 MA5>MA10>MA20>MA60; 收盘价低于MA20; 20日动量低于门槛; 60日趋势强度不足
2026-08-10,603180.SH,,rejected_signal,,11.174032,,0.97166109,,未满足 MA5>MA10>MA20>MA60; 60日趋势强度不足; 20日平均成交额不足
2026-08-10,603181.SH,,rejected_signal,,5.388319,,0.92498201,,未满足 MA5>MA10>MA20>MA60; 60日趋势强度不足
2026-08-10,603182.SH,,rejected_signal,,21.872063,,0.98737586,,未满足 MA5>MA10>MA20>MA60; 60日趋势强度不足; 20日平均成交额不足
2026-08-10,603183.SH,,rejected_signal,,50.855129,,1.01174963,,60日趋势强度不足
2026-08-10,603185.SH,,rejected_signal,,13.461653,,0.97045201,,未满足 MA5>MA10>MA20>MA60; 60日趋势强度不足
2026-08-10,603186.SH,,rejected_signal,,15.962166,,0.41316411,,未满足 MA5>MA10>MA20>MA60; 20日动量低于门槛; 20日年化波动过高
2026-08-10,603187.SH,,rejected_signal,,18.667694,,1.00683701,,未满足 MA5>MA10>MA20>MA60; 60日趋势强度不足
2026-08-10,603188.SH,,rejected_signal,,11.982277,,0.95417756,,未满足 MA5>MA10>MA20>MA60; 60日趋势强度不足
2026-08-10,603189.SH,,rejected_universe,,3.014877,,0.83115131,,不在当日动态股票池(停牌/未上市/已退市/当前ST代理过滤)
2026-08-10,603190.SH,,rejected_signal,,11.882099,,0.93973899,,未满足 MA5>MA10>MA20>MA60; 60日趋势强度不足
2026-08-10,603191.SH,,rejected_signal,,12.612382,,0.8529768,,未满足 MA5>MA10>MA20>MA60; 60日趋势强度不足
2026-08-10,603192.SH,,rejected_signal,,40.364128,,1.1192534,,60日趋势强度不足
2026-08-10,603193.SH,,rejected_signal,,38.571728,,1.04911613,,未满足 MA5>MA10>MA20>MA60; 60日趋势强度不足
2026-08-10,603194.SH,,rejected_signal,,5.281474,,1.01525331,,未满足 MA5>MA10>MA20>MA60; 20日动量低于门槛; 60日趋势强度不足
2026-08-10,603195.SH,,rejected_signal,,31.712374,,1.06385243,,未满足 MA5>MA10>MA20>MA60; 60日趋势强度不足
2026-08-10,603196.SH,,rejected_signal,,2.165679,,0.79413104,,未满足 MA5>MA10>MA20>MA60; 20日动量低于门槛; 60日趋势强度不足
2026-08-10,603197.SH,,rejected_signal,,25.481678,,1.01417077,,未满足 MA5>MA10>MA20>MA60; 60日趋势强度不足
2026-08-10,603198.SH,,rejected_signal,,53.048103,,1.11294949,,未满足 MA5>MA10>MA20>MA60
2026-08-10,603199.SH,,rejected_signal,,21.54952,,1.02171922,,未满足 MA5>MA10>MA20>MA60; 60日趋势强度不足
2026-08-10,603200.SH,,rejected_signal,,6.048372,,0.85159647,,未满足 MA5>MA10>MA20>MA60; 60日趋势强度不足
2026-08-10,603201.SH,,rejected_signal,,43.736622,,0.94072294,,未满足 MA5>MA10>MA20>MA60
2026-08-10,603202.SH,,rejected_signal,,15.071103,,0.95722908,,未满足 MA5>MA10>MA20>MA60; 60日趋势强度不足
2026-08-10,603203.SH,,rejected_signal,,0.573506,,0.59248614,,未满足 MA5>MA10>MA20>MA60; 20日动量低于门槛; 60日趋势强度不足
2026-08-10,603205.SH,,rejected_signal,,12.48694,,0.95669484,,未满足 MA5>MA10>MA20>MA60; 60日趋势强度不足; 20日平均成交额不足
2026-08-10,603206.SH,,rejected_signal,,9.041866,,0.87494802,,未满足 MA5>MA10>MA20>MA60; 60日趋势强度不足
2026-08-10,603207.SH,,rejected_signal,,8.871337,,0.98494321,,未满足 MA5>MA10>MA20>MA60; 20日动量低于门槛; 60日趋势强度不足
2026-08-10,603208.SH,,rejected_signal,,11.048018,,0.95429945,,未满足 MA5>MA10>MA20>MA60; 60日趋势强度不足; 20日平均成交额不足
2026-08-10,603209.SH,,rejected_signal,,18.794626,,1.02933395,,60日趋势强度不足
2026-08-10,603210.SH,,rejected_signal,,17.314186,,0.98944521,,未满足 MA5>MA10>MA20>MA60; 60日趋势强度不足
2026-08-10,603211.SH,,rejected_signal,,0.0,,0.72768301,,未满足 MA5>MA10>MA20>MA60; 收盘价低于MA20; 20日动量低于门槛; 60日趋势强度不足
2026-08-10,603212.SH,,rejected_signal,,5.798272,,0.8417449,,未满足 MA5>MA10>MA20>MA60; 60日趋势强度不足
2026-08-10,603213.SH,,rejected_signal,,1.962655,,0.98917973,,未满足 MA5>MA10>MA20>MA60; 20日动量低于门槛; 60日趋势强度不足
2026-08-10,603214.SH,,rejected_signal,,21.494827,,0.99435002,,未满足 MA5>MA10>MA20>MA60; 60日趋势强度不足
2026-08-10,603215.SH,,rejected_signal,,19.754776,,0.97576958,,未满足 MA5>MA10>MA20>MA60; 60日趋势强度不足; 20日平均成交额不足
2026-08-10,603216.SH,,rejected_signal,,18.385817,,0.89437544,,未满足 MA5>MA10>MA20>MA60; 60日趋势强度不足
2026-08-10,603217.SH,,rejected_signal,,10.823687,,0.91376686,,未满足 MA5>MA10>MA20>MA60; 60日趋势强度不足; 偏离MA20过远，追高风险
2026-08-10,603218.SH,,rejected_signal,,19.287228,,1.01889634,,未满足 MA5>MA10>MA20>MA60; 60日趋势强度不足
2026-08-10,603219.SH,,rejected_signal,,4.009785,,0.88367945,,未满足 MA5>MA10>MA20>MA60; 20日动量低于门槛; 60日趋势强度不足
2026-08-10,603220.SH,,rejected_signal,,3.865283,,0.85537112,,未满足 MA5>MA10>MA20>MA60; 20日动量低于门槛; 60日趋势强度不足
2026-08-10,603221.SH,,rejected_signal,,27.14776,,1.0,,20日涨幅过热; 偏离MA20过远，追高风险; 20日年化波动过高
2026-08-10,603222.SH,,rejected_signal,,7.629246,,0.90859562,,未满足 MA5>MA10>MA20>MA60; 20日动量低于门槛; 60日趋势强度不足
2026-08-10,603223.SH,,rejected_signal,,10.589241,,0.94706321,,未满足 MA5>MA10>MA20>MA60; 20日动量低于门槛
2026-08-10,603225.SH,,rejected_signal,,32.344292,,1.04042995,,未满足 MA5>MA10>MA20>MA60
2026-08-10,603226.SH,,rejected_signal,,7.311965,,0.8622402,,未满足 MA5>MA10>MA20>MA60
2026-08-10,603227.SH,,rejected_signal,,27.024668,,1.02007389,,未满足 MA5>MA10>MA20>MA60; 60日趋势强度不足
2026-08-10,603228.SH,,rejected_signal,,43.430523,,0.99644732,,20日涨幅过热; 偏离MA20过远，追高风险
2026-08-10,603229.SH,,rejected_signal,,12.4763,,0.89359599,,未满足 MA5>MA10>MA20>MA60; 20日动量低于门槛; 60日趋势强度不足
2026-08-10,603230.SH,,rejected_signal,,12.053555,,0.9903031,,未满足 MA5>MA10>MA20>MA60; 60日趋势强度不足; 20日平均成交额不足
2026-08-10,603231.SH,,rejected_signal,,12.61176,,0.98582858,,未满足 MA5>MA10>MA20>MA60; 60日趋势强度不足; 20日平均成交额不足
2026-08-10,603232.SH,,rejected_signal,,17.648186,,0.96096569,,未满足 MA5>MA10>MA20>MA60; 60日趋势强度不足
2026-08-10,603233.SH,,rejected_signal,,29.518572,,1.08274186,,未满足 MA5>MA10>MA20>MA60; 收盘价低于MA20; 20日动量低于门槛; 60日趋势强度不足
2026-08-10,603235.SH,,rejected_signal,,14.835879,,1.02980924,,未满足 MA5>MA10>MA20>MA60; 60日趋势强度不足; 20日平均成交额不足
2026-08-10,603236.SH,,rejected_signal,,6.289341,,0.87462896,,未满足 MA5>MA10>MA20>MA60; 20日动量低于门槛; 60日趋势强度不足
2026-08-10,603237.SH,,rejected_signal,,33.299236,,1.02206123,,未满足 MA5>MA10>MA20>MA60; 60日趋势强度不足; 20日平均成交额不足
2026-08-10,603238.SH,,rejected_signal,,22.80014,,0.97867191,,未满足 MA5>MA10>MA20>MA60; 60日趋势强度不足
2026-08-10,603239.SH,,rejected_signal,,22.122877,,0.88640982,,未满足 MA5>MA10>MA20>MA60; 60日趋势强度不足
2026-08-10,603248.SH,,rejected_signal,,3.42688,,0.8782382,,未满足 MA5>MA10>MA20>MA60; 60日趋势强度不足
2026-08-10,603255.SH,,rejected_signal,,0.0,,0.80562985,,未满足 MA5>MA10>MA20>MA60; 20日动量低于门槛; 60日趋势强度不足
2026-08-10,603256.SH,,rejected_signal,,11.183705,,0.45333001,,未满足 MA5>MA10>MA20>MA60; 20日动量低于门槛; 20日年化波动过高
2026-08-10,603257.SH,,rejected_signal,,3.449026,,0.92952448,,未满足 MA5>MA10>MA20>MA60; 20日动量低于门槛; 60日趋势强度不足
2026-08-10,603258.SH,,rejected_signal,,29.022923,,1.05211782,,未满足 MA5>MA10>MA20>MA60; 60日趋势强度不足
2026-08-10,603259.SH,,rejected_signal,,45.815189,,1.14137161,,偏离MA20过远，追高风险
2026-08-10,603260.SH,,rejected_signal,,4.367404,,0.8763606,,未满足 MA5>MA10>MA20>MA60; 20日动量低于门槛; 60日趋势强度不足
2026-08-10,603261.SH,,rejected_signal,,29.556442,,1.15433455,,20日动量低于门槛
2026-08-10,603262.SH,,rejected_signal,,0.0,,0.75137293,,未满足 MA5>MA10>MA20>MA60; 收盘价低于MA20; 20日动量低于门槛; 60日趋势强度不足
2026-08-10,603266.SH,,rejected_signal,,5.367318,,0.89927906,,未满足 MA5>MA10>MA20>MA60; 20日动量低于门槛; 60日趋势强度不足
2026-08-10,603267.SH,,rejected_signal,,4.174645,,0.78128415,,未满足 MA5>MA10>MA20>MA60; 20日动量低于门槛; 60日趋势强度不足
2026-08-10,603268.SH,,rejected_rank,45,46.08416,0.49425286,0.9922927,0.40919539,"信号有效, 但综合排名未进入 Top20"
2026-08-10,603269.SH,,rejected_signal,,0.0,,0.65646893,,未满足 MA5>MA10>MA20>MA60; 20日动量低于门槛; 60日趋势强度不足; 偏离MA20过远，追高风险
2026-08-10,603270.SH,,rejected_signal,,4.551612,,0.80364662,,未满足 MA5>MA10>MA20>MA60; 20日动量低于门槛; 60日趋势强度不足
2026-08-10,603271.SH,,rejected_signal,,12.119976,,0.91639268,,未满足 MA5>MA10>MA20>MA60; 60日趋势强度不足
2026-08-10,603272.SH,,rejected_universe,,0.0,,0.62918901,,不在当日动态股票池(停牌/未上市/已退市/当前ST代理过滤)
2026-08-10,603273.SH,,rejected_signal,,17.018,,1.00480664,,未满足 MA5>MA10>MA20>MA60; 60日趋势强度不足
2026-08-10,603275.SH,,rejected_signal,,7.944205,,0.90570265,,未满足 MA5>MA10>MA20>MA60; 60日趋势强度不足; 20日平均成交额不足
2026-08-10,603276.SH,,rejected_signal,,3.536924,,0.92705017,,未满足 MA5>MA10>MA20>MA60; 60日趋势强度不足
2026-08-10,603277.SH,,rejected_signal,,12.033829,,1.01136029,,未满足 MA5>MA10>MA20>MA60; 60日趋势强度不足; 20日平均成交额不足
2026-08-10,603278.SH,,rejected_signal,,1.610055,,0.82809776,,未满足 MA5>MA10>MA20>MA60; 60日趋势强度不足
2026-08-10,603279.SH,,rejected_signal,,14.520802,,1.00710452,,未满足 MA5>MA10>MA20>MA60; 收盘价低于MA20; 60日趋势强度不足
2026-08-10,603280.SH,,rejected_signal,,7.345711,,0.96853429,,未满足 MA5>MA10>MA20>MA60; 60日趋势强度不足; 20日平均成交额不足
2026-08-10,603281.SH,,rejected_signal,,9.29542,,0.84312242,,未满足 MA5>MA10>MA20>MA60; 60日趋势强度不足
2026-08-10,603282.SH,,rejected_signal,,15.054599,,0.96642154,,未满足 MA5>MA10>MA20>MA60; 60日趋势强度不足; 20日平均成交额不足
2026-08-10,603283.SH,,rejected_signal,,2.608035,,0.60429931,,未满足 MA5>MA10>MA20>MA60; 收盘价低于MA20; 20日动量低于门槛; 60日趋势强度不足
2026-08-10,603284.SH,,rejected_signal,,26.65435,,1.00221241,,未满足 MA5>MA10>MA20>MA60; 60日趋势强度不足
2026-08-10,603285.SH,,rejected_signal,,2.952498,,0.6933654,,未满足 MA5>MA10>MA20>MA60; 20日动量低于门槛; 60日趋势强度不足
2026-08-10,603286.SH,,rejected_signal,,0.418924,,0.69605362,,未满足 MA5>MA10>MA20>MA60; 20日动量低于门槛; 60日趋势强度不足
2026-08-10,603288.SH,,rejected_signal,,33.233814,,1.08407104,,未满足 MA5>MA10>MA20>MA60; 60日趋势强度不足
2026-08-10,603289.SH,,rejected_signal,,7.398465,,0.91333604,,未满足 MA5>MA10>MA20>MA60; 60日趋势强度不足
2026-08-10,603290.SH,,rejected_signal,,1.322718,,0.67558962,,未满足 MA5>MA10>MA20>MA60; 收盘价低于MA20; 20日动量低于门槛; 60日趋势强度不足
2026-08-10,603291.SH,,rejected_signal,,15.806338,,0.93909651,,未满足 MA5>MA10>MA20>MA60; 60日趋势强度不足
2026-08-10,603293.SH,,rejected_signal,,1.111404,,0.88247985,,未满足 MA5>MA10>MA20>MA60; 20日动量低于门槛; 60日趋势强度不足
2026-08-10,603296.SH,,rejected_signal,,16.635136,,0.94748789,,未满足 MA5>MA10>MA20>MA60; 20日动量低于门槛; 60日趋势强度不足
2026-08-10,603297.SH,,rejected_signal,,0.0,,0.71638209,,未满足 MA5>MA10>MA20>MA60; 20日动量低于门槛; 60日趋势强度不足
2026-08-10,603298.SH,,rejected_signal,,30.469822,,1.066311,,未满足 MA5>MA10>MA20>MA60; 60日趋势强度不足
2026-08-10,603299.SH,,rejected_signal,,10.652371,,0.99415147,,未满足 MA5>MA10>MA20>MA60; 收盘价低于MA20; 20日动量低于门槛; 60日趋势强度不足
2026-08-10,603300.SH,,rejected_signal,,27.995209,,1.01544237,,未满足 MA5>MA10>MA20>MA60; 60日趋势强度不足
2026-08-10,603301.SH,,rejected_signal,,9.087379,,1.01758337,,未满足 MA5>MA10>MA20>MA60; 收盘价低于MA20; 20日动量低于门槛; 60日趋势强度不足
2026-08-10,603303.SH,,rejected_signal,,3.56847,,0.72391492,,未满足 MA5>MA10>MA20>MA60; 20日动量低于门槛
2026-08-10,603305.SH,,rejected_signal,,9.845716,,0.91822028,,未满足 MA5>MA10>MA20>MA60; 60日趋势强度不足
2026-08-10,603306.SH,,rejected_signal,,7.658001,,0.44637248,,未满足 MA5>MA10>MA20>MA60; 20日动量低于门槛; 60日趋势强度不足; 20日年化波动过高
2026-08-10,603307.SH,,rejected_signal,,12.564262,,0.96022797,,未满足 MA5>MA10>MA20>MA60; 60日趋势强度不足; 20日平均成交额不足
2026-08-10,603308.SH,,rejected_signal,,2.855964,,0.72048277,,未满足 MA5>MA10>MA20>MA60; 20日动量低于门槛; 60日趋势强度不足
2026-08-10,603309.SH,,rejected_signal,,4.478306,,0.95382971,,未满足 MA5>MA10>MA20>MA60; 20日动量低于门槛; 60日趋势强度不足
2026-08-10,603310.SH,,rejected_signal,,1.068968,,0.95816541,,未满足 MA5>MA10>MA20>MA60; 20日动量低于门槛; 60日趋势强度不足; 20日平均成交额不足
2026-08-10,603311.SH,,rejected_signal,,13.237193,,0.79033613,,未满足 MA5>MA10>MA20>MA60
2026-08-10,603312.SH,,rejected_signal,,5.082939,,0.93566543,,未满足 MA5>MA10>MA20>MA60; 20日动量低于门槛; 60日趋势强度不足; 20日平均成交额不足
2026-08-10,603313.SH,,rejected_signal,,7.287685,,0.93324482,,未满足 MA5>MA10>MA20>MA60; 20日动量低于门槛
2026-08-10,603315.SH,,rejected_signal,,4.544291,,0.81671411,,未满足 MA5>MA10>MA20>MA60; 20日动量低于门槛; 60日趋势强度不足
2026-08-10,603316.SH,,rejected_signal,,0.0,,0.58961052,,未满足 MA5>MA10>MA20>MA60; 20日动量低于门槛; 60日趋势强度不足
2026-08-10,603317.SH,,rejected_signal,,31.090096,,1.04579186,,未满足 MA5>MA10>MA20>MA60; 60日趋势强度不足
2026-08-10,603318.SH,,rejected_signal,,12.563663,,0.93131942,,未满足 MA5>MA10>MA20>MA60; 60日趋势强度不足
2026-08-10,603319.SH,,rejected_signal,,5.6931,,0.6705966,,未满足 MA5>MA10>MA20>MA60; 20日动量低于门槛; 60日趋势强度不足
2026-08-10,603320.SH,,rejected_signal,,5.849959,,0.84059781,,未满足 MA5>MA10>MA20>MA60; 60日趋势强度不足
2026-08-10,603321.SH,,rejected_signal,,20.0746,,0.98712111,,未满足 MA5>MA10>MA20>MA60; 60日趋势强度不足; 20日平均成交额不足
2026-08-10,603322.SH,,rejected_signal,,2.075675,,0.85086685,,未满足 MA5>MA10>MA20>MA60; 20日动量低于门槛; 60日趋势强度不足
2026-08-10,603323.SH,,rejected_signal,,13.417567,,1.06780469,,未满足 MA5>MA10>MA20>MA60; 收盘价低于MA20; 20日动量低于门槛; 60日趋势强度不足
2026-08-10,603324.SH,,rejected_signal,,0.0,,0.61299682,,未满足 MA5>MA10>MA20>MA60; 20日动量低于门槛; 60日趋势强度不足
2026-08-10,603325.SH,,rejected_signal,,14.373896,,1.00181794,,未满足 MA5>MA10>MA20>MA60; 60日趋势强度不足; 20日平均成交额不足
2026-08-10,603326.SH,,rejected_signal,,12.361091,,0.97493035,,未满足 MA5>MA10>MA20>MA60; 60日趋势强度不足
2026-08-10,603327.SH,,rejected_signal,,25.078344,,0.94305718,,未满足 MA5>MA10>MA20>MA60; 60日趋势强度不足
2026-08-10,603328.SH,,rejected_signal,,7.676987,,0.77832204,,未满足 MA5>MA10>MA20>MA60; 60日趋势强度不足; 偏离MA20过远，追高风险; 当日跳空幅度过大
2026-08-10,603329.SH,,rejected_signal,,11.68605,,1.01040947,,未满足 MA5>MA10>MA20>MA60; 60日趋势强度不足
2026-08-10,603330.SH,,rejected_signal,,17.765076,,0.9142803,,未满足 MA5>MA10>MA20>MA60
2026-08-10,603331.SH,,rejected_signal,,23.945704,,1.00045586,,未满足 MA5>MA10>MA20>MA60; 60日趋势强度不足
2026-08-10,603332.SH,,rejected_signal,,21.163195,,0.96619695,,未满足 MA5>MA10>MA20>MA60; 60日趋势强度不足
2026-08-10,603333.SH,,rejected_signal,,36.546013,,1.00288439,,未满足 MA5>MA10>MA20>MA60; 60日趋势强度不足
2026-08-10,603334.SH,,rejected_signal,,10.559806,,0.90877503,,未满足 MA5>MA10>MA20>MA60; 60日趋势强度不足
2026-08-10,603335.SH,,rejected_signal,,0.815078,,0.80828118,,未满足 MA5>MA10>MA20>MA60; 60日趋势强度不足
2026-08-10,603336.SH,,rejected_signal,,31.062969,,1.10098386,,未满足 MA5>MA10>MA20>MA60; 60日趋势强度不足
2026-08-10,603337.SH,,rejected_rank,66,41.886883,0.25287357,1.14895403,0.3862069,"信号有效, 但综合排名未进入 Top20"
2026-08-10,603338.SH,,rejected_signal,,50.656498,,1.12712932,,未满足 MA5>MA10>MA20>MA60; 60日趋势强度不足
2026-08-10,603339.SH,,rejected_signal,,13.715455,,0.99090236,,未满足 MA5>MA10>MA20>MA60; 20日动量低于门槛; 60日趋势强度不足
2026-08-10,603341.SH,,rejected_signal,,13.600029,,0.92754102,,未满足 MA5>MA10>MA20>MA60; 20日动量低于门槛; 60日趋势强度不足
2026-08-10,603344.SH,,rejected_signal,,10.024641,,0.84321421,,未满足 MA5>MA10>MA20>MA60; 20日动量低于门槛; 60日趋势强度不足
2026-08-10,603345.SH,,rejected_signal,,13.46421,,0.99071413,,未满足 MA5>MA10>MA20>MA60; 收盘价低于MA20; 20日动量低于门槛; 60日趋势强度不足
2026-08-10,603348.SH,,rejected_signal,,16.249144,,0.98469788,,未满足 MA5>MA10>MA20>MA60; 60日趋势强度不足
2026-08-10,603350.SH,,rejected_signal,,4.394948,,0.91064125,,未满足 MA5>MA10>MA20>MA60; 20日动量低于门槛; 60日趋势强度不足; 20日平均成交额不足
2026-08-10,603351.SH,,rejected_signal,,11.650547,,0.94021976,,未满足 MA5>MA10>MA20>MA60; 60日趋势强度不足
2026-08-10,603352.SH,,rejected_signal,,19.640207,,0.97681731,,未满足 MA5>MA10>MA20>MA60; 60日趋势强度不足
2026-08-10,603353.SH,,rejected_signal,,2.292011,,0.71071905,,未满足 MA5>MA10>MA20>MA60; 20日动量低于门槛; 60日趋势强度不足
2026-08-10,603355.SH,,rejected_signal,,26.971436,,1.03806889,,未满足 MA5>MA10>MA20>MA60; 60日趋势强度不足
2026-08-10,603356.SH,,rejected_signal,,0.32085,,0.87979019,,未满足 MA5>MA10>MA20>MA60; 60日趋势强度不足
2026-08-10,603357.SH,,rejected_signal,,13.147107,,0.97340477,,未满足 MA5>MA10>MA20>MA60; 60日趋势强度不足; 20日平均成交额不足
2026-08-10,603358.SH,,rejected_signal,,26.409885,,0.927118,,未满足 MA5>MA10>MA20>MA60
2026-08-10,603359.SH,,rejected_universe,,2.809675,,0.92816377,,不在当日动态股票池(停牌/未上市/已退市/当前ST代理过滤)
2026-08-10,603360.SH,,rejected_signal,,3.024038,,0.73182964,,未满足 MA5>MA10>MA20>MA60; 20日动量低于门槛; 60日趋势强度不足
2026-08-10,603363.SH,,rejected_signal,,1.715673,,0.96610326,,未满足 MA5>MA10>MA20>MA60; 20日动量低于门槛; 60日趋势强度不足
2026-08-10,603365.SH,,rejected_signal,,23.683197,,1.04629123,,未满足 MA5>MA10>MA20>MA60; 60日趋势强度不足
2026-08-10,603366.SH,,rejected_signal,,13.165261,,0.99155235,,未满足 MA5>MA10>MA20>MA60; 60日趋势强度不足
2026-08-10,603367.SH,,rejected_signal,,32.424122,,1.05126441,,未满足 MA5>MA10>MA20>MA60; 60日趋势强度不足
2026-08-10,603368.SH,,rejected_signal,,16.629818,,1.02199113,,未满足 MA5>MA10>MA20>MA60; 60日趋势强度不足
2026-08-10,603369.SH,,rejected_signal,,53.722946,,1.08588576,,未满足 MA5>MA10>MA20>MA60
2026-08-10,603370.SH,,rejected_signal,,8.902596,,0.85988206,,未满足 MA5>MA10>MA20>MA60; 60日趋势强度不足; 20日平均成交额不足
2026-08-10,603373.SH,,rejected_signal,,38.748951,,0.9406476,,未满足 MA5>MA10>MA20>MA60
2026-08-10,603375.SH,,rejected_signal,,0.0,,0.70922107,,未满足 MA5>MA10>MA20>MA60; 20日动量低于门槛; 60日趋势强度不足
2026-08-10,603376.SH,,rejected_signal,,18.567738,,0.98984516,,未满足 MA5>MA10>MA20>MA60; 60日趋势强度不足
2026-08-10,603377.SH,,rejected_universe,,15.783632,,0.89321256,,不在当日动态股票池(停牌/未上市/已退市/当前ST代理过滤)
2026-08-10,603378.SH,,rejected_universe,,11.286652,,0.99824578,,不在当日动态股票池(停牌/未上市/已退市/当前ST代理过滤)
2026-08-10,603379.SH,,rejected_signal,,24.931911,,0.94865561,,未满足 MA5>MA10>MA20>MA60
2026-08-10,603380.SH,,rejected_signal,,0.171179,,0.75356162,,未满足 MA5>MA10>MA20>MA60; 收盘价低于MA20; 20日动量低于门槛; 60日趋势强度不足
2026-08-10,603381.SH,,rejected_signal,,12.456132,,0.89991599,,未满足 MA5>MA10>MA20>MA60; 60日趋势强度不足
2026-08-10,603382.SH,,rejected_signal,,13.660139,,0.96331394,,未满足 MA5>MA10>MA20>MA60; 60日趋势强度不足
2026-08-10,603383.SH,,rejected_signal,,35.000114,,1.04761183,,未满足 MA5>MA10>MA20>MA60; 60日趋势强度不足
2026-08-10,603385.SH,,rejected_signal,,13.265036,,0.98029202,,未满足 MA5>MA10>MA20>MA60; 60日趋势强度不足; 20日平均成交额不足
2026-08-10,603386.SH,,rejected_signal,,1.171799,,0.68057275,,未满足 MA5>MA10>MA20>MA60; 20日动量低于门槛; 60日趋势强度不足
2026-08-10,603387.SH,,rejected_signal,,44.98106,,1.04880941,,60日趋势强度不足
2026-08-10,603388.SH,,rejected_universe,,0.0,,0.0,,不在当日动态股票池(停牌/未上市/已退市/当前ST代理过滤)
2026-08-10,603389.SH,,rejected_signal,,0.346094,,0.73693919,,未满足 MA5>MA10>MA20>MA60; 20日动量低于门槛; 60日趋势强度不足
2026-08-10,603390.SH,,rejected_signal,,8.968488,,0.88286835,,未满足 MA5>MA10>MA20>MA60; 60日趋势强度不足
2026-08-10,603391.SH,,rejected_signal,,24.311356,,0.9272722,,未满足 MA5>MA10>MA20>MA60; 60日趋势强度不足
2026-08-10,603392.SH,,rejected_signal,,19.665337,,1.00666308,,未满足 MA5>MA10>MA20>MA60; 60日趋势强度不足
2026-08-10,603393.SH,,rejected_signal,,40.388729,,1.02633238,,未满足 MA5>MA10>MA20>MA60; 60日趋势强度不足
2026-08-10,603395.SH,,rejected_signal,,30.300385,,1.03892422,,未满足 MA5>MA10>MA20>MA60; 60日趋势强度不足
2026-08-10,603396.SH,,rejected_signal,,11.90873,,0.89243412,,未满足 MA5>MA10>MA20>MA60; 60日趋势强度不足
2026-08-10,603398.SH,,rejected_universe,,0.0,,0.6519857,,不在当日动态股票池(停牌/未上市/已退市/当前ST代理过滤)
2026-08-10,603399.SH,,rejected_signal,,17.892248,,0.82676613,,未满足 MA5>MA10>MA20>MA60; 60日趋势强度不足
2026-08-10,603400.SH,,rejected_signal,,19.970579,,0.88396287,,未满足 MA5>MA10>MA20>MA60; 60日趋势强度不足
2026-08-10,603402.SH,,rejected_signal,,31.454512,,0.9984476,,未满足 MA5>MA10>MA20>MA60; 60日趋势强度不足
2026-08-10,603406.SH,,rejected_signal,,19.741282,,0.98948246,,未满足 MA5>MA10>MA20>MA60; 60日趋势强度不足
2026-08-10,603407.SH,,rejected_signal,,10.725008,,0.78513694,,未满足 MA5>MA10>MA20>MA60; 60日趋势强度不足; 20日年化波动过高
2026-08-10,603408.SH,,rejected_signal,,15.803564,,1.04252255,,未满足 MA5>MA10>MA20>MA60; 60日趋势强度不足; 20日平均成交额不足
2026-08-10,603409.SH,,rejected_signal,,5.806673,,0.81952405,,未满足 MA5>MA10>MA20>MA60; 60日趋势强度不足
2026-08-10,603416.SH,,rejected_signal,,10.242924,,0.9498077,,未满足 MA5>MA10>MA20>MA60; 20日动量低于门槛; 60日趋势强度不足
2026-08-10,603418.SH,,rejected_signal,,2.947838,,0.94680047,,未满足 MA5>MA10>MA20>MA60; 20日动量低于门槛; 60日趋势强度不足
2026-08-10,603421.SH,,rejected_signal,,10.540906,,0.88412708,,未满足 MA5>MA10>MA20>MA60; 60日趋势强度不足
2026-08-10,603429.SH,,rejected_universe,,0.0,,0.89156789,,不在当日动态股票池(停牌/未上市/已退市/当前ST代理过滤)
2026-08-10,603435.SH,,rejected_signal,,0.0,,0.7295199,,历史数据不足或指标非有限值; 未满足 MA5>MA10>MA20>MA60; 60日趋势强度不足
2026-08-10,603439.SH,,rejected_signal,,11.670639,,0.79561073,,未满足 MA5>MA10>MA20>MA60; 20日动量低于门槛; 60日趋势强度不足
2026-08-10,603444.SH,,rejected_signal,,49.664284,,1.09368837,,60日趋势强度不足
2026-08-10,603456.SH,,selected_signal,5,60.42046,0.954023,1.0770247,0.86666667,quality_momentum 横截面排名进入 Top20
2026-08-10,603458.SH,,rejected_signal,,12.66329,,0.75422347,,未满足 MA5>MA10>MA20>MA60; 60日趋势强度不足
2026-08-10,603459.SH,,rejected_signal,,39.932571,,0.82378381,,未满足 MA5>MA10>MA20>MA60; 20日年化波动过高
2026-08-10,603466.SH,,rejected_signal,,18.799564,,0.91903472,,未满足 MA5>MA10>MA20>MA60
2026-08-10,603468.SH,,rejected_signal,,0.0,,1.0,,历史数据不足或指标非有限值; 未满足 MA5>MA10>MA20>MA60; 收盘价低于MA20; 20日动量低于门槛; 20日涨幅过热; 60日趋势强度不足; 偏离MA20过远，追高风险; 20日年化波动过高; 20日平均成交额不足
2026-08-10,603477.SH,,rejected_signal,,13.728868,,0.95628661,,未满足 MA5>MA10>MA20>MA60; 20日动量低于门槛; 60日趋势强度不足
2026-08-10,603486.SH,,rejected_signal,,43.002861,,1.07695079,,未满足 MA5>MA10>MA20>MA60; 60日趋势强度不足
2026-08-10,603488.SH,,rejected_signal,,3.895268,,0.75443542,,未满足 MA5>MA10>MA20>MA60; 60日趋势强度不足
2026-08-10,603489.SH,,rejected_signal,,15.426753,,0.89512271,,未满足 MA5>MA10>MA20>MA60; 60日趋势强度不足
2026-08-10,603496.SH,,rejected_signal,,13.860631,,0.96824419,,20日动量低于门槛; 60日趋势强度不足
2026-08-10,603499.SH,,rejected_signal,,2.929003,,0.84811914,,未满足 MA5>MA10>MA20>MA60; 60日趋势强度不足
2026-08-10,603500.SH,,rejected_signal,,0.0,,0.81350219,,未满足 MA5>MA10>MA20>MA60; 20日动量低于门槛; 60日趋势强度不足
2026-08-10,603501.SH,,rejected_signal,,6.62526,,0.91636282,,未满足 MA5>MA10>MA20>MA60; 收盘价低于MA20; 20日动量低于门槛; 60日趋势强度不足
2026-08-10,603505.SH,,rejected_signal,,14.559834,,0.87827992,,未满足 MA5>MA10>MA20>MA60; 60日趋势强度不足
2026-08-10,603506.SH,,rejected_signal,,13.585919,,0.96797955,,未满足 MA5>MA10>MA20>MA60; 60日趋势强度不足
2026-08-10,603507.SH,,rejected_signal,,5.012127,,0.86856514,,未满足 MA5>MA10>MA20>MA60; 60日趋势强度不足
2026-08-10,603508.SH,,rejected_signal,,18.458141,,1.04101348,,收盘价低于MA20; 20日动量低于门槛; 60日趋势强度不足
2026-08-10,603511.SH,,rejected_signal,,12.344003,,0.97507632,,未满足 MA5>MA10>MA20>MA60; 60日趋势强度不足; 20日平均成交额不足
2026-08-10,603515.SH,,rejected_signal,,0.9979,,1.0163027,,未满足 MA5>MA10>MA20>MA60; 收盘价低于MA20; 20日动量低于门槛; 60日趋势强度不足; 20日平均成交额不足
2026-08-10,603516.SH,,rejected_signal,,3.407788,,0.79432851,,未满足 MA5>MA10>MA20>MA60; 20日动量低于门槛; 60日趋势强度不足
2026-08-10,603517.SH,,rejected_universe,,18.668447,,0.9548918,,不在当日动态股票池(停牌/未上市/已退市/当前ST代理过滤)
2026-08-10,603518.SH,,rejected_signal,,23.149273,,1.01917338,,未满足 MA5>MA10>MA20>MA60; 60日趋势强度不足
2026-08-10,603519.SH,,rejected_rank,21,51.685078,0.77011496,1.08428919,0.73563218,"信号有效, 但综合排名未进入 Top20"
2026-08-10,603520.SH,,rejected_signal,,5.84053,,0.89743316,,未满足 MA5>MA10>MA20>MA60; 20日动量低于门槛; 60日趋势强度不足
2026-08-10,603527.SH,,rejected_signal,,18.536072,,0.78230822,,未满足 MA5>MA10>MA20>MA60; 60日趋势强度不足
2026-08-10,603528.SH,,rejected_signal,,21.731926,,0.95768172,,未满足 MA5>MA10>MA20>MA60; 60日趋势强度不足
2026-08-10,603529.SH,,rejected_signal,,20.065262,,1.06512976,,未满足 MA5>MA10>MA20>MA60; 60日趋势强度不足
2026-08-10,603530.SH,,rejected_signal,,5.861546,,0.82214677,,未满足 MA5>MA10>MA20>MA60; 20日动量低于门槛; 60日趋势强度不足
2026-08-10,603533.SH,,rejected_signal,,36.433224,,0.99388498,,未满足 MA5>MA10>MA20>MA60; 60日趋势强度不足
2026-08-10,603535.SH,,rejected_signal,,12.2428,,0.98257422,,未满足 MA5>MA10>MA20>MA60; 60日趋势强度不足
2026-08-10,603536.SH,,rejected_signal,,38.382698,,1.02912819,,未满足 MA5>MA10>MA20>MA60; 60日趋势强度不足
2026-08-10,603538.SH,,rejected_signal,,11.397736,,0.84616905,,未满足 MA5>MA10>MA20>MA60; 收盘价低于MA20; 20日动量低于门槛; 60日趋势强度不足; 20日年化波动过高
2026-08-10,603551.SH,,rejected_signal,,12.596091,,0.98612159,,未满足 MA5>MA10>MA20>MA60; 60日趋势强度不足; 20日平均成交额不足
2026-08-10,603556.SH,,rejected_signal,,50.7612,,1.11156988,,60日趋势强度不足
2026-08-10,603557.SH,,rejected_universe,,10.97929,,0.82548267,,不在当日动态股票池(停牌/未上市/已退市/当前ST代理过滤)
2026-08-10,603558.SH,,rejected_signal,,35.605999,,1.0677371,,未满足 MA5>MA10>MA20>MA60; 60日趋势强度不足
2026-08-10,603559.SH,,rejected_signal,,17.400085,,0.98297602,,未满足 MA5>MA10>MA20>MA60; 60日趋势强度不足
2026-08-10,603565.SH,,rejected_signal,,15.699813,,1.06457436,,未满足 MA5>MA10>MA20>MA60; 收盘价低于MA20; 60日趋势强度不足
2026-08-10,603566.SH,,rejected_signal,,13.019936,,1.02040851,,未满足 MA5>MA10>MA20>MA60; 20日动量低于门槛; 60日趋势强度不足
2026-08-10,603567.SH,,rejected_signal,,37.290733,,1.00924194,,20日涨幅过热; 60日趋势强度不足; 20日年化波动过高
2026-08-10,603568.SH,,rejected_signal,,4.316269,,1.02127528,,未满足 MA5>MA10>MA20>MA60; 20日动量低于门槛; 60日趋势强度不足
2026-08-10,603569.SH,,rejected_signal,,27.329084,,1.04512513,,60日趋势强度不足; 20日平均成交额不足
2026-08-10,603577.SH,,rejected_signal,,35.077557,,1.01426411,,未满足 MA5>MA10>MA20>MA60; 60日趋势强度不足
2026-08-10,603578.SH,,rejected_signal,,6.299406,,0.86309928,,未满足 MA5>MA10>MA20>MA60; 20日动量低于门槛; 60日趋势强度不足
2026-08-10,603579.SH,,rejected_signal,,5.8873,,0.97736806,,未满足 MA5>MA10>MA20>MA60; 60日趋势强度不足
2026-08-10,603580.SH,,rejected_signal,,30.17112,,1.76798677,,20日涨幅过热; 偏离MA20过远，追高风险; 20日年化波动过高
2026-08-10,603583.SH,,rejected_signal,,30.380272,,1.02016807,,未满足 MA5>MA10>MA20>MA60; 60日趋势强度不足
2026-08-10,603585.SH,,rejected_signal,,23.082169,,0.98969144,,未满足 MA5>MA10>MA20>MA60; 60日趋势强度不足
2026-08-10,603586.SH,,rejected_signal,,16.317917,,0.90923524,,未满足 MA5>MA10>MA20>MA60; 60日趋势强度不足; 20日平均成交额不足
2026-08-10,603587.SH,,rejected_signal,,17.546616,,1.01875055,,未满足 MA5>MA10>MA20>MA60; 60日趋势强度不足; 20日平均成交额不足
2026-08-10,603588.SH,,rejected_signal,,18.137815,,0.85791385,,未满足 MA5>MA10>MA20>MA60
2026-08-10,603589.SH,,rejected_signal,,33.296211,,1.05156744,,未满足 MA5>MA10>MA20>MA60; 60日趋势强度不足
2026-08-10,603590.SH,,rejected_signal,,11.635341,,0.92557627,,未满足 MA5>MA10>MA20>MA60; 20日动量低于门槛; 60日趋势强度不足
2026-08-10,603595.SH,,rejected_universe,,8.815629,,0.76762933,,不在当日动态股票池(停牌/未上市/已退市/当前ST代理过滤)
2026-08-10,603596.SH,,rejected_signal,,23.045305,,0.98722738,,未满足 MA5>MA10>MA20>MA60; 60日趋势强度不足
2026-08-10,603598.SH,,rejected_signal,,19.831163,,0.95623404,,未满足 MA5>MA10>MA20>MA60; 60日趋势强度不足
2026-08-10,603599.SH,,rejected_signal,,28.105217,,1.03576827,,未满足 MA5>MA10>MA20>MA60; 60日趋势强度不足
2026-08-10,603600.SH,,rejected_signal,,13.072434,,1.00505435,,未满足 MA5>MA10>MA20>MA60; 60日趋势强度不足
2026-08-10,603601.SH,,rejected_signal,,1.714444,,0.60513866,,未满足 MA5>MA10>MA20>MA60; 60日趋势强度不足
2026-08-10,603602.SH,,rejected_signal,,10.443204,,0.90284735,,未满足 MA5>MA10>MA20>MA60; 60日趋势强度不足
2026-08-10,603603.SH,,rejected_universe,,0.0,,0.0,,不在当日动态股票池(停牌/未上市/已退市/当前ST代理过滤)
2026-08-10,603605.SH,,rejected_signal,,22.195843,,1.02743471,,未满足 MA5>MA10>MA20>MA60
2026-08-10,603606.SH,,rejected_signal,,5.714797,,1.0217067,,未满足 MA5>MA10>MA20>MA60; 收盘价低于MA20; 20日动量低于门槛; 60日趋势强度不足
2026-08-10,603607.SH,,rejected_signal,,0.0,,0.91494244,,未满足 MA5>MA10>MA20>MA60; 20日动量低于门槛; 60日趋势强度不足
2026-08-10,603608.SH,,rejected_signal,,10.811694,,0.84682339,,未满足 MA5>MA10>MA20>MA60; 收盘价低于MA20; 20日动量低于门槛
2026-08-10,603609.SH,,rejected_signal,,5.903383,,1.00580847,,未满足 MA5>MA10>MA20>MA60; 20日动量低于门槛; 60日趋势强度不足; 20日平均成交额不足
2026-08-10,603610.SH,,rejected_signal,,13.153937,,0.87426013,,未满足 MA5>MA10>MA20>MA60; 60日趋势强度不足
2026-08-10,603611.SH,,rejected_signal,,3.93018,,1.01441479,,未满足 MA5>MA10>MA20>MA60; 60日趋势强度不足
2026-08-10,603612.SH,,rejected_signal,,22.088743,,0.93496388,,未满足 MA5>MA10>MA20>MA60; 60日趋势强度不足
2026-08-10,603613.SH,,rejected_signal,,20.164209,,0.97425902,,未满足 MA5>MA10>MA20>MA60; 60日趋势强度不足
2026-08-10,603615.SH,,rejected_signal,,8.848329,,0.87530774,,未满足 MA5>MA10>MA20>MA60; 60日趋势强度不足
2026-08-10,603616.SH,,rejected_signal,,13.535082,,0.87658423,,未满足 MA5>MA10>MA20>MA60; 60日趋势强度不足
2026-08-10,603617.SH,,rejected_signal,,24.236605,,0.98199922,,未满足 MA5>MA10>MA20>MA60; 60日趋势强度不足
2026-08-10,603618.SH,,rejected_signal,,3.41532,,0.53932816,,未满足 MA5>MA10>MA20>MA60; 20日动量低于门槛; 60日趋势强度不足
2026-08-10,603619.SH,,rejected_signal,,25.009716,,0.93601215,,未满足 MA5>MA10>MA20>MA60; 60日趋势强度不足
2026-08-10,603626.SH,,rejected_signal,,0.0,,0.62882704,,未满足 MA5>MA10>MA20>MA60; 20日动量低于门槛; 60日趋势强度不足
2026-08-10,603628.SH,,rejected_signal,,14.330779,,0.9760648,,未满足 MA5>MA10>MA20>MA60; 60日趋势强度不足
2026-08-10,603629.SH,,rejected_signal,,16.130665,,0.67347175,,未满足 MA5>MA10>MA20>MA60; 60日趋势强度不足; 20日年化波动过高
2026-08-10,603630.SH,,rejected_signal,,42.471104,,1.0611428,,60日趋势强度不足
2026-08-10,603633.SH,,rejected_signal,,6.467463,,0.83825064,,未满足 MA5>MA10>MA20>MA60; 60日趋势强度不足
2026-08-10,603636.SH,,rejected_signal,,7.166432,,0.81225145,,未满足 MA5>MA10>MA20>MA60; 60日趋势强度不足
2026-08-10,603637.SH,,rejected_signal,,6.896632,,0.75187194,,未满足 MA5>MA10>MA20>MA60; 60日趋势强度不足
2026-08-10,603638.SH,,rejected_signal,,9.646996,,0.87283224,,未满足 MA5>MA10>MA20>MA60; 20日动量低于门槛; 60日趋势强度不足
2026-08-10,603639.SH,,rejected_signal,,24.436314,,1.02226734,,未满足 MA5>MA10>MA20>MA60; 60日趋势强度不足; 20日平均成交额不足
2026-08-10,603648.SH,,rejected_signal,,13.403768,,1.01245511,,未满足 MA5>MA10>MA20>MA60; 20日动量低于门槛; 60日趋势强度不足; 20日平均成交额不足
2026-08-10,603650.SH,,rejected_signal,,10.750076,,0.68795216,,未满足 MA5>MA10>MA20>MA60; 20日动量低于门槛
2026-08-10,603655.SH,,rejected_signal,,7.096854,,0.80884379,,未满足 MA5>MA10>MA20>MA60; 60日趋势强度不足
2026-08-10,603656.SH,,rejected_signal,,6.39635,,0.97515529,,未满足 MA5>MA10>MA20>MA60; 60日趋势强度不足
2026-08-10,603657.SH,,rejected_signal,,20.790506,,0.8621611,,未满足 MA5>MA10>MA20>MA60; 60日趋势强度不足; 偏离MA20过远，追高风险
2026-08-10,603658.SH,,rejected_signal,,22.376591,,1.08155,,未满足 MA5>MA10>MA20>MA60; 60日趋势强度不足
2026-08-10,603659.SH,,rejected_signal,,15.45544,,0.8769868,,未满足 MA5>MA10>MA20>MA60; 60日趋势强度不足
2026-08-10,603660.SH,,rejected_signal,,13.985666,,0.88562554,,未满足 MA5>MA10>MA20>MA60; 60日趋势强度不足; 偏离MA20过远，追高风险
2026-08-10,603661.SH,,rejected_signal,,4.826694,,0.84048975,,未满足 MA5>MA10>MA20>MA60; 20日动量低于门槛
2026-08-10,603662.SH,,rejected_signal,,2.662896,,0.83686477,,未满足 MA5>MA10>MA20>MA60; 20日动量低于门槛; 60日趋势强度不足
2026-08-10,603663.SH,,rejected_signal,,15.302549,,0.56867868,,未满足 MA5>MA10>MA20>MA60; 20日动量低于门槛
2026-08-10,603665.SH,,rejected_signal,,3.515953,,0.82335937,,未满足 MA5>MA10>MA20>MA60; 20日动量低于门槛; 60日趋势强度不足
2026-08-10,603666.SH,,rejected_signal,,0.0,,0.8496691,,未满足 MA5>MA10>MA20>MA60; 20日动量低于门槛; 60日趋势强度不足
2026-08-10,603667.SH,,rejected_signal,,5.126235,,0.82605195,,未满足 MA5>MA10>MA20>MA60; 20日动量低于门槛; 60日趋势强度不足
2026-08-10,603668.SH,,rejected_signal,,12.670839,,0.94563884,,未满足 MA5>MA10>MA20>MA60; 20日动量低于门槛; 60日趋势强度不足
2026-08-10,603669.SH,,rejected_signal,,39.243259,,1.03712523,,未满足 MA5>MA10>MA20>MA60; 20日动量低于门槛; 20日年化波动过高
2026-08-10,603676.SH,,rejected_signal,,16.479042,,1.00403023,,60日趋势强度不足; 20日平均成交额不足
2026-08-10,603677.SH,,rejected_signal,,11.103075,,0.9056623,,未满足 MA5>MA10>MA20>MA60; 20日动量低于门槛; 60日趋势强度不足
2026-08-10,603678.SH,,rejected_signal,,9.071793,,0.6955775,,未满足 MA5>MA10>MA20>MA60; 20日动量低于门槛
2026-08-10,603679.SH,,rejected_signal,,39.479496,,1.14190888,,未满足 MA5>MA10>MA20>MA60; 偏离MA20过远，追高风险
2026-08-10,603680.SH,,rejected_signal,,15.218535,,0.95733923,,未满足 MA5>MA10>MA20>MA60; 60日趋势强度不足
2026-08-10,603681.SH,,rejected_signal,,4.706028,,0.77205151,,未满足 MA5>MA10>MA20>MA60; 20日动量低于门槛; 60日趋势强度不足
2026-08-10,603682.SH,,rejected_signal,,35.395424,,1.24827778,,偏离MA20过远，追高风险
2026-08-10,603683.SH,,rejected_signal,,1.840205,,0.49524146,,未满足 MA5>MA10>MA20>MA60; 收盘价低于MA20; 20日动量低于门槛; 60日趋势强度不足
2026-08-10,603685.SH,,rejected_signal,,4.872115,,0.83835906,,未满足 MA5>MA10>MA20>MA60; 20日动量低于门槛; 60日趋势强度不足
2026-08-10,603686.SH,,rejected_signal,,14.294367,,0.95204681,,未满足 MA5>MA10>MA20>MA60; 60日趋势强度不足
2026-08-10,603687.SH,,rejected_signal,,0.743489,,0.72874796,,未满足 MA5>MA10>MA20>MA60; 20日动量低于门槛; 60日趋势强度不足
2026-08-10,603688.SH,,rejected_signal,,4.34153,,0.56455988,,未满足 MA5>MA10>MA20>MA60; 20日动量低于门槛; 60日趋势强度不足
2026-08-10,603689.SH,,rejected_signal,,8.76088,,1.00813663,,未满足 MA5>MA10>MA20>MA60; 60日趋势强度不足; 20日平均成交额不足
2026-08-10,603690.SH,,rejected_signal,,4.355954,,0.71289283,,未满足 MA5>MA10>MA20>MA60; 20日动量低于门槛; 60日趋势强度不足
2026-08-10,603693.SH,,rejected_signal,,25.817131,,0.90839952,,未满足 MA5>MA10>MA20>MA60; 60日趋势强度不足
2026-08-10,603696.SH,,rejected_signal,,34.817974,,1.06389284,,未满足 MA5>MA10>MA20>MA60; 60日趋势强度不足
2026-08-10,603697.SH,,rejected_signal,,12.73001,,0.95418119,,未满足 MA5>MA10>MA20>MA60; 20日动量低于门槛; 60日趋势强度不足
2026-08-10,603698.SH,,rejected_signal,,1.366176,,0.64182216,,未满足 MA5>MA10>MA20>MA60; 20日动量低于门槛; 60日趋势强度不足
2026-08-10,603699.SH,,rejected_signal,,17.353865,,0.95137471,,未满足 MA5>MA10>MA20>MA60; 60日趋势强度不足; 偏离MA20过远，追高风险
2026-08-10,603700.SH,,rejected_signal,,16.867985,,0.99211782,,未满足 MA5>MA10>MA20>MA60; 60日趋势强度不足
2026-08-10,603701.SH,,rejected_signal,,2.941739,,0.84953249,,未满足 MA5>MA10>MA20>MA60; 60日趋势强度不足
2026-08-10,603703.SH,,rejected_signal,,4.259499,,0.80483747,,未满足 MA5>MA10>MA20>MA60; 20日动量低于门槛; 60日趋势强度不足
2026-08-10,603706.SH,,rejected_signal,,8.138131,,0.98062301,,未满足 MA5>MA10>MA20>MA60; 60日趋势强度不足; 20日平均成交额不足
2026-08-10,603707.SH,,rejected_signal,,30.143225,,1.05421627,,60日趋势强度不足
2026-08-10,603708.SH,,rejected_signal,,23.26433,,1.04489946,,未满足 MA5>MA10>MA20>MA60; 60日趋势强度不足
2026-08-10,603709.SH,,rejected_signal,,21.137547,,0.95201248,,未满足 MA5>MA10>MA20>MA60; 60日趋势强度不足
2026-08-10,603711.SH,,rejected_signal,,14.490257,,0.91643387,,未满足 MA5>MA10>MA20>MA60; 60日趋势强度不足
2026-08-10,603712.SH,,rejected_signal,,12.467325,,0.92933846,,未满足 MA5>MA10>MA20>MA60; 60日趋势强度不足
2026-08-10,603713.SH,,rejected_signal,,19.953876,,0.93865591,,未满足 MA5>MA10>MA20>MA60; 20日动量低于门槛
2026-08-10,603716.SH,,rejected_signal,,32.786457,,1.00072062,,未满足 MA5>MA10>MA20>MA60; 20日涨幅过热; 60日趋势强度不足; 偏离MA20过远，追高风险
2026-08-10,603717.SH,,rejected_signal,,10.714113,,0.902336,,未满足 MA5>MA10>MA20>MA60; 60日趋势强度不足
2026-08-10,603718.SH,,rejected_universe,,8.929306,,0.9644509,,不在当日动态股票池(停牌/未上市/已退市/当前ST代理过滤)
2026-08-10,603719.SH,,rejected_signal,,30.425823,,1.04585636,,未满足 MA5>MA10>MA20>MA60; 60日趋势强度不足
2026-08-10,603721.SH,,rejected_signal,,15.990949,,1.04286492,,未满足 MA5>MA10>MA20>MA60; 60日趋势强度不足
2026-08-10,603722.SH,,rejected_signal,,0.0,,0.88862085,,未满足 MA5>MA10>MA20>MA60; 20日动量低于门槛; 60日趋势强度不足
2026-08-10,603725.SH,,rejected_signal,,7.211221,,0.77689248,,未满足 MA5>MA10>MA20>MA60; 收盘价低于MA20; 20日动量低于门槛; 20日年化波动过高
2026-08-10,603726.SH,,rejected_signal,,0.0,,0.76294369,,未满足 MA5>MA10>MA20>MA60; 20日动量低于门槛; 60日趋势强度不足
2026-08-10,603727.SH,,rejected_rank,22,51.259369,0.75862068,1.08765781,0.73103446,"信号有效, 但综合排名未进入 Top20"
2026-08-10,603728.SH,,rejected_signal,,3.566321,,0.87430841,,未满足 MA5>MA10>MA20>MA60; 20日动量低于门槛; 60日趋势强度不足
2026-08-10,603729.SH,,rejected_universe,,9.258883,,0.94261843,,不在当日动态股票池(停牌/未上市/已退市/当前ST代理过滤)
2026-08-10,603730.SH,,rejected_signal,,2.025535,,0.80542362,,未满足 MA5>MA10>MA20>MA60; 20日动量低于门槛; 60日趋势强度不足
2026-08-10,603733.SH,,rejected_signal,,7.972468,,0.85954225,,未满足 MA5>MA10>MA20>MA60; 20日动量低于门槛; 60日趋势强度不足
2026-08-10,603737.SH,,rejected_signal,,16.58186,,0.91383094,,未满足 MA5>MA10>MA20>MA60; 60日趋势强度不足
2026-08-10,603738.SH,,rejected_signal,,4.574083,,0.54187506,,未满足 MA5>MA10>MA20>MA60; 20日动量低于门槛; 60日趋势强度不足; 20日年化波动过高
2026-08-10,603739.SH,,rejected_signal,,12.07435,,0.94015861,,未满足 MA5>MA10>MA20>MA60; 60日趋势强度不足
2026-08-10,603755.SH,,rejected_signal,,7.983421,,0.92967933,,未满足 MA5>MA10>MA20>MA60; 60日趋势强度不足; 20日平均成交额不足
2026-08-10,603757.SH,,rejected_signal,,9.818998,,0.76030362,,未满足 MA5>MA10>MA20>MA60; 收盘价低于MA20; 20日动量低于门槛; 60日趋势强度不足
2026-08-10,603758.SH,,rejected_signal,,5.497827,,0.92237151,,未满足 MA5>MA10>MA20>MA60; 60日趋势强度不足; 偏离MA20过远，追高风险
2026-08-10,603759.SH,,rejected_signal,,22.728354,,0.99130458,,未满足 MA5>MA10>MA20>MA60; 60日趋势强度不足
2026-08-10,603766.SH,,rejected_signal,,57.472019,,1.12305188,,未满足 MA5>MA10>MA20>MA60; 60日趋势强度不足
2026-08-10,603767.SH,,rejected_signal,,10.738178,,0.92896736,,未满足 MA5>MA10>MA20>MA60; 60日趋势强度不足
2026-08-10,603768.SH,,rejected_signal,,40.251797,,1.07700372,,未满足 MA5>MA10>MA20>MA60; 60日趋势强度不足
2026-08-10,603773.SH,,rejected_signal,,9.938131,,0.37120363,,未满足 MA5>MA10>MA20>MA60; 20日动量低于门槛; 20日年化波动过高
2026-08-10,603776.SH,,rejected_signal,,24.790558,,0.93086886,,未满足 MA5>MA10>MA20>MA60; 60日趋势强度不足
2026-08-10,603777.SH,,rejected_signal,,3.310635,,0.84643805,,未满足 MA5>MA10>MA20>MA60; 20日动量低于门槛; 60日趋势强度不足
2026-08-10,603778.SH,,rejected_signal,,4.593618,,0.67440557,,未满足 MA5>MA10>MA20>MA60; 60日趋势强度不足
2026-08-10,603779.SH,,rejected_signal,,2.921259,,0.83095956,,未满足 MA5>MA10>MA20>MA60; 60日趋势强度不足
2026-08-10,603786.SH,,rejected_signal,,9.527709,,0.96585476,,未满足 MA5>MA10>MA20>MA60; 60日趋势强度不足
2026-08-10,603787.SH,,rejected_signal,,19.102768,,1.0558275,,未满足 MA5>MA10>MA20>MA60; 60日趋势强度不足
2026-08-10,603788.SH,,rejected_signal,,9.186178,,0.97527027,,未满足 MA5>MA10>MA20>MA60; 60日趋势强度不足; 20日平均成交额不足
2026-08-10,603789.SH,,rejected_universe,,23.438089,,1.18301177,,不在当日动态股票池(停牌/未上市/已退市/当前ST代理过滤)
2026-08-10,603790.SH,,rejected_signal,,12.530012,,0.82972175,,未满足 MA5>MA10>MA20>MA60; 60日趋势强度不足
2026-08-10,603797.SH,,rejected_signal,,16.372789,,0.99840683,,未满足 MA5>MA10>MA20>MA60; 60日趋势强度不足
2026-08-10,603798.SH,,rejected_signal,,12.501619,,0.8601715,,未满足 MA5>MA10>MA20>MA60; 60日趋势强度不足
2026-08-10,603799.SH,,rejected_signal,,27.718136,,0.8088361,,未满足 MA5>MA10>MA20>MA60; 60日趋势强度不足
2026-08-10,603800.SH,,rejected_signal,,0.0,,0.57869196,,未满足 MA5>MA10>MA20>MA60; 20日动量低于门槛; 20日年化波动过高
2026-08-10,603801.SH,,rejected_signal,,21.213593,,0.97519314,,未满足 MA5>MA10>MA20>MA60; 60日趋势强度不足
2026-08-10,603803.SH,,rejected_signal,,0.653141,,0.78342187,,未满足 MA5>MA10>MA20>MA60; 20日动量低于门槛; 60日趋势强度不足
2026-08-10,603806.SH,,rejected_signal,,24.094328,,0.94276059,,未满足 MA5>MA10>MA20>MA60; 60日趋势强度不足
2026-08-10,603808.SH,,rejected_signal,,26.471552,,0.97779554,,未满足 MA5>MA10>MA20>MA60; 60日趋势强度不足
2026-08-10,603809.SH,,rejected_signal,,13.060578,,1.00768209,,未满足 MA5>MA10>MA20>MA60; 60日趋势强度不足
2026-08-10,603810.SH,,rejected_signal,,16.479221,,0.94465768,,未满足 MA5>MA10>MA20>MA60; 60日趋势强度不足; 20日平均成交额不足
2026-08-10,603811.SH,,rejected_signal,,7.535624,,0.95697141,,未满足 MA5>MA10>MA20>MA60; 20日动量低于门槛; 60日趋势强度不足
2026-08-10,603813.SH,,rejected_signal,,0.0,,0.90327007,,未满足 MA5>MA10>MA20>MA60; 20日动量低于门槛; 60日趋势强度不足; 20日平均成交额不足
2026-08-10,603815.SH,,rejected_signal,,4.062077,,0.91924292,,未满足 MA5>MA10>MA20>MA60; 20日动量低于门槛; 60日趋势强度不足
2026-08-10,603816.SH,,rejected_signal,,29.351484,,1.07279229,,未满足 MA5>MA10>MA20>MA60; 60日趋势强度不足
2026-08-10,603817.SH,,rejected_signal,,24.834417,,1.00640142,,未满足 MA5>MA10>MA20>MA60; 60日趋势强度不足
2026-08-10,603818.SH,,rejected_signal,,46.24197,,1.07636845,,60日趋势强度不足
2026-08-10,603819.SH,,rejected_signal,,34.222801,,1.04420626,,未满足 MA5>MA10>MA20>MA60; 60日趋势强度不足
2026-08-10,603822.SH,,rejected_universe,,4.416327,,0.82084769,,不在当日动态股票池(停牌/未上市/已退市/当前ST代理过滤)
2026-08-10,603823.SH,,rejected_signal,,27.491659,,1.02449381,,未满足 MA5>MA10>MA20>MA60; 20日年化波动过高
2026-08-10,603825.SH,,rejected_universe,,33.977421,,1.00686872,,不在当日动态股票池(停牌/未上市/已退市/当前ST代理过滤)
2026-08-10,603826.SH,,rejected_signal,,17.121227,,0.72451717,,未满足 MA5>MA10>MA20>MA60; 60日趋势强度不足
2026-08-10,603828.SH,,rejected_universe,,0.0,,0.85784912,,不在当日动态股票池(停牌/未上市/已退市/当前ST代理过滤)
2026-08-10,603829.SH,,rejected_signal,,9.476998,,0.80665404,,未满足 MA5>MA10>MA20>MA60; 60日趋势强度不足
2026-08-10,603833.SH,,rejected_signal,,10.151031,,1.00064564,,未满足 MA5>MA10>MA20>MA60; 收盘价低于MA20; 20日动量低于门槛; 60日趋势强度不足
2026-08-10,603836.SH,,rejected_signal,,26.55876,,1.02239144,,未满足 MA5>MA10>MA20>MA60; 60日趋势强度不足
2026-08-10,603838.SH,,rejected_universe,,11.470209,,0.86412317,,不在当日动态股票池(停牌/未上市/已退市/当前ST代理过滤)
2026-08-10,603839.SH,,rejected_signal,,32.444553,,1.03086388,,未满足 MA5>MA10>MA20>MA60; 60日趋势强度不足
2026-08-10,603843.SH,,rejected_universe,,0.0,,0.91897875,,不在当日动态股票池(停牌/未上市/已退市/当前ST代理过滤)
2026-08-10,603848.SH,,rejected_signal,,0.155303,,0.9681868,,未满足 MA5>MA10>MA20>MA60; 20日动量低于门槛; 60日趋势强度不足; 20日平均成交额不足
2026-08-10,603855.SH,,rejected_signal,,0.0,,1.00380599,,未满足 MA5>MA10>MA20>MA60; 20日动量低于门槛; 60日趋势强度不足; 20日平均成交额不足
2026-08-10,603856.SH,,rejected_signal,,8.371619,,0.95087028,,未满足 MA5>MA10>MA20>MA60; 20日动量低于门槛; 60日趋势强度不足
2026-08-10,603858.SH,,rejected_signal,,17.547659,,1.0370785,,未满足 MA5>MA10>MA20>MA60; 20日动量低于门槛; 60日趋势强度不足
2026-08-10,603859.SH,,rejected_signal,,4.127845,,0.88788176,,未满足 MA5>MA10>MA20>MA60; 60日趋势强度不足
2026-08-10,603860.SH,,rejected_signal,,16.275177,,0.99018061,,未满足 MA5>MA10>MA20>MA60; 60日趋势强度不足
2026-08-10,603861.SH,,rejected_signal,,5.439352,,0.86099887,,未满足 MA5>MA10>MA20>MA60; 20日动量低于门槛; 60日趋势强度不足
2026-08-10,603863.SH,,rejected_signal,,6.471924,,0.88893938,,未满足 MA5>MA10>MA20>MA60; 60日趋势强度不足
2026-08-10,603866.SH,,rejected_signal,,31.399199,,1.05459356,,未满足 MA5>MA10>MA20>MA60; 60日趋势强度不足
2026-08-10,603867.SH,,rejected_signal,,2.503047,,0.79288578,,未满足 MA5>MA10>MA20>MA60; 20日动量低于门槛; 60日趋势强度不足
2026-08-10,603868.SH,,rejected_signal,,11.534633,,0.97244072,,未满足 MA5>MA10>MA20>MA60; 60日趋势强度不足
2026-08-10,603869.SH,,rejected_universe,,10.065111,,0.91726321,,不在当日动态股票池(停牌/未上市/已退市/当前ST代理过滤)
2026-08-10,603871.SH,,rejected_signal,,47.028866,,1.11754906,,未满足 MA5>MA10>MA20>MA60
2026-08-10,603876.SH,,rejected_signal,,15.119657,,0.89228129,,未满足 MA5>MA10>MA20>MA60; 60日趋势强度不足
2026-08-10,603877.SH,,rejected_signal,,7.127341,,1.01300991,,未满足 MA5>MA10>MA20>MA60; 收盘价低于MA20; 20日动量低于门槛; 60日趋势强度不足
2026-08-10,603878.SH,,rejected_signal,,19.340612,,0.88601184,,未满足 MA5>MA10>MA20>MA60; 60日趋势强度不足
2026-08-10,603879.SH,,rejected_signal,,31.93239,,1.03751826,,未满足 MA5>MA10>MA20>MA60; 60日趋势强度不足
2026-08-10,603880.SH,,rejected_signal,,15.006569,,0.88183123,,未满足 MA5>MA10>MA20>MA60; 60日趋势强度不足
2026-08-10,603881.SH,,rejected_signal,,5.397571,,0.94103503,,未满足 MA5>MA10>MA20>MA60; 20日动量低于门槛; 60日趋势强度不足
2026-08-10,603882.SH,,rejected_rank,23,51.038033,0.74712646,1.08817911,0.72643679,"信号有效, 但综合排名未进入 Top20"
2026-08-10,603883.SH,,rejected_signal,,43.639217,,1.08785248,,未满足 MA5>MA10>MA20>MA60; 60日趋势强度不足
2026-08-10,603885.SH,,rejected_signal,,23.724514,,1.03507078,,未满足 MA5>MA10>MA20>MA60; 60日趋势强度不足
2026-08-10,603886.SH,,rejected_signal,,9.623363,,0.92038202,,未满足 MA5>MA10>MA20>MA60; 20日动量低于门槛; 60日趋势强度不足
2026-08-10,603887.SH,,rejected_signal,,11.793271,,0.88873225,,未满足 MA5>MA10>MA20>MA60; 60日趋势强度不足
2026-08-10,603888.SH,,rejected_signal,,27.438004,,1.03379059,,未满足 MA5>MA10>MA20>MA60; 60日趋势强度不足
2026-08-10,603889.SH,,rejected_signal,,30.010071,,1.02273154,,未满足 MA5>MA10>MA20>MA60; 60日趋势强度不足
2026-08-10,603890.SH,,rejected_signal,,6.213433,,0.7075671,,未满足 MA5>MA10>MA20>MA60; 收盘价低于MA20; 20日动量低于门槛; 60日趋势强度不足
2026-08-10,603893.SH,,rejected_signal,,21.786022,,0.96063232,,未满足 MA5>MA10>MA20>MA60; 收盘价低于MA20; 20日动量低于门槛
2026-08-10,603895.SH,,rejected_signal,,0.0,,0.73565686,,未满足 MA5>MA10>MA20>MA60; 20日动量低于门槛; 60日趋势强度不足
2026-08-10,603896.SH,,rejected_signal,,15.733088,,1.00386536,,未满足 MA5>MA10>MA20>MA60; 60日趋势强度不足
2026-08-10,603897.SH,,rejected_signal,,2.738822,,0.70762104,,未满足 MA5>MA10>MA20>MA60; 20日动量低于门槛; 60日趋势强度不足
2026-08-10,603898.SH,,rejected_signal,,0.0,,0.83241117,,未满足 MA5>MA10>MA20>MA60; 收盘价低于MA20; 20日动量低于门槛; 60日趋势强度不足
2026-08-10,603899.SH,,rejected_signal,,19.489014,,1.0641849,,未满足 MA5>MA10>MA20>MA60; 60日趋势强度不足
2026-08-10,603900.SH,,rejected_signal,,25.943073,,0.95792675,,未满足 MA5>MA10>MA20>MA60; 60日趋势强度不足
2026-08-10,603901.SH,,rejected_signal,,4.054237,,0.88546801,,未满足 MA5>MA10>MA20>MA60; 20日动量低于门槛; 60日趋势强度不足
2026-08-10,603903.SH,,rejected_signal,,1.855006,,0.84659052,,未满足 MA5>MA10>MA20>MA60; 20日动量低于门槛; 60日趋势强度不足
2026-08-10,603906.SH,,rejected_signal,,14.253928,,0.77917045,,未满足 MA5>MA10>MA20>MA60; 20日动量低于门槛; 60日趋势强度不足
2026-08-10,603908.SH,,rejected_signal,,19.193308,,0.97031784,,未满足 MA5>MA10>MA20>MA60; 60日趋势强度不足; 20日平均成交额不足
2026-08-10,603909.SH,,rejected_signal,,13.825242,,0.95712191,,未满足 MA5>MA10>MA20>MA60; 60日趋势强度不足; 20日平均成交额不足
2026-08-10,603912.SH,,rejected_signal,,11.754052,,0.85726476,,未满足 MA5>MA10>MA20>MA60; 60日趋势强度不足
2026-08-10,603915.SH,,rejected_signal,,2.980342,,0.90895629,,未满足 MA5>MA10>MA20>MA60; 20日动量低于门槛; 60日趋势强度不足
2026-08-10,603916.SH,,rejected_signal,,6.836609,,0.79886127,,未满足 MA5>MA10>MA20>MA60; 20日动量低于门槛; 60日趋势强度不足
2026-08-10,603917.SH,,rejected_signal,,4.962762,,0.94524091,,未满足 MA5>MA10>MA20>MA60; 20日动量低于门槛; 60日趋势强度不足
2026-08-10,603918.SH,,rejected_signal,,36.480923,,1.05369067,,未满足 MA5>MA10>MA20>MA60; 60日趋势强度不足
2026-08-10,603919.SH,,rejected_signal,,27.927866,,0.9585461,,未满足 MA5>MA10>MA20>MA60; 60日趋势强度不足
2026-08-10,603920.SH,,rejected_signal,,5.151877,,0.60735762,,未满足 MA5>MA10>MA20>MA60; 20日动量低于门槛; 60日趋势强度不足
2026-08-10,603922.SH,,rejected_universe,,0.0,,0.76898849,,不在当日动态股票池(停牌/未上市/已退市/当前ST代理过滤)
2026-08-10,603926.SH,,rejected_signal,,4.273147,,0.83149779,,未满足 MA5>MA10>MA20>MA60; 20日动量低于门槛; 60日趋势强度不足
2026-08-10,603927.SH,,rejected_signal,,16.214523,,1.01557434,,未满足 MA5>MA10>MA20>MA60; 60日趋势强度不足
2026-08-10,603928.SH,,rejected_signal,,0.0,,0.78393894,,未满足 MA5>MA10>MA20>MA60; 20日动量低于门槛; 60日趋势强度不足; 20日年化波动过高
2026-08-10,603929.SH,,rejected_signal,,0.186821,,0.65813434,,未满足 MA5>MA10>MA20>MA60; 收盘价低于MA20; 20日动量低于门槛; 60日趋势强度不足; 20日年化波动过高
2026-08-10,603931.SH,,rejected_signal,,0.0,,0.48098207,,未满足 MA5>MA10>MA20>MA60; 收盘价低于MA20; 20日动量低于门槛; 60日趋势强度不足
2026-08-10,603933.SH,,rejected_signal,,5.954596,,0.80561531,,未满足 MA5>MA10>MA20>MA60; 20日动量低于门槛; 60日趋势强度不足
2026-08-10,603936.SH,,rejected_signal,,9.306277,,0.50135827,,未满足 MA5>MA10>MA20>MA60; 20日动量低于门槛; 60日趋势强度不足; 20日年化波动过高
2026-08-10,603937.SH,,rejected_signal,,19.681437,,0.81047207,,未满足 MA5>MA10>MA20>MA60; 60日趋势强度不足
2026-08-10,603938.SH,,rejected_signal,,3.918585,,0.58134192,,未满足 MA5>MA10>MA20>MA60; 20日动量低于门槛
2026-08-10,603939.SH,,rejected_signal,,56.508152,,1.09890771,,未满足 MA5>MA10>MA20>MA60; 60日趋势强度不足
2026-08-10,603948.SH,,rejected_signal,,6.264993,,0.84971178,,未满足 MA5>MA10>MA20>MA60; 60日趋势强度不足
2026-08-10,603949.SH,,rejected_signal,,3.02417,,0.86252761,,未满足 MA5>MA10>MA20>MA60; 20日动量低于门槛; 60日趋势强度不足
2026-08-10,603950.SH,,rejected_signal,,7.591895,,0.64817482,,未满足 MA5>MA10>MA20>MA60; 20日动量低于门槛; 60日趋势强度不足; 20日年化波动过高
2026-08-10,603955.SH,,rejected_signal,,17.725002,,0.91795582,,未满足 MA5>MA10>MA20>MA60; 60日趋势强度不足
2026-08-10,603956.SH,,rejected_rank,54,44.796543,0.39080459,1.2011466,0.50804597,"信号有效, 但综合排名未进入 Top20"
2026-08-10,603958.SH,,rejected_signal,,3.009485,,0.75416321,,未满足 MA5>MA10>MA20>MA60; 20日动量低于门槛; 60日趋势强度不足
2026-08-10,603959.SH,,rejected_universe,,13.765475,,0.97806698,,不在当日动态股票池(停牌/未上市/已退市/当前ST代理过滤)
2026-08-10,603960.SH,,rejected_signal,,8.032598,,0.88272035,,未满足 MA5>MA10>MA20>MA60; 60日趋势强度不足
2026-08-10,603963.SH,,rejected_universe,,0.0,,0.0,,不在当日动态股票池(停牌/未上市/已退市/当前ST代理过滤)
2026-08-10,603966.SH,,rejected_signal,,6.309812,,0.91964626,,未满足 MA5>MA10>MA20>MA60; 20日动量低于门槛; 60日趋势强度不足
2026-08-10,603967.SH,,rejected_signal,,8.676921,,1.00147343,,未满足 MA5>MA10>MA20>MA60; 60日趋势强度不足
2026-08-10,603968.SH,,rejected_signal,,21.969437,,0.98442686,,未满足 MA5>MA10>MA20>MA60; 60日趋势强度不足; 20日平均成交额不足
2026-08-10,603969.SH,,rejected_signal,,7.161186,,0.95684129,,未满足 MA5>MA10>MA20>MA60; 60日趋势强度不足
2026-08-10,603970.SH,,rejected_signal,,17.532799,,0.99263418,,未满足 MA5>MA10>MA20>MA60; 60日趋势强度不足; 20日平均成交额不足
2026-08-10,603976.SH,,rejected_rank,58,43.579212,0.34482759,0.96259868,0.27816093,"信号有效, 但综合排名未进入 Top20"
2026-08-10,603977.SH,,rejected_signal,,4.8057,,0.86927819,,未满足 MA5>MA10>MA20>MA60; 20日动量低于门槛; 60日趋势强度不足
2026-08-10,603978.SH,,rejected_signal,,9.669506,,0.70838177,,未满足 MA5>MA10>MA20>MA60; 20日动量低于门槛; 60日趋势强度不足
2026-08-10,603979.SH,,selected_signal,18,54.382832,0.80459768,1.04313624,0.69655168,quality_momentum 横截面排名进入 Top20
2026-08-10,603980.SH,,rejected_rank,35,48.572712,0.60919541,1.091573,0.62298852,"信号有效, 但综合排名未进入 Top20"
2026-08-10,603982.SH,,rejected_signal,,20.861874,,0.95188594,,未满足 MA5>MA10>MA20>MA60; 60日趋势强度不足
2026-08-10,603983.SH,,rejected_signal,,37.390278,,1.07369959,,未满足 MA5>MA10>MA20>MA60
2026-08-10,603985.SH,,rejected_signal,,2.118511,,0.70624894,,未满足 MA5>MA10>MA20>MA60; 20日动量低于门槛; 60日趋势强度不足
2026-08-10,603986.SH,,rejected_signal,,5.149776,,0.58435518,,未满足 MA5>MA10>MA20>MA60; 收盘价低于MA20; 20日动量低于门槛; 20日年化波动过高
2026-08-10,603987.SH,,rejected_signal,,14.633409,,1.01463306,,60日趋势强度不足
2026-08-10,603988.SH,,rejected_signal,,33.314713,,1.00185287,,未满足 MA5>MA10>MA20>MA60; 20日涨幅过热; 60日趋势强度不足; 偏离MA20过远，追高风险
2026-08-10,603989.SH,,rejected_signal,,10.532697,,0.61164391,,未满足 MA5>MA10>MA20>MA60; 20日动量低于门槛; 20日年化波动过高
2026-08-10,603990.SH,,rejected_signal,,29.438513,,0.73770189,,未满足 MA5>MA10>MA20>MA60; 偏离MA20过远，追高风险
2026-08-10,603991.SH,,rejected_signal,,0.831239,,0.83434987,,未满足 MA5>MA10>MA20>MA60; 20日动量低于门槛
2026-08-10,603992.SH,,rejected_signal,,11.125016,,0.86553705,,未满足 MA5>MA10>MA20>MA60; 20日动量低于门槛; 60日趋势强度不足
2026-08-10,603993.SH,,rejected_rank,34,48.615864,0.62068963,1.02691591,0.54022986,"信号有效, 但综合排名未进入 Top20"
2026-08-10,603995.SH,,rejected_signal,,47.99229,,0.98109066,,未满足 MA5>MA10>MA20>MA60; 偏离MA20过远，追高风险
2026-08-10,603997.SH,,rejected_signal,,24.827291,,1.02287197,,未满足 MA5>MA10>MA20>MA60; 60日趋势强度不足
2026-08-10,603998.SH,,rejected_signal,,9.007239,,0.99428546,,未满足 MA5>MA10>MA20>MA60; 20日动量低于门槛; 60日趋势强度不足
2026-08-10,603999.SH,,rejected_signal,,25.155676,,1.00368643,,未满足 MA5>MA10>MA20>MA60; 60日趋势强度不足
2026-08-10,605001.SH,,rejected_signal,,10.932927,,0.93601787,,未满足 MA5>MA10>MA20>MA60; 60日趋势强度不足
2026-08-10,605003.SH,,rejected_signal,,16.886751,,0.90591317,,未满足 MA5>MA10>MA20>MA60; 60日趋势强度不足; 20日平均成交额不足
2026-08-10,605005.SH,,rejected_signal,,9.883204,,0.94030005,,未满足 MA5>MA10>MA20>MA60; 60日趋势强度不足; 20日平均成交额不足
2026-08-10,605006.SH,,rejected_signal,,4.762177,,0.63483477,,未满足 MA5>MA10>MA20>MA60; 20日动量低于门槛; 60日趋势强度不足
2026-08-10,605007.SH,,selected_signal,9,56.87043,0.90804595,1.13489401,0.90344822,quality_momentum 横截面排名进入 Top20
2026-08-10,605008.SH,,rejected_signal,,5.165375,,1.00070322,,未满足 MA5>MA10>MA20>MA60; 收盘价低于MA20; 20日动量低于门槛; 60日趋势强度不足
2026-08-10,605009.SH,,rejected_signal,,18.393784,,1.03309298,,60日趋势强度不足
2026-08-10,605011.SH,,rejected_signal,,27.342024,,0.97029775,,未满足 MA5>MA10>MA20>MA60; 60日趋势强度不足
2026-08-10,605016.SH,,rejected_signal,,9.121309,,0.88575268,,未满足 MA5>MA10>MA20>MA60; 收盘价低于MA20; 20日动量低于门槛; 60日趋势强度不足
2026-08-10,605018.SH,,rejected_signal,,2.668315,,0.8704567,,未满足 MA5>MA10>MA20>MA60; 20日动量低于门槛; 60日趋势强度不足
2026-08-10,605020.SH,,rejected_signal,,11.181286,,0.8781386,,未满足 MA5>MA10>MA20>MA60; 20日动量低于门槛
2026-08-10,605028.SH,,rejected_signal,,46.316628,,1.10499942,,未满足 MA5>MA10>MA20>MA60; 60日趋势强度不足
2026-08-10,605033.SH,,rejected_signal,,23.637241,,0.97789836,,未满足 MA5>MA10>MA20>MA60; 60日趋势强度不足
2026-08-10,605050.SH,,rejected_signal,,43.456032,,1.0479604,,60日趋势强度不足
2026-08-10,605055.SH,,rejected_signal,,6.00563,,0.77810669,,未满足 MA5>MA10>MA20>MA60; 20日动量低于门槛; 60日趋势强度不足
2026-08-10,605056.SH,,rejected_signal,,6.13521,,0.85684824,,未满足 MA5>MA10>MA20>MA60; 60日趋势强度不足
2026-08-10,605058.SH,,rejected_signal,,1.703688,,0.70360351,,未满足 MA5>MA10>MA20>MA60; 20日动量低于门槛; 60日趋势强度不足
2026-08-10,605060.SH,,rejected_signal,,0.0,,0.68781435,,未满足 MA5>MA10>MA20>MA60; 20日动量低于门槛; 60日趋势强度不足
2026-08-10,605066.SH,,rejected_signal,,12.945522,,0.97370082,,未满足 MA5>MA10>MA20>MA60; 60日趋势强度不足
2026-08-10,605068.SH,,rejected_signal,,24.044636,,0.99879342,,未满足 MA5>MA10>MA20>MA60; 60日趋势强度不足; 偏离MA20过远，追高风险
2026-08-10,605069.SH,,rejected_signal,,0.0,,0.83165979,,未满足 MA5>MA10>MA20>MA60; 20日动量低于门槛; 60日趋势强度不足
2026-08-10,605077.SH,,rejected_signal,,15.735406,,0.89293677,,未满足 MA5>MA10>MA20>MA60; 60日趋势强度不足
2026-08-10,605080.SH,,rejected_signal,,18.469549,,0.94159257,,未满足 MA5>MA10>MA20>MA60; 60日趋势强度不足
2026-08-10,605081.SH,,rejected_universe,,0.0,,0.0,,不在当日动态股票池(停牌/未上市/已退市/当前ST代理过滤)
2026-08-10,605086.SH,,rejected_signal,,11.899641,,0.85669875,,未满足 MA5>MA10>MA20>MA60; 60日趋势强度不足
2026-08-10,605088.SH,,rejected_signal,,0.0,,0.74487078,,未满足 MA5>MA10>MA20>MA60; 20日动量低于门槛; 60日趋势强度不足
2026-08-10,605089.SH,,rejected_signal,,0.0,,0.98154217,,未满足 MA5>MA10>MA20>MA60; 20日动量低于门槛; 60日趋势强度不足
2026-08-10,605090.SH,,rejected_signal,,10.427238,,0.89152783,,未满足 MA5>MA10>MA20>MA60; 20日动量低于门槛; 60日趋势强度不足
2026-08-10,605098.SH,,rejected_signal,,25.637779,,1.03415239,,60日趋势强度不足
2026-08-10,605099.SH,,rejected_signal,,12.774422,,0.94696718,,未满足 MA5>MA10>MA20>MA60; 60日趋势强度不足
2026-08-10,605100.SH,,rejected_signal,,3.118609,,0.81546676,,未满足 MA5>MA10>MA20>MA60; 20日动量低于门槛; 60日趋势强度不足
2026-08-10,605108.SH,,rejected_signal,,37.151276,,1.0386802,,未满足 MA5>MA10>MA20>MA60; 60日趋势强度不足
2026-08-10,605111.SH,,rejected_signal,,6.467199,,0.64810944,,未满足 MA5>MA10>MA20>MA60; 20日动量低于门槛; 20日年化波动过高
2026-08-10,605116.SH,,rejected_signal,,9.331587,,1.0252037,,20日动量低于门槛; 60日趋势强度不足
2026-08-10,605117.SH,,rejected_signal,,12.881048,,0.81548554,,未满足 MA5>MA10>MA20>MA60; 20日动量低于门槛; 60日趋势强度不足
2026-08-10,605118.SH,,rejected_signal,,3.133314,,0.84642369,,未满足 MA5>MA10>MA20>MA60; 20日动量低于门槛; 60日趋势强度不足
2026-08-10,605122.SH,,rejected_signal,,18.3437,,0.91753596,,未满足 MA5>MA10>MA20>MA60; 60日趋势强度不足
2026-08-10,605123.SH,,rejected_signal,,3.992311,,0.84752464,,未满足 MA5>MA10>MA20>MA60; 20日动量低于门槛; 60日趋势强度不足
2026-08-10,605128.SH,,rejected_signal,,22.677269,,0.9943921,,未满足 MA5>MA10>MA20>MA60
2026-08-10,605133.SH,,rejected_signal,,0.0,,0.70751953,,未满足 MA5>MA10>MA20>MA60; 收盘价低于MA20; 20日动量低于门槛; 60日趋势强度不足
2026-08-10,605136.SH,,rejected_signal,,30.912024,,0.99344462,,未满足 MA5>MA10>MA20>MA60; 60日趋势强度不足
2026-08-10,605138.SH,,rejected_signal,,8.001774,,0.92925036,,未满足 MA5>MA10>MA20>MA60; 60日趋势强度不足
2026-08-10,605151.SH,,rejected_signal,,8.589402,,0.90450084,,未满足 MA5>MA10>MA20>MA60; 60日趋势强度不足
2026-08-10,605155.SH,,rejected_signal,,23.272097,,0.98724413,,未满足 MA5>MA10>MA20>MA60; 60日趋势强度不足
2026-08-10,605158.SH,,rejected_signal,,31.342194,,1.02614892,,未满足 MA5>MA10>MA20>MA60; 60日趋势强度不足; 20日平均成交额不足
2026-08-10,605162.SH,,rejected_signal,,17.763262,,0.94657409,,未满足 MA5>MA10>MA20>MA60; 60日趋势强度不足
2026-08-10,605166.SH,,rejected_signal,,15.292017,,0.9153741,,未满足 MA5>MA10>MA20>MA60; 60日趋势强度不足
2026-08-10,605167.SH,,rejected_signal,,4.188568,,0.94885737,,未满足 MA5>MA10>MA20>MA60; 20日动量低于门槛; 60日趋势强度不足
2026-08-10,605168.SH,,rejected_signal,,0.0,,0.71371514,,未满足 MA5>MA10>MA20>MA60; 20日动量低于门槛; 60日趋势强度不足
2026-08-10,605169.SH,,rejected_signal,,21.978149,,0.99552888,,未满足 MA5>MA10>MA20>MA60; 60日趋势强度不足; 20日平均成交额不足
2026-08-10,605177.SH,,rejected_signal,,13.415432,,0.8846575,,未满足 MA5>MA10>MA20>MA60; 60日趋势强度不足
2026-08-10,605178.SH,,rejected_signal,,0.0,,0.72915143,,未满足 MA5>MA10>MA20>MA60; 收盘价低于MA20; 20日动量低于门槛; 60日趋势强度不足
2026-08-10,605179.SH,,rejected_signal,,30.067247,,1.48543441,,20日涨幅过热; 偏离MA20过远，追高风险
2026-08-10,605180.SH,,rejected_signal,,23.656958,,0.90780067,,未满足 MA5>MA10>MA20>MA60; 60日趋势强度不足; 20日平均成交额不足
2026-08-10,605183.SH,,rejected_signal,,15.268056,,0.99741018,,未满足 MA5>MA10>MA20>MA60; 60日趋势强度不足; 20日平均成交额不足
2026-08-10,605186.SH,,rejected_signal,,0.508988,,0.79119307,,未满足 MA5>MA10>MA20>MA60; 20日动量低于门槛; 60日趋势强度不足
2026-08-10,605188.SH,,rejected_signal,,25.277161,,0.98113847,,未满足 MA5>MA10>MA20>MA60; 60日趋势强度不足
2026-08-10,605189.SH,,rejected_signal,,47.600758,,1.10287988,,60日趋势强度不足
2026-08-10,605196.SH,,rejected_signal,,18.667725,,0.99306881,,未满足 MA5>MA10>MA20>MA60; 20日涨幅过热; 60日趋势强度不足
2026-08-10,605198.SH,,rejected_signal,,28.666168,,0.8861208,,未满足 MA5>MA10>MA20>MA60; 偏离MA20过远，追高风险
2026-08-10,605199.SH,,rejected_universe,,11.610355,,0.95513755,,不在当日动态股票池(停牌/未上市/已退市/当前ST代理过滤)
2026-08-10,605208.SH,,rejected_signal,,0.0,,0.79721683,,未满足 MA5>MA10>MA20>MA60; 20日动量低于门槛; 60日趋势强度不足
2026-08-10,605218.SH,,rejected_signal,,10.743582,,0.82200283,,未满足 MA5>MA10>MA20>MA60; 60日趋势强度不足
2026-08-10,605222.SH,,rejected_signal,,7.863249,,0.77224517,,未满足 MA5>MA10>MA20>MA60; 60日趋势强度不足
2026-08-10,605228.SH,,rejected_signal,,0.0,,0.81278521,,未满足 MA5>MA10>MA20>MA60; 收盘价低于MA20; 20日动量低于门槛; 60日趋势强度不足
2026-08-10,605255.SH,,rejected_signal,,0.618348,,0.83351517,,未满足 MA5>MA10>MA20>MA60; 收盘价低于MA20; 20日动量低于门槛; 60日趋势强度不足
2026-08-10,605258.SH,,rejected_signal,,5.579887,,0.77640945,,未满足 MA5>MA10>MA20>MA60; 60日趋势强度不足
2026-08-10,605259.SH,,rejected_signal,,16.252169,,1.0102005,,未满足 MA5>MA10>MA20>MA60; 60日趋势强度不足; 20日平均成交额不足
2026-08-10,605266.SH,,rejected_signal,,26.0404,,1.03168213,,未满足 MA5>MA10>MA20>MA60; 60日趋势强度不足
2026-08-10,605268.SH,,rejected_signal,,11.391002,,0.97811925,,未满足 MA5>MA10>MA20>MA60; 20日动量低于门槛; 60日趋势强度不足; 20日平均成交额不足
2026-08-10,605277.SH,,rejected_signal,,3.04394,,0.86204177,,未满足 MA5>MA10>MA20>MA60; 20日动量低于门槛; 60日趋势强度不足
2026-08-10,605286.SH,,rejected_signal,,4.417204,,0.79332203,,未满足 MA5>MA10>MA20>MA60; 60日趋势强度不足
2026-08-10,605287.SH,,rejected_signal,,2.619403,,0.82385427,,未满足 MA5>MA10>MA20>MA60; 20日动量低于门槛; 60日趋势强度不足
2026-08-10,605288.SH,,rejected_signal,,2.435136,,0.85748613,,未满足 MA5>MA10>MA20>MA60; 收盘价低于MA20; 20日动量低于门槛; 60日趋势强度不足
2026-08-10,605289.SH,,rejected_signal,,4.702772,,0.64798254,,未满足 MA5>MA10>MA20>MA60; 20日动量低于门槛; 60日趋势强度不足
2026-08-10,605296.SH,,rejected_signal,,24.660721,,1.03702033,,未满足 MA5>MA10>MA20>MA60
2026-08-10,605298.SH,,rejected_signal,,8.666243,,0.91670102,,未满足 MA5>MA10>MA20>MA60; 60日趋势强度不足
2026-08-10,605299.SH,,rejected_signal,,11.9173,,0.81880653,,未满足 MA5>MA10>MA20>MA60; 60日趋势强度不足
2026-08-10,605300.SH,,rejected_signal,,34.227654,,1.04320431,,未满足 MA5>MA10>MA20>MA60; 60日趋势强度不足
2026-08-10,605303.SH,,rejected_signal,,0.471032,,0.76041234,,未满足 MA5>MA10>MA20>MA60; 20日动量低于门槛; 60日趋势强度不足
2026-08-10,605305.SH,,rejected_signal,,7.936831,,0.96676242,,未满足 MA5>MA10>MA20>MA60; 20日动量低于门槛; 60日趋势强度不足
2026-08-10,605318.SH,,rejected_signal,,0.0,,0.65639663,,未满足 MA5>MA10>MA20>MA60; 20日动量低于门槛; 60日趋势强度不足
2026-08-10,605319.SH,,rejected_signal,,11.238536,,0.95933074,,未满足 MA5>MA10>MA20>MA60; 60日趋势强度不足
2026-08-10,605333.SH,,rejected_signal,,17.88233,,0.97160375,,未满足 MA5>MA10>MA20>MA60; 60日趋势强度不足
2026-08-10,605336.SH,,rejected_universe,,0.533591,,0.72907525,,不在当日动态股票池(停牌/未上市/已退市/当前ST代理过滤)
2026-08-10,605337.SH,,rejected_signal,,41.002483,,1.05665326,,60日趋势强度不足
2026-08-10,605338.SH,,rejected_signal,,11.28453,,1.00049293,,未满足 MA5>MA10>MA20>MA60; 60日趋势强度不足
2026-08-10,605339.SH,,rejected_signal,,21.913895,,0.99931949,,未满足 MA5>MA10>MA20>MA60; 60日趋势强度不足; 20日平均成交额不足
2026-08-10,605358.SH,,rejected_signal,,2.156338,,0.54654962,,未满足 MA5>MA10>MA20>MA60; 20日动量低于门槛; 60日趋势强度不足
2026-08-10,605365.SH,,rejected_signal,,10.291292,,0.91359699,,未满足 MA5>MA10>MA20>MA60; 60日趋势强度不足
2026-08-10,605366.SH,,rejected_signal,,4.572336,,0.64714974,,未满足 MA5>MA10>MA20>MA60; 20日动量低于门槛; 60日趋势强度不足
2026-08-10,605368.SH,,rejected_signal,,10.950451,,1.01310813,,未满足 MA5>MA10>MA20>MA60; 收盘价低于MA20; 20日动量低于门槛; 60日趋势强度不足
2026-08-10,605369.SH,,rejected_signal,,8.890767,,0.94717044,,未满足 MA5>MA10>MA20>MA60; 60日趋势强度不足; 20日平均成交额不足
2026-08-10,605376.SH,,rejected_signal,,13.762342,,0.62176174,,未满足 MA5>MA10>MA20>MA60; 20日动量低于门槛; 20日年化波动过高
2026-08-10,605377.SH,,rejected_signal,,9.982286,,0.99331141,,未满足 MA5>MA10>MA20>MA60; 20日动量低于门槛; 60日趋势强度不足
2026-08-10,605378.SH,,rejected_signal,,17.12299,,0.93018949,,未满足 MA5>MA10>MA20>MA60; 60日趋势强度不足
2026-08-10,605388.SH,,rejected_signal,,38.021626,,1.07765901,,未满足 MA5>MA10>MA20>MA60; 60日趋势强度不足
2026-08-10,605389.SH,,rejected_signal,,0.084626,,0.81332105,,未满足 MA5>MA10>MA20>MA60; 20日动量低于门槛; 60日趋势强度不足
2026-08-10,605398.SH,,rejected_signal,,6.039467,,0.94361895,,未满足 MA5>MA10>MA20>MA60; 60日趋势强度不足
2026-08-10,605399.SH,,rejected_signal,,2.986128,,0.78001547,,未满足 MA5>MA10>MA20>MA60; 20日动量低于门槛; 60日趋势强度不足
2026-08-10,605488.SH,,rejected_signal,,0.0,,0.86618739,,未满足 MA5>MA10>MA20>MA60; 20日动量低于门槛; 60日趋势强度不足
2026-08-10,605499.SH,,rejected_signal,,28.435656,,0.99187028,,未满足 MA5>MA10>MA20>MA60; 60日趋势强度不足
2026-08-10,605500.SH,,rejected_signal,,25.033686,,0.92926019,,未满足 MA5>MA10>MA20>MA60; 60日趋势强度不足
2026-08-10,605507.SH,,rejected_signal,,16.878227,,1.02392542,,未满足 MA5>MA10>MA20>MA60; 收盘价低于MA20; 60日趋势强度不足
2026-08-10,605555.SH,,rejected_signal,,4.373369,,0.87479961,,未满足 MA5>MA10>MA20>MA60; 20日动量低于门槛; 60日趋势强度不足
2026-08-10,605566.SH,,rejected_signal,,0.521367,,0.64242178,,未满足 MA5>MA10>MA20>MA60; 20日动量低于门槛; 60日趋势强度不足
2026-08-10,605567.SH,,rejected_signal,,23.235624,,0.99035263,,未满足 MA5>MA10>MA20>MA60; 60日趋势强度不足
2026-08-10,605577.SH,,rejected_signal,,19.148594,,1.02369392,,未满足 MA5>MA10>MA20>MA60; 60日趋势强度不足
2026-08-10,605580.SH,,rejected_signal,,2.334098,,0.73584938,,未满足 MA5>MA10>MA20>MA60; 20日动量低于门槛; 60日趋势强度不足
2026-08-10,605588.SH,,rejected_signal,,0.898381,,0.69391286,,未满足 MA5>MA10>MA20>MA60; 20日动量低于门槛; 60日趋势强度不足
2026-08-10,605589.SH,,rejected_signal,,3.180858,,0.56007957,,未满足 MA5>MA10>MA20>MA60; 20日动量低于门槛; 60日趋势强度不足
2026-08-10,605598.SH,,rejected_signal,,5.819841,,0.69905138,,未满足 MA5>MA10>MA20>MA60; 20日动量低于门槛; 60日趋势强度不足
2026-08-10,605599.SH,,selected_signal,20,53.950508,0.78160918,1.10066438,0.76781607,quality_momentum 横截面排名进入 Top20
2026-08-10,688001.SH,,rejected_signal,,4.670159,,0.58853585,,未满足 MA5>MA10>MA20>MA60; 收盘价低于MA20; 20日动量低于门槛; 60日趋势强度不足; 20日年化波动过高
2026-08-10,688002.SH,,rejected_signal,,46.178425,,0.97462225,,20日年化波动过高
2026-08-10,688003.SH,,rejected_signal,,0.0,,0.58559602,,未满足 MA5>MA10>MA20>MA60; 20日动量低于门槛; 60日趋势强度不足; 20日年化波动过高
2026-08-10,688004.SH,,rejected_signal,,27.076292,,1.09790134,,20日涨幅过热; 60日趋势强度不足; 偏离MA20过远，追高风险
2026-08-10,688005.SH,,rejected_signal,,18.486523,,0.94202793,,未满足 MA5>MA10>MA20>MA60; 60日趋势强度不足
2026-08-10,688006.SH,,rejected_signal,,4.754207,,0.68984061,,未满足 MA5>MA10>MA20>MA60; 20日动量低于门槛; 60日趋势强度不足
2026-08-10,688007.SH,,rejected_signal,,4.497817,,0.81923729,,未满足 MA5>MA10>MA20>MA60; 20日动量低于门槛; 60日趋势强度不足
2026-08-10,688008.SH,,rejected_signal,,2.730941,,0.75814974,,未满足 MA5>MA10>MA20>MA60; 收盘价低于MA20; 20日动量低于门槛; 60日趋势强度不足; 20日年化波动过高
2026-08-10,688009.SH,,rejected_signal,,14.721545,,1.05715907,,未满足 MA5>MA10>MA20>MA60; 收盘价低于MA20; 60日趋势强度不足
2026-08-10,688010.SH,,rejected_signal,,0.0,,0.59338915,,未满足 MA5>MA10>MA20>MA60; 20日动量低于门槛; 60日趋势强度不足
2026-08-10,688011.SH,,rejected_signal,,32.08004,,1.12217951,,20日涨幅过热; 偏离MA20过远，追高风险
2026-08-10,688012.SH,,rejected_signal,,18.922256,,0.83446741,,未满足 MA5>MA10>MA20>MA60; 20日动量低于门槛; 20日年化波动过高
2026-08-10,688013.SH,,rejected_signal,,12.761775,,0.93359739,,未满足 MA5>MA10>MA20>MA60; 60日趋势强度不足
2026-08-10,688015.SH,,rejected_signal,,4.700058,,0.96862411,,未满足 MA5>MA10>MA20>MA60; 60日趋势强度不足; 20日平均成交额不足
2026-08-10,688016.SH,,rejected_signal,,21.219479,,1.0034858,,未满足 MA5>MA10>MA20>MA60; 60日趋势强度不足
2026-08-10,688017.SH,,rejected_signal,,4.177032,,0.864577,,未满足 MA5>MA10>MA20>MA60; 20日动量低于门槛; 20日年化波动过高
2026-08-10,688018.SH,,rejected_signal,,2.708457,,0.87544948,,未满足 MA5>MA10>MA20>MA60; 20日动量低于门槛; 60日趋势强度不足
2026-08-10,688019.SH,,rejected_signal,,10.189405,,0.83278906,,未满足 MA5>MA10>MA20>MA60; 20日动量低于门槛; 20日年化波动过高
2026-08-10,688020.SH,,rejected_signal,,5.810627,,0.40135282,,未满足 MA5>MA10>MA20>MA60; 20日动量低于门槛; 60日趋势强度不足; 20日年化波动过高
2026-08-10,688021.SH,,rejected_signal,,8.96996,,0.88304156,,未满足 MA5>MA10>MA20>MA60; 60日趋势强度不足
2026-08-10,688022.SH,,rejected_universe,,8.468305,,0.97497058,,不在当日动态股票池(停牌/未上市/已退市/当前ST代理过滤)
2026-08-10,688023.SH,,rejected_signal,,24.24485,,1.01752543,,未满足 MA5>MA10>MA20>MA60; 60日趋势强度不足
2026-08-10,688025.SH,,rejected_signal,,2.603549,,0.61634207,,未满足 MA5>MA10>MA20>MA60; 20日动量低于门槛; 60日趋势强度不足; 20日年化波动过高
2026-08-10,688026.SH,,rejected_signal,,23.570818,,0.89446819,,未满足 MA5>MA10>MA20>MA60; 偏离MA20过远，追高风险
2026-08-10,688027.SH,,rejected_signal,,5.415046,,0.83888352,,未满足 MA5>MA10>MA20>MA60; 20日动量低于门槛; 60日趋势强度不足
2026-08-10,688028.SH,,rejected_signal,,1.738703,,0.45638439,,未满足 MA5>MA10>MA20>MA60; 20日动量低于门槛; 60日趋势强度不足; 20日年化波动过高
2026-08-10,688029.SH,,rejected_signal,,13.8936,,0.97851902,,未满足 MA5>MA10>MA20>MA60; 收盘价低于MA20; 20日动量低于门槛; 60日趋势强度不足
2026-08-10,688030.SH,,rejected_signal,,25.327047,,0.97155827,,未满足 MA5>MA10>MA20>MA60; 偏离MA20过远，追高风险
2026-08-10,688031.SH,,rejected_signal,,14.023684,,0.79571289,,未满足 MA5>MA10>MA20>MA60; 60日趋势强度不足; 偏离MA20过远，追高风险
2026-08-10,688032.SH,,rejected_signal,,6.7275,,0.9324702,,未满足 MA5>MA10>MA20>MA60; 60日趋势强度不足
2026-08-10,688033.SH,,rejected_universe,,3.652433,,0.92894399,,不在当日动态股票池(停牌/未上市/已退市/当前ST代理过滤)
2026-08-10,688035.SH,,rejected_signal,,4.438469,,0.59478664,,未满足 MA5>MA10>MA20>MA60; 20日动量低于门槛; 60日趋势强度不足
2026-08-10,688036.SH,,rejected_signal,,5.396524,,1.04512906,,未满足 MA5>MA10>MA20>MA60; 收盘价低于MA20; 20日动量低于门槛; 60日趋势强度不足
2026-08-10,688037.SH,,rejected_signal,,7.029905,,0.79713535,,未满足 MA5>MA10>MA20>MA60; 收盘价低于MA20; 20日动量低于门槛; 20日年化波动过高
2026-08-10,688038.SH,,rejected_signal,,3.204678,,0.90203559,,未满足 MA5>MA10>MA20>MA60; 60日趋势强度不足
2026-08-10,688039.SH,,rejected_signal,,0.0,,0.83052403,,未满足 MA5>MA10>MA20>MA60; 20日动量低于门槛; 60日趋势强度不足
2026-08-10,688041.SH,,rejected_signal,,6.364738,,0.8182078,,未满足 MA5>MA10>MA20>MA60; 收盘价低于MA20; 20日动量低于门槛; 60日趋势强度不足
2026-08-10,688045.SH,,rejected_signal,,1.319303,,0.654064,,未满足 MA5>MA10>MA20>MA60; 20日动量低于门槛; 60日趋势强度不足
2026-08-10,688046.SH,,rejected_signal,,21.368889,,1.05410671,,20日涨幅过热; 偏离MA20过远，追高风险; 20日年化波动过高
2026-08-10,688047.SH,,rejected_signal,,5.005636,,0.78921711,,未满足 MA5>MA10>MA20>MA60; 收盘价低于MA20; 20日动量低于门槛; 60日趋势强度不足
2026-08-10,688048.SH,,rejected_signal,,0.0,,0.57887971,,未满足 MA5>MA10>MA20>MA60; 收盘价低于MA20; 20日动量低于门槛; 60日趋势强度不足; 20日年化波动过高
2026-08-10,688049.SH,,rejected_signal,,0.751692,,0.9031992,,未满足 MA5>MA10>MA20>MA60; 20日动量低于门槛; 60日趋势强度不足
2026-08-10,688050.SH,,rejected_signal,,14.399169,,1.02333546,,未满足 MA5>MA10>MA20>MA60; 20日动量低于门槛; 60日趋势强度不足
2026-08-10,688051.SH,,rejected_signal,,14.535406,,0.833184,,未满足 MA5>MA10>MA20>MA60; 60日趋势强度不足
2026-08-10,688052.SH,,rejected_signal,,8.042241,,0.73225731,,未满足 MA5>MA10>MA20>MA60; 20日动量低于门槛; 60日趋势强度不足
2026-08-10,688053.SH,,rejected_universe,,0.929848,,0.87281191,,不在当日动态股票池(停牌/未上市/已退市/当前ST代理过滤)
2026-08-10,688055.SH,,rejected_signal,,5.370433,,0.82427561,,未满足 MA5>MA10>MA20>MA60; 20日动量低于门槛; 60日趋势强度不足
2026-08-10,688056.SH,,rejected_signal,,3.619235,,0.6773243,,未满足 MA5>MA10>MA20>MA60; 20日动量低于门槛
2026-08-10,688057.SH,,rejected_signal,,32.803089,,1.01280081,,偏离MA20过远，追高风险; 20日年化波动过高
2026-08-10,688058.SH,,rejected_signal,,21.311205,,0.96928304,,未满足 MA5>MA10>MA20>MA60; 60日趋势强度不足; 20日平均成交额不足
2026-08-10,688059.SH,,rejected_signal,,0.0,,0.49046996,,未满足 MA5>MA10>MA20>MA60; 20日动量低于门槛; 60日趋势强度不足; 20日年化波动过高
2026-08-10,688060.SH,,rejected_signal,,11.482646,,0.93059713,,未满足 MA5>MA10>MA20>MA60; 60日趋势强度不足; 20日平均成交额不足
2026-08-10,688061.SH,,rejected_signal,,0.0,,0.78305387,,未满足 MA5>MA10>MA20>MA60; 收盘价低于MA20; 20日动量低于门槛; 60日趋势强度不足
2026-08-10,688062.SH,,rejected_signal,,10.141361,,0.87525243,,未满足 MA5>MA10>MA20>MA60; 收盘价低于MA20; 20日动量低于门槛; 60日趋势强度不足
2026-08-10,688063.SH,,rejected_signal,,5.58247,,0.81565946,,未满足 MA5>MA10>MA20>MA60; 20日动量低于门槛; 60日趋势强度不足
2026-08-10,688065.SH,,rejected_signal,,29.548922,,1.03401983,,60日趋势强度不足
2026-08-10,688066.SH,,rejected_universe,,4.362066,,0.86481065,,不在当日动态股票池(停牌/未上市/已退市/当前ST代理过滤)
2026-08-10,688067.SH,,rejected_signal,,21.456879,,0.96356851,,未满足 MA5>MA10>MA20>MA60; 60日趋势强度不足; 20日平均成交额不足
2026-08-10,688068.SH,,rejected_signal,,25.372612,,1.06702161,,未满足 MA5>MA10>MA20>MA60; 收盘价低于MA20; 20日动量低于门槛
2026-08-10,688069.SH,,rejected_signal,,14.576557,,0.87160325,,未满足 MA5>MA10>MA20>MA60; 60日趋势强度不足
2026-08-10,688070.SH,,rejected_signal,,0.800984,,0.86935478,,未满足 MA5>MA10>MA20>MA60; 20日动量低于门槛; 60日趋势强度不足
2026-08-10,688071.SH,,rejected_signal,,29.594746,,1.10350585,,未满足 MA5>MA10>MA20>MA60; 60日趋势强度不足
2026-08-10,688072.SH,,rejected_signal,,15.657876,,1.0415858,,未满足 MA5>MA10>MA20>MA60; 20日动量低于门槛; 20日年化波动过高
2026-08-10,688073.SH,,rejected_signal,,18.69833,,0.86552793,,20日涨幅过热; 偏离MA20过远，追高风险; 20日年化波动过高; 当日跳空幅度过大
2026-08-10,688075.SH,,rejected_signal,,13.643065,,0.92089432,,未满足 MA5>MA10>MA20>MA60; 60日趋势强度不足; 20日平均成交额不足
2026-08-10,688076.SH,,rejected_universe,,9.414347,,0.94609034,,不在当日动态股票池(停牌/未上市/已退市/当前ST代理过滤)
2026-08-10,688077.SH,,rejected_signal,,6.500281,,0.847516,,未满足 MA5>MA10>MA20>MA60; 60日趋势强度不足
2026-08-10,688078.SH,,rejected_signal,,17.144642,,0.99983793,,未满足 MA5>MA10>MA20>MA60; 60日趋势强度不足; 20日平均成交额不足
2026-08-10,688079.SH,,rejected_signal,,0.20461,,0.50101787,,未满足 MA5>MA10>MA20>MA60; 20日动量低于门槛; 60日趋势强度不足; 20日年化波动过高
2026-08-10,688080.SH,,rejected_signal,,3.170342,,0.86516738,,未满足 MA5>MA10>MA20>MA60; 60日趋势强度不足
2026-08-10,688081.SH,,rejected_signal,,0.306809,,0.61501729,,未满足 MA5>MA10>MA20>MA60; 20日动量低于门槛; 60日趋势强度不足
2026-08-10,688082.SH,,rejected_signal,,13.305733,,0.73938841,,未满足 MA5>MA10>MA20>MA60; 20日动量低于门槛; 20日年化波动过高
2026-08-10,688083.SH,,rejected_signal,,2.077976,,0.84358281,,未满足 MA5>MA10>MA20>MA60; 20日动量低于门槛; 60日趋势强度不足
2026-08-10,688084.SH,,rejected_signal,,9.81938,,0.85280889,,未满足 MA5>MA10>MA20>MA60; 60日趋势强度不足; 偏离MA20过远，追高风险
2026-08-10,688085.SH,,rejected_signal,,20.381428,,0.99504149,,未满足 MA5>MA10>MA20>MA60; 60日趋势强度不足
2026-08-10,688087.SH,,rejected_signal,,26.011463,,1.02503765,,60日趋势强度不足
2026-08-10,688088.SH,,rejected_signal,,5.150617,,0.92317569,,未满足 MA5>MA10>MA20>MA60; 20日动量低于门槛; 60日趋势强度不足
2026-08-10,688089.SH,,rejected_universe,,0.0,,0.66204071,,不在当日动态股票池(停牌/未上市/已退市/当前ST代理过滤)
2026-08-10,688090.SH,,rejected_signal,,1.834315,,0.48733795,,未满足 MA5>MA10>MA20>MA60; 20日动量低于门槛; 60日趋势强度不足; 20日年化波动过高
2026-08-10,688091.SH,,rejected_signal,,7.29821,,0.85641783,,未满足 MA5>MA10>MA20>MA60; 20日动量低于门槛; 60日趋势强度不足
2026-08-10,688092.SH,,rejected_signal,,7.539412,,0.93096513,,未满足 MA5>MA10>MA20>MA60; 60日趋势强度不足; 20日平均成交额不足
2026-08-10,688093.SH,,rejected_signal,,9.704883,,0.87979442,,未满足 MA5>MA10>MA20>MA60; 20日动量低于门槛; 60日趋势强度不足
2026-08-10,688095.SH,,rejected_signal,,37.003853,,1.07806933,,未满足 MA5>MA10>MA20>MA60; 60日趋势强度不足
2026-08-10,688096.SH,,rejected_signal,,0.0,,0.70115703,,未满足 MA5>MA10>MA20>MA60; 20日动量低于门槛; 60日趋势强度不足; 20日年化波动过高
2026-08-10,688097.SH,,rejected_signal,,8.701634,,0.67521799,,未满足 MA5>MA10>MA20>MA60; 收盘价低于MA20; 20日动量低于门槛; 60日趋势强度不足
2026-08-10,688098.SH,,rejected_signal,,7.253855,,0.98157203,,未满足 MA5>MA10>MA20>MA60; 20日动量低于门槛; 60日趋势强度不足; 20日平均成交额不足
2026-08-10,688099.SH,,rejected_signal,,6.880229,,0.92667198,,未满足 MA5>MA10>MA20>MA60; 20日动量低于门槛; 60日趋势强度不足
2026-08-10,688100.SH,,rejected_signal,,11.582821,,0.97628856,,未满足 MA5>MA10>MA20>MA60; 60日趋势强度不足
2026-08-10,688101.SH,,rejected_signal,,1.788987,,0.91076869,,未满足 MA5>MA10>MA20>MA60; 收盘价低于MA20; 20日动量低于门槛; 60日趋势强度不足
2026-08-10,688102.SH,,rejected_signal,,2.682698,,0.69819283,,未满足 MA5>MA10>MA20>MA60; 20日动量低于门槛; 60日趋势强度不足; 偏离MA20过远，追高风险; 20日年化波动过高
2026-08-10,688103.SH,,rejected_signal,,12.560519,,0.86343557,,未满足 MA5>MA10>MA20>MA60; 20日动量低于门槛
2026-08-10,688105.SH,,rejected_signal,,36.753559,,1.05794311,,偏离MA20过远，追高风险
2026-08-10,688106.SH,,rejected_signal,,2.228369,,0.76812816,,未满足 MA5>MA10>MA20>MA60; 收盘价低于MA20; 20日动量低于门槛; 60日趋势强度不足
2026-08-10,688107.SH,,rejected_signal,,0.257564,,0.6462006,,未满足 MA5>MA10>MA20>MA60; 20日动量低于门槛; 60日趋势强度不足
2026-08-10,688108.SH,,rejected_signal,,1.511116,,0.85851163,,未满足 MA5>MA10>MA20>MA60; 60日趋势强度不足
2026-08-10,688109.SH,,rejected_signal,,16.217661,,0.89212722,,未满足 MA5>MA10>MA20>MA60; 60日趋势强度不足
2026-08-10,688110.SH,,rejected_signal,,0.607738,,0.63384539,,未满足 MA5>MA10>MA20>MA60; 收盘价低于MA20; 20日动量低于门槛; 60日趋势强度不足; 20日年化波动过高
2026-08-10,688111.SH,,selected_signal,17,54.599876,0.81609195,1.16305315,0.84367818,quality_momentum 横截面排名进入 Top20
2026-08-10,688112.SH,,rejected_signal,,7.267948,,0.64061522,,未满足 MA5>MA10>MA20>MA60; 收盘价低于MA20; 20日动量低于门槛; 60日趋势强度不足
2026-08-10,688113.SH,,rejected_signal,,7.958415,,0.91406161,,未满足 MA5>MA10>MA20>MA60; 60日趋势强度不足
2026-08-10,688114.SH,,rejected_signal,,22.964197,,0.96887273,,未满足 MA5>MA10>MA20>MA60; 偏离MA20过远，追高风险
2026-08-10,688115.SH,,rejected_rank,42,46.548431,0.52873564,1.02665722,0.46436784,"信号有效, 但综合排名未进入 Top20"
2026-08-10,688116.SH,,rejected_signal,,7.564029,,0.91098541,,未满足 MA5>MA10>MA20>MA60; 20日动量低于门槛; 60日趋势强度不足
2026-08-10,688117.SH,,rejected_signal,,11.73842,,0.8942126,,未满足 MA5>MA10>MA20>MA60; 20日动量低于门槛; 60日趋势强度不足
2026-08-10,688118.SH,,rejected_signal,,7.415547,,0.94174105,,未满足 MA5>MA10>MA20>MA60; 60日趋势强度不足
2026-08-10,688119.SH,,rejected_signal,,5.897153,,0.9001947,,未满足 MA5>MA10>MA20>MA60; 20日动量低于门槛; 60日趋势强度不足
2026-08-10,688120.SH,,rejected_signal,,19.756805,,0.9363246,,未满足 MA5>MA10>MA20>MA60; 20日动量低于门槛; 20日年化波动过高
2026-08-10,688121.SH,,rejected_universe,,0.0,,2.07471108,,不在当日动态股票池(停牌/未上市/已退市/当前ST代理过滤)
2026-08-10,688122.SH,,rejected_signal,,5.092967,,0.9485603,,未满足 MA5>MA10>MA20>MA60; 20日动量低于门槛; 60日趋势强度不足
2026-08-10,688123.SH,,rejected_signal,,4.367511,,0.60061693,,未满足 MA5>MA10>MA20>MA60; 20日动量低于门槛; 60日趋势强度不足; 20日年化波动过高
2026-08-10,688125.SH,,rejected_signal,,2.521426,,0.51202822,,未满足 MA5>MA10>MA20>MA60; 20日动量低于门槛; 60日趋势强度不足; 20日年化波动过高
2026-08-10,688126.SH,,rejected_signal,,4.769164,,0.7473914,,未满足 MA5>MA10>MA20>MA60; 收盘价低于MA20; 20日动量低于门槛
2026-08-10,688127.SH,,rejected_signal,,0.428035,,0.65931231,,未满足 MA5>MA10>MA20>MA60; 20日动量低于门槛; 60日趋势强度不足
2026-08-10,688128.SH,,rejected_signal,,5.495952,,0.94186801,,未满足 MA5>MA10>MA20>MA60; 60日趋势强度不足
2026-08-10,688129.SH,,rejected_signal,,5.536492,,0.8394748,,未满足 MA5>MA10>MA20>MA60; 60日趋势强度不足; 20日平均成交额不足
2026-08-10,688130.SH,,rejected_signal,,0.0,,0.66159725,,未满足 MA5>MA10>MA20>MA60; 20日动量低于门槛; 60日趋势强度不足; 偏离MA20过远，追高风险; 20日年化波动过高
2026-08-10,688131.SH,,rejected_signal,,42.32967,,0.91571373,,未满足 MA5>MA10>MA20>MA60; 偏离MA20过远，追高风险; 20日年化波动过高
2026-08-10,688132.SH,,rejected_signal,,15.953173,,0.94882029,,未满足 MA5>MA10>MA20>MA60; 60日趋势强度不足; 20日平均成交额不足
2026-08-10,688133.SH,,rejected_signal,,30.950916,,0.90026116,,未满足 MA5>MA10>MA20>MA60
2026-08-10,688135.SH,,rejected_signal,,0.0,,0.5142917,,未满足 MA5>MA10>MA20>MA60; 20日动量低于门槛; 60日趋势强度不足; 20日年化波动过高
2026-08-10,688136.SH,,rejected_signal,,11.351542,,0.87667775,,未满足 MA5>MA10>MA20>MA60; 20日动量低于门槛; 60日趋势强度不足
2026-08-10,688137.SH,,rejected_signal,,13.904281,,0.85761732,,未满足 MA5>MA10>MA20>MA60; 20日涨幅过热; 偏离MA20过远，追高风险; 20日年化波动过高
2026-08-10,688138.SH,,rejected_signal,,0.0,,0.69548064,,未满足 MA5>MA10>MA20>MA60; 20日动量低于门槛; 60日趋势强度不足; 20日年化波动过高
2026-08-10,688139.SH,,rejected_signal,,24.558348,,1.00689614,,未满足 MA5>MA10>MA20>MA60; 60日趋势强度不足
2026-08-10,688141.SH,,rejected_signal,,22.861553,,0.7954731,,未满足 MA5>MA10>MA20>MA60; 20日动量低于门槛; 20日年化波动过高
2026-08-10,688143.SH,,rejected_signal,,17.449987,,0.48748767,,未满足 MA5>MA10>MA20>MA60; 20日动量低于门槛; 20日年化波动过高
2026-08-10,688146.SH,,rejected_signal,,20.895962,,0.99945647,,偏离MA20过远，追高风险; 20日年化波动过高
2026-08-10,688147.SH,,rejected_signal,,8.745798,,0.63172001,,未满足 MA5>MA10>MA20>MA60; 20日动量低于门槛; 20日年化波动过高
2026-08-10,688148.SH,,rejected_signal,,13.008308,,0.8228187,,未满足 MA5>MA10>MA20>MA60; 60日趋势强度不足
2026-08-10,688150.SH,,rejected_signal,,4.003098,,0.49532211,,未满足 MA5>MA10>MA20>MA60; 20日动量低于门槛; 60日趋势强度不足; 20日年化波动过高
2026-08-10,688151.SH,,rejected_signal,,23.293192,,0.97920519,,未满足 MA5>MA10>MA20>MA60; 60日趋势强度不足
2026-08-10,688152.SH,,rejected_signal,,9.38195,,0.92749423,,未满足 MA5>MA10>MA20>MA60; 60日趋势强度不足
2026-08-10,688153.SH,,rejected_signal,,2.601908,,0.82661879,,未满足 MA5>MA10>MA20>MA60; 20日动量低于门槛; 60日趋势强度不足
2026-08-10,688155.SH,,rejected_signal,,5.763948,,0.77868724,,未满足 MA5>MA10>MA20>MA60; 20日动量低于门槛; 60日趋势强度不足
2026-08-10,688156.SH,,rejected_signal,,2.704024,,0.73943955,,未满足 MA5>MA10>MA20>MA60; 20日动量低于门槛; 60日趋势强度不足
2026-08-10,688157.SH,,rejected_signal,,0.022838,,0.82089561,,未满足 MA5>MA10>MA20>MA60; 20日动量低于门槛; 60日趋势强度不足
2026-08-10,688158.SH,,rejected_signal,,2.137725,,0.85988349,,未满足 MA5>MA10>MA20>MA60; 20日动量低于门槛; 60日趋势强度不足
2026-08-10,688159.SH,,rejected_signal,,4.209974,,0.71701604,,未满足 MA5>MA10>MA20>MA60; 20日动量低于门槛; 60日趋势强度不足
2026-08-10,688160.SH,,rejected_signal,,3.790976,,0.97273993,,未满足 MA5>MA10>MA20>MA60; 20日动量低于门槛; 60日趋势强度不足
2026-08-10,688161.SH,,rejected_signal,,11.962826,,0.95770872,,未满足 MA5>MA10>MA20>MA60; 60日趋势强度不足; 20日平均成交额不足
2026-08-10,688162.SH,,rejected_signal,,7.901877,,0.86819738,,未满足 MA5>MA10>MA20>MA60; 60日趋势强度不足
2026-08-10,688163.SH,,rejected_signal,,0.0,,0.6698429,,未满足 MA5>MA10>MA20>MA60; 20日动量低于门槛; 60日趋势强度不足; 20日年化波动过高
2026-08-10,688165.SH,,rejected_signal,,3.409859,,0.87146026,,未满足 MA5>MA10>MA20>MA60; 20日动量低于门槛; 60日趋势强度不足
2026-08-10,688166.SH,,rejected_signal,,25.738665,,0.83484888,,未满足 MA5>MA10>MA20>MA60; 60日趋势强度不足; 20日年化波动过高
2026-08-10,688167.SH,,rejected_signal,,5.378664,,0.56280959,,未满足 MA5>MA10>MA20>MA60; 收盘价低于MA20; 20日动量低于门槛; 60日趋势强度不足; 20日年化波动过高
2026-08-10,688168.SH,,rejected_signal,,0.0,,0.49050218,,未满足 MA5>MA10>MA20>MA60; 收盘价低于MA20; 20日动量低于门槛; 60日趋势强度不足
2026-08-10,688169.SH,,rejected_signal,,41.612,,1.05492997,,未满足 MA5>MA10>MA20>MA60; 60日趋势强度不足
2026-08-10,688170.SH,,rejected_signal,,0.0,,0.50043648,,未满足 MA5>MA10>MA20>MA60; 20日动量低于门槛; 60日趋势强度不足
2026-08-10,688171.SH,,rejected_signal,,17.148457,,0.80776465,,未满足 MA5>MA10>MA20>MA60; 60日趋势强度不足
2026-08-10,688172.SH,,rejected_signal,,3.424564,,0.6318056,,未满足 MA5>MA10>MA20>MA60; 收盘价低于MA20; 20日动量低于门槛; 20日年化波动过高
2026-08-10,688173.SH,,rejected_signal,,0.0,,0.73122132,,未满足 MA5>MA10>MA20>MA60; 20日动量低于门槛; 60日趋势强度不足
2026-08-10,688175.SH,,rejected_signal,,0.0,,0.66971409,,未满足 MA5>MA10>MA20>MA60; 20日动量低于门槛; 60日趋势强度不足
2026-08-10,688176.SH,,rejected_signal,,21.968964,,0.95584047,,未满足 MA5>MA10>MA20>MA60; 20日动量低于门槛; 60日趋势强度不足
2026-08-10,688177.SH,,rejected_signal,,13.956144,,0.97054863,,未满足 MA5>MA10>MA20>MA60; 60日趋势强度不足
2026-08-10,688178.SH,,rejected_signal,,0.0,,0.70585692,,未满足 MA5>MA10>MA20>MA60; 20日动量低于门槛; 60日趋势强度不足
2026-08-10,688179.SH,,rejected_signal,,2.386109,,0.71632046,,未满足 MA5>MA10>MA20>MA60; 20日动量低于门槛; 60日趋势强度不足; 20日年化波动过高
2026-08-10,688180.SH,,rejected_signal,,36.424995,,1.022856,,未满足 MA5>MA10>MA20>MA60; 60日趋势强度不足
2026-08-10,688181.SH,,rejected_signal,,3.378103,,0.71023792,,未满足 MA5>MA10>MA20>MA60; 20日动量低于门槛; 60日趋势强度不足
2026-08-10,688182.SH,,rejected_signal,,5.535764,,0.58585161,,未满足 MA5>MA10>MA20>MA60; 20日动量低于门槛; 60日趋势强度不足
2026-08-10,688183.SH,,rejected_signal,,11.964562,,0.77532917,,未满足 MA5>MA10>MA20>MA60; 20日动量低于门槛; 20日年化波动过高
2026-08-10,688184.SH,,rejected_universe,,17.422245,,0.96673602,,不在当日动态股票池(停牌/未上市/已退市/当前ST代理过滤)
2026-08-10,688185.SH,,rejected_signal,,21.081707,,0.95240891,,未满足 MA5>MA10>MA20>MA60; 60日趋势强度不足
2026-08-10,688186.SH,,rejected_signal,,1.466662,,0.91087204,,未满足 MA5>MA10>MA20>MA60; 20日动量低于门槛; 60日趋势强度不足
2026-08-10,688187.SH,,rejected_signal,,6.463649,,0.91384196,,未满足 MA5>MA10>MA20>MA60; 60日趋势强度不足
2026-08-10,688188.SH,,rejected_signal,,17.525982,,0.96663564,,未满足 MA5>MA10>MA20>MA60; 60日趋势强度不足
2026-08-10,688189.SH,,rejected_universe,,6.713633,,0.93580359,,不在当日动态股票池(停牌/未上市/已退市/当前ST代理过滤)
2026-08-10,688190.SH,,rejected_signal,,10.197548,,0.76976126,,未满足 MA5>MA10>MA20>MA60; 60日趋势强度不足
2026-08-10,688191.SH,,rejected_signal,,0.059045,,0.46805513,,未满足 MA5>MA10>MA20>MA60; 20日动量低于门槛; 60日趋势强度不足
2026-08-10,688192.SH,,rejected_signal,,49.964703,,1.02097523,,未满足 MA5>MA10>MA20>MA60; 收盘价低于MA20; 60日趋势强度不足; 20日年化波动过高
2026-08-10,688193.SH,,rejected_signal,,1.783612,,0.9671095,,未满足 MA5>MA10>MA20>MA60; 20日动量低于门槛; 60日趋势强度不足; 20日平均成交额不足
2026-08-10,688195.SH,,rejected_signal,,3.355518,,0.48530045,,未满足 MA5>MA10>MA20>MA60; 20日动量低于门槛; 60日趋势强度不足; 20日年化波动过高
2026-08-10,688196.SH,,rejected_signal,,9.989867,,0.92009062,,未满足 MA5>MA10>MA20>MA60; 60日趋势强度不足
2026-08-10,688197.SH,,rejected_signal,,6.225419,,0.87028968,,未满足 MA5>MA10>MA20>MA60; 20日动量低于门槛; 60日趋势强度不足
2026-08-10,688198.SH,,rejected_signal,,7.858249,,0.99103189,,未满足 MA5>MA10>MA20>MA60; 20日动量低于门槛; 60日趋势强度不足
2026-08-10,688199.SH,,rejected_signal,,0.855703,,0.72615093,,未满足 MA5>MA10>MA20>MA60; 20日动量低于门槛; 60日趋势强度不足
2026-08-10,688200.SH,,rejected_signal,,16.427052,,0.80743068,,未满足 MA5>MA10>MA20>MA60; 20日动量低于门槛; 20日年化波动过高
2026-08-10,688201.SH,,rejected_universe,,2.820054,,0.96334857,,不在当日动态股票池(停牌/未上市/已退市/当前ST代理过滤)
2026-08-10,688202.SH,,rejected_signal,,40.276779,,0.96866989,,未满足 MA5>MA10>MA20>MA60; 偏离MA20过远，追高风险; 20日年化波动过高
2026-08-10,688203.SH,,rejected_signal,,0.0,,0.8858934,,未满足 MA5>MA10>MA20>MA60; 60日趋势强度不足; 偏离MA20过远，追高风险
2026-08-10,688205.SH,,rejected_signal,,3.021353,,0.54759288,,未满足 MA5>MA10>MA20>MA60; 20日动量低于门槛; 60日趋势强度不足
2026-08-10,688206.SH,,rejected_signal,,0.466239,,0.77843404,,未满足 MA5>MA10>MA20>MA60; 收盘价低于MA20; 20日动量低于门槛; 60日趋势强度不足
2026-08-10,688207.SH,,rejected_signal,,7.1228,,0.88530976,,未满足 MA5>MA10>MA20>MA60; 20日动量低于门槛; 20日年化波动过高
2026-08-10,688208.SH,,rejected_signal,,30.351067,,1.00385118,,未满足 MA5>MA10>MA20>MA60; 60日趋势强度不足
2026-08-10,688209.SH,,rejected_signal,,1.126026,,0.80408752,,未满足 MA5>MA10>MA20>MA60; 收盘价低于MA20; 20日动量低于门槛; 60日趋势强度不足
2026-08-10,688210.SH,,rejected_signal,,1.633013,,0.61792511,,未满足 MA5>MA10>MA20>MA60; 20日动量低于门槛; 60日趋势强度不足
2026-08-10,688211.SH,,rejected_signal,,9.287836,,0.88990605,,未满足 MA5>MA10>MA20>MA60; 20日动量低于门槛; 60日趋势强度不足; 20日平均成交额不足
2026-08-10,688212.SH,,rejected_signal,,10.989502,,0.93504089,,未满足 MA5>MA10>MA20>MA60; 20日动量低于门槛; 60日趋势强度不足
2026-08-10,688213.SH,,rejected_signal,,10.151541,,0.91831696,,未满足 MA5>MA10>MA20>MA60; 20日动量低于门槛; 60日趋势强度不足
2026-08-10,688215.SH,,rejected_signal,,12.8627,,0.71663541,,未满足 MA5>MA10>MA20>MA60; 60日趋势强度不足; 偏离MA20过远，追高风险
2026-08-10,688216.SH,,rejected_signal,,0.0,,0.65113896,,未满足 MA5>MA10>MA20>MA60; 20日动量低于门槛; 60日趋势强度不足; 20日年化波动过高
2026-08-10,688217.SH,,rejected_signal,,18.271484,,0.93596309,,未满足 MA5>MA10>MA20>MA60; 60日趋势强度不足; 20日平均成交额不足
2026-08-10,688218.SH,,rejected_signal,,2.392603,,0.66125447,,未满足 MA5>MA10>MA20>MA60; 20日动量低于门槛; 60日趋势强度不足; 20日年化波动过高
2026-08-10,688219.SH,,rejected_signal,,7.162107,,0.93378919,,未满足 MA5>MA10>MA20>MA60; 20日动量低于门槛; 60日趋势强度不足
2026-08-10,688220.SH,,rejected_signal,,8.642338,,0.83775145,,未满足 MA5>MA10>MA20>MA60; 收盘价低于MA20; 20日动量低于门槛; 60日趋势强度不足; 20日年化波动过高
2026-08-10,688221.SH,,rejected_signal,,7.79179,,0.76970321,,未满足 MA5>MA10>MA20>MA60; 20日动量低于门槛; 60日趋势强度不足
2026-08-10,688222.SH,,rejected_signal,,23.793953,,0.84234792,,未满足 MA5>MA10>MA20>MA60; 20日动量低于门槛; 偏离MA20过远，追高风险; 20日年化波动过高
2026-08-10,688223.SH,,rejected_signal,,23.153805,,0.91653949,,未满足 MA5>MA10>MA20>MA60; 60日趋势强度不足
2026-08-10,688225.SH,,rejected_signal,,5.837017,,0.9011513,,未满足 MA5>MA10>MA20>MA60; 20日动量低于门槛; 60日趋势强度不足
2026-08-10,688226.SH,,rejected_signal,,3.325196,,0.61294603,,未满足 MA5>MA10>MA20>MA60; 20日动量低于门槛; 60日趋势强度不足
2026-08-10,688227.SH,,rejected_signal,,0.594688,,0.78219008,,未满足 MA5>MA10>MA20>MA60; 20日动量低于门槛; 60日趋势强度不足
2026-08-10,688228.SH,,rejected_signal,,2.105726,,0.80859011,,未满足 MA5>MA10>MA20>MA60; 60日趋势强度不足
2026-08-10,688229.SH,,rejected_signal,,5.705651,,0.82620108,,未满足 MA5>MA10>MA20>MA60; 20日动量低于门槛; 60日趋势强度不足
2026-08-10,688230.SH,,rejected_signal,,1.806471,,0.71346617,,未满足 MA5>MA10>MA20>MA60; 20日动量低于门槛; 60日趋势强度不足
2026-08-10,688231.SH,,rejected_signal,,0.0,,0.72955829,,未满足 MA5>MA10>MA20>MA60; 20日动量低于门槛; 60日趋势强度不足
2026-08-10,688232.SH,,rejected_signal,,19.052649,,1.01863027,,未满足 MA5>MA10>MA20>MA60; 60日趋势强度不足
2026-08-10,688233.SH,,rejected_signal,,10.710677,,0.56082451,,未满足 MA5>MA10>MA20>MA60; 20日动量低于门槛; 20日年化波动过高
2026-08-10,688234.SH,,rejected_signal,,4.501968,,0.51014984,,未满足 MA5>MA10>MA20>MA60; 20日动量低于门槛; 60日趋势强度不足; 20日年化波动过高
2026-08-10,688235.SH,,selected_signal,7,59.192585,0.93103451,1.0046382,0.77011496,quality_momentum 横截面排名进入 Top20
2026-08-10,688236.SH,,rejected_signal,,14.089079,,0.96812046,,未满足 MA5>MA10>MA20>MA60; 60日趋势强度不足
2026-08-10,688237.SH,,rejected_signal,,38.046021,,1.05145848,,未满足 MA5>MA10>MA20>MA60; 20日年化波动过高
2026-08-10,688238.SH,,rejected_signal,,29.497475,,0.9434011,,未满足 MA5>MA10>MA20>MA60; 偏离MA20过远，追高风险
2026-08-10,688239.SH,,rejected_signal,,5.287732,,0.76919281,,未满足 MA5>MA10>MA20>MA60; 20日动量低于门槛; 60日趋势强度不足
2026-08-10,688244.SH,,rejected_signal,,19.469061,,0.97188437,,未满足 MA5>MA10>MA20>MA60; 60日趋势强度不足
2026-08-10,688246.SH,,rejected_signal,,4.84296,,0.89861757,,未满足 MA5>MA10>MA20>MA60; 60日趋势强度不足
2026-08-10,688247.SH,,rejected_signal,,14.870152,,0.92507464,,未满足 MA5>MA10>MA20>MA60; 20日动量低于门槛; 60日趋势强度不足
2026-08-10,688248.SH,,rejected_signal,,0.0,,0.83307254,,未满足 MA5>MA10>MA20>MA60; 20日动量低于门槛; 60日趋势强度不足; 20日年化波动过高
2026-08-10,688249.SH,,rejected_signal,,0.602254,,0.69951874,,未满足 MA5>MA10>MA20>MA60; 收盘价低于MA20; 20日动量低于门槛; 60日趋势强度不足
2026-08-10,688251.SH,,rejected_signal,,0.0,,0.83949924,,未满足 MA5>MA10>MA20>MA60; 20日动量低于门槛; 60日趋势强度不足
2026-08-10,688252.SH,,rejected_signal,,1.633281,,0.7940948,,未满足 MA5>MA10>MA20>MA60; 20日动量低于门槛; 60日趋势强度不足
2026-08-10,688253.SH,,rejected_signal,,31.074837,,0.94198221,,未满足 MA5>MA10>MA20>MA60; 偏离MA20过远，追高风险
2026-08-10,688255.SH,,rejected_signal,,10.901945,,0.86828685,,未满足 MA5>MA10>MA20>MA60; 60日趋势强度不足
2026-08-10,688256.SH,,rejected_signal,,11.673813,,0.7643013,,未满足 MA5>MA10>MA20>MA60; 收盘价低于MA20; 20日动量低于门槛; 60日趋势强度不足
2026-08-10,688257.SH,,rejected_signal,,2.495851,,0.49973592,,未满足 MA5>MA10>MA20>MA60; 20日动量低于门槛; 20日年化波动过高
2026-08-10,688258.SH,,rejected_signal,,0.0,,0.74270654,,未满足 MA5>MA10>MA20>MA60; 20日动量低于门槛; 60日趋势强度不足; 20日年化波动过高
2026-08-10,688259.SH,,rejected_signal,,0.301525,,0.80285394,,未满足 MA5>MA10>MA20>MA60; 20日动量低于门槛; 60日趋势强度不足
2026-08-10,688260.SH,,rejected_signal,,20.213131,,1.11204159,,未满足 MA5>MA10>MA20>MA60; 20日涨幅过热; 偏离MA20过远，追高风险; 20日年化波动过高
2026-08-10,688261.SH,,rejected_signal,,1.892261,,0.7490868,,未满足 MA5>MA10>MA20>MA60; 20日动量低于门槛; 60日趋势强度不足; 20日年化波动过高
2026-08-10,688262.SH,,rejected_signal,,0.0,,0.64087558,,未满足 MA5>MA10>MA20>MA60; 20日动量低于门槛; 60日趋势强度不足; 20日年化波动过高
2026-08-10,688265.SH,,rejected_signal,,15.588111,,0.95490497,,偏离MA20过远，追高风险; 20日年化波动过高
2026-08-10,688266.SH,,rejected_signal,,13.054484,,0.94051933,,未满足 MA5>MA10>MA20>MA60; 收盘价低于MA20; 20日动量低于门槛
2026-08-10,688267.SH,,rejected_signal,,4.172603,,0.85899192,,未满足 MA5>MA10>MA20>MA60; 60日趋势强度不足
2026-08-10,688268.SH,,rejected_signal,,3.512569,,0.56776595,,未满足 MA5>MA10>MA20>MA60; 20日动量低于门槛; 60日趋势强度不足
2026-08-10,688269.SH,,rejected_signal,,2.765406,,0.91653347,,未满足 MA5>MA10>MA20>MA60; 20日动量低于门槛; 60日趋势强度不足
2026-08-10,688270.SH,,rejected_universe,,4.034109,,0.75355363,,不在当日动态股票池(停牌/未上市/已退市/当前ST代理过滤)
2026-08-10,688271.SH,,rejected_signal,,22.385355,,1.04653871,,未满足 MA5>MA10>MA20>MA60; 收盘价低于MA20; 60日趋势强度不足
2026-08-10,688272.SH,,rejected_signal,,3.877299,,0.76548445,,未满足 MA5>MA10>MA20>MA60; 20日动量低于门槛; 60日趋势强度不足
2026-08-10,688273.SH,,rejected_signal,,2.758427,,0.75260663,,未满足 MA5>MA10>MA20>MA60; 20日动量低于门槛; 60日趋势强度不足
2026-08-10,688275.SH,,rejected_signal,,9.085722,,0.62868589,,未满足 MA5>MA10>MA20>MA60; 20日动量低于门槛; 60日趋势强度不足
2026-08-10,688276.SH,,rejected_signal,,27.032572,,1.0054816,,未满足 MA5>MA10>MA20>MA60; 60日趋势强度不足
2026-08-10,688277.SH,,rejected_signal,,10.727896,,1.09206665,,未满足 MA5>MA10>MA20>MA60; 60日趋势强度不足
2026-08-10,688278.SH,,rejected_signal,,15.305562,,1.0303961,,未满足 MA5>MA10>MA20>MA60; 60日趋势强度不足
2026-08-10,688279.SH,,rejected_signal,,0.038324,,0.76671362,,未满足 MA5>MA10>MA20>MA60; 收盘价低于MA20; 20日动量低于门槛; 60日趋势强度不足
2026-08-10,688280.SH,,rejected_signal,,26.423302,,1.0500319,,未满足 MA5>MA10>MA20>MA60; 60日趋势强度不足
2026-08-10,688281.SH,,rejected_signal,,15.666292,,0.95929319,,未满足 MA5>MA10>MA20>MA60; 60日趋势强度不足
2026-08-10,688282.SH,,rejected_signal,,12.569637,,0.78093827,,未满足 MA5>MA10>MA20>MA60; 60日趋势强度不足
2026-08-10,688283.SH,,rejected_signal,,2.051492,,0.77051091,,未满足 MA5>MA10>MA20>MA60; 20日动量低于门槛; 60日趋势强度不足
2026-08-10,688285.SH,,rejected_signal,,14.214751,,0.97557586,,未满足 MA5>MA10>MA20>MA60; 60日趋势强度不足; 20日平均成交额不足
2026-08-10,688286.SH,,rejected_signal,,0.021801,,0.63872969,,未满足 MA5>MA10>MA20>MA60; 20日动量低于门槛; 60日趋势强度不足
2026-08-10,688287.SH,,rejected_universe,,0.0,,0.0,,不在当日动态股票池(停牌/未上市/已退市/当前ST代理过滤)
2026-08-10,688288.SH,,rejected_signal,,10.609982,,0.91367471,,未满足 MA5>MA10>MA20>MA60; 60日趋势强度不足; 20日平均成交额不足
2026-08-10,688289.SH,,rejected_signal,,23.623531,,1.02815676,,60日趋势强度不足
2026-08-10,688290.SH,,rejected_signal,,24.369112,,0.93189049,,未满足 MA5>MA10>MA20>MA60; 60日趋势强度不足; 偏离MA20过远，追高风险
2026-08-10,688291.SH,,rejected_signal,,0.0,,0.77438003,,未满足 MA5>MA10>MA20>MA60; 20日动量低于门槛; 60日趋势强度不足
2026-08-10,688292.SH,,rejected_signal,,2.257041,,0.82840455,,未满足 MA5>MA10>MA20>MA60; 60日趋势强度不足
2026-08-10,688293.SH,,rejected_signal,,35.676186,,1.09140944,,20日涨幅过热; 偏离MA20过远，追高风险; 20日年化波动过高
2026-08-10,688295.SH,,rejected_signal,,5.813022,,0.79517359,,未满足 MA5>MA10>MA20>MA60; 20日动量低于门槛; 60日趋势强度不足
2026-08-10,688296.SH,,rejected_signal,,40.454357,,1.09148073,,20日涨幅过热; 偏离MA20过远，追高风险
2026-08-10,688297.SH,,rejected_signal,,15.97645,,0.96317196,,未满足 MA5>MA10>MA20>MA60; 60日趋势强度不足
2026-08-10,688298.SH,,rejected_signal,,9.04595,,0.95903689,,未满足 MA5>MA10>MA20>MA60; 20日动量低于门槛; 60日趋势强度不足
2026-08-10,688299.SH,,rejected_signal,,0.468151,,0.82169747,,未满足 MA5>MA10>MA20>MA60; 20日动量低于门槛; 60日趋势强度不足
2026-08-10,688300.SH,,rejected_signal,,9.768916,,0.3904939,,未满足 MA5>MA10>MA20>MA60; 20日动量低于门槛; 20日年化波动过高
2026-08-10,688301.SH,,rejected_signal,,11.680502,,0.73278546,,未满足 MA5>MA10>MA20>MA60; 20日动量低于门槛; 60日趋势强度不足
2026-08-10,688302.SH,,rejected_signal,,6.660839,,0.85223627,,未满足 MA5>MA10>MA20>MA60; 20日动量低于门槛; 60日趋势强度不足
2026-08-10,688303.SH,,rejected_signal,,28.094065,,1.05091012,,未满足 MA5>MA10>MA20>MA60; 60日趋势强度不足
2026-08-10,688305.SH,,rejected_signal,,3.369706,,0.86211318,,未满足 MA5>MA10>MA20>MA60; 20日动量低于门槛; 60日趋势强度不足
2026-08-10,688306.SH,,rejected_signal,,8.472584,,0.99610829,,未满足 MA5>MA10>MA20>MA60; 20日动量低于门槛; 60日趋势强度不足
2026-08-10,688307.SH,,rejected_signal,,1.25631,,0.49868599,,未满足 MA5>MA10>MA20>MA60; 20日动量低于门槛; 60日趋势强度不足; 20日年化波动过高
2026-08-10,688308.SH,,rejected_signal,,3.187296,,0.47526154,,未满足 MA5>MA10>MA20>MA60; 20日动量低于门槛; 60日趋势强度不足; 20日年化波动过高
2026-08-10,688309.SH,,rejected_signal,,33.019398,,0.981327,,未满足 MA5>MA10>MA20>MA60; 60日趋势强度不足
2026-08-10,688310.SH,,rejected_signal,,0.776765,,0.82895166,,未满足 MA5>MA10>MA20>MA60; 60日趋势强度不足
2026-08-10,688311.SH,,rejected_signal,,3.862801,,0.80315226,,未满足 MA5>MA10>MA20>MA60; 20日动量低于门槛; 60日趋势强度不足
2026-08-10,688312.SH,,rejected_signal,,3.391282,,0.4593257,,未满足 MA5>MA10>MA20>MA60; 20日动量低于门槛; 60日趋势强度不足; 20日年化波动过高
2026-08-10,688313.SH,,rejected_signal,,1.18266,,0.5126071,,未满足 MA5>MA10>MA20>MA60; 20日动量低于门槛; 60日趋势强度不足; 20日年化波动过高
2026-08-10,688314.SH,,rejected_signal,,13.300501,,0.92816806,,未满足 MA5>MA10>MA20>MA60; 60日趋势强度不足
2026-08-10,688315.SH,,rejected_signal,,21.893024,,0.96692258,,未满足 MA5>MA10>MA20>MA60; 60日趋势强度不足
2026-08-10,688316.SH,,rejected_signal,,0.0,,0.8010028,,未满足 MA5>MA10>MA20>MA60; 60日趋势强度不足
2026-08-10,688317.SH,,rejected_signal,,30.583931,,0.94542503,,未满足 MA5>MA10>MA20>MA60; 60日趋势强度不足
2026-08-10,688318.SH,,rejected_signal,,29.720535,,1.00809801,,未满足 MA5>MA10>MA20>MA60; 60日趋势强度不足
2026-08-10,688319.SH,,rejected_signal,,0.0,,0.57968867,,未满足 MA5>MA10>MA20>MA60; 20日动量低于门槛; 60日趋势强度不足; 20日年化波动过高
2026-08-10,688320.SH,,rejected_signal,,0.936893,,0.80566859,,未满足 MA5>MA10>MA20>MA60; 20日动量低于门槛; 60日趋势强度不足
2026-08-10,688321.SH,,rejected_signal,,27.245295,,0.9457075,,未满足 MA5>MA10>MA20>MA60; 60日趋势强度不足
2026-08-10,688322.SH,,rejected_signal,,7.631577,,0.86806858,,未满足 MA5>MA10>MA20>MA60; 20日动量低于门槛; 20日年化波动过高
2026-08-10,688323.SH,,rejected_signal,,3.864882,,0.55170631,,未满足 MA5>MA10>MA20>MA60; 20日动量低于门槛; 60日趋势强度不足
2026-08-10,688325.SH,,rejected_signal,,6.888293,,0.83055001,,未满足 MA5>MA10>MA20>MA60; 收盘价低于MA20; 20日动量低于门槛; 60日趋势强度不足
2026-08-10,688326.SH,,rejected_signal,,8.129259,,0.93987387,,未满足 MA5>MA10>MA20>MA60; 60日趋势强度不足
2026-08-10,688327.SH,,rejected_signal,,4.547786,,0.87155581,,未满足 MA5>MA10>MA20>MA60; 20日动量低于门槛; 60日趋势强度不足
2026-08-10,688328.SH,,rejected_signal,,7.961284,,0.64700025,,未满足 MA5>MA10>MA20>MA60; 20日动量低于门槛; 20日年化波动过高
2026-08-10,688329.SH,,rejected_signal,,0.0,,0.81598687,,未满足 MA5>MA10>MA20>MA60; 20日动量低于门槛; 60日趋势强度不足
2026-08-10,688330.SH,,rejected_signal,,6.814043,,0.94383246,,未满足 MA5>MA10>MA20>MA60; 60日趋势强度不足
2026-08-10,688331.SH,,rejected_signal,,24.923159,,0.87448704,,未满足 MA5>MA10>MA20>MA60; 20日动量低于门槛
2026-08-10,688332.SH,,rejected_signal,,0.0,,0.70652676,,未满足 MA5>MA10>MA20>MA60; 收盘价低于MA20; 20日动量低于门槛; 60日趋势强度不足; 20日年化波动过高
2026-08-10,688333.SH,,rejected_signal,,27.306063,,0.82860059,,未满足 MA5>MA10>MA20>MA60; 20日年化波动过高
2026-08-10,688334.SH,,rejected_signal,,6.323001,,0.99604809,,未满足 MA5>MA10>MA20>MA60; 60日趋势强度不足
2026-08-10,688335.SH,,rejected_signal,,2.721347,,0.74278539,,未满足 MA5>MA10>MA20>MA60; 20日动量低于门槛; 60日趋势强度不足
2026-08-10,688336.SH,,rejected_signal,,11.793132,,0.88041425,,未满足 MA5>MA10>MA20>MA60; 20日动量低于门槛; 60日趋势强度不足
2026-08-10,688337.SH,,rejected_signal,,0.521111,,0.57468325,,未满足 MA5>MA10>MA20>MA60; 20日动量低于门槛; 60日趋势强度不足
2026-08-10,688338.SH,,rejected_signal,,22.019831,,0.9580422,,未满足 MA5>MA10>MA20>MA60
2026-08-10,688339.SH,,rejected_signal,,4.500626,,0.87720817,,未满足 MA5>MA10>MA20>MA60; 60日趋势强度不足
2026-08-10,688343.SH,,rejected_signal,,0.791918,,0.73195571,,未满足 MA5>MA10>MA20>MA60; 收盘价低于MA20; 20日动量低于门槛; 60日趋势强度不足
2026-08-10,688345.SH,,rejected_signal,,19.5028,,0.91257262,,未满足 MA5>MA10>MA20>MA60; 60日趋势强度不足
2026-08-10,688347.SH,,rejected_signal,,3.798483,,0.76391447,,未满足 MA5>MA10>MA20>MA60; 收盘价低于MA20; 20日动量低于门槛; 20日年化波动过高
2026-08-10,688348.SH,,rejected_signal,,13.544115,,0.91337836,,未满足 MA5>MA10>MA20>MA60; 60日趋势强度不足
2026-08-10,688349.SH,,rejected_signal,,21.55405,,1.05771732,,未满足 MA5>MA10>MA20>MA60; 60日趋势强度不足
2026-08-10,688350.SH,,rejected_signal,,1.794102,,0.81542891,,未满足 MA5>MA10>MA20>MA60; 60日趋势强度不足
2026-08-10,688351.SH,,rejected_signal,,9.895892,,0.87916416,,未满足 MA5>MA10>MA20>MA60; 20日动量低于门槛; 60日趋势强度不足
2026-08-10,688352.SH,,rejected_signal,,2.913474,,0.65521544,,未满足 MA5>MA10>MA20>MA60; 20日动量低于门槛; 偏离MA20过远，追高风险; 20日年化波动过高
2026-08-10,688353.SH,,rejected_signal,,21.13409,,0.91643101,,未满足 MA5>MA10>MA20>MA60; 60日趋势强度不足
2026-08-10,688355.SH,,rejected_signal,,0.274993,,0.87580806,,未满足 MA5>MA10>MA20>MA60; 20日动量低于门槛; 60日趋势强度不足
2026-08-10,688356.SH,,rejected_signal,,11.811461,,0.80022341,,未满足 MA5>MA10>MA20>MA60; 60日趋势强度不足
2026-08-10,688357.SH,,rejected_signal,,12.150799,,0.94552076,,未满足 MA5>MA10>MA20>MA60; 60日趋势强度不足; 20日平均成交额不足
2026-08-10,688358.SH,,rejected_signal,,3.647581,,0.90218824,,未满足 MA5>MA10>MA20>MA60; 20日动量低于门槛; 60日趋势强度不足
2026-08-10,688359.SH,,rejected_signal,,1.888788,,0.41891372,,未满足 MA5>MA10>MA20>MA60; 收盘价低于MA20; 20日动量低于门槛; 60日趋势强度不足; 20日年化波动过高
2026-08-10,688360.SH,,rejected_signal,,1.060578,,0.79864866,,未满足 MA5>MA10>MA20>MA60; 20日动量低于门槛; 60日趋势强度不足
2026-08-10,688361.SH,,rejected_signal,,29.333746,,0.99865419,,未满足 MA5>MA10>MA20>MA60; 20日动量低于门槛; 20日年化波动过高
2026-08-10,688362.SH,,rejected_signal,,11.575286,,0.62494838,,未满足 MA5>MA10>MA20>MA60; 收盘价低于MA20; 20日动量低于门槛; 20日年化波动过高
2026-08-10,688363.SH,,rejected_signal,,40.802731,,1.06793749,,60日趋势强度不足
2026-08-10,688365.SH,,rejected_signal,,8.361551,,0.86581957,,未满足 MA5>MA10>MA20>MA60; 60日趋势强度不足
2026-08-10,688366.SH,,rejected_signal,,17.071095,,1.00547647,,未满足 MA5>MA10>MA20>MA60; 60日趋势强度不足
2026-08-10,688367.SH,,rejected_signal,,1.822792,,0.86550784,,未满足 MA5>MA10>MA20>MA60; 60日趋势强度不足
2026-08-10,688368.SH,,rejected_signal,,0.0,,0.48293352,,未满足 MA5>MA10>MA20>MA60; 20日动量低于门槛; 60日趋势强度不足; 20日年化波动过高
2026-08-10,688369.SH,,rejected_signal,,30.266052,,1.03195727,,未满足 MA5>MA10>MA20>MA60; 60日趋势强度不足
2026-08-10,688370.SH,,rejected_signal,,18.062998,,0.96925902,,未满足 MA5>MA10>MA20>MA60; 60日趋势强度不足; 20日平均成交额不足
2026-08-10,688371.SH,,rejected_signal,,0.0,,0.50233871,,未满足 MA5>MA10>MA20>MA60; 20日动量低于门槛; 60日趋势强度不足; 20日年化波动过高
2026-08-10,688372.SH,,rejected_signal,,5.359512,,0.60048348,,未满足 MA5>MA10>MA20>MA60; 20日动量低于门槛; 60日趋势强度不足; 20日年化波动过高
2026-08-10,688373.SH,,rejected_signal,,23.084869,,0.95031375,,未满足 MA5>MA10>MA20>MA60; 60日趋势强度不足
2026-08-10,688375.SH,,rejected_signal,,7.732982,,0.81786662,,未满足 MA5>MA10>MA20>MA60; 20日动量低于门槛; 60日趋势强度不足
2026-08-10,688376.SH,,rejected_signal,,1.113571,,0.69373679,,未满足 MA5>MA10>MA20>MA60; 20日动量低于门槛; 60日趋势强度不足
2026-08-10,688377.SH,,rejected_signal,,1.294865,,0.79573864,,未满足 MA5>MA10>MA20>MA60; 20日动量低于门槛; 60日趋势强度不足
2026-08-10,688378.SH,,rejected_signal,,2.593591,,0.70297033,,未满足 MA5>MA10>MA20>MA60; 20日动量低于门槛; 60日趋势强度不足
2026-08-10,688379.SH,,rejected_signal,,3.17275,,0.57358444,,未满足 MA5>MA10>MA20>MA60; 20日动量低于门槛; 60日趋势强度不足
2026-08-10,688380.SH,,rejected_signal,,0.0,,0.67749506,,未满足 MA5>MA10>MA20>MA60; 20日动量低于门槛; 60日趋势强度不足
2026-08-10,688381.SH,,rejected_signal,,0.0,,0.54387337,,未满足 MA5>MA10>MA20>MA60; 20日动量低于门槛; 60日趋势强度不足; 20日年化波动过高
2026-08-10,688382.SH,,rejected_signal,,7.745932,,0.92638123,,未满足 MA5>MA10>MA20>MA60; 收盘价低于MA20; 20日动量低于门槛; 60日趋势强度不足
2026-08-10,688383.SH,,rejected_signal,,0.0,,0.49817395,,未满足 MA5>MA10>MA20>MA60; 20日动量低于门槛; 60日趋势强度不足; 20日年化波动过高
2026-08-10,688385.SH,,rejected_signal,,5.212612,,0.78374511,,未满足 MA5>MA10>MA20>MA60; 20日动量低于门槛; 60日趋势强度不足
2026-08-10,688386.SH,,rejected_signal,,0.0,,0.62632853,,未满足 MA5>MA10>MA20>MA60; 收盘价低于MA20; 20日动量低于门槛; 60日趋势强度不足; 20日年化波动过高
2026-08-10,688387.SH,,rejected_signal,,6.596281,,0.69916457,,未满足 MA5>MA10>MA20>MA60; 20日动量低于门槛; 60日趋势强度不足
2026-08-10,688388.SH,,rejected_signal,,6.582269,,0.61350691,,未满足 MA5>MA10>MA20>MA60; 20日动量低于门槛; 60日趋势强度不足; 20日年化波动过高
2026-08-10,688389.SH,,rejected_signal,,21.423077,,1.00776875,,未满足 MA5>MA10>MA20>MA60; 60日趋势强度不足; 20日平均成交额不足
2026-08-10,688390.SH,,rejected_signal,,9.68007,,0.61541218,,未满足 MA5>MA10>MA20>MA60; 20日动量低于门槛; 60日趋势强度不足
2026-08-10,688391.SH,,rejected_signal,,0.0,,0.79401898,,未满足 MA5>MA10>MA20>MA60; 20日动量低于门槛; 60日趋势强度不足
2026-08-10,688392.SH,,rejected_signal,,5.772739,,0.59031934,,未满足 MA5>MA10>MA20>MA60; 20日动量低于门槛; 60日趋势强度不足; 20日年化波动过高
2026-08-10,688393.SH,,rejected_signal,,22.56888,,0.95364255,,未满足 MA5>MA10>MA20>MA60; 60日趋势强度不足
2026-08-10,688395.SH,,rejected_signal,,5.986484,,0.87194246,,未满足 MA5>MA10>MA20>MA60; 60日趋势强度不足; 偏离MA20过远，追高风险
2026-08-10,688396.SH,,rejected_signal,,3.746551,,0.70450509,,未满足 MA5>MA10>MA20>MA60; 收盘价低于MA20; 20日动量低于门槛; 60日趋势强度不足
2026-08-10,688398.SH,,rejected_signal,,0.875848,,0.76544368,,未满足 MA5>MA10>MA20>MA60; 20日动量低于门槛; 60日趋势强度不足
2026-08-10,688399.SH,,rejected_signal,,5.734094,,0.79377556,,未满足 MA5>MA10>MA20>MA60; 20日动量低于门槛; 60日趋势强度不足; 20日年化波动过高
2026-08-10,688400.SH,,rejected_signal,,5.92496,,0.74870646,,未满足 MA5>MA10>MA20>MA60; 20日动量低于门槛; 60日趋势强度不足
2026-08-10,688401.SH,,rejected_signal,,0.0,,0.74329185,,未满足 MA5>MA10>MA20>MA60; 20日动量低于门槛; 60日趋势强度不足; 20日年化波动过高
2026-08-10,688403.SH,,rejected_signal,,7.604198,,0.5553087,,未满足 MA5>MA10>MA20>MA60; 20日动量低于门槛; 20日年化波动过高
2026-08-10,688408.SH,,rejected_signal,,8.951103,,0.92952049,,未满足 MA5>MA10>MA20>MA60; 60日趋势强度不足
2026-08-10,688409.SH,,rejected_signal,,12.788749,,0.63063055,,未满足 MA5>MA10>MA20>MA60; 20日动量低于门槛; 20日年化波动过高
2026-08-10,688410.SH,,rejected_signal,,16.541676,,1.00568545,,未满足 MA5>MA10>MA20>MA60; 60日趋势强度不足
2026-08-10,688411.SH,,rejected_signal,,10.84271,,0.85056257,,未满足 MA5>MA10>MA20>MA60; 20日动量低于门槛; 60日趋势强度不足
2026-08-10,688416.SH,,rejected_signal,,0.0,,0.55220139,,未满足 MA5>MA10>MA20>MA60; 20日动量低于门槛; 60日趋势强度不足; 20日年化波动过高
2026-08-10,688418.SH,,rejected_signal,,9.727864,,0.69621134,,未满足 MA5>MA10>MA20>MA60; 20日动量低于门槛; 60日趋势强度不足
2026-08-10,688419.SH,,rejected_signal,,4.464885,,0.4707689,,未满足 MA5>MA10>MA20>MA60; 20日动量低于门槛; 20日年化波动过高
2026-08-10,688420.SH,,rejected_signal,,17.081188,,0.93623555,,未满足 MA5>MA10>MA20>MA60; 60日趋势强度不足; 20日平均成交额不足
2026-08-10,688425.SH,,rejected_signal,,14.019543,,1.02902019,,未满足 MA5>MA10>MA20>MA60; 60日趋势强度不足
2026-08-10,688426.SH,,rejected_signal,,29.90197,,0.98440045,,未满足 MA5>MA10>MA20>MA60; 60日趋势强度不足; 20日平均成交额不足
2026-08-10,688428.SH,,rejected_signal,,30.860922,,0.94991052,,未满足 MA5>MA10>MA20>MA60; 20日动量低于门槛
2026-08-10,688429.SH,,rejected_signal,,16.852188,,0.95895642,,未满足 MA5>MA10>MA20>MA60; 60日趋势强度不足; 20日平均成交额不足
2026-08-10,688432.SH,,rejected_signal,,26.436001,,0.75911528,,未满足 MA5>MA10>MA20>MA60; 20日动量低于门槛; 20日年化波动过高
2026-08-10,688433.SH,,rejected_signal,,2.164339,,0.67986864,,未满足 MA5>MA10>MA20>MA60; 60日趋势强度不足; 20日年化波动过高
2026-08-10,688435.SH,,rejected_signal,,9.479105,,0.88718343,,未满足 MA5>MA10>MA20>MA60; 60日趋势强度不足
2026-08-10,688439.SH,,rejected_signal,,9.949242,,0.8930462,,未满足 MA5>MA10>MA20>MA60; 20日动量低于门槛; 60日趋势强度不足
2026-08-10,688443.SH,,rejected_signal,,8.157406,,0.92132652,,未满足 MA5>MA10>MA20>MA60; 20日动量低于门槛; 60日趋势强度不足
2026-08-10,688448.SH,,rejected_signal,,8.205211,,0.84256214,,未满足 MA5>MA10>MA20>MA60; 20日动量低于门槛; 60日趋势强度不足
2026-08-10,688449.SH,,rejected_signal,,2.84918,,0.64755118,,未满足 MA5>MA10>MA20>MA60; 20日动量低于门槛; 60日趋势强度不足
2026-08-10,688450.SH,,rejected_signal,,0.0,,0.60250074,,未满足 MA5>MA10>MA20>MA60; 20日动量低于门槛; 60日趋势强度不足; 20日年化波动过高
2026-08-10,688455.SH,,rejected_signal,,0.730636,,0.75657803,,未满足 MA5>MA10>MA20>MA60; 20日动量低于门槛; 60日趋势强度不足; 20日平均成交额不足
2026-08-10,688456.SH,,rejected_signal,,1.880825,,0.5070734,,未满足 MA5>MA10>MA20>MA60; 20日动量低于门槛; 60日趋势强度不足; 20日年化波动过高
2026-08-10,688458.SH,,rejected_signal,,0.0,,0.77917492,,未满足 MA5>MA10>MA20>MA60; 20日动量低于门槛; 60日趋势强度不足
2026-08-10,688459.SH,,rejected_signal,,11.966872,,0.99828362,,未满足 MA5>MA10>MA20>MA60; 60日趋势强度不足; 20日平均成交额不足
2026-08-10,688466.SH,,rejected_signal,,20.655602,,0.94092679,,未满足 MA5>MA10>MA20>MA60; 60日趋势强度不足; 20日平均成交额不足
2026-08-10,688468.SH,,rejected_signal,,15.974805,,0.99941677,,未满足 MA5>MA10>MA20>MA60; 60日趋势强度不足; 20日平均成交额不足
2026-08-10,688469.SH,,rejected_signal,,12.443491,,0.92759591,,未满足 MA5>MA10>MA20>MA60; 20日动量低于门槛
2026-08-10,688472.SH,,rejected_signal,,23.085865,,0.95877016,,未满足 MA5>MA10>MA20>MA60; 60日趋势强度不足
2026-08-10,688475.SH,,rejected_signal,,49.410046,,1.07370853,,60日趋势强度不足
2026-08-10,688478.SH,,rejected_signal,,3.08051,,0.51665568,,未满足 MA5>MA10>MA20>MA60; 20日动量低于门槛; 60日趋势强度不足; 20日年化波动过高
2026-08-10,688479.SH,,rejected_signal,,10.55374,,0.85361832,,未满足 MA5>MA10>MA20>MA60; 20日年化波动过高
2026-08-10,688480.SH,,rejected_signal,,11.427476,,0.85847545,,未满足 MA5>MA10>MA20>MA60; 60日趋势强度不足
2026-08-10,688484.SH,,rejected_signal,,12.064074,,0.76909697,,未满足 MA5>MA10>MA20>MA60; 20日动量低于门槛; 60日趋势强度不足
2026-08-10,688485.SH,,rejected_signal,,13.474566,,0.79562891,,未满足 MA5>MA10>MA20>MA60; 偏离MA20过远，追高风险; 20日年化波动过高
2026-08-10,688486.SH,,rejected_signal,,2.779883,,0.78975201,,未满足 MA5>MA10>MA20>MA60; 20日动量低于门槛; 60日趋势强度不足
2026-08-10,688488.SH,,rejected_signal,,36.789345,,0.8854267,,未满足 MA5>MA10>MA20>MA60
2026-08-10,688489.SH,,rejected_signal,,4.744774,,0.91961771,,未满足 MA5>MA10>MA20>MA60; 20日动量低于门槛; 60日趋势强度不足
2026-08-10,688496.SH,,rejected_universe,,0.0,,0.91200131,,不在当日动态股票池(停牌/未上市/已退市/当前ST代理过滤)
2026-08-10,688498.SH,,rejected_signal,,13.88303,,0.74560654,,未满足 MA5>MA10>MA20>MA60; 20日动量低于门槛; 20日年化波动过高
2026-08-10,688499.SH,,rejected_signal,,6.122746,,0.76193869,,未满足 MA5>MA10>MA20>MA60; 20日动量低于门槛; 60日趋势强度不足
2026-08-10,688500.SH,,rejected_signal,,0.0,,0.68972307,,未满足 MA5>MA10>MA20>MA60; 20日动量低于门槛; 60日趋势强度不足; 20日年化波动过高
2026-08-10,688501.SH,,rejected_signal,,14.923471,,0.91871005,,未满足 MA5>MA10>MA20>MA60; 60日趋势强度不足
2026-08-10,688502.SH,,rejected_signal,,0.0,,0.50784284,,未满足 MA5>MA10>MA20>MA60; 收盘价低于MA20; 20日动量低于门槛; 60日趋势强度不足; 20日年化波动过高
2026-08-10,688503.SH,,rejected_signal,,3.472469,,0.54563981,,未满足 MA5>MA10>MA20>MA60; 20日动量低于门槛; 60日趋势强度不足; 20日年化波动过高
2026-08-10,688505.SH,,rejected_signal,,20.552019,,0.99256933,,未满足 MA5>MA10>MA20>MA60; 60日趋势强度不足
2026-08-10,688506.SH,,rejected_signal,,47.399143,,1.04283392,,未满足 MA5>MA10>MA20>MA60
2026-08-10,688507.SH,,rejected_signal,,6.64283,,0.69910169,,未满足 MA5>MA10>MA20>MA60; 20日动量低于门槛; 20日年化波动过高
2026-08-10,688508.SH,,rejected_signal,,0.0,,0.61206466,,未满足 MA5>MA10>MA20>MA60; 60日趋势强度不足; 偏离MA20过远，追高风险; 20日年化波动过高
2026-08-10,688509.SH,,rejected_signal,,16.491201,,0.94911116,,未满足 MA5>MA10>MA20>MA60; 60日趋势强度不足; 20日平均成交额不足
2026-08-10,688510.SH,,rejected_signal,,2.315665,,0.86711264,,未满足 MA5>MA10>MA20>MA60; 20日动量低于门槛; 60日趋势强度不足
2026-08-10,688511.SH,,rejected_signal,,0.0,,0.76603961,,未满足 MA5>MA10>MA20>MA60; 20日动量低于门槛; 60日趋势强度不足; 20日年化波动过高
2026-08-10,688512.SH,,rejected_signal,,0.283059,,0.73916662,,未满足 MA5>MA10>MA20>MA60; 60日趋势强度不足; 偏离MA20过远，追高风险
2026-08-10,688513.SH,,rejected_signal,,6.88253,,0.89309746,,未满足 MA5>MA10>MA20>MA60; 收盘价低于MA20; 20日动量低于门槛; 60日趋势强度不足
2026-08-10,688515.SH,,rejected_signal,,0.0,,0.58063805,,未满足 MA5>MA10>MA20>MA60; 20日动量低于门槛; 60日趋势强度不足; 20日年化波动过高
2026-08-10,688516.SH,,rejected_signal,,11.875501,,0.71639955,,未满足 MA5>MA10>MA20>MA60; 20日动量低于门槛; 60日趋势强度不足
2026-08-10,688517.SH,,rejected_signal,,1.554871,,0.84795696,,未满足 MA5>MA10>MA20>MA60; 20日动量低于门槛; 60日趋势强度不足
2026-08-10,688518.SH,,rejected_signal,,4.406396,,0.73076922,,未满足 MA5>MA10>MA20>MA60; 20日动量低于门槛; 60日趋势强度不足
2026-08-10,688519.SH,,rejected_signal,,7.405309,,0.6002714,,未满足 MA5>MA10>MA20>MA60; 20日动量低于门槛; 20日年化波动过高
2026-08-10,688520.SH,,rejected_signal,,13.579911,,0.92286795,,未满足 MA5>MA10>MA20>MA60; 60日趋势强度不足
2026-08-10,688521.SH,,rejected_signal,,6.661786,,0.66926992,,未满足 MA5>MA10>MA20>MA60; 收盘价低于MA20; 20日动量低于门槛; 60日趋势强度不足; 20日年化波动过高
2026-08-10,688522.SH,,rejected_signal,,6.923077,,0.93501753,,未满足 MA5>MA10>MA20>MA60; 20日动量低于门槛; 60日趋势强度不足
2026-08-10,688523.SH,,rejected_signal,,2.137724,,0.75604475,,未满足 MA5>MA10>MA20>MA60; 20日动量低于门槛; 60日趋势强度不足
2026-08-10,688525.SH,,rejected_signal,,2.025496,,0.56980056,,未满足 MA5>MA10>MA20>MA60; 收盘价低于MA20; 20日动量低于门槛; 60日趋势强度不足; 20日年化波动过高
2026-08-10,688526.SH,,rejected_signal,,15.974905,,1.01580608,,60日趋势强度不足; 20日平均成交额不足
2026-08-10,688528.SH,,rejected_signal,,17.120014,,0.90645951,,未满足 MA5>MA10>MA20>MA60; 60日趋势强度不足; 20日平均成交额不足
2026-08-10,688529.SH,,rejected_signal,,6.689669,,0.96197319,,未满足 MA5>MA10>MA20>MA60; 60日趋势强度不足
2026-08-10,688530.SH,,rejected_signal,,1.34859,,0.37106252,,未满足 MA5>MA10>MA20>MA60; 20日动量低于门槛; 20日年化波动过高
2026-08-10,688531.SH,,rejected_signal,,1.56451,,0.6109364,,未满足 MA5>MA10>MA20>MA60; 20日动量低于门槛; 60日趋势强度不足; 20日年化波动过高
2026-08-10,688533.SH,,rejected_signal,,6.075587,,0.96244049,,未满足 MA5>MA10>MA20>MA60; 60日趋势强度不足; 20日平均成交额不足
2026-08-10,688535.SH,,rejected_signal,,2.290379,,0.53244275,,未满足 MA5>MA10>MA20>MA60; 收盘价低于MA20; 20日动量低于门槛; 60日趋势强度不足; 20日年化波动过高
2026-08-10,688536.SH,,rejected_signal,,4.379114,,0.69836718,,未满足 MA5>MA10>MA20>MA60; 20日动量低于门槛; 60日趋势强度不足
2026-08-10,688538.SH,,rejected_signal,,6.213455,,1.02296054,,未满足 MA5>MA10>MA20>MA60
2026-08-10,688539.SH,,rejected_signal,,5.30157,,0.77585697,,未满足 MA5>MA10>MA20>MA60; 20日动量低于门槛; 60日趋势强度不足
2026-08-10,688543.SH,,rejected_signal,,20.514349,,0.94368249,,未满足 MA5>MA10>MA20>MA60; 60日趋势强度不足
2026-08-10,688545.SH,,rejected_signal,,2.417558,,0.50322461,,未满足 MA5>MA10>MA20>MA60; 20日动量低于门槛; 60日趋势强度不足; 20日年化波动过高
2026-08-10,688548.SH,,rejected_signal,,9.257464,,0.75463367,,未满足 MA5>MA10>MA20>MA60; 20日动量低于门槛
2026-08-10,688549.SH,,rejected_signal,,10.956195,,0.57461512,,未满足 MA5>MA10>MA20>MA60; 偏离MA20过远，追高风险; 20日年化波动过高
2026-08-10,688550.SH,,rejected_signal,,1.976615,,0.71867532,,未满足 MA5>MA10>MA20>MA60; 收盘价低于MA20; 20日动量低于门槛; 60日趋势强度不足
2026-08-10,688551.SH,,rejected_signal,,0.0,,0.54432827,,未满足 MA5>MA10>MA20>MA60; 20日动量低于门槛; 60日趋势强度不足; 20日年化波动过高
2026-08-10,688552.SH,,rejected_signal,,11.159966,,0.91047728,,未满足 MA5>MA10>MA20>MA60; 60日趋势强度不足
2026-08-10,688553.SH,,rejected_signal,,12.62367,,0.91680151,,未满足 MA5>MA10>MA20>MA60; 20日动量低于门槛; 60日趋势强度不足
2026-08-10,688556.SH,,rejected_signal,,6.143235,,0.74886388,,未满足 MA5>MA10>MA20>MA60; 20日动量低于门槛; 60日趋势强度不足
2026-08-10,688557.SH,,rejected_signal,,0.0,,0.90124607,,未满足 MA5>MA10>MA20>MA60; 20日动量低于门槛; 60日趋势强度不足; 20日平均成交额不足
2026-08-10,688558.SH,,rejected_signal,,0.0,,0.87390113,,未满足 MA5>MA10>MA20>MA60; 20日动量低于门槛; 60日趋势强度不足
2026-08-10,688559.SH,,rejected_signal,,2.584229,,0.71139491,,未满足 MA5>MA10>MA20>MA60; 20日动量低于门槛; 60日趋势强度不足
2026-08-10,688560.SH,,rejected_signal,,18.063766,,0.91521436,,未满足 MA5>MA10>MA20>MA60; 60日趋势强度不足
2026-08-10,688561.SH,,rejected_signal,,20.307377,,1.02808249,,60日趋势强度不足
2026-08-10,688562.SH,,rejected_signal,,8.323382,,0.92074126,,未满足 MA5>MA10>MA20>MA60; 60日趋势强度不足
2026-08-10,688563.SH,,rejected_signal,,20.072626,,1.03473628,,未满足 MA5>MA10>MA20>MA60; 60日趋势强度不足
2026-08-10,688565.SH,,rejected_signal,,24.734711,,0.99860489,,未满足 MA5>MA10>MA20>MA60; 60日趋势强度不足
2026-08-10,688566.SH,,rejected_signal,,11.061629,,0.97646642,,未满足 MA5>MA10>MA20>MA60; 20日动量低于门槛; 60日趋势强度不足
2026-08-10,688567.SH,,rejected_signal,,22.060385,,0.94435883,,未满足 MA5>MA10>MA20>MA60; 60日趋势强度不足
2026-08-10,688568.SH,,rejected_signal,,4.468684,,0.83072501,,未满足 MA5>MA10>MA20>MA60; 20日动量低于门槛; 60日趋势强度不足
2026-08-10,688569.SH,,rejected_signal,,6.947553,,0.96223319,,未满足 MA5>MA10>MA20>MA60; 60日趋势强度不足; 20日平均成交额不足
2026-08-10,688570.SH,,rejected_signal,,13.726904,,0.97535461,,未满足 MA5>MA10>MA20>MA60; 60日趋势强度不足; 20日平均成交额不足
2026-08-10,688571.SH,,rejected_signal,,17.049084,,0.8393302,,未满足 MA5>MA10>MA20>MA60; 60日趋势强度不足; 偏离MA20过远，追高风险
2026-08-10,688573.SH,,rejected_signal,,9.98002,,0.85114944,,未满足 MA5>MA10>MA20>MA60; 60日趋势强度不足
2026-08-10,688575.SH,,rejected_signal,,18.068935,,0.97274226,,未满足 MA5>MA10>MA20>MA60; 60日趋势强度不足
2026-08-10,688576.SH,,rejected_signal,,1.640091,,0.8734495,,未满足 MA5>MA10>MA20>MA60; 20日动量低于门槛; 60日趋势强度不足; 20日平均成交额不足
2026-08-10,688577.SH,,rejected_signal,,2.518285,,0.74908036,,未满足 MA5>MA10>MA20>MA60; 20日动量低于门槛; 60日趋势强度不足
2026-08-10,688578.SH,,rejected_signal,,40.837776,,1.02075016,,未满足 MA5>MA10>MA20>MA60; 收盘价低于MA20; 20日动量低于门槛
2026-08-10,688579.SH,,rejected_signal,,17.428362,,0.96103752,,未满足 MA5>MA10>MA20>MA60; 60日趋势强度不足
2026-08-10,688580.SH,,rejected_signal,,2.044439,,0.87799829,,未满足 MA5>MA10>MA20>MA60; 收盘价低于MA20; 20日动量低于门槛; 60日趋势强度不足
2026-08-10,688581.SH,,rejected_signal,,12.157122,,0.9723534,,未满足 MA5>MA10>MA20>MA60; 60日趋势强度不足; 20日平均成交额不足
2026-08-10,688582.SH,,rejected_signal,,1.550699,,0.72743237,,未满足 MA5>MA10>MA20>MA60; 20日动量低于门槛; 60日趋势强度不足
2026-08-10,688583.SH,,rejected_signal,,10.806746,,0.88116843,,未满足 MA5>MA10>MA20>MA60; 60日趋势强度不足
2026-08-10,688584.SH,,rejected_signal,,3.721162,,0.7425223,,未满足 MA5>MA10>MA20>MA60; 收盘价低于MA20; 20日动量低于门槛
2026-08-10,688585.SH,,rejected_signal,,24.867943,,0.96810371,,未满足 MA5>MA10>MA20>MA60
2026-08-10,688586.SH,,rejected_signal,,11.339627,,0.91646141,,未满足 MA5>MA10>MA20>MA60; 60日趋势强度不足
2026-08-10,688588.SH,,rejected_signal,,26.024618,,0.99928516,,未满足 MA5>MA10>MA20>MA60; 60日趋势强度不足
2026-08-10,688589.SH,,rejected_signal,,0.850791,,0.84279108,,未满足 MA5>MA10>MA20>MA60; 20日动量低于门槛; 60日趋势强度不足
2026-08-10,688590.SH,,rejected_signal,,19.382835,,0.93898523,,未满足 MA5>MA10>MA20>MA60; 60日趋势强度不足
2026-08-10,688591.SH,,rejected_signal,,2.48292,,0.84059209,,未满足 MA5>MA10>MA20>MA60; 收盘价低于MA20; 20日动量低于门槛; 60日趋势强度不足
2026-08-10,688592.SH,,rejected_signal,,2.008935,,0.85101396,,未满足 MA5>MA10>MA20>MA60; 20日动量低于门槛; 60日趋势强度不足; 20日平均成交额不足
2026-08-10,688593.SH,,rejected_signal,,14.654687,,0.74933779,,未满足 MA5>MA10>MA20>MA60; 60日趋势强度不足; 20日年化波动过高
2026-08-10,688595.SH,,rejected_signal,,0.0,,0.74651551,,未满足 MA5>MA10>MA20>MA60; 20日动量低于门槛; 60日趋势强度不足
2026-08-10,688596.SH,,rejected_signal,,37.223564,,0.70717877,,偏离MA20过远，追高风险; 20日年化波动过高
2026-08-10,688597.SH,,rejected_signal,,0.440164,,0.855883,,未满足 MA5>MA10>MA20>MA60; 60日趋势强度不足
2026-08-10,688598.SH,,rejected_signal,,8.06777,,0.59458542,,未满足 MA5>MA10>MA20>MA60; 20日动量低于门槛; 60日趋势强度不足
2026-08-10,688599.SH,,rejected_signal,,27.376375,,1.00816464,,未满足 MA5>MA10>MA20>MA60; 60日趋势强度不足
2026-08-10,688600.SH,,rejected_signal,,8.063265,,0.77645469,,未满足 MA5>MA10>MA20>MA60; 偏离MA20过远，追高风险
2026-08-10,688601.SH,,rejected_signal,,1.16467,,0.65548718,,未满足 MA5>MA10>MA20>MA60; 20日动量低于门槛; 60日趋势强度不足
2026-08-10,688602.SH,,rejected_signal,,5.388048,,0.90803987,,未满足 MA5>MA10>MA20>MA60; 20日动量低于门槛; 60日趋势强度不足
2026-08-10,688603.SH,,rejected_signal,,7.59439,,0.3893359,,未满足 MA5>MA10>MA20>MA60; 20日动量低于门槛; 60日趋势强度不足; 20日年化波动过高
2026-08-10,688605.SH,,rejected_signal,,0.791724,,0.73526442,,未满足 MA5>MA10>MA20>MA60; 20日动量低于门槛; 60日趋势强度不足; 20日年化波动过高
2026-08-10,688606.SH,,rejected_signal,,27.667776,,0.99947727,,未满足 MA5>MA10>MA20>MA60; 60日趋势强度不足; 20日平均成交额不足
2026-08-10,688607.SH,,rejected_signal,,0.0,,0.60296065,,未满足 MA5>MA10>MA20>MA60; 60日趋势强度不足; 偏离MA20过远，追高风险; 20日年化波动过高
2026-08-10,688608.SH,,rejected_signal,,4.742254,,1.0055238,,未满足 MA5>MA10>MA20>MA60; 收盘价低于MA20; 20日动量低于门槛; 60日趋势强度不足
2026-08-10,688609.SH,,rejected_signal,,4.071823,,0.8312149,,未满足 MA5>MA10>MA20>MA60; 20日动量低于门槛; 60日趋势强度不足
2026-08-10,688610.SH,,rejected_signal,,0.14511,,0.50509417,,未满足 MA5>MA10>MA20>MA60; 20日动量低于门槛; 20日年化波动过高
2026-08-10,688611.SH,,rejected_signal,,0.029108,,0.85392505,,未满足 MA5>MA10>MA20>MA60; 20日动量低于门槛; 60日趋势强度不足
2026-08-10,688612.SH,,rejected_signal,,30.158489,,0.92948866,,未满足 MA5>MA10>MA20>MA60
2026-08-10,688613.SH,,rejected_signal,,9.724194,,0.94579202,,未满足 MA5>MA10>MA20>MA60; 60日趋势强度不足
2026-08-10,688615.SH,,rejected_signal,,21.691952,,0.97229886,,未满足 MA5>MA10>MA20>MA60; 60日趋势强度不足
2026-08-10,688616.SH,,rejected_signal,,11.456742,,0.94454741,,未满足 MA5>MA10>MA20>MA60; 60日趋势强度不足; 20日平均成交额不足
2026-08-10,688617.SH,,rejected_signal,,22.18845,,1.07222664,,未满足 MA5>MA10>MA20>MA60; 收盘价低于MA20; 20日动量低于门槛; 60日趋势强度不足
2026-08-10,688618.SH,,rejected_signal,,4.875435,,0.80585217,,未满足 MA5>MA10>MA20>MA60; 60日趋势强度不足; 20日年化波动过高
2026-08-10,688619.SH,,rejected_signal,,11.678272,,0.76769114,,未满足 MA5>MA10>MA20>MA60; 60日趋势强度不足
2026-08-10,688620.SH,,rejected_signal,,18.165266,,0.85218126,,未满足 MA5>MA10>MA20>MA60; 20日动量低于门槛
2026-08-10,688621.SH,,rejected_rank,39,47.98048,0.56321841,1.10108244,0.5954023,"信号有效, 但综合排名未进入 Top20"
2026-08-10,688622.SH,,rejected_universe,,13.682922,,1.0193063,,不在当日动态股票池(停牌/未上市/已退市/当前ST代理过滤)
2026-08-10,688623.SH,,rejected_signal,,0.0,,0.91407561,,未满足 MA5>MA10>MA20>MA60; 收盘价低于MA20; 20日动量低于门槛; 60日趋势强度不足
2026-08-10,688625.SH,,rejected_signal,,5.059849,,0.62209898,,未满足 MA5>MA10>MA20>MA60; 20日动量低于门槛; 60日趋势强度不足
2026-08-10,688626.SH,,rejected_signal,,7.9464,,0.85823578,,未满足 MA5>MA10>MA20>MA60; 60日趋势强度不足
2026-08-10,688627.SH,,rejected_signal,,13.973597,,0.70108765,,未满足 MA5>MA10>MA20>MA60; 收盘价低于MA20; 20日动量低于门槛; 20日年化波动过高
2026-08-10,688628.SH,,rejected_signal,,0.0,,0.62236714,,未满足 MA5>MA10>MA20>MA60; 20日动量低于门槛; 60日趋势强度不足
2026-08-10,688629.SH,,rejected_signal,,6.366392,,0.79420841,,未满足 MA5>MA10>MA20>MA60; 20日动量低于门槛; 20日年化波动过高
2026-08-10,688630.SH,,rejected_signal,,6.516337,,0.65086681,,未满足 MA5>MA10>MA20>MA60; 20日动量低于门槛; 20日年化波动过高
2026-08-10,688631.SH,,rejected_signal,,8.790743,,0.92527556,,未满足 MA5>MA10>MA20>MA60; 60日趋势强度不足
2026-08-10,688633.SH,,rejected_signal,,2.864352,,0.81922215,,未满足 MA5>MA10>MA20>MA60; 20日动量低于门槛; 60日趋势强度不足
2026-08-10,688635.SH,,rejected_signal,,0.0,,0.54416925,,历史数据不足或指标非有限值; 未满足 MA5>MA10>MA20>MA60; 收盘价低于MA20; 20日动量低于门槛; 60日趋势强度不足; 20日年化波动过高
2026-08-10,688636.SH,,rejected_signal,,0.0,,0.51181918,,未满足 MA5>MA10>MA20>MA60; 收盘价低于MA20; 20日动量低于门槛; 60日趋势强度不足; 20日年化波动过高
2026-08-10,688638.SH,,rejected_signal,,16.13036,,0.97097623,,未满足 MA5>MA10>MA20>MA60; 60日趋势强度不足; 20日平均成交额不足
2026-08-10,688639.SH,,rejected_signal,,29.173767,,0.88132507,,未满足 MA5>MA10>MA20>MA60; 60日趋势强度不足
2026-08-10,688646.SH,,rejected_universe,,18.423456,,0.85880423,,不在当日动态股票池(停牌/未上市/已退市/当前ST代理过滤)
2026-08-10,688648.SH,,rejected_signal,,8.580303,,0.85697347,,未满足 MA5>MA10>MA20>MA60; 60日趋势强度不足
2026-08-10,688651.SH,,rejected_signal,,3.934529,,0.90005529,,未满足 MA5>MA10>MA20>MA60; 60日趋势强度不足
2026-08-10,688652.SH,,rejected_signal,,7.283308,,0.60762811,,未满足 MA5>MA10>MA20>MA60; 20日动量低于门槛; 60日趋势强度不足; 20日年化波动过高
2026-08-10,688653.SH,,rejected_signal,,0.0,,0.70502228,,未满足 MA5>MA10>MA20>MA60; 20日动量低于门槛; 60日趋势强度不足
2026-08-10,688655.SH,,rejected_signal,,13.598755,,0.58609247,,未满足 MA5>MA10>MA20>MA60; 60日趋势强度不足; 20日年化波动过高
2026-08-10,688656.SH,,rejected_signal,,5.11036,,0.81657565,,未满足 MA5>MA10>MA20>MA60; 20日动量低于门槛; 60日趋势强度不足
2026-08-10,688657.SH,,rejected_signal,,0.0,,0.85576284,,未满足 MA5>MA10>MA20>MA60; 20日动量低于门槛; 60日趋势强度不足
2026-08-10,688658.SH,,rejected_signal,,6.966563,,0.83635908,,未满足 MA5>MA10>MA20>MA60; 20日动量低于门槛; 60日趋势强度不足
2026-08-10,688659.SH,,rejected_signal,,8.472893,,0.91300583,,未满足 MA5>MA10>MA20>MA60; 60日趋势强度不足; 20日平均成交额不足
2026-08-10,688660.SH,,rejected_signal,,26.521461,,0.95046711,,未满足 MA5>MA10>MA20>MA60; 60日趋势强度不足
2026-08-10,688661.SH,,rejected_signal,,1.425618,,0.52737707,,未满足 MA5>MA10>MA20>MA60; 20日动量低于门槛; 60日趋势强度不足; 20日年化波动过高
2026-08-10,688662.SH,,rejected_signal,,12.93989,,0.56377655,,未满足 MA5>MA10>MA20>MA60; 20日动量低于门槛; 20日年化波动过高
2026-08-10,688663.SH,,rejected_signal,,0.300169,,0.84386003,,未满足 MA5>MA10>MA20>MA60; 20日动量低于门槛; 60日趋势强度不足; 20日年化波动过高
2026-08-10,688665.SH,,rejected_signal,,7.396249,,0.84639871,,未满足 MA5>MA10>MA20>MA60; 20日动量低于门槛; 60日趋势强度不足
2026-08-10,688667.SH,,rejected_signal,,0.0,,0.72863692,,未满足 MA5>MA10>MA20>MA60; 20日动量低于门槛; 60日趋势强度不足
2026-08-10,688668.SH,,rejected_signal,,1.299417,,0.47710469,,未满足 MA5>MA10>MA20>MA60; 20日动量低于门槛; 60日趋势强度不足; 20日年化波动过高
2026-08-10,688669.SH,,rejected_signal,,3.835008,,0.84139097,,未满足 MA5>MA10>MA20>MA60; 20日动量低于门槛; 20日年化波动过高
2026-08-10,688670.SH,,rejected_signal,,10.179931,,0.92356843,,未满足 MA5>MA10>MA20>MA60; 60日趋势强度不足; 20日平均成交额不足
2026-08-10,688671.SH,,rejected_signal,,0.0,,0.83154374,,未满足 MA5>MA10>MA20>MA60; 20日动量低于门槛; 60日趋势强度不足
2026-08-10,688676.SH,,rejected_signal,,13.925579,,0.79016858,,未满足 MA5>MA10>MA20>MA60; 20日动量低于门槛; 60日趋势强度不足
2026-08-10,688677.SH,,rejected_signal,,3.665597,,0.57041323,,未满足 MA5>MA10>MA20>MA60; 20日动量低于门槛; 60日趋势强度不足; 20日年化波动过高
2026-08-10,688678.SH,,rejected_signal,,3.040914,,0.70477366,,未满足 MA5>MA10>MA20>MA60; 20日动量低于门槛; 60日趋势强度不足; 20日年化波动过高
2026-08-10,688679.SH,,rejected_signal,,7.037804,,0.84140933,,未满足 MA5>MA10>MA20>MA60; 收盘价低于MA20; 60日趋势强度不足; 20日年化波动过高
2026-08-10,688680.SH,,rejected_signal,,9.345278,,0.88863766,,未满足 MA5>MA10>MA20>MA60; 60日趋势强度不足
2026-08-10,688681.SH,,rejected_signal,,25.509798,,1.00866413,,未满足 MA5>MA10>MA20>MA60; 60日趋势强度不足
2026-08-10,688682.SH,,rejected_signal,,5.307324,,0.76270497,,未满足 MA5>MA10>MA20>MA60; 20日动量低于门槛; 60日趋势强度不足
2026-08-10,688683.SH,,rejected_signal,,3.46161,,0.75885195,,未满足 MA5>MA10>MA20>MA60; 20日动量低于门槛; 60日趋势强度不足
2026-08-10,688685.SH,,rejected_signal,,0.0,,0.89503437,,未满足 MA5>MA10>MA20>MA60; 20日动量低于门槛; 60日趋势强度不足; 20日年化波动过高
2026-08-10,688686.SH,,rejected_signal,,8.149874,,0.72172546,,未满足 MA5>MA10>MA20>MA60; 收盘价低于MA20; 20日动量低于门槛; 60日趋势强度不足
2026-08-10,688687.SH,,rejected_signal,,16.667171,,0.97252733,,未满足 MA5>MA10>MA20>MA60; 60日趋势强度不足
2026-08-10,688689.SH,,rejected_signal,,4.289773,,0.76591152,,未满足 MA5>MA10>MA20>MA60; 20日动量低于门槛; 60日趋势强度不足; 20日年化波动过高
2026-08-10,688690.SH,,rejected_signal,,33.488155,,0.81984651,,未满足 MA5>MA10>MA20>MA60; 偏离MA20过远，追高风险
2026-08-10,688691.SH,,rejected_signal,,1.367541,,0.55130142,,未满足 MA5>MA10>MA20>MA60; 收盘价低于MA20; 20日动量低于门槛; 60日趋势强度不足
2026-08-10,688692.SH,,rejected_signal,,3.399908,,0.93595159,,未满足 MA5>MA10>MA20>MA60; 20日动量低于门槛; 60日趋势强度不足
2026-08-10,688693.SH,,rejected_signal,,0.0,,0.39199242,,未满足 MA5>MA10>MA20>MA60; 60日趋势强度不足; 偏离MA20过远，追高风险; 20日年化波动过高
2026-08-10,688695.SH,,rejected_signal,,21.220922,,0.96093696,,未满足 MA5>MA10>MA20>MA60; 60日趋势强度不足; 20日平均成交额不足
2026-08-10,688696.SH,,rejected_signal,,18.828987,,0.95162511,,未满足 MA5>MA10>MA20>MA60; 60日趋势强度不足
2026-08-10,688697.SH,,rejected_signal,,18.752289,,0.93979043,,未满足 MA5>MA10>MA20>MA60; 60日趋势强度不足
2026-08-10,688698.SH,,rejected_signal,,2.844028,,0.82256585,,未满足 MA5>MA10>MA20>MA60; 20日动量低于门槛; 60日趋势强度不足
2026-08-10,688699.SH,,rejected_signal,,0.0,,0.58732712,,未满足 MA5>MA10>MA20>MA60; 20日动量低于门槛; 60日趋势强度不足; 20日年化波动过高
2026-08-10,688700.SH,,rejected_signal,,11.321457,,0.56472403,,未满足 MA5>MA10>MA20>MA60; 20日动量低于门槛; 60日趋势强度不足; 20日年化波动过高
2026-08-10,688701.SH,,rejected_signal,,14.948241,,0.90525705,,未满足 MA5>MA10>MA20>MA60; 60日趋势强度不足; 20日平均成交额不足
2026-08-10,688702.SH,,rejected_signal,,33.008957,,0.96414137,,未满足 MA5>MA10>MA20>MA60; 20日动量低于门槛; 20日年化波动过高
2026-08-10,688707.SH,,rejected_signal,,9.63725,,0.8282063,,未满足 MA5>MA10>MA20>MA60; 60日趋势强度不足
2026-08-10,688708.SH,,rejected_signal,,1.731713,,0.9572525,,未满足 MA5>MA10>MA20>MA60; 20日动量低于门槛; 60日趋势强度不足
2026-08-10,688709.SH,,rejected_signal,,0.0,,0.73242575,,未满足 MA5>MA10>MA20>MA60; 20日动量低于门槛; 60日趋势强度不足
2026-08-10,688710.SH,,rejected_signal,,48.011879,,1.04568207,,20日年化波动过高
2026-08-10,688711.SH,,rejected_signal,,4.387338,,0.62926632,,未满足 MA5>MA10>MA20>MA60; 20日动量低于门槛; 60日趋势强度不足
2026-08-10,688712.SH,,rejected_signal,,5.03907,,0.84323066,,未满足 MA5>MA10>MA20>MA60; 20日动量低于门槛; 60日趋势强度不足
2026-08-10,688716.SH,,rejected_signal,,0.0,,0.86560178,,未满足 MA5>MA10>MA20>MA60; 20日动量低于门槛; 60日趋势强度不足
2026-08-10,688717.SH,,rejected_signal,,5.869476,,0.66443813,,未满足 MA5>MA10>MA20>MA60; 20日动量低于门槛; 60日趋势强度不足
2026-08-10,688718.SH,,rejected_signal,,0.0,,0.80656242,,未满足 MA5>MA10>MA20>MA60; 20日动量低于门槛; 60日趋势强度不足
2026-08-10,688719.SH,,rejected_signal,,1.77212,,0.56676739,,未满足 MA5>MA10>MA20>MA60; 20日动量低于门槛; 60日趋势强度不足
2026-08-10,688720.SH,,rejected_signal,,0.0,,0.53748858,,未满足 MA5>MA10>MA20>MA60; 20日动量低于门槛; 60日趋势强度不足; 20日年化波动过高
2026-08-10,688721.SH,,rejected_signal,,5.040058,,0.6660881,,未满足 MA5>MA10>MA20>MA60; 20日动量低于门槛; 60日趋势强度不足; 20日年化波动过高
2026-08-10,688722.SH,,rejected_signal,,9.226727,,0.89332557,,未满足 MA5>MA10>MA20>MA60; 20日动量低于门槛; 60日趋势强度不足
2026-08-10,688726.SH,,rejected_signal,,6.421416,,0.80734682,,未满足 MA5>MA10>MA20>MA60; 20日动量低于门槛; 60日趋势强度不足
2026-08-10,688727.SH,,rejected_signal,,3.28169,,0.59303129,,未满足 MA5>MA10>MA20>MA60; 20日动量低于门槛; 60日趋势强度不足; 20日年化波动过高
2026-08-10,688728.SH,,rejected_signal,,3.924071,,0.86233896,,未满足 MA5>MA10>MA20>MA60; 20日动量低于门槛; 20日年化波动过高
2026-08-10,688729.SH,,rejected_signal,,1.165993,,0.64460886,,未满足 MA5>MA10>MA20>MA60; 20日动量低于门槛; 20日年化波动过高
2026-08-10,688733.SH,,rejected_signal,,0.0,,0.65471715,,未满足 MA5>MA10>MA20>MA60; 20日动量低于门槛; 60日趋势强度不足
2026-08-10,688737.SH,,rejected_signal,,13.256179,,0.7831797,,未满足 MA5>MA10>MA20>MA60; 60日趋势强度不足; 20日平均成交额不足
2026-08-10,688739.SH,,rejected_signal,,13.409959,,0.98893327,,未满足 MA5>MA10>MA20>MA60; 60日趋势强度不足
2026-08-10,688750.SH,,rejected_signal,,8.501551,,0.89935094,,未满足 MA5>MA10>MA20>MA60; 60日趋势强度不足
2026-08-10,688755.SH,,rejected_signal,,12.297853,,0.93428171,,未满足 MA5>MA10>MA20>MA60; 60日趋势强度不足; 20日平均成交额不足
2026-08-10,688757.SH,,rejected_signal,,1.419514,,0.52082598,,未满足 MA5>MA10>MA20>MA60; 收盘价低于MA20; 20日动量低于门槛; 60日趋势强度不足; 20日年化波动过高
2026-08-10,688758.SH,,rejected_signal,,48.661976,,1.0964793,,偏离MA20过远，追高风险
2026-08-10,688759.SH,,rejected_signal,,5.120023,,0.6301645,,未满足 MA5>MA10>MA20>MA60; 收盘价低于MA20; 20日动量低于门槛; 60日趋势强度不足; 20日年化波动过高
2026-08-10,688765.SH,,rejected_signal,,7.106252,,0.66705126,,未满足 MA5>MA10>MA20>MA60; 收盘价低于MA20; 20日动量低于门槛; 60日趋势强度不足; 20日年化波动过高
2026-08-10,688766.SH,,rejected_signal,,4.227922,,0.55094343,,未满足 MA5>MA10>MA20>MA60; 收盘价低于MA20; 20日动量低于门槛; 60日趋势强度不足; 20日年化波动过高
2026-08-10,688767.SH,,rejected_signal,,24.413414,,0.9843877,,未满足 MA5>MA10>MA20>MA60; 60日趋势强度不足
2026-08-10,688768.SH,,rejected_signal,,11.199228,,0.94247538,,未满足 MA5>MA10>MA20>MA60
2026-08-10,688772.SH,,rejected_signal,,9.23458,,0.87539893,,未满足 MA5>MA10>MA20>MA60; 20日动量低于门槛; 60日趋势强度不足
2026-08-10,688775.SH,,rejected_signal,,2.857061,,0.87886745,,未满足 MA5>MA10>MA20>MA60; 20日动量低于门槛; 60日趋势强度不足
2026-08-10,688776.SH,,rejected_signal,,1.921605,,0.84606427,,未满足 MA5>MA10>MA20>MA60; 20日动量低于门槛; 60日趋势强度不足
2026-08-10,688777.SH,,rejected_signal,,27.831161,,0.93091661,,未满足 MA5>MA10>MA20>MA60
2026-08-10,688778.SH,,rejected_signal,,17.479555,,0.83808053,,未满足 MA5>MA10>MA20>MA60; 60日趋势强度不足
2026-08-10,688779.SH,,rejected_signal,,23.322903,,0.95850354,,未满足 MA5>MA10>MA20>MA60; 60日趋势强度不足
2026-08-10,688781.SH,,rejected_signal,,0.0,,0.77347207,,未满足 MA5>MA10>MA20>MA60; 20日动量低于门槛; 60日趋势强度不足
2026-08-10,688783.SH,,rejected_signal,,0.0,,0.45518091,,未满足 MA5>MA10>MA20>MA60; 收盘价低于MA20; 20日动量低于门槛; 60日趋势强度不足; 20日年化波动过高
2026-08-10,688785.SH,,rejected_signal,,0.0,,0.53840673,,未满足 MA5>MA10>MA20>MA60; 收盘价低于MA20; 20日动量低于门槛; 60日趋势强度不足; 20日年化波动过高
2026-08-10,688786.SH,,rejected_signal,,1.888327,,0.63371706,,未满足 MA5>MA10>MA20>MA60; 20日动量低于门槛; 60日趋势强度不足
2026-08-10,688787.SH,,rejected_signal,,0.596369,,0.74281853,,未满足 MA5>MA10>MA20>MA60; 20日动量低于门槛; 60日趋势强度不足
2026-08-10,688788.SH,,rejected_signal,,0.0,,0.73578936,,未满足 MA5>MA10>MA20>MA60; 20日动量低于门槛; 60日趋势强度不足
2026-08-10,688789.SH,,rejected_signal,,9.314656,,0.95364767,,未满足 MA5>MA10>MA20>MA60; 收盘价低于MA20; 20日动量低于门槛; 60日趋势强度不足
2026-08-10,688790.SH,,rejected_signal,,0.0,,0.77196831,,未满足 MA5>MA10>MA20>MA60; 20日动量低于门槛; 60日趋势强度不足
2026-08-10,688793.SH,,rejected_signal,,7.081862,,0.99007773,,未满足 MA5>MA10>MA20>MA60; 60日趋势强度不足; 偏离MA20过远，追高风险
2026-08-10,688795.SH,,rejected_signal,,11.067999,,0.86884201,,未满足 MA5>MA10>MA20>MA60; 收盘价低于MA20; 20日动量低于门槛; 60日趋势强度不足
2026-08-10,688796.SH,,rejected_signal,,53.336586,,1.00766098,,未满足 MA5>MA10>MA20>MA60; 20日年化波动过高
2026-08-10,688797.SH,,rejected_signal,,0.0,,1.22438395,,历史数据不足或指标非有限值; 未满足 MA5>MA10>MA20>MA60; 20日动量低于门槛; 60日趋势强度不足; 20日年化波动过高
2026-08-10,688798.SH,,rejected_signal,,5.67404,,0.8064068,,未满足 MA5>MA10>MA20>MA60; 收盘价低于MA20; 20日动量低于门槛; 60日趋势强度不足
2026-08-10,688799.SH,,rejected_signal,,8.172323,,0.8607679,,未满足 MA5>MA10>MA20>MA60; 收盘价低于MA20; 20日动量低于门槛; 60日趋势强度不足
2026-08-10,688800.SH,,rejected_signal,,1.374644,,0.52544469,,未满足 MA5>MA10>MA20>MA60; 收盘价低于MA20; 20日动量低于门槛; 60日趋势强度不足
2026-08-10,688802.SH,,rejected_signal,,2.513228,,0.8622672,,未满足 MA5>MA10>MA20>MA60; 收盘价低于MA20; 20日动量低于门槛; 60日趋势强度不足
2026-08-10,688805.SH,,rejected_signal,,5.064039,,0.83793014,,未满足 MA5>MA10>MA20>MA60; 20日动量低于门槛; 60日趋势强度不足
2026-08-10,688806.SH,,rejected_signal,,0.0,,3.79523492,,历史数据不足或指标非有限值; 未满足 MA5>MA10>MA20>MA60; 收盘价低于MA20; 20日动量低于门槛; 20日涨幅过热; 60日趋势强度不足; 偏离MA20过远，追高风险; 20日年化波动过高; 20日平均成交额不足
2026-08-10,688807.SH,,rejected_signal,,3.014468,,0.55814719,,未满足 MA5>MA10>MA20>MA60; 收盘价低于MA20; 20日动量低于门槛; 60日趋势强度不足; 20日年化波动过高
2026-08-10,688808.SH,,rejected_signal,,21.900644,,0.74124134,,未满足 MA5>MA10>MA20>MA60; 20日年化波动过高
2026-08-10,688809.SH,,rejected_signal,,4.459802,,0.78198659,,未满足 MA5>MA10>MA20>MA60; 20日动量低于门槛; 20日年化波动过高
2026-08-10,688811.SH,,rejected_signal,,0.810336,,0.74737155,,未满足 MA5>MA10>MA20>MA60; 20日动量低于门槛; 60日趋势强度不足
2026-08-10,688813.SH,,rejected_signal,,4.482386,,0.52013552,,未满足 MA5>MA10>MA20>MA60; 20日动量低于门槛; 60日趋势强度不足; 20日年化波动过高
2026-08-10,688816.SH,,rejected_signal,,0.494115,,0.86065346,,未满足 MA5>MA10>MA20>MA60; 20日动量低于门槛; 60日趋势强度不足; 20日平均成交额不足
2026-08-10,688818.SH,,rejected_signal,,11.864936,,0.66931951,,未满足 MA5>MA10>MA20>MA60; 20日动量低于门槛; 60日趋势强度不足
2026-08-10,688819.SH,,rejected_signal,,13.781773,,0.99724466,,未满足 MA5>MA10>MA20>MA60; 60日趋势强度不足
2026-08-10,688820.SH,,rejected_signal,,0.387523,,0.60856503,,未满足 MA5>MA10>MA20>MA60; 收盘价低于MA20; 20日动量低于门槛; 60日趋势强度不足; 20日年化波动过高
2026-08-10,688825.SH,,rejected_signal,,0.0,,5.41252422,,历史数据不足或指标非有限值; 未满足 MA5>MA10>MA20>MA60; 收盘价低于MA20; 20日动量低于门槛; 20日涨幅过热; 60日趋势强度不足; 偏离MA20过远，追高风险; 20日年化波动过高; 20日平均成交额不足
2026-08-10,688981.SH,,rejected_signal,,3.827254,,0.81947356,,未满足 MA5>MA10>MA20>MA60; 收盘价低于MA20; 20日动量低于门槛
2026-08-10,689009.SH,,rejected_signal,,54.088837,,1.12745941,,未满足 MA5>MA10>MA20>MA60; 60日趋势强度不足
2026-08-10,920000.BJ,,rejected_signal,,33.414574,,1.08163381,,20日涨幅过热; 60日趋势强度不足
2026-08-10,920001.BJ,,rejected_signal,,1.767384,,0.80108434,,未满足 MA5>MA10>MA20>MA60; 20日动量低于门槛; 60日趋势强度不足; 20日平均成交额不足
2026-08-10,920002.BJ,,rejected_signal,,3.205552,,0.9292661,,未满足 MA5>MA10>MA20>MA60; 60日趋势强度不足
2026-08-10,920003.BJ,,rejected_signal,,11.834822,,0.90791506,,未满足 MA5>MA10>MA20>MA60; 20日动量低于门槛; 60日趋势强度不足; 20日平均成交额不足
2026-08-10,920005.BJ,,rejected_signal,,0.0,,0.85827947,,未满足 MA5>MA10>MA20>MA60; 20日动量低于门槛; 60日趋势强度不足; 20日平均成交额不足
2026-08-10,920006.BJ,,rejected_signal,,27.574528,,0.99325019,,未满足 MA5>MA10>MA20>MA60; 60日趋势强度不足
2026-08-10,920007.BJ,,rejected_signal,,10.516932,,0.9098044,,未满足 MA5>MA10>MA20>MA60; 60日趋势强度不足; 20日平均成交额不足
2026-08-10,920008.BJ,,rejected_signal,,5.404209,,0.91924846,,未满足 MA5>MA10>MA20>MA60; 60日趋势强度不足; 20日平均成交额不足
2026-08-10,920009.BJ,,rejected_signal,,6.541845,,0.93743885,,未满足 MA5>MA10>MA20>MA60; 20日动量低于门槛; 60日趋势强度不足; 20日平均成交额不足
2026-08-10,920010.BJ,,rejected_signal,,13.417212,,0.86501563,,未满足 MA5>MA10>MA20>MA60; 60日趋势强度不足
2026-08-10,920011.BJ,,rejected_signal,,1.847927,,0.85380864,,未满足 MA5>MA10>MA20>MA60; 20日动量低于门槛; 60日趋势强度不足; 20日平均成交额不足
2026-08-10,920012.BJ,,rejected_signal,,2.967862,,0.67392254,,未满足 MA5>MA10>MA20>MA60; 20日动量低于门槛; 60日趋势强度不足
2026-08-10,920014.BJ,,rejected_signal,,16.45746,,0.95711082,,未满足 MA5>MA10>MA20>MA60; 收盘价低于MA20; 60日趋势强度不足
2026-08-10,920015.BJ,,rejected_signal,,0.0,,0.80796766,,未满足 MA5>MA10>MA20>MA60; 收盘价低于MA20; 20日动量低于门槛; 60日趋势强度不足; 20日年化波动过高
2026-08-10,920016.BJ,,rejected_signal,,10.782235,,0.94632298,,未满足 MA5>MA10>MA20>MA60; 60日趋势强度不足; 20日平均成交额不足
2026-08-10,920017.BJ,,rejected_signal,,22.288769,,1.00874269,,60日趋势强度不足
2026-08-10,920018.BJ,,rejected_signal,,21.274368,,1.05789125,,未满足 MA5>MA10>MA20>MA60; 60日趋势强度不足; 20日年化波动过高
2026-08-10,920019.BJ,,rejected_signal,,10.337797,,0.85429341,,未满足 MA5>MA10>MA20>MA60; 60日趋势强度不足
2026-08-10,920020.BJ,,rejected_signal,,7.107244,,1.04182327,,收盘价低于MA20; 20日动量低于门槛; 60日趋势强度不足; 20日平均成交额不足
2026-08-10,920021.BJ,,rejected_signal,,5.918206,,0.90221059,,未满足 MA5>MA10>MA20>MA60; 60日趋势强度不足
2026-08-10,920022.BJ,,rejected_signal,,1.485769,,0.90772152,,未满足 MA5>MA10>MA20>MA60; 20日动量低于门槛; 60日趋势强度不足; 20日平均成交额不足
2026-08-10,920023.BJ,,rejected_universe,,20.450811,,0.94973099,,不在当日动态股票池(停牌/未上市/已退市/当前ST代理过滤)
2026-08-10,920026.BJ,,rejected_signal,,1.355824,,0.7985816,,未满足 MA5>MA10>MA20>MA60; 60日趋势强度不足; 20日平均成交额不足
2026-08-10,920027.BJ,,rejected_signal,,17.54417,,0.972996,,未满足 MA5>MA10>MA20>MA60; 60日趋势强度不足; 20日平均成交额不足
2026-08-10,920028.BJ,,rejected_signal,,0.0,,0.81845909,,未满足 MA5>MA10>MA20>MA60; 20日动量低于门槛; 60日趋势强度不足; 20日平均成交额不足
2026-08-10,920029.BJ,,rejected_signal,,11.83581,,0.93991596,,未满足 MA5>MA10>MA20>MA60; 60日趋势强度不足
2026-08-10,920030.BJ,,rejected_signal,,9.812453,,0.95633966,,未满足 MA5>MA10>MA20>MA60; 60日趋势强度不足; 20日平均成交额不足
2026-08-10,920033.BJ,,rejected_signal,,7.740349,,0.9110598,,未满足 MA5>MA10>MA20>MA60; 60日趋势强度不足; 20日平均成交额不足
2026-08-10,920035.BJ,,rejected_signal,,0.200309,,0.85758096,,未满足 MA5>MA10>MA20>MA60; 20日动量低于门槛; 60日趋势强度不足; 20日平均成交额不足
2026-08-10,920036.BJ,,rejected_signal,,0.0,,0.78964841,,未满足 MA5>MA10>MA20>MA60; 60日趋势强度不足; 20日平均成交额不足
2026-08-10,920037.BJ,,rejected_signal,,17.876701,,0.96788687,,未满足 MA5>MA10>MA20>MA60; 60日趋势强度不足
2026-08-10,920038.BJ,,rejected_signal,,0.0,,1.0,,历史数据不足或指标非有限值; 未满足 MA5>MA10>MA20>MA60; 收盘价低于MA20; 20日动量低于门槛; 20日涨幅过热; 60日趋势强度不足; 偏离MA20过远，追高风险; 20日年化波动过高; 20日平均成交额不足
2026-08-10,920039.BJ,,rejected_signal,,15.443018,,0.9818486,,未满足 MA5>MA10>MA20>MA60; 60日趋势强度不足; 20日平均成交额不足
2026-08-10,920045.BJ,,rejected_signal,,0.0,,0.53248715,,未满足 MA5>MA10>MA20>MA60; 20日动量低于门槛; 60日趋势强度不足; 20日年化波动过高
2026-08-10,920046.BJ,,rejected_signal,,17.737999,,0.88301766,,未满足 MA5>MA10>MA20>MA60; 60日趋势强度不足
2026-08-10,920047.BJ,,rejected_signal,,10.494486,,0.75438166,,未满足 MA5>MA10>MA20>MA60; 20日动量低于门槛; 60日趋势强度不足
2026-08-10,920050.BJ,,rejected_signal,,28.553032,,1.00197208,,未满足 MA5>MA10>MA20>MA60; 60日趋势强度不足; 20日平均成交额不足
2026-08-10,920055.BJ,,rejected_signal,,10.959279,,0.93645442,,未满足 MA5>MA10>MA20>MA60; 60日趋势强度不足; 20日平均成交额不足
2026-08-10,920056.BJ,,rejected_signal,,7.307638,,0.87799132,,未满足 MA5>MA10>MA20>MA60; 60日趋势强度不足; 20日平均成交额不足
2026-08-10,920057.BJ,,rejected_signal,,17.519236,,0.98311102,,未满足 MA5>MA10>MA20>MA60; 60日趋势强度不足; 20日平均成交额不足
2026-08-10,920058.BJ,,rejected_signal,,34.087761,,1.33437836,,20日涨幅过热; 60日趋势强度不足
2026-08-10,920060.BJ,,rejected_signal,,6.183391,,0.78164834,,未满足 MA5>MA10>MA20>MA60; 20日动量低于门槛; 60日趋势强度不足
2026-08-10,920061.BJ,,rejected_signal,,17.482758,,0.78960127,,未满足 MA5>MA10>MA20>MA60; 60日趋势强度不足; 20日平均成交额不足
2026-08-10,920062.BJ,,rejected_signal,,6.923306,,0.82695383,,未满足 MA5>MA10>MA20>MA60; 60日趋势强度不足; 20日平均成交额不足
2026-08-10,920065.BJ,,rejected_signal,,0.0,,6.12170029,,历史数据不足或指标非有限值; 未满足 MA5>MA10>MA20>MA60; 收盘价低于MA20; 20日动量低于门槛; 20日涨幅过热; 60日趋势强度不足; 偏离MA20过远，追高风险; 20日年化波动过高; 20日平均成交额不足
2026-08-10,920066.BJ,,rejected_signal,,10.140195,,0.83662075,,未满足 MA5>MA10>MA20>MA60; 60日趋势强度不足; 20日平均成交额不足
2026-08-10,920068.BJ,,rejected_signal,,11.278831,,0.85242242,,未满足 MA5>MA10>MA20>MA60; 20日动量低于门槛; 60日趋势强度不足; 20日平均成交额不足
2026-08-10,920069.BJ,,rejected_signal,,6.133386,,0.94610274,,未满足 MA5>MA10>MA20>MA60; 20日动量低于门槛; 60日趋势强度不足; 20日平均成交额不足
2026-08-10,920072.BJ,,rejected_signal,,0.0,,1.76053476,,历史数据不足或指标非有限值; 未满足 MA5>MA10>MA20>MA60; 60日趋势强度不足; 20日年化波动过高
2026-08-10,920075.BJ,,rejected_signal,,13.082165,,0.92102784,,未满足 MA5>MA10>MA20>MA60; 60日趋势强度不足; 20日平均成交额不足
2026-08-10,920076.BJ,,rejected_signal,,0.527916,,0.94992024,,未满足 MA5>MA10>MA20>MA60; 20日动量低于门槛; 60日趋势强度不足; 20日平均成交额不足
2026-08-10,920077.BJ,,rejected_signal,,4.480641,,0.86733299,,未满足 MA5>MA10>MA20>MA60; 20日动量低于门槛; 60日趋势强度不足
2026-08-10,920078.BJ,,rejected_signal,,1.753349,,0.63363731,,未满足 MA5>MA10>MA20>MA60; 20日动量低于门槛; 60日趋势强度不足
2026-08-10,920079.BJ,,rejected_signal,,0.0,,4.06911469,,历史数据不足或指标非有限值; 未满足 MA5>MA10>MA20>MA60; 收盘价低于MA20; 20日动量低于门槛; 20日涨幅过热; 60日趋势强度不足; 偏离MA20过远，追高风险; 20日年化波动过高; 20日平均成交额不足
2026-08-10,920080.BJ,,rejected_signal,,0.0,,0.94025618,,未满足 MA5>MA10>MA20>MA60; 20日动量低于门槛; 60日趋势强度不足; 20日平均成交额不足
2026-08-10,920081.BJ,,rejected_signal,,0.0,,2.74367619,,历史数据不足或指标非有限值; 未满足 MA5>MA10>MA20>MA60; 20日动量低于门槛; 60日趋势强度不足
2026-08-10,920082.BJ,,rejected_signal,,18.82378,,0.95920885,,未满足 MA5>MA10>MA20>MA60; 60日趋势强度不足; 20日平均成交额不足
2026-08-10,920083.BJ,,rejected_signal,,0.0,,1.03613603,,历史数据不足或指标非有限值; 未满足 MA5>MA10>MA20>MA60; 收盘价低于MA20; 20日动量低于门槛; 60日趋势强度不足
2026-08-10,920086.BJ,,rejected_signal,,1.027433,,0.86892962,,未满足 MA5>MA10>MA20>MA60; 20日动量低于门槛; 60日趋势强度不足; 20日平均成交额不足
2026-08-10,920087.BJ,,rejected_signal,,16.679039,,0.90438151,,未满足 MA5>MA10>MA20>MA60; 60日趋势强度不足; 偏离MA20过远，追高风险
2026-08-10,920088.BJ,,rejected_signal,,37.958614,,1.12300646,,未满足 MA5>MA10>MA20>MA60; 收盘价低于MA20; 60日趋势强度不足; 20日年化波动过高
2026-08-10,920089.BJ,,rejected_signal,,11.119349,,0.94480795,,未满足 MA5>MA10>MA20>MA60; 60日趋势强度不足; 20日平均成交额不足
2026-08-10,920090.BJ,,rejected_universe,,24.375093,,1.00292099,,不在当日动态股票池(停牌/未上市/已退市/当前ST代理过滤)
2026-08-10,920091.BJ,,rejected_signal,,0.0,,0.78491294,,未满足 MA5>MA10>MA20>MA60; 20日动量低于门槛; 60日趋势强度不足; 20日平均成交额不足
2026-08-10,920092.BJ,,rejected_signal,,16.711908,,0.78719801,,未满足 MA5>MA10>MA20>MA60; 20日涨幅过热; 偏离MA20过远，追高风险; 20日年化波动过高
2026-08-10,920096.BJ,,rejected_signal,,0.0,,0.6325981,,历史数据不足或指标非有限值; 未满足 MA5>MA10>MA20>MA60; 20日动量低于门槛; 60日趋势强度不足
2026-08-10,920098.BJ,,rejected_signal,,5.24107,,0.87246984,,未满足 MA5>MA10>MA20>MA60; 60日趋势强度不足; 20日平均成交额不足
2026-08-10,920099.BJ,,rejected_signal,,1.259188,,0.83754724,,未满足 MA5>MA10>MA20>MA60; 收盘价低于MA20; 20日动量低于门槛; 60日趋势强度不足; 20日平均成交额不足
2026-08-10,920100.BJ,,rejected_signal,,0.0,,0.84727585,,未满足 MA5>MA10>MA20>MA60; 20日动量低于门槛; 60日趋势强度不足
2026-08-10,920101.BJ,,rejected_signal,,10.028446,,0.87831813,,未满足 MA5>MA10>MA20>MA60; 60日趋势强度不足; 20日平均成交额不足
2026-08-10,920106.BJ,,rejected_signal,,13.037144,,0.89607215,,未满足 MA5>MA10>MA20>MA60; 60日趋势强度不足; 20日平均成交额不足
2026-08-10,920108.BJ,,rejected_signal,,13.677639,,0.92365986,,未满足 MA5>MA10>MA20>MA60; 60日趋势强度不足; 20日平均成交额不足
2026-08-10,920110.BJ,,rejected_signal,,22.690752,,0.9882853,,未满足 MA5>MA10>MA20>MA60; 60日趋势强度不足; 20日平均成交额不足
2026-08-10,920111.BJ,,rejected_signal,,1.248114,,0.84340572,,未满足 MA5>MA10>MA20>MA60; 20日动量低于门槛; 60日趋势强度不足
2026-08-10,920112.BJ,,rejected_signal,,22.01799,,0.91250557,,未满足 MA5>MA10>MA20>MA60; 60日趋势强度不足; 20日平均成交额不足
2026-08-10,920116.BJ,,rejected_signal,,1.13284,,0.75827473,,未满足 MA5>MA10>MA20>MA60; 20日动量低于门槛; 60日趋势强度不足
2026-08-10,920117.BJ,,rejected_signal,,0.0,,3.67250681,,历史数据不足或指标非有限值; 未满足 MA5>MA10>MA20>MA60; 收盘价低于MA20; 20日动量低于门槛; 20日涨幅过热; 60日趋势强度不足; 偏离MA20过远，追高风险; 20日年化波动过高; 20日平均成交额不足
2026-08-10,920118.BJ,,rejected_signal,,25.776731,,1.02044332,,未满足 MA5>MA10>MA20>MA60; 60日趋势强度不足; 20日平均成交额不足
2026-08-10,920119.BJ,,rejected_signal,,7.353833,,0.88990045,,未满足 MA5>MA10>MA20>MA60; 60日趋势强度不足; 20日平均成交额不足
2026-08-10,920121.BJ,,rejected_signal,,1.5885,,0.91362381,,未满足 MA5>MA10>MA20>MA60; 60日趋势强度不足; 20日平均成交额不足
2026-08-10,920122.BJ,,rejected_signal,,5.080785,,0.94716543,,未满足 MA5>MA10>MA20>MA60; 60日趋势强度不足; 20日平均成交额不足
2026-08-10,920123.BJ,,rejected_signal,,33.005753,,1.00336981,,未满足 MA5>MA10>MA20>MA60; 60日趋势强度不足; 20日平均成交额不足
2026-08-10,920124.BJ,,rejected_signal,,2.258234,,0.91473073,,未满足 MA5>MA10>MA20>MA60; 60日趋势强度不足; 20日平均成交额不足
2026-08-10,920125.BJ,,rejected_signal,,15.524563,,0.58008158,,未满足 MA5>MA10>MA20>MA60; 60日趋势强度不足; 20日年化波动过高
2026-08-10,920126.BJ,,rejected_signal,,0.0,,1.32517874,,历史数据不足或指标非有限值; 未满足 MA5>MA10>MA20>MA60; 60日趋势强度不足
2026-08-10,920128.BJ,,rejected_signal,,2.037737,,0.76840597,,未满足 MA5>MA10>MA20>MA60; 20日动量低于门槛; 60日趋势强度不足; 20日平均成交额不足
2026-08-10,920130.BJ,,rejected_signal,,22.049227,,1.29577649,,20日涨幅过热; 60日趋势强度不足; 20日年化波动过高
2026-08-10,920132.BJ,,rejected_signal,,18.019932,,0.99137688,,未满足 MA5>MA10>MA20>MA60; 60日趋势强度不足; 20日平均成交额不足
2026-08-10,920136.BJ,,rejected_signal,,0.0,,2.54718518,,历史数据不足或指标非有限值; 未满足 MA5>MA10>MA20>MA60; 20日动量低于门槛; 60日趋势强度不足
2026-08-10,920139.BJ,,rejected_signal,,0.108086,,0.85661083,,未满足 MA5>MA10>MA20>MA60; 20日动量低于门槛; 60日趋势强度不足
2026-08-10,920145.BJ,,rejected_signal,,11.013602,,0.90304863,,未满足 MA5>MA10>MA20>MA60; 60日趋势强度不足; 20日平均成交额不足
2026-08-10,920146.BJ,,rejected_signal,,11.007416,,0.93019766,,未满足 MA5>MA10>MA20>MA60; 60日趋势强度不足; 20日平均成交额不足
2026-08-10,920149.BJ,,rejected_signal,,18.225517,,0.97327971,,未满足 MA5>MA10>MA20>MA60; 60日趋势强度不足; 20日平均成交额不足
2026-08-10,920152.BJ,,rejected_signal,,0.0,,0.79322892,,未满足 MA5>MA10>MA20>MA60; 20日动量低于门槛; 60日趋势强度不足; 20日平均成交额不足
2026-08-10,920156.BJ,,rejected_signal,,1.4603,,0.76870418,,未满足 MA5>MA10>MA20>MA60; 20日动量低于门槛; 60日趋势强度不足
2026-08-10,920158.BJ,,rejected_signal,,7.516126,,0.89960867,,未满足 MA5>MA10>MA20>MA60; 60日趋势强度不足; 20日平均成交额不足
2026-08-10,920159.BJ,,rejected_signal,,15.141953,,0.91187668,,未满足 MA5>MA10>MA20>MA60; 60日趋势强度不足; 20日平均成交额不足
2026-08-10,920160.BJ,,rejected_signal,,11.14391,,0.93738806,,未满足 MA5>MA10>MA20>MA60; 60日趋势强度不足; 20日平均成交额不足
2026-08-10,920161.BJ,,rejected_signal,,0.0,,0.70471728,,历史数据不足或指标非有限值; 未满足 MA5>MA10>MA20>MA60; 20日动量低于门槛; 60日趋势强度不足
2026-08-10,920163.BJ,,rejected_signal,,27.703831,,1.04638982,,未满足 MA5>MA10>MA20>MA60; 60日趋势强度不足; 20日平均成交额不足
2026-08-10,920166.BJ,,rejected_signal,,13.889524,,0.87561268,,未满足 MA5>MA10>MA20>MA60; 60日趋势强度不足; 20日平均成交额不足
2026-08-10,920167.BJ,,rejected_signal,,0.0,,0.91733819,,未满足 MA5>MA10>MA20>MA60; 20日动量低于门槛; 60日趋势强度不足; 20日平均成交额不足
2026-08-10,920168.BJ,,rejected_signal,,9.967105,,0.93156177,,未满足 MA5>MA10>MA20>MA60; 60日趋势强度不足; 20日平均成交额不足
2026-08-10,920169.BJ,,rejected_signal,,2.468595,,0.81154102,,未满足 MA5>MA10>MA20>MA60; 20日动量低于门槛; 60日趋势强度不足
2026-08-10,920171.BJ,,rejected_signal,,0.0,,0.88076246,,未满足 MA5>MA10>MA20>MA60; 20日动量低于门槛; 60日趋势强度不足
2026-08-10,920174.BJ,,rejected_signal,,14.325378,,0.83266932,,未满足 MA5>MA10>MA20>MA60; 60日趋势强度不足; 20日平均成交额不足
2026-08-10,920175.BJ,,rejected_signal,,0.0,,0.85343117,,未满足 MA5>MA10>MA20>MA60; 20日动量低于门槛; 60日趋势强度不足; 20日平均成交额不足
2026-08-10,920176.BJ,,rejected_signal,,0.0,,4.79687309,,历史数据不足或指标非有限值; 未满足 MA5>MA10>MA20>MA60; 收盘价低于MA20; 20日动量低于门槛; 20日涨幅过热; 60日趋势强度不足; 偏离MA20过远，追高风险; 20日年化波动过高; 20日平均成交额不足
2026-08-10,920177.BJ,,rejected_signal,,5.326637,,0.87393206,,未满足 MA5>MA10>MA20>MA60; 60日趋势强度不足; 20日平均成交额不足
2026-08-10,920178.BJ,,rejected_signal,,7.621291,,0.48011121,,未满足 MA5>MA10>MA20>MA60; 60日趋势强度不足; 20日年化波动过高
2026-08-10,920179.BJ,,rejected_signal,,7.750417,,0.58351719,,未满足 MA5>MA10>MA20>MA60; 20日动量低于门槛; 20日年化波动过高
2026-08-10,920180.BJ,,rejected_signal,,13.655875,,0.91017628,,未满足 MA5>MA10>MA20>MA60; 60日趋势强度不足; 20日平均成交额不足
2026-08-10,920181.BJ,,rejected_signal,,1.083872,,0.69762456,,未满足 MA5>MA10>MA20>MA60; 20日动量低于门槛; 60日趋势强度不足
2026-08-10,920183.BJ,,rejected_signal,,14.916881,,0.90596145,,未满足 MA5>MA10>MA20>MA60; 60日趋势强度不足; 20日平均成交额不足
2026-08-10,920184.BJ,,rejected_signal,,6.056682,,0.94015145,,未满足 MA5>MA10>MA20>MA60; 60日趋势强度不足; 20日平均成交额不足
2026-08-10,920185.BJ,,rejected_signal,,5.844383,,0.8692342,,未满足 MA5>MA10>MA20>MA60; 20日动量低于门槛; 60日趋势强度不足
2026-08-10,920186.BJ,,rejected_signal,,3.474263,,0.69856006,,未满足 MA5>MA10>MA20>MA60; 收盘价低于MA20; 20日动量低于门槛; 60日趋势强度不足
2026-08-10,920187.BJ,,rejected_signal,,3.694476,,0.97193551,,未满足 MA5>MA10>MA20>MA60; 20日动量低于门槛; 60日趋势强度不足; 20日平均成交额不足
2026-08-10,920188.BJ,,rejected_signal,,14.90602,,0.86761701,,未满足 MA5>MA10>MA20>MA60; 60日趋势强度不足; 20日平均成交额不足
2026-08-10,920189.BJ,,rejected_signal,,0.0,,2.17612147,,历史数据不足或指标非有限值; 未满足 MA5>MA10>MA20>MA60; 收盘价低于MA20; 20日动量低于门槛; 60日趋势强度不足; 20日年化波动过高
2026-08-10,920190.BJ,,rejected_signal,,4.956196,,0.92219281,,未满足 MA5>MA10>MA20>MA60; 20日动量低于门槛
2026-08-10,920191.BJ,,rejected_signal,,5.177943,,0.87591428,,未满足 MA5>MA10>MA20>MA60; 60日趋势强度不足; 20日平均成交额不足
2026-08-10,920193.BJ,,rejected_signal,,0.0,,1.84384453,,历史数据不足或指标非有限值; 未满足 MA5>MA10>MA20>MA60; 20日动量低于门槛; 60日趋势强度不足; 20日年化波动过高
2026-08-10,920195.BJ,,rejected_signal,,5.312265,,0.94845438,,未满足 MA5>MA10>MA20>MA60; 60日趋势强度不足; 20日平均成交额不足
2026-08-10,920198.BJ,,rejected_signal,,22.639643,,0.96472347,,未满足 MA5>MA10>MA20>MA60; 60日趋势强度不足
2026-08-10,920199.BJ,,rejected_signal,,36.164791,,1.01609004,,60日趋势强度不足; 20日年化波动过高
2026-08-10,920200.BJ,,rejected_signal,,10.038662,,0.76915067,,未满足 MA5>MA10>MA20>MA60; 60日趋势强度不足
2026-08-10,920204.BJ,,rejected_signal,,17.441235,,0.91659242,,未满足 MA5>MA10>MA20>MA60; 60日趋势强度不足; 20日平均成交额不足
2026-08-10,920206.BJ,,rejected_signal,,0.0,,0.9057855,,历史数据不足或指标非有限值; 未满足 MA5>MA10>MA20>MA60; 20日动量低于门槛; 60日趋势强度不足
2026-08-10,920207.BJ,,rejected_signal,,5.779799,,0.91630185,,未满足 MA5>MA10>MA20>MA60; 20日动量低于门槛; 60日趋势强度不足
2026-08-10,920208.BJ,,rejected_signal,,3.540391,,0.91325867,,未满足 MA5>MA10>MA20>MA60; 60日趋势强度不足; 20日平均成交额不足
2026-08-10,920211.BJ,,rejected_signal,,0.0,,0.96977049,,历史数据不足或指标非有限值; 未满足 MA5>MA10>MA20>MA60; 收盘价低于MA20; 20日动量低于门槛; 60日趋势强度不足; 20日年化波动过高
2026-08-10,920212.BJ,,rejected_signal,,12.101274,,0.92778087,,未满足 MA5>MA10>MA20>MA60; 60日趋势强度不足; 20日平均成交额不足
2026-08-10,920218.BJ,,rejected_signal,,0.0,,0.96545255,,历史数据不足或指标非有限值; 未满足 MA5>MA10>MA20>MA60; 60日趋势强度不足
2026-08-10,920220.BJ,,rejected_signal,,0.0,,0.77396953,,历史数据不足或指标非有限值; 未满足 MA5>MA10>MA20>MA60; 20日动量低于门槛; 60日趋势强度不足
2026-08-10,920221.BJ,,rejected_signal,,0.014903,,0.91119432,,未满足 MA5>MA10>MA20>MA60; 20日动量低于门槛; 60日趋势强度不足; 20日平均成交额不足
2026-08-10,920222.BJ,,rejected_signal,,0.0,,2.10773516,,历史数据不足或指标非有限值; 未满足 MA5>MA10>MA20>MA60; 60日趋势强度不足; 20日年化波动过高
2026-08-10,920223.BJ,,rejected_signal,,0.423747,,0.8114686,,未满足 MA5>MA10>MA20>MA60; 20日动量低于门槛; 60日趋势强度不足; 20日平均成交额不足
2026-08-10,920225.BJ,,rejected_signal,,0.0,,0.79088241,,未满足 MA5>MA10>MA20>MA60; 60日趋势强度不足
2026-08-10,920227.BJ,,rejected_signal,,4.701161,,0.89575452,,未满足 MA5>MA10>MA20>MA60; 60日趋势强度不足; 20日平均成交额不足
2026-08-10,920230.BJ,,rejected_signal,,6.541414,,0.97050565,,未满足 MA5>MA10>MA20>MA60; 60日趋势强度不足
2026-08-10,920237.BJ,,rejected_signal,,9.49508,,0.88284326,,未满足 MA5>MA10>MA20>MA60; 60日趋势强度不足; 20日平均成交额不足
2026-08-10,920238.BJ,,rejected_signal,,0.0,,5.17749739,,历史数据不足或指标非有限值; 未满足 MA5>MA10>MA20>MA60; 收盘价低于MA20; 20日动量低于门槛; 20日涨幅过热; 60日趋势强度不足; 偏离MA20过远，追高风险; 20日年化波动过高; 20日平均成交额不足
2026-08-10,920239.BJ,,rejected_signal,,5.486242,,0.91823804,,未满足 MA5>MA10>MA20>MA60; 60日趋势强度不足; 20日平均成交额不足
2026-08-10,920242.BJ,,rejected_signal,,13.565378,,0.93694574,,未满足 MA5>MA10>MA20>MA60; 60日趋势强度不足; 20日平均成交额不足
2026-08-10,920245.BJ,,rejected_signal,,10.906245,,0.898785,,未满足 MA5>MA10>MA20>MA60; 60日趋势强度不足; 20日平均成交额不足
2026-08-10,920247.BJ,,rejected_signal,,3.743793,,0.88141,,未满足 MA5>MA10>MA20>MA60; 60日趋势强度不足; 20日平均成交额不足
2026-08-10,920249.BJ,,rejected_signal,,0.939912,,0.92322206,,未满足 MA5>MA10>MA20>MA60; 20日动量低于门槛; 60日趋势强度不足
2026-08-10,920252.BJ,,rejected_signal,,0.0,,0.8492583,,未满足 MA5>MA10>MA20>MA60; 60日趋势强度不足
2026-08-10,920258.BJ,,rejected_signal,,0.0,,9.60556126,,历史数据不足或指标非有限值; 未满足 MA5>MA10>MA20>MA60; 收盘价低于MA20; 20日动量低于门槛; 20日涨幅过热; 60日趋势强度不足; 偏离MA20过远，追高风险; 20日年化波动过高; 20日平均成交额不足
2026-08-10,920260.BJ,,rejected_signal,,16.478577,,0.98782653,,未满足 MA5>MA10>MA20>MA60; 60日趋势强度不足; 20日平均成交额不足
2026-08-10,920261.BJ,,rejected_signal,,16.181276,,0.97121191,,未满足 MA5>MA10>MA20>MA60; 60日趋势强度不足; 20日平均成交额不足
2026-08-10,920262.BJ,,rejected_signal,,29.987795,,0.99971628,,未满足 MA5>MA10>MA20>MA60; 60日趋势强度不足; 20日平均成交额不足
2026-08-10,920263.BJ,,rejected_signal,,10.064023,,0.92169428,,未满足 MA5>MA10>MA20>MA60; 60日趋势强度不足; 20日平均成交额不足
2026-08-10,920266.BJ,,rejected_signal,,22.917906,,0.97218639,,未满足 MA5>MA10>MA20>MA60; 收盘价低于MA20; 60日趋势强度不足; 20日年化波动过高
2026-08-10,920267.BJ,,rejected_signal,,37.161945,,1.03575766,,收盘价低于MA20; 60日趋势强度不足; 20日年化波动过高
2026-08-10,920270.BJ,,rejected_signal,,6.003472,,0.89436948,,未满足 MA5>MA10>MA20>MA60; 60日趋势强度不足; 20日平均成交额不足
2026-08-10,920271.BJ,,rejected_signal,,18.073065,,0.90090847,,未满足 MA5>MA10>MA20>MA60; 60日趋势强度不足; 20日平均成交额不足
2026-08-10,920273.BJ,,rejected_signal,,13.108654,,0.88683081,,未满足 MA5>MA10>MA20>MA60; 60日趋势强度不足
2026-08-10,920274.BJ,,rejected_signal,,6.516768,,0.85626447,,未满足 MA5>MA10>MA20>MA60; 60日趋势强度不足; 20日平均成交额不足
2026-08-10,920275.BJ,,rejected_signal,,20.850777,,1.0103389,,20日动量低于门槛; 60日趋势强度不足; 20日平均成交额不足
2026-08-10,920278.BJ,,rejected_signal,,29.009905,,0.98799741,,未满足 MA5>MA10>MA20>MA60; 60日趋势强度不足; 20日平均成交额不足
2026-08-10,920284.BJ,,rejected_signal,,14.244847,,0.7403667,,未满足 MA5>MA10>MA20>MA60; 60日趋势强度不足
2026-08-10,920299.BJ,,rejected_signal,,14.150622,,0.89795983,,未满足 MA5>MA10>MA20>MA60; 60日趋势强度不足
2026-08-10,920300.BJ,,rejected_signal,,2.055446,,0.93612373,,未满足 MA5>MA10>MA20>MA60; 60日趋势强度不足; 20日平均成交额不足
2026-08-10,920304.BJ,,rejected_signal,,15.810461,,0.92507863,,未满足 MA5>MA10>MA20>MA60; 60日趋势强度不足; 20日平均成交额不足
2026-08-10,920305.BJ,,rejected_universe,,0.0,,0.0,,不在当日动态股票池(停牌/未上市/已退市/当前ST代理过滤)
2026-08-10,920339.BJ,,rejected_signal,,11.039961,,1.0482136,,未满足 MA5>MA10>MA20>MA60; 20日动量低于门槛; 20日平均成交额不足
2026-08-10,920344.BJ,,rejected_signal,,9.452104,,0.94941676,,未满足 MA5>MA10>MA20>MA60; 60日趋势强度不足; 20日平均成交额不足
2026-08-10,920346.BJ,,rejected_signal,,2.996659,,0.90212107,,未满足 MA5>MA10>MA20>MA60; 60日趋势强度不足; 20日平均成交额不足
2026-08-10,920351.BJ,,rejected_signal,,11.491988,,0.90969807,,未满足 MA5>MA10>MA20>MA60; 60日趋势强度不足; 20日平均成交额不足
2026-08-10,920357.BJ,,rejected_signal,,7.365354,,0.8257184,,未满足 MA5>MA10>MA20>MA60; 60日趋势强度不足
2026-08-10,920363.BJ,,rejected_signal,,0.046007,,0.88888049,,未满足 MA5>MA10>MA20>MA60; 20日动量低于门槛; 60日趋势强度不足; 20日平均成交额不足
2026-08-10,920367.BJ,,rejected_signal,,37.153084,,0.92658502,,未满足 MA5>MA10>MA20>MA60; 收盘价低于MA20; 20日动量低于门槛; 20日年化波动过高
2026-08-10,920368.BJ,,rejected_signal,,1.977648,,0.81883115,,未满足 MA5>MA10>MA20>MA60; 20日动量低于门槛; 60日趋势强度不足
2026-08-10,920370.BJ,,rejected_signal,,23.844805,,0.99889976,,未满足 MA5>MA10>MA20>MA60; 60日趋势强度不足; 20日平均成交额不足
2026-08-10,920371.BJ,,rejected_signal,,11.590093,,0.92286152,,未满足 MA5>MA10>MA20>MA60; 60日趋势强度不足; 20日平均成交额不足
2026-08-10,920374.BJ,,rejected_signal,,13.952263,,0.933276,,未满足 MA5>MA10>MA20>MA60; 60日趋势强度不足; 20日平均成交额不足
2026-08-10,920375.BJ,,rejected_signal,,12.464784,,0.96526664,,未满足 MA5>MA10>MA20>MA60; 60日趋势强度不足; 20日平均成交额不足
2026-08-10,920378.BJ,,rejected_signal,,9.825556,,0.95768392,,未满足 MA5>MA10>MA20>MA60; 60日趋势强度不足; 20日平均成交额不足
2026-08-10,920392.BJ,,rejected_signal,,0.0,,0.89592934,,未满足 MA5>MA10>MA20>MA60; 20日动量低于门槛; 60日趋势强度不足; 20日平均成交额不足
2026-08-10,920394.BJ,,rejected_signal,,2.763053,,0.83356023,,未满足 MA5>MA10>MA20>MA60; 收盘价低于MA20; 20日动量低于门槛; 60日趋势强度不足
2026-08-10,920395.BJ,,rejected_signal,,8.911733,,0.9292931,,未满足 MA5>MA10>MA20>MA60; 60日趋势强度不足; 20日平均成交额不足
2026-08-10,920396.BJ,,rejected_signal,,11.566341,,1.0043323,,未满足 MA5>MA10>MA20>MA60; 60日趋势强度不足
2026-08-10,920402.BJ,,rejected_signal,,0.0,,0.76659566,,未满足 MA5>MA10>MA20>MA60; 20日动量低于门槛; 60日趋势强度不足
2026-08-10,920403.BJ,,rejected_signal,,39.054783,,1.06330025,,60日趋势强度不足
2026-08-10,920405.BJ,,rejected_signal,,22.967775,,1.07040763,,未满足 MA5>MA10>MA20>MA60; 20日平均成交额不足
2026-08-10,920407.BJ,,rejected_signal,,18.900526,,0.95549375,,未满足 MA5>MA10>MA20>MA60; 60日趋势强度不足; 20日平均成交额不足
2026-08-10,920414.BJ,,rejected_signal,,8.479826,,0.92112821,,未满足 MA5>MA10>MA20>MA60; 60日趋势强度不足; 20日平均成交额不足
2026-08-10,920415.BJ,,rejected_signal,,7.011003,,0.9006387,,未满足 MA5>MA10>MA20>MA60; 60日趋势强度不足; 20日平均成交额不足
2026-08-10,920418.BJ,,rejected_signal,,0.494948,,0.89374399,,未满足 MA5>MA10>MA20>MA60; 60日趋势强度不足
2026-08-10,920419.BJ,,rejected_signal,,31.579145,,1.00048161,,未满足 MA5>MA10>MA20>MA60; 60日趋势强度不足; 20日平均成交额不足
2026-08-10,920422.BJ,,rejected_signal,,14.581068,,1.02028012,,未满足 MA5>MA10>MA20>MA60; 60日趋势强度不足; 20日平均成交额不足
2026-08-10,920425.BJ,,rejected_signal,,3.844393,,0.88407403,,未满足 MA5>MA10>MA20>MA60; 60日趋势强度不足; 20日平均成交额不足
2026-08-10,920427.BJ,,rejected_signal,,5.970898,,0.78747201,,未满足 MA5>MA10>MA20>MA60; 20日动量低于门槛; 60日趋势强度不足; 20日平均成交额不足
2026-08-10,920429.BJ,,rejected_signal,,4.202075,,0.87940663,,未满足 MA5>MA10>MA20>MA60; 60日趋势强度不足; 20日平均成交额不足
2026-08-10,920433.BJ,,rejected_signal,,22.671751,,1.0043596,,未满足 MA5>MA10>MA20>MA60; 60日趋势强度不足; 20日平均成交额不足
2026-08-10,920436.BJ,,rejected_signal,,3.570055,,0.90387648,,未满足 MA5>MA10>MA20>MA60; 60日趋势强度不足; 20日平均成交额不足
2026-08-10,920438.BJ,,rejected_signal,,26.956215,,1.0040319,,收盘价低于MA20; 20日动量低于门槛; 20日年化波动过高
2026-08-10,920445.BJ,,rejected_signal,,7.483479,,0.95647711,,未满足 MA5>MA10>MA20>MA60; 60日趋势强度不足; 20日平均成交额不足
2026-08-10,920454.BJ,,rejected_signal,,1.773686,,0.93115485,,未满足 MA5>MA10>MA20>MA60; 20日动量低于门槛; 60日趋势强度不足; 20日平均成交额不足
2026-08-10,920455.BJ,,rejected_signal,,5.66362,,0.93972313,,未满足 MA5>MA10>MA20>MA60; 60日趋势强度不足; 20日平均成交额不足
2026-08-10,920469.BJ,,rejected_signal,,1.101975,,0.89055932,,未满足 MA5>MA10>MA20>MA60; 60日趋势强度不足; 20日平均成交额不足
2026-08-10,920471.BJ,,rejected_signal,,5.059669,,0.92123622,,未满足 MA5>MA10>MA20>MA60; 60日趋势强度不足; 20日平均成交额不足
2026-08-10,920475.BJ,,rejected_signal,,9.16121,,0.89904177,,未满足 MA5>MA10>MA20>MA60; 60日趋势强度不足; 20日平均成交额不足
2026-08-10,920476.BJ,,rejected_signal,,45.553825,,1.00137031,,20日平均成交额不足
2026-08-10,920478.BJ,,rejected_signal,,23.604502,,0.94692171,,未满足 MA5>MA10>MA20>MA60; 20日动量低于门槛; 20日年化波动过高
2026-08-10,920489.BJ,,rejected_signal,,5.900603,,0.769925,,未满足 MA5>MA10>MA20>MA60; 20日动量低于门槛; 60日趋势强度不足
2026-08-10,920491.BJ,,rejected_signal,,8.084462,,0.85692644,,未满足 MA5>MA10>MA20>MA60; 收盘价低于MA20; 20日动量低于门槛; 60日趋势强度不足
2026-08-10,920493.BJ,,rejected_signal,,19.613665,,0.94379354,,未满足 MA5>MA10>MA20>MA60; 60日趋势强度不足
2026-08-10,920496.BJ,,rejected_signal,,14.676784,,0.94813812,,未满足 MA5>MA10>MA20>MA60; 60日趋势强度不足; 20日平均成交额不足
2026-08-10,920504.BJ,,rejected_signal,,15.399605,,0.95478672,,未满足 MA5>MA10>MA20>MA60; 60日趋势强度不足; 20日平均成交额不足
2026-08-10,920505.BJ,,rejected_signal,,9.5177,,0.72089297,,未满足 MA5>MA10>MA20>MA60; 60日趋势强度不足; 偏离MA20过远，追高风险
2026-08-10,920508.BJ,,rejected_signal,,22.163914,,0.99787813,,未满足 MA5>MA10>MA20>MA60; 60日趋势强度不足; 20日平均成交额不足
2026-08-10,920509.BJ,,rejected_signal,,2.770883,,0.67832845,,未满足 MA5>MA10>MA20>MA60; 20日动量低于门槛; 60日趋势强度不足
2026-08-10,920510.BJ,,rejected_signal,,24.806036,,1.04373837,,未满足 MA5>MA10>MA20>MA60; 收盘价低于MA20; 20日动量低于门槛; 20日年化波动过高
2026-08-10,920519.BJ,,rejected_signal,,14.23462,,0.98731488,,未满足 MA5>MA10>MA20>MA60; 60日趋势强度不足; 20日平均成交额不足
2026-08-10,920522.BJ,,rejected_signal,,17.092237,,0.81214386,,未满足 MA5>MA10>MA20>MA60; 60日趋势强度不足
2026-08-10,920523.BJ,,rejected_signal,,4.859159,,0.8748194,,未满足 MA5>MA10>MA20>MA60; 60日趋势强度不足; 20日平均成交额不足
2026-08-10,920526.BJ,,rejected_signal,,7.749604,,0.69595355,,未满足 MA5>MA10>MA20>MA60; 20日动量低于门槛; 60日趋势强度不足
2026-08-10,920527.BJ,,rejected_signal,,2.80427,,0.93324244,,未满足 MA5>MA10>MA20>MA60; 20日动量低于门槛; 60日趋势强度不足; 20日平均成交额不足
2026-08-10,920533.BJ,,rejected_signal,,0.0,,0.87149382,,未满足 MA5>MA10>MA20>MA60; 20日动量低于门槛; 60日趋势强度不足; 20日平均成交额不足
2026-08-10,920541.BJ,,rejected_signal,,5.703264,,0.94964164,,未满足 MA5>MA10>MA20>MA60; 60日趋势强度不足; 20日平均成交额不足
2026-08-10,920547.BJ,,rejected_signal,,16.396194,,0.92918706,,未满足 MA5>MA10>MA20>MA60; 60日趋势强度不足; 20日平均成交额不足
2026-08-10,920553.BJ,,rejected_signal,,8.924517,,0.94464988,,未满足 MA5>MA10>MA20>MA60; 60日趋势强度不足; 20日平均成交额不足
2026-08-10,920556.BJ,,rejected_signal,,7.631846,,0.9238981,,未满足 MA5>MA10>MA20>MA60; 60日趋势强度不足; 20日平均成交额不足
2026-08-10,920564.BJ,,rejected_signal,,0.0,,0.84089339,,未满足 MA5>MA10>MA20>MA60; 20日动量低于门槛; 60日趋势强度不足; 20日平均成交额不足
2026-08-10,920566.BJ,,rejected_signal,,13.193377,,0.99252033,,未满足 MA5>MA10>MA20>MA60; 20日动量低于门槛; 60日趋势强度不足
2026-08-10,920570.BJ,,rejected_signal,,23.281204,,0.96356684,,未满足 MA5>MA10>MA20>MA60; 60日趋势强度不足; 20日平均成交额不足
2026-08-10,920571.BJ,,rejected_signal,,23.23288,,0.90743256,,未满足 MA5>MA10>MA20>MA60; 60日趋势强度不足
2026-08-10,920575.BJ,,rejected_universe,,23.28437,,1.32257915,,不在当日动态股票池(停牌/未上市/已退市/当前ST代理过滤)
2026-08-10,920576.BJ,,rejected_signal,,0.207037,,0.77907056,,未满足 MA5>MA10>MA20>MA60; 20日动量低于门槛; 60日趋势强度不足
2026-08-10,920578.BJ,,rejected_signal,,2.340487,,0.89729345,,未满足 MA5>MA10>MA20>MA60; 20日动量低于门槛; 60日趋势强度不足; 20日平均成交额不足
2026-08-10,920579.BJ,,rejected_signal,,6.503157,,0.88738805,,未满足 MA5>MA10>MA20>MA60; 60日趋势强度不足; 20日平均成交额不足
2026-08-10,920580.BJ,,rejected_signal,,16.199497,,0.88001746,,未满足 MA5>MA10>MA20>MA60; 60日趋势强度不足; 20日平均成交额不足
2026-08-10,920592.BJ,,rejected_signal,,4.136121,,0.86104512,,未满足 MA5>MA10>MA20>MA60; 60日趋势强度不足
2026-08-10,920593.BJ,,rejected_signal,,0.89747,,0.88825637,,未满足 MA5>MA10>MA20>MA60; 20日动量低于门槛; 60日趋势强度不足
2026-08-10,920599.BJ,,rejected_signal,,8.547297,,1.01596737,,未满足 MA5>MA10>MA20>MA60; 20日动量低于门槛; 60日趋势强度不足
2026-08-10,920608.BJ,,rejected_signal,,23.22662,,0.99806011,,未满足 MA5>MA10>MA20>MA60; 60日趋势强度不足; 20日平均成交额不足
2026-08-10,920627.BJ,,rejected_signal,,10.521744,,0.87388116,,未满足 MA5>MA10>MA20>MA60; 60日趋势强度不足; 20日平均成交额不足
2026-08-10,920634.BJ,,rejected_signal,,27.00775,,0.9567585,,未满足 MA5>MA10>MA20>MA60; 60日趋势强度不足
2026-08-10,920639.BJ,,rejected_signal,,16.426336,,0.9629752,,未满足 MA5>MA10>MA20>MA60; 60日趋势强度不足; 20日平均成交额不足
2026-08-10,920640.BJ,,rejected_signal,,3.506523,,0.85760134,,未满足 MA5>MA10>MA20>MA60; 20日动量低于门槛; 60日趋势强度不足
2026-08-10,920641.BJ,,rejected_signal,,8.418167,,0.88975412,,未满足 MA5>MA10>MA20>MA60; 60日趋势强度不足; 20日平均成交额不足
2026-08-10,920642.BJ,,rejected_signal,,7.253761,,0.89798987,,未满足 MA5>MA10>MA20>MA60; 20日动量低于门槛; 60日趋势强度不足
2026-08-10,920651.BJ,,rejected_signal,,32.913391,,1.04337633,,未满足 MA5>MA10>MA20>MA60; 60日趋势强度不足; 20日平均成交额不足
2026-08-10,920656.BJ,,rejected_signal,,8.730893,,0.98137361,,未满足 MA5>MA10>MA20>MA60; 60日趋势强度不足; 20日平均成交额不足
2026-08-10,920662.BJ,,rejected_signal,,7.154174,,0.84982961,,未满足 MA5>MA10>MA20>MA60; 20日动量低于门槛; 60日趋势强度不足
2026-08-10,920663.BJ,,rejected_signal,,4.578872,,0.89910477,,未满足 MA5>MA10>MA20>MA60; 60日趋势强度不足; 20日平均成交额不足
2026-08-10,920665.BJ,,rejected_signal,,2.086,,0.81784111,,未满足 MA5>MA10>MA20>MA60; 20日动量低于门槛; 60日趋势强度不足; 20日平均成交额不足
2026-08-10,920670.BJ,,rejected_signal,,21.472696,,0.91671872,,未满足 MA5>MA10>MA20>MA60; 60日趋势强度不足
2026-08-10,920675.BJ,,rejected_signal,,11.512698,,1.12914062,,未满足 MA5>MA10>MA20>MA60; 60日趋势强度不足; 20日平均成交额不足
2026-08-10,920679.BJ,,rejected_signal,,15.997469,,0.97781253,,未满足 MA5>MA10>MA20>MA60; 60日趋势强度不足; 20日平均成交额不足
2026-08-10,920680.BJ,,rejected_universe,,0.0,,0.0,,不在当日动态股票池(停牌/未上市/已退市/当前ST代理过滤)
2026-08-10,920682.BJ,,rejected_signal,,5.663334,,0.95316529,,未满足 MA5>MA10>MA20>MA60; 60日趋势强度不足; 20日平均成交额不足
2026-08-10,920685.BJ,,rejected_signal,,32.782112,,1.28859174,,未满足 MA5>MA10>MA20>MA60; 60日趋势强度不足; 20日年化波动过高
2026-08-10,920689.BJ,,rejected_signal,,2.890433,,0.91326332,,未满足 MA5>MA10>MA20>MA60; 60日趋势强度不足; 20日平均成交额不足
2026-08-10,920690.BJ,,rejected_signal,,25.622494,,0.9843064,,未满足 MA5>MA10>MA20>MA60; 60日趋势强度不足; 20日年化波动过高
2026-08-10,920693.BJ,,rejected_signal,,0.0,,0.85685438,,未满足 MA5>MA10>MA20>MA60; 20日动量低于门槛; 60日趋势强度不足; 20日平均成交额不足
2026-08-10,920694.BJ,,rejected_signal,,15.081634,,0.95532328,,未满足 MA5>MA10>MA20>MA60; 60日趋势强度不足; 20日平均成交额不足
2026-08-10,920699.BJ,,rejected_signal,,29.037834,,0.9936052,,未满足 MA5>MA10>MA20>MA60; 20日动量低于门槛; 20日年化波动过高
2026-08-10,920701.BJ,,rejected_signal,,30.160606,,1.01362693,,60日趋势强度不足; 20日年化波动过高
2026-08-10,920703.BJ,,rejected_signal,,9.567168,,0.96437901,,未满足 MA5>MA10>MA20>MA60; 60日趋势强度不足; 20日平均成交额不足
2026-08-10,920706.BJ,,rejected_signal,,18.431564,,0.82938236,,未满足 MA5>MA10>MA20>MA60; 60日趋势强度不足; 20日平均成交额不足
2026-08-10,920717.BJ,,rejected_signal,,35.729496,,1.12404501,,未满足 MA5>MA10>MA20>MA60; 60日趋势强度不足; 20日平均成交额不足
2026-08-10,920718.BJ,,rejected_signal,,11.819757,,0.92110044,,未满足 MA5>MA10>MA20>MA60; 60日趋势强度不足; 20日平均成交额不足
2026-08-10,920719.BJ,,rejected_signal,,0.736382,,0.8419131,,未满足 MA5>MA10>MA20>MA60; 20日动量低于门槛; 60日趋势强度不足; 20日平均成交额不足
2026-08-10,920720.BJ,,rejected_signal,,0.634316,,0.91856569,,未满足 MA5>MA10>MA20>MA60; 20日动量低于门槛; 60日趋势强度不足; 20日平均成交额不足
2026-08-10,920725.BJ,,rejected_signal,,0.741332,,0.82840174,,未满足 MA5>MA10>MA20>MA60; 20日动量低于门槛; 20日年化波动过高
2026-08-10,920726.BJ,,rejected_signal,,7.087231,,0.94822067,,未满足 MA5>MA10>MA20>MA60; 20日动量低于门槛; 60日趋势强度不足
2026-08-10,920729.BJ,,rejected_signal,,12.517021,,0.97409385,,未满足 MA5>MA10>MA20>MA60; 60日趋势强度不足; 20日平均成交额不足
2026-08-10,920735.BJ,,rejected_signal,,8.218971,,0.94787437,,未满足 MA5>MA10>MA20>MA60; 20日动量低于门槛; 60日趋势强度不足
2026-08-10,920748.BJ,,rejected_signal,,13.402225,,0.93228072,,未满足 MA5>MA10>MA20>MA60; 60日趋势强度不足
2026-08-10,920751.BJ,,rejected_signal,,0.448115,,0.80819327,,未满足 MA5>MA10>MA20>MA60; 20日动量低于门槛; 60日趋势强度不足; 20日平均成交额不足
2026-08-10,920753.BJ,,rejected_signal,,7.960886,,0.95456105,,未满足 MA5>MA10>MA20>MA60; 60日趋势强度不足; 20日平均成交额不足
2026-08-10,920765.BJ,,rejected_signal,,24.034986,,0.99116951,,未满足 MA5>MA10>MA20>MA60; 60日趋势强度不足; 20日平均成交额不足
2026-08-10,920768.BJ,,rejected_signal,,6.084848,,0.90394104,,未满足 MA5>MA10>MA20>MA60; 60日趋势强度不足; 20日平均成交额不足
2026-08-10,920770.BJ,,rejected_signal,,14.249086,,0.93100953,,未满足 MA5>MA10>MA20>MA60; 60日趋势强度不足
2026-08-10,920779.BJ,,rejected_signal,,12.081469,,0.94335967,,未满足 MA5>MA10>MA20>MA60; 60日趋势强度不足
2026-08-10,920781.BJ,,rejected_signal,,24.786358,,1.03116369,,未满足 MA5>MA10>MA20>MA60; 60日趋势强度不足; 20日平均成交额不足
2026-08-10,920786.BJ,,rejected_signal,,28.706656,,0.99417609,,未满足 MA5>MA10>MA20>MA60; 60日趋势强度不足
2026-08-10,920790.BJ,,rejected_signal,,3.443113,,0.95394605,,未满足 MA5>MA10>MA20>MA60; 收盘价低于MA20; 20日动量低于门槛; 60日趋势强度不足; 20日年化波动过高
2026-08-10,920792.BJ,,rejected_signal,,3.695591,,0.97908437,,未满足 MA5>MA10>MA20>MA60; 60日趋势强度不足; 20日平均成交额不足
2026-08-10,920799.BJ,,rejected_signal,,2.167356,,0.95164967,,未满足 MA5>MA10>MA20>MA60; 20日动量低于门槛; 60日趋势强度不足
2026-08-10,920802.BJ,,rejected_signal,,4.686091,,0.93002027,,未满足 MA5>MA10>MA20>MA60; 20日动量低于门槛; 60日趋势强度不足; 20日平均成交额不足
2026-08-10,920806.BJ,,rejected_signal,,17.408525,,0.98144376,,未满足 MA5>MA10>MA20>MA60; 60日趋势强度不足
2026-08-10,920807.BJ,,rejected_signal,,8.133646,,0.76642627,,未满足 MA5>MA10>MA20>MA60; 60日趋势强度不足
2026-08-10,920808.BJ,,rejected_signal,,0.282826,,0.74618411,,未满足 MA5>MA10>MA20>MA60; 收盘价低于MA20; 20日动量低于门槛; 60日趋势强度不足
2026-08-10,920809.BJ,,rejected_signal,,17.933018,,0.93800718,,未满足 MA5>MA10>MA20>MA60; 60日趋势强度不足
2026-08-10,920810.BJ,,rejected_signal,,23.795116,,1.0309968,,未满足 MA5>MA10>MA20>MA60; 60日趋势强度不足; 20日平均成交额不足
2026-08-10,920819.BJ,,rejected_signal,,23.519262,,0.97371244,,未满足 MA5>MA10>MA20>MA60; 60日趋势强度不足; 20日平均成交额不足
2026-08-10,920821.BJ,,rejected_signal,,12.806101,,0.82138592,,未满足 MA5>MA10>MA20>MA60; 60日趋势强度不足; 20日年化波动过高
2026-08-10,920826.BJ,,rejected_signal,,16.607813,,0.90111327,,未满足 MA5>MA10>MA20>MA60; 60日趋势强度不足; 20日平均成交额不足
2026-08-10,920832.BJ,,rejected_signal,,9.792759,,0.97889787,,未满足 MA5>MA10>MA20>MA60; 60日趋势强度不足; 20日平均成交额不足
2026-08-10,920833.BJ,,rejected_signal,,5.646597,,0.91677237,,未满足 MA5>MA10>MA20>MA60; 20日动量低于门槛; 60日趋势强度不足; 20日平均成交额不足
2026-08-10,920834.BJ,,rejected_signal,,19.131773,,0.86458951,,未满足 MA5>MA10>MA20>MA60; 60日趋势强度不足; 20日平均成交额不足
2026-08-10,920837.BJ,,rejected_signal,,16.121771,,0.92811531,,未满足 MA5>MA10>MA20>MA60; 60日趋势强度不足; 20日平均成交额不足
2026-08-10,920839.BJ,,rejected_signal,,1.033391,,0.90005267,,未满足 MA5>MA10>MA20>MA60; 20日动量低于门槛; 60日趋势强度不足; 20日平均成交额不足
2026-08-10,920855.BJ,,rejected_signal,,15.314916,,0.96569818,,未满足 MA5>MA10>MA20>MA60; 60日趋势强度不足; 20日平均成交额不足
2026-08-10,920856.BJ,,rejected_signal,,26.381529,,1.08834803,,20日涨幅过热; 60日趋势强度不足; 20日平均成交额不足
2026-08-10,920857.BJ,,rejected_signal,,30.615368,,1.09995472,,60日趋势强度不足
2026-08-10,920866.BJ,,rejected_signal,,16.905706,,0.96352684,,未满足 MA5>MA10>MA20>MA60; 60日趋势强度不足; 20日平均成交额不足
2026-08-10,920870.BJ,,rejected_signal,,6.464259,,0.84984249,,未满足 MA5>MA10>MA20>MA60; 60日趋势强度不足; 20日平均成交额不足
2026-08-10,920871.BJ,,rejected_signal,,9.946453,,0.91591388,,未满足 MA5>MA10>MA20>MA60; 60日趋势强度不足; 20日平均成交额不足
2026-08-10,920873.BJ,,rejected_signal,,10.492776,,0.99873412,,未满足 MA5>MA10>MA20>MA60; 60日趋势强度不足; 20日平均成交额不足
2026-08-10,920876.BJ,,rejected_signal,,2.165143,,0.84824908,,未满足 MA5>MA10>MA20>MA60; 60日趋势强度不足; 20日平均成交额不足
2026-08-10,920879.BJ,,rejected_signal,,5.261837,,0.88356215,,未满足 MA5>MA10>MA20>MA60; 20日动量低于门槛; 60日趋势强度不足; 20日平均成交额不足
2026-08-10,920885.BJ,,rejected_signal,,2.518675,,0.82945055,,未满足 MA5>MA10>MA20>MA60; 20日动量低于门槛; 60日趋势强度不足
2026-08-10,920892.BJ,,rejected_signal,,0.0,,0.90970892,,未满足 MA5>MA10>MA20>MA60; 20日动量低于门槛; 60日趋势强度不足; 20日平均成交额不足
2026-08-10,920895.BJ,,rejected_signal,,22.137356,,1.0014919,,未满足 MA5>MA10>MA20>MA60; 60日趋势强度不足; 20日平均成交额不足
2026-08-10,920896.BJ,,rejected_signal,,4.933053,,0.90437406,,未满足 MA5>MA10>MA20>MA60; 60日趋势强度不足; 20日平均成交额不足
2026-08-10,920906.BJ,,rejected_signal,,0.317109,,0.90038562,,未满足 MA5>MA10>MA20>MA60; 20日动量低于门槛; 60日趋势强度不足; 20日平均成交额不足
2026-08-10,920914.BJ,,rejected_signal,,21.417902,,0.93177634,,未满足 MA5>MA10>MA20>MA60; 60日趋势强度不足
2026-08-10,920924.BJ,,rejected_signal,,1.359096,,0.83479893,,未满足 MA5>MA10>MA20>MA60; 60日趋势强度不足
2026-08-10,920925.BJ,,rejected_signal,,32.207073,,1.0081917,,60日趋势强度不足
2026-08-10,920926.BJ,,rejected_signal,,14.91771,,0.92846125,,未满足 MA5>MA10>MA20>MA60; 60日趋势强度不足; 20日平均成交额不足
2026-08-10,920931.BJ,,rejected_signal,,19.003941,,0.97759002,,未满足 MA5>MA10>MA20>MA60; 60日趋势强度不足; 20日平均成交额不足
2026-08-10,920932.BJ,,rejected_signal,,10.405127,,0.8530556,,未满足 MA5>MA10>MA20>MA60; 60日趋势强度不足; 20日平均成交额不足
2026-08-10,920942.BJ,,rejected_signal,,21.779408,,0.87220234,,未满足 MA5>MA10>MA20>MA60; 60日趋势强度不足; 20日平均成交额不足
2026-08-10,920943.BJ,,rejected_signal,,17.269859,,0.92356139,,未满足 MA5>MA10>MA20>MA60; 20日动量低于门槛; 60日趋势强度不足; 20日年化波动过高
2026-08-10,920946.BJ,,rejected_signal,,10.015087,,0.97267687,,未满足 MA5>MA10>MA20>MA60; 20日动量低于门槛; 60日趋势强度不足
2026-08-10,920950.BJ,,rejected_signal,,10.486884,,0.96355301,,未满足 MA5>MA10>MA20>MA60; 60日趋势强度不足; 20日平均成交额不足
2026-08-10,920953.BJ,,rejected_signal,,23.63538,,1.01960492,,未满足 MA5>MA10>MA20>MA60; 60日趋势强度不足
2026-08-10,920957.BJ,,rejected_signal,,17.798244,,0.96493649,,未满足 MA5>MA10>MA20>MA60; 60日趋势强度不足; 20日平均成交额不足
2026-08-10,920961.BJ,,rejected_signal,,0.070411,,0.83553481,,未满足 MA5>MA10>MA20>MA60; 20日动量低于门槛; 60日趋势强度不足
2026-08-10,920964.BJ,,rejected_signal,,6.046764,,0.95156139,,未满足 MA5>MA10>MA20>MA60; 60日趋势强度不足; 20日平均成交额不足
2026-08-10,920970.BJ,,rejected_signal,,12.380956,,0.99281561,,未满足 MA5>MA10>MA20>MA60; 60日趋势强度不足; 20日平均成交额不足
2026-08-10,920971.BJ,,rejected_signal,,1.203474,,0.69203061,,未满足 MA5>MA10>MA20>MA60; 20日动量低于门槛; 60日趋势强度不足
2026-08-10,920974.BJ,,rejected_signal,,5.017481,,0.91484582,,未满足 MA5>MA10>MA20>MA60; 60日趋势强度不足; 20日平均成交额不足
2026-08-10,920976.BJ,,rejected_signal,,16.979675,,0.93708533,,未满足 MA5>MA10>MA20>MA60; 60日趋势强度不足; 20日平均成交额不足
2026-08-10,920978.BJ,,rejected_signal,,2.981356,,0.9467364,,未满足 MA5>MA10>MA20>MA60; 60日趋势强度不足; 20日平均成交额不足
2026-08-10,920981.BJ,,rejected_signal,,0.0,,0.70975912,,未满足 MA5>MA10>MA20>MA60; 20日动量低于门槛; 60日趋势强度不足
2026-08-10,920982.BJ,,rejected_signal,,25.784796,,0.91959298,,未满足 MA5>MA10>MA20>MA60; 60日趋势强度不足
2026-08-10,920985.BJ,,rejected_signal,,6.436704,,0.93554908,,未满足 MA5>MA10>MA20>MA60; 60日趋势强度不足; 20日平均成交额不足
2026-08-10,920992.BJ,,rejected_signal,,6.462625,,0.93261003,,未满足 MA5>MA10>MA20>MA60; 60日趋势强度不足; 20日平均成交额不足
