signal_date,symbol,name,decision,rank,quality_score,base_percentile,factor_raw_score,combined_score,reasons
2026-08-11,000001.SZ,,rejected_signal,,26.277178,,1.06228483,,未满足 MA5>MA10>MA20>MA60
2026-08-11,000002.SZ,,rejected_signal,,17.415194,,1.01962841,,未满足 MA5>MA10>MA20>MA60; 60日趋势强度不足
2026-08-11,000004.SZ,,rejected_universe,,0.0,,0.0,,不在当日动态股票池(停牌/未上市/已退市/当前ST代理过滤)
2026-08-11,000006.SZ,,rejected_signal,,9.228579,,0.87604553,,未满足 MA5>MA10>MA20>MA60; 60日趋势强度不足
2026-08-11,000007.SZ,,rejected_signal,,7.027145,,0.78449333,,未满足 MA5>MA10>MA20>MA60; 60日趋势强度不足
2026-08-11,000008.SZ,,rejected_signal,,3.32215,,1.08396614,,未满足 MA5>MA10>MA20>MA60; 20日动量低于门槛; 60日趋势强度不足
2026-08-11,000009.SZ,,rejected_signal,,31.124691,,1.15108657,,60日趋势强度不足
2026-08-11,000010.SZ,,rejected_universe,,0.0,,0.8623929,,不在当日动态股票池(停牌/未上市/已退市/当前ST代理过滤)
2026-08-11,000011.SZ,,rejected_signal,,41.125896,,1.10802829,,60日趋势强度不足
2026-08-11,000012.SZ,,rejected_signal,,2.169185,,0.94335902,,未满足 MA5>MA10>MA20>MA60; 收盘价低于MA20; 20日动量低于门槛; 60日趋势强度不足
2026-08-11,000014.SZ,,rejected_signal,,35.211174,,1.01566172,,未满足 MA5>MA10>MA20>MA60; 60日趋势强度不足
2026-08-11,000016.SZ,,rejected_universe,,9.625654,,0.93782759,,不在当日动态股票池(停牌/未上市/已退市/当前ST代理过滤)
2026-08-11,000017.SZ,,rejected_rank,105,26.591406,0.02803738,1.07703924,0.10280374,"信号有效, 但综合排名未进入 Top20"
2026-08-11,000019.SZ,,rejected_signal,,4.591681,,0.99497092,,未满足 MA5>MA10>MA20>MA60; 20日动量低于门槛; 60日趋势强度不足
2026-08-11,000020.SZ,,rejected_signal,,7.183333,,0.9577632,,未满足 MA5>MA10>MA20>MA60; 60日趋势强度不足
2026-08-11,000021.SZ,,rejected_signal,,4.083374,,0.82315928,,未满足 MA5>MA10>MA20>MA60; 20日动量低于门槛; 20日年化波动过高
2026-08-11,000023.SZ,,rejected_universe,,0.0,,0.0,,不在当日动态股票池(停牌/未上市/已退市/当前ST代理过滤)
2026-08-11,000025.SZ,,rejected_signal,,34.224571,,1.06965005,,未满足 MA5>MA10>MA20>MA60; 60日趋势强度不足
2026-08-11,000026.SZ,,rejected_signal,,12.72423,,0.77865416,,未满足 MA5>MA10>MA20>MA60; 60日趋势强度不足; 偏离MA20过远，追高风险
2026-08-11,000027.SZ,,rejected_signal,,10.874764,,0.96996361,,未满足 MA5>MA10>MA20>MA60; 收盘价低于MA20; 60日趋势强度不足
2026-08-11,000028.SZ,,rejected_signal,,3.666893,,1.02004492,,未满足 MA5>MA10>MA20>MA60; 收盘价低于MA20; 20日动量低于门槛; 60日趋势强度不足
2026-08-11,000029.SZ,,rejected_signal,,13.262028,,0.91930175,,未满足 MA5>MA10>MA20>MA60; 60日趋势强度不足
2026-08-11,000030.SZ,,rejected_signal,,13.314369,,1.01922762,,未满足 MA5>MA10>MA20>MA60; 60日趋势强度不足
2026-08-11,000031.SZ,,rejected_signal,,9.187265,,0.96054941,,未满足 MA5>MA10>MA20>MA60; 60日趋势强度不足
2026-08-11,000032.SZ,,rejected_signal,,3.389031,,0.74393386,,未满足 MA5>MA10>MA20>MA60; 收盘价低于MA20; 20日动量低于门槛; 60日趋势强度不足
2026-08-11,000034.SZ,,rejected_signal,,4.941081,,0.95121735,,未满足 MA5>MA10>MA20>MA60; 收盘价低于MA20; 20日动量低于门槛; 60日趋势强度不足
2026-08-11,000035.SZ,,rejected_signal,,14.312023,,0.98674405,,未满足 MA5>MA10>MA20>MA60; 60日趋势强度不足
2026-08-11,000036.SZ,,rejected_signal,,1.376984,,0.88165665,,未满足 MA5>MA10>MA20>MA60; 20日动量低于门槛; 60日趋势强度不足
2026-08-11,000037.SZ,,rejected_signal,,28.522114,,1.02206779,,未满足 MA5>MA10>MA20>MA60; 60日趋势强度不足
2026-08-11,000039.SZ,,rejected_signal,,21.639791,,0.95674682,,未满足 MA5>MA10>MA20>MA60; 60日趋势强度不足; 当日跳空幅度过大
2026-08-11,000040.SZ,,rejected_universe,,0.0,,0.0,,不在当日动态股票池(停牌/未上市/已退市/当前ST代理过滤)
2026-08-11,000042.SZ,,rejected_signal,,28.03998,,0.9389444,,未满足 MA5>MA10>MA20>MA60; 60日趋势强度不足
2026-08-11,000045.SZ,,rejected_signal,,8.956416,,0.95333695,,未满足 MA5>MA10>MA20>MA60; 60日趋势强度不足
2026-08-11,000048.SZ,,rejected_signal,,27.014462,,1.07227755,,20日动量低于门槛
2026-08-11,000049.SZ,,rejected_signal,,9.945,,1.01247883,,未满足 MA5>MA10>MA20>MA60; 20日动量低于门槛; 60日趋势强度不足
2026-08-11,000050.SZ,,rejected_signal,,3.462761,,0.84161282,,未满足 MA5>MA10>MA20>MA60; 20日动量低于门槛; 60日趋势强度不足
2026-08-11,000055.SZ,,rejected_signal,,4.662509,,0.98753768,,未满足 MA5>MA10>MA20>MA60; 60日趋势强度不足
2026-08-11,000056.SZ,,rejected_universe,,28.922432,,1.02665794,,不在当日动态股票池(停牌/未上市/已退市/当前ST代理过滤)
2026-08-11,000058.SZ,,rejected_signal,,25.87488,,1.0417918,,未满足 MA5>MA10>MA20>MA60; 60日趋势强度不足
2026-08-11,000059.SZ,,rejected_signal,,24.205351,,1.03692591,,未满足 MA5>MA10>MA20>MA60; 60日趋势强度不足
2026-08-11,000060.SZ,,rejected_signal,,10.038177,,0.90922987,,未满足 MA5>MA10>MA20>MA60; 60日趋势强度不足
2026-08-11,000061.SZ,,rejected_signal,,7.226891,,1.02464676,,未满足 MA5>MA10>MA20>MA60; 60日趋势强度不足
2026-08-11,000062.SZ,,rejected_signal,,5.356518,,0.78030509,,未满足 MA5>MA10>MA20>MA60; 20日动量低于门槛; 60日趋势强度不足
2026-08-11,000063.SZ,,rejected_signal,,6.037683,,0.94989151,,未满足 MA5>MA10>MA20>MA60; 收盘价低于MA20; 20日动量低于门槛; 60日趋势强度不足
2026-08-11,000065.SZ,,rejected_signal,,6.632128,,0.88040209,,未满足 MA5>MA10>MA20>MA60; 60日趋势强度不足
2026-08-11,000066.SZ,,rejected_signal,,5.734624,,0.83456248,,未满足 MA5>MA10>MA20>MA60; 收盘价低于MA20; 20日动量低于门槛; 60日趋势强度不足
2026-08-11,000068.SZ,,rejected_signal,,10.346478,,0.95710248,,未满足 MA5>MA10>MA20>MA60; 60日趋势强度不足
2026-08-11,000069.SZ,,rejected_signal,,27.667751,,0.98978466,,未满足 MA5>MA10>MA20>MA60; 60日趋势强度不足
2026-08-11,000070.SZ,,rejected_signal,,3.529595,,0.76604331,,未满足 MA5>MA10>MA20>MA60; 20日动量低于门槛; 60日趋势强度不足
2026-08-11,000078.SZ,,rejected_universe,,10.429861,,1.00052762,,不在当日动态股票池(停牌/未上市/已退市/当前ST代理过滤)
2026-08-11,000088.SZ,,rejected_signal,,16.73546,,1.05511343,,未满足 MA5>MA10>MA20>MA60; 收盘价低于MA20; 20日动量低于门槛; 60日趋势强度不足
2026-08-11,000089.SZ,,rejected_signal,,10.052863,,1.0369966,,未满足 MA5>MA10>MA20>MA60; 收盘价低于MA20; 20日动量低于门槛; 60日趋势强度不足
2026-08-11,000090.SZ,,rejected_signal,,25.116941,,1.02003133,,60日趋势强度不足
2026-08-11,000096.SZ,,rejected_signal,,17.431944,,1.01062584,,未满足 MA5>MA10>MA20>MA60; 60日趋势强度不足
2026-08-11,000099.SZ,,rejected_signal,,9.260186,,0.97457188,,未满足 MA5>MA10>MA20>MA60; 60日趋势强度不足
2026-08-11,000100.SZ,,rejected_signal,,25.349092,,0.97383243,,未满足 MA5>MA10>MA20>MA60; 20日动量低于门槛
2026-08-11,000151.SZ,,rejected_signal,,11.374241,,0.88816631,,未满足 MA5>MA10>MA20>MA60; 60日趋势强度不足
2026-08-11,000153.SZ,,rejected_signal,,26.168236,,1.01326704,,60日趋势强度不足
2026-08-11,000155.SZ,,rejected_signal,,20.297543,,0.95719314,,未满足 MA5>MA10>MA20>MA60; 60日趋势强度不足
2026-08-11,000156.SZ,,rejected_signal,,17.329378,,1.0580374,,未满足 MA5>MA10>MA20>MA60; 60日趋势强度不足
2026-08-11,000157.SZ,,rejected_signal,,16.613407,,1.01963615,,未满足 MA5>MA10>MA20>MA60; 收盘价低于MA20; 20日动量低于门槛; 60日趋势强度不足
2026-08-11,000158.SZ,,rejected_signal,,11.543147,,1.00018096,,未满足 MA5>MA10>MA20>MA60; 60日趋势强度不足
2026-08-11,000159.SZ,,rejected_signal,,5.896264,,0.99264073,,未满足 MA5>MA10>MA20>MA60; 60日趋势强度不足
2026-08-11,000166.SZ,,rejected_signal,,6.675858,,1.02894211,,未满足 MA5>MA10>MA20>MA60; 收盘价低于MA20; 20日动量低于门槛; 60日趋势强度不足
2026-08-11,000301.SZ,,rejected_signal,,30.322886,,1.01481771,,未满足 MA5>MA10>MA20>MA60; 60日趋势强度不足
2026-08-11,000333.SZ,,rejected_signal,,32.028214,,1.06614125,,未满足 MA5>MA10>MA20>MA60
2026-08-11,000338.SZ,,rejected_signal,,32.316956,,0.96968126,,未满足 MA5>MA10>MA20>MA60; 60日趋势强度不足
2026-08-11,000400.SZ,,rejected_signal,,28.749067,,1.04327524,,未满足 MA5>MA10>MA20>MA60; 60日趋势强度不足
2026-08-11,000401.SZ,,rejected_signal,,3.651094,,0.99054116,,未满足 MA5>MA10>MA20>MA60; 收盘价低于MA20; 20日动量低于门槛; 60日趋势强度不足
2026-08-11,000402.SZ,,rejected_signal,,14.996563,,0.93981302,,未满足 MA5>MA10>MA20>MA60; 60日趋势强度不足
2026-08-11,000403.SZ,,rejected_signal,,35.593498,,0.99249792,,未满足 MA5>MA10>MA20>MA60; 60日趋势强度不足
2026-08-11,000404.SZ,,rejected_signal,,7.879148,,0.9869653,,未满足 MA5>MA10>MA20>MA60; 60日趋势强度不足
2026-08-11,000407.SZ,,rejected_signal,,13.30498,,1.01978648,,未满足 MA5>MA10>MA20>MA60; 60日趋势强度不足
2026-08-11,000408.SZ,,rejected_signal,,62.523705,,1.05960441,,60日趋势强度不足
2026-08-11,000409.SZ,,rejected_signal,,26.366547,,1.0151639,,未满足 MA5>MA10>MA20>MA60; 60日趋势强度不足
2026-08-11,000410.SZ,,rejected_signal,,20.654524,,0.97914761,,未满足 MA5>MA10>MA20>MA60; 60日趋势强度不足
2026-08-11,000411.SZ,,rejected_signal,,12.387686,,0.97492123,,未满足 MA5>MA10>MA20>MA60; 60日趋势强度不足
2026-08-11,000413.SZ,,rejected_universe,,0.0,,0.0,,不在当日动态股票池(停牌/未上市/已退市/当前ST代理过滤)
2026-08-11,000415.SZ,,rejected_rank,106,26.530388,0.01869159,1.05221033,0.05981308,"信号有效, 但综合排名未进入 Top20"
2026-08-11,000416.SZ,,rejected_universe,,0.0,,0.0,,不在当日动态股票池(停牌/未上市/已退市/当前ST代理过滤)
2026-08-11,000417.SZ,,rejected_signal,,2.042564,,0.80038404,,未满足 MA5>MA10>MA20>MA60; 20日动量低于门槛; 60日趋势强度不足
2026-08-11,000419.SZ,,rejected_signal,,19.06489,,1.00495386,,未满足 MA5>MA10>MA20>MA60; 60日趋势强度不足
2026-08-11,000420.SZ,,rejected_signal,,5.468492,,0.93068504,,未满足 MA5>MA10>MA20>MA60; 60日趋势强度不足
2026-08-11,000421.SZ,,rejected_signal,,4.984136,,0.99642819,,未满足 MA5>MA10>MA20>MA60; 60日趋势强度不足
2026-08-11,000422.SZ,,rejected_signal,,16.291418,,0.9866522,,未满足 MA5>MA10>MA20>MA60; 60日趋势强度不足
2026-08-11,000423.SZ,,rejected_signal,,43.506657,,1.10270619,,未满足 MA5>MA10>MA20>MA60
2026-08-11,000425.SZ,,rejected_signal,,12.329914,,0.96315509,,未满足 MA5>MA10>MA20>MA60; 收盘价低于MA20; 20日动量低于门槛; 60日趋势强度不足
2026-08-11,000426.SZ,,rejected_signal,,38.518818,,0.91216171,,未满足 MA5>MA10>MA20>MA60; 60日趋势强度不足
2026-08-11,000428.SZ,,rejected_signal,,36.080151,,1.17534685,,20日涨幅过热; 偏离MA20过远，追高风险
2026-08-11,000429.SZ,,rejected_signal,,12.940039,,1.02860677,,未满足 MA5>MA10>MA20>MA60; 收盘价低于MA20; 20日动量低于门槛
2026-08-11,000430.SZ,,rejected_signal,,12.145753,,0.99439597,,未满足 MA5>MA10>MA20>MA60; 60日趋势强度不足
2026-08-11,000488.SZ,,rejected_universe,,0.96449,,0.95966876,,不在当日动态股票池(停牌/未上市/已退市/当前ST代理过滤)
2026-08-11,000498.SZ,,rejected_signal,,7.041035,,1.03238058,,未满足 MA5>MA10>MA20>MA60; 收盘价低于MA20; 20日动量低于门槛; 60日趋势强度不足
2026-08-11,000501.SZ,,rejected_signal,,8.373466,,1.01192129,,未满足 MA5>MA10>MA20>MA60; 60日趋势强度不足
2026-08-11,000503.SZ,,rejected_signal,,48.013126,,1.10449839,,60日趋势强度不足
2026-08-11,000504.SZ,,rejected_signal,,19.043268,,0.99121726,,未满足 MA5>MA10>MA20>MA60; 60日趋势强度不足
2026-08-11,000505.SZ,,rejected_signal,,18.798578,,1.01339054,,未满足 MA5>MA10>MA20>MA60; 60日趋势强度不足
2026-08-11,000506.SZ,,rejected_signal,,46.581276,,1.09310257,,20日涨幅过热; 偏离MA20过远，追高风险
2026-08-11,000507.SZ,,rejected_signal,,7.922262,,1.01181018,,未满足 MA5>MA10>MA20>MA60; 60日趋势强度不足
2026-08-11,000509.SZ,,rejected_signal,,6.389558,,0.81616855,,未满足 MA5>MA10>MA20>MA60; 60日趋势强度不足
2026-08-11,000510.SZ,,rejected_signal,,10.213927,,0.77472502,,未满足 MA5>MA10>MA20>MA60; 20日动量低于门槛; 20日年化波动过高
2026-08-11,000513.SZ,,rejected_signal,,12.840091,,1.02602041,,未满足 MA5>MA10>MA20>MA60; 收盘价低于MA20; 20日动量低于门槛; 60日趋势强度不足
2026-08-11,000514.SZ,,rejected_signal,,9.883212,,0.9761104,,未满足 MA5>MA10>MA20>MA60; 60日趋势强度不足
2026-08-11,000516.SZ,,rejected_signal,,12.139954,,1.03313839,,未满足 MA5>MA10>MA20>MA60; 20日动量低于门槛; 60日趋势强度不足
2026-08-11,000517.SZ,,rejected_signal,,41.396877,,1.13356364,,偏离MA20过远，追高风险
2026-08-11,000518.SZ,,rejected_rank,46,49.438904,0.57943922,1.09621239,0.57943922,"信号有效, 但综合排名未进入 Top20"
2026-08-11,000519.SZ,,rejected_signal,,6.24411,,0.81762326,,未满足 MA5>MA10>MA20>MA60; 20日动量低于门槛; 60日趋势强度不足
2026-08-11,000520.SZ,,rejected_signal,,1.763519,,0.95674497,,未满足 MA5>MA10>MA20>MA60; 20日动量低于门槛; 60日趋势强度不足
2026-08-11,000521.SZ,,rejected_signal,,0.86932,,0.94708109,,未满足 MA5>MA10>MA20>MA60; 收盘价低于MA20; 20日动量低于门槛; 60日趋势强度不足
2026-08-11,000523.SZ,,rejected_signal,,17.45009,,1.01353776,,未满足 MA5>MA10>MA20>MA60; 60日趋势强度不足
2026-08-11,000524.SZ,,rejected_signal,,25.300348,,1.248873,,未满足 MA5>MA10>MA20>MA60; 60日趋势强度不足
2026-08-11,000525.SZ,,rejected_signal,,32.517868,,1.04457998,,未满足 MA5>MA10>MA20>MA60; 60日趋势强度不足
2026-08-11,000526.SZ,,rejected_rank,87,36.441936,0.19626169,1.19077373,0.3420561,"信号有效, 但综合排名未进入 Top20"
2026-08-11,000528.SZ,,rejected_signal,,19.065775,,1.01744008,,未满足 MA5>MA10>MA20>MA60; 收盘价低于MA20; 20日动量低于门槛; 60日趋势强度不足
2026-08-11,000529.SZ,,rejected_signal,,7.750023,,1.00972307,,未满足 MA5>MA10>MA20>MA60; 60日趋势强度不足; 20日平均成交额不足
2026-08-11,000530.SZ,,rejected_signal,,5.968611,,0.94114494,,未满足 MA5>MA10>MA20>MA60; 60日趋势强度不足
2026-08-11,000531.SZ,,rejected_signal,,4.153155,,0.93612427,,未满足 MA5>MA10>MA20>MA60; 20日动量低于门槛; 60日趋势强度不足
2026-08-11,000532.SZ,,rejected_signal,,6.099026,,0.94915318,,未满足 MA5>MA10>MA20>MA60; 60日趋势强度不足
2026-08-11,000533.SZ,,rejected_signal,,30.172461,,1.19434738,,未满足 MA5>MA10>MA20>MA60; 20日涨幅过热; 60日趋势强度不足; 偏离MA20过远，追高风险
2026-08-11,000534.SZ,,rejected_signal,,2.491588,,0.86744642,,未满足 MA5>MA10>MA20>MA60; 20日动量低于门槛; 60日趋势强度不足
2026-08-11,000536.SZ,,rejected_signal,,7.662455,,0.91895336,,未满足 MA5>MA10>MA20>MA60; 60日趋势强度不足
2026-08-11,000537.SZ,,rejected_signal,,14.845983,,0.92265981,,未满足 MA5>MA10>MA20>MA60; 60日趋势强度不足
2026-08-11,000538.SZ,,rejected_signal,,14.75008,,1.0348469,,未满足 MA5>MA10>MA20>MA60; 收盘价低于MA20; 20日动量低于门槛; 60日趋势强度不足
2026-08-11,000539.SZ,,rejected_signal,,4.003004,,0.87222409,,未满足 MA5>MA10>MA20>MA60; 20日动量低于门槛; 60日趋势强度不足
2026-08-11,000541.SZ,,rejected_signal,,1.400949,,1.00216246,,未满足 MA5>MA10>MA20>MA60; 收盘价低于MA20; 20日动量低于门槛; 60日趋势强度不足
2026-08-11,000543.SZ,,rejected_signal,,14.079353,,1.0069983,,未满足 MA5>MA10>MA20>MA60; 收盘价低于MA20; 60日趋势强度不足
2026-08-11,000544.SZ,,rejected_signal,,5.009851,,1.00059938,,未满足 MA5>MA10>MA20>MA60; 20日动量低于门槛; 60日趋势强度不足
2026-08-11,000545.SZ,,rejected_signal,,7.554622,,1.00373018,,未满足 MA5>MA10>MA20>MA60; 20日动量低于门槛; 60日趋势强度不足
2026-08-11,000546.SZ,,rejected_signal,,8.532667,,0.90114504,,未满足 MA5>MA10>MA20>MA60; 60日趋势强度不足
2026-08-11,000547.SZ,,rejected_signal,,14.210243,,0.82939339,,未满足 MA5>MA10>MA20>MA60; 60日趋势强度不足
2026-08-11,000548.SZ,,rejected_signal,,7.627838,,0.98734719,,未满足 MA5>MA10>MA20>MA60; 60日趋势强度不足; 20日平均成交额不足
2026-08-11,000550.SZ,,rejected_signal,,14.767679,,1.02152538,,未满足 MA5>MA10>MA20>MA60; 收盘价低于MA20; 20日动量低于门槛; 60日趋势强度不足
2026-08-11,000551.SZ,,rejected_signal,,2.435228,,0.83661902,,未满足 MA5>MA10>MA20>MA60; 20日动量低于门槛; 60日趋势强度不足
2026-08-11,000552.SZ,,rejected_signal,,16.164175,,1.00451231,,未满足 MA5>MA10>MA20>MA60; 60日趋势强度不足
2026-08-11,000553.SZ,,rejected_signal,,1.93777,,0.93045127,,未满足 MA5>MA10>MA20>MA60; 20日动量低于门槛; 60日趋势强度不足
2026-08-11,000554.SZ,,rejected_signal,,20.542049,,1.00401103,,未满足 MA5>MA10>MA20>MA60; 60日趋势强度不足
2026-08-11,000555.SZ,,rejected_signal,,31.569725,,0.98020136,,未满足 MA5>MA10>MA20>MA60; 60日趋势强度不足
2026-08-11,000557.SZ,,rejected_signal,,4.385608,,0.97926378,,未满足 MA5>MA10>MA20>MA60; 60日趋势强度不足
2026-08-11,000558.SZ,,rejected_signal,,23.961426,,0.99951124,,未满足 MA5>MA10>MA20>MA60; 60日趋势强度不足
2026-08-11,000559.SZ,,rejected_signal,,10.783596,,0.88860542,,未满足 MA5>MA10>MA20>MA60; 60日趋势强度不足
2026-08-11,000560.SZ,,rejected_signal,,21.746407,,0.95395982,,未满足 MA5>MA10>MA20>MA60; 60日趋势强度不足
2026-08-11,000561.SZ,,rejected_signal,,18.240307,,0.9982295,,未满足 MA5>MA10>MA20>MA60; 60日趋势强度不足
2026-08-11,000563.SZ,,rejected_signal,,10.687318,,1.03828943,,未满足 MA5>MA10>MA20>MA60; 收盘价低于MA20; 20日动量低于门槛; 60日趋势强度不足
2026-08-11,000564.SZ,,rejected_signal,,18.109842,,0.9823699,,未满足 MA5>MA10>MA20>MA60; 60日趋势强度不足
2026-08-11,000565.SZ,,rejected_signal,,2.68331,,0.95603579,,未满足 MA5>MA10>MA20>MA60; 60日趋势强度不足
2026-08-11,000566.SZ,,rejected_signal,,47.794659,,1.22032332,,20日年化波动过高
2026-08-11,000567.SZ,,rejected_signal,,15.594393,,1.0491221,,未满足 MA5>MA10>MA20>MA60; 60日趋势强度不足
2026-08-11,000568.SZ,,rejected_signal,,43.470364,,1.05692148,,未满足 MA5>MA10>MA20>MA60; 60日趋势强度不足
2026-08-11,000570.SZ,,rejected_signal,,2.939131,,0.97523052,,未满足 MA5>MA10>MA20>MA60; 20日动量低于门槛; 60日趋势强度不足
2026-08-11,000571.SZ,,rejected_rank,81,39.370609,0.25233644,1.11321151,0.34392524,"信号有效, 但综合排名未进入 Top20"
2026-08-11,000572.SZ,,rejected_signal,,20.922031,,0.97579211,,未满足 MA5>MA10>MA20>MA60; 60日趋势强度不足
2026-08-11,000573.SZ,,rejected_signal,,3.294226,,0.94210333,,未满足 MA5>MA10>MA20>MA60; 20日动量低于门槛; 60日趋势强度不足
2026-08-11,000576.SZ,,rejected_signal,,21.808737,,0.98294842,,未满足 MA5>MA10>MA20>MA60; 60日趋势强度不足
2026-08-11,000581.SZ,,rejected_signal,,8.014469,,1.01258254,,未满足 MA5>MA10>MA20>MA60; 60日趋势强度不足
2026-08-11,000582.SZ,,rejected_rank,52,47.806656,0.52336448,1.05398118,0.47102803,"信号有效, 但综合排名未进入 Top20"
2026-08-11,000584.SZ,,rejected_universe,,0.0,,0.0,,不在当日动态股票池(停牌/未上市/已退市/当前ST代理过滤)
2026-08-11,000586.SZ,,rejected_signal,,7.19359,,0.80820817,,未满足 MA5>MA10>MA20>MA60; 60日趋势强度不足
2026-08-11,000589.SZ,,rejected_signal,,8.542863,,0.99795198,,未满足 MA5>MA10>MA20>MA60; 收盘价低于MA20; 20日动量低于门槛; 60日趋势强度不足
2026-08-11,000590.SZ,,rejected_signal,,12.656048,,0.96865302,,未满足 MA5>MA10>MA20>MA60; 60日趋势强度不足
2026-08-11,000591.SZ,,rejected_signal,,13.638793,,0.93739885,,未满足 MA5>MA10>MA20>MA60; 收盘价低于MA20; 60日趋势强度不足
2026-08-11,000592.SZ,,rejected_signal,,18.611788,,0.90051353,,未满足 MA5>MA10>MA20>MA60; 60日趋势强度不足
2026-08-11,000593.SZ,,rejected_signal,,38.95834,,0.94217592,,未满足 MA5>MA10>MA20>MA60; 60日趋势强度不足; 20日年化波动过高
2026-08-11,000595.SZ,,rejected_signal,,11.946108,,1.06367779,,未满足 MA5>MA10>MA20>MA60; 60日趋势强度不足; 20日年化波动过高
2026-08-11,000596.SZ,,rejected_signal,,44.920166,,1.07451499,,未满足 MA5>MA10>MA20>MA60; 60日趋势强度不足
2026-08-11,000597.SZ,,rejected_signal,,19.097673,,1.02839839,,未满足 MA5>MA10>MA20>MA60; 20日动量低于门槛; 60日趋势强度不足
2026-08-11,000598.SZ,,rejected_signal,,31.338675,,1.06948042,,未满足 MA5>MA10>MA20>MA60; 收盘价低于MA20
2026-08-11,000599.SZ,,rejected_signal,,35.130199,,1.0446049,,未满足 MA5>MA10>MA20>MA60; 60日趋势强度不足
2026-08-11,000600.SZ,,rejected_signal,,27.780828,,0.91930658,,未满足 MA5>MA10>MA20>MA60; 60日趋势强度不足
2026-08-11,000601.SZ,,rejected_signal,,9.889063,,0.95821923,,未满足 MA5>MA10>MA20>MA60; 60日趋势强度不足
2026-08-11,000603.SZ,,rejected_signal,,35.693317,,0.9855935,,未满足 MA5>MA10>MA20>MA60; 20日涨幅过热; 60日趋势强度不足; 偏离MA20过远，追高风险
2026-08-11,000605.SZ,,rejected_signal,,15.023181,,0.98969191,,未满足 MA5>MA10>MA20>MA60; 60日趋势强度不足; 20日平均成交额不足
2026-08-11,000607.SZ,,rejected_signal,,39.50766,,1.08011341,,60日趋势强度不足
2026-08-11,000608.SZ,,rejected_rank,83,39.141594,0.23364486,1.12124515,0.33644861,"信号有效, 但综合排名未进入 Top20"
2026-08-11,000609.SZ,,rejected_universe,,0.0,,0.85036206,,不在当日动态股票池(停牌/未上市/已退市/当前ST代理过滤)
2026-08-11,000610.SZ,,rejected_universe,,22.972803,,0.91400051,,不在当日动态股票池(停牌/未上市/已退市/当前ST代理过滤)
2026-08-11,000612.SZ,,rejected_signal,,32.255295,,1.02393687,,未满足 MA5>MA10>MA20>MA60; 60日趋势强度不足
2026-08-11,000615.SZ,,rejected_universe,,29.113775,,1.01984286,,不在当日动态股票池(停牌/未上市/已退市/当前ST代理过滤)
2026-08-11,000617.SZ,,rejected_signal,,17.532494,,0.99459904,,未满足 MA5>MA10>MA20>MA60; 60日趋势强度不足
2026-08-11,000619.SZ,,rejected_signal,,17.192003,,0.95662051,,未满足 MA5>MA10>MA20>MA60; 60日趋势强度不足
2026-08-11,000620.SZ,,rejected_signal,,11.254066,,0.90045559,,未满足 MA5>MA10>MA20>MA60; 20日动量低于门槛; 60日趋势强度不足
2026-08-11,000622.SZ,,rejected_universe,,0.0,,0.0,,不在当日动态股票池(停牌/未上市/已退市/当前ST代理过滤)
2026-08-11,000623.SZ,,rejected_signal,,15.655361,,1.03490818,,未满足 MA5>MA10>MA20>MA60; 收盘价低于MA20; 20日动量低于门槛; 60日趋势强度不足
2026-08-11,000625.SZ,,rejected_signal,,18.136101,,1.02287102,,未满足 MA5>MA10>MA20>MA60; 收盘价低于MA20; 60日趋势强度不足
2026-08-11,000626.SZ,,rejected_signal,,41.515167,,1.01618695,,未满足 MA5>MA10>MA20>MA60; 60日趋势强度不足
2026-08-11,000627.SZ,,rejected_universe,,0.0,,0.0,,不在当日动态股票池(停牌/未上市/已退市/当前ST代理过滤)
2026-08-11,000628.SZ,,rejected_signal,,4.415053,,0.83179575,,未满足 MA5>MA10>MA20>MA60; 20日动量低于门槛; 60日趋势强度不足
2026-08-11,000629.SZ,,rejected_signal,,8.288627,,0.95952642,,未满足 MA5>MA10>MA20>MA60; 20日动量低于门槛; 60日趋势强度不足
2026-08-11,000630.SZ,,rejected_signal,,30.381927,,0.98004049,,未满足 MA5>MA10>MA20>MA60
2026-08-11,000631.SZ,,rejected_signal,,3.940148,,0.96184665,,未满足 MA5>MA10>MA20>MA60; 60日趋势强度不足
2026-08-11,000632.SZ,,rejected_universe,,0.0,,0.96703982,,不在当日动态股票池(停牌/未上市/已退市/当前ST代理过滤)
2026-08-11,000633.SZ,,rejected_signal,,13.459592,,0.99076009,,未满足 MA5>MA10>MA20>MA60; 60日趋势强度不足
2026-08-11,000635.SZ,,rejected_signal,,15.661756,,0.9841674,,未满足 MA5>MA10>MA20>MA60; 60日趋势强度不足
2026-08-11,000636.SZ,,rejected_signal,,30.730066,,0.94920367,,未满足 MA5>MA10>MA20>MA60; 偏离MA20过远，追高风险; 20日年化波动过高
2026-08-11,000637.SZ,,rejected_signal,,10.531156,,0.97104788,,未满足 MA5>MA10>MA20>MA60; 60日趋势强度不足
2026-08-11,000638.SZ,,rejected_universe,,0.0,,0.0,,不在当日动态股票池(停牌/未上市/已退市/当前ST代理过滤)
2026-08-11,000639.SZ,,rejected_universe,,47.491982,,1.06864774,,不在当日动态股票池(停牌/未上市/已退市/当前ST代理过滤)
2026-08-11,000650.SZ,,rejected_signal,,16.059713,,1.04699063,,未满足 MA5>MA10>MA20>MA60; 20日动量低于门槛; 60日趋势强度不足
2026-08-11,000651.SZ,,rejected_signal,,19.585991,,1.03712547,,未满足 MA5>MA10>MA20>MA60; 收盘价低于MA20; 60日趋势强度不足
2026-08-11,000652.SZ,,rejected_signal,,8.016117,,1.00500989,,未满足 MA5>MA10>MA20>MA60; 20日动量低于门槛; 60日趋势强度不足
2026-08-11,000655.SZ,,rejected_signal,,21.94573,,1.00907421,,未满足 MA5>MA10>MA20>MA60; 60日趋势强度不足
2026-08-11,000656.SZ,,rejected_signal,,8.89957,,0.94807136,,未满足 MA5>MA10>MA20>MA60; 60日趋势强度不足
2026-08-11,000657.SZ,,rejected_signal,,8.073382,,0.63898426,,未满足 MA5>MA10>MA20>MA60; 20日动量低于门槛; 20日年化波动过高
2026-08-11,000659.SZ,,rejected_signal,,13.799898,,0.84179193,,未满足 MA5>MA10>MA20>MA60; 60日趋势强度不足
2026-08-11,000661.SZ,,rejected_rank,27,53.429459,0.75700933,1.07319212,0.67850465,"信号有效, 但综合排名未进入 Top20"
2026-08-11,000663.SZ,,rejected_signal,,14.220116,,0.98218584,,未满足 MA5>MA10>MA20>MA60; 60日趋势强度不足
2026-08-11,000665.SZ,,rejected_signal,,12.403406,,1.00416338,,未满足 MA5>MA10>MA20>MA60; 60日趋势强度不足
2026-08-11,000668.SZ,,rejected_signal,,28.030073,,0.98445588,,未满足 MA5>MA10>MA20>MA60
2026-08-11,000669.SZ,,rejected_universe,,1.343287,,0.93700314,,不在当日动态股票池(停牌/未上市/已退市/当前ST代理过滤)
2026-08-11,000670.SZ,,rejected_signal,,5.851573,,0.8689965,,未满足 MA5>MA10>MA20>MA60; 60日趋势强度不足
2026-08-11,000672.SZ,,rejected_signal,,0.0,,0.75770944,,未满足 MA5>MA10>MA20>MA60; 收盘价低于MA20; 20日动量低于门槛; 60日趋势强度不足
2026-08-11,000676.SZ,,rejected_signal,,33.080902,,1.23746037,,20日涨幅过热; 60日趋势强度不足
2026-08-11,000677.SZ,,rejected_universe,,9.315825,,0.95545232,,不在当日动态股票池(停牌/未上市/已退市/当前ST代理过滤)
2026-08-11,000678.SZ,,rejected_signal,,20.506367,,0.92495519,,未满足 MA5>MA10>MA20>MA60; 60日趋势强度不足
2026-08-11,000679.SZ,,rejected_signal,,7.644437,,0.93874305,,未满足 MA5>MA10>MA20>MA60; 60日趋势强度不足
2026-08-11,000680.SZ,,rejected_signal,,35.349239,,1.04104578,,未满足 MA5>MA10>MA20>MA60; 60日趋势强度不足
2026-08-11,000681.SZ,,rejected_signal,,9.073114,,0.95409691,,未满足 MA5>MA10>MA20>MA60; 60日趋势强度不足
2026-08-11,000682.SZ,,rejected_signal,,3.895332,,0.99471551,,未满足 MA5>MA10>MA20>MA60; 20日动量低于门槛; 60日趋势强度不足
2026-08-11,000683.SZ,,rejected_signal,,25.726768,,0.95837837,,未满足 MA5>MA10>MA20>MA60; 收盘价低于MA20; 60日趋势强度不足
2026-08-11,000685.SZ,,rejected_signal,,9.425819,,1.01390147,,60日趋势强度不足
2026-08-11,000686.SZ,,rejected_signal,,2.891438,,1.00955582,,未满足 MA5>MA10>MA20>MA60; 收盘价低于MA20; 20日动量低于门槛; 60日趋势强度不足
2026-08-11,000688.SZ,,rejected_signal,,8.198306,,0.81258094,,未满足 MA5>MA10>MA20>MA60; 60日趋势强度不足
2026-08-11,000690.SZ,,rejected_signal,,13.734542,,0.97899175,,未满足 MA5>MA10>MA20>MA60; 收盘价低于MA20; 60日趋势强度不足
2026-08-11,000691.SZ,,rejected_signal,,26.61157,,1.01123965,,未满足 MA5>MA10>MA20>MA60; 20日动量低于门槛
2026-08-11,000692.SZ,,rejected_signal,,7.410055,,0.89904523,,未满足 MA5>MA10>MA20>MA60; 60日趋势强度不足
2026-08-11,000695.SZ,,rejected_signal,,15.762414,,0.94215786,,未满足 MA5>MA10>MA20>MA60; 60日趋势强度不足
2026-08-11,000697.SZ,,rejected_signal,,6.696812,,0.84371126,,未满足 MA5>MA10>MA20>MA60; 60日趋势强度不足
2026-08-11,000698.SZ,,rejected_universe,,25.714218,,1.01222968,,不在当日动态股票池(停牌/未上市/已退市/当前ST代理过滤)
2026-08-11,000700.SZ,,rejected_signal,,12.05917,,0.7713291,,未满足 MA5>MA10>MA20>MA60; 20日动量低于门槛; 60日趋势强度不足
2026-08-11,000701.SZ,,rejected_signal,,13.341411,,0.97977489,,未满足 MA5>MA10>MA20>MA60; 60日趋势强度不足
2026-08-11,000702.SZ,,rejected_signal,,7.870934,,0.97983259,,未满足 MA5>MA10>MA20>MA60; 60日趋势强度不足
2026-08-11,000703.SZ,,selected_signal,7,61.271942,0.94392526,1.10533988,0.88598132,quality_momentum 横截面排名进入 Top20
2026-08-11,000705.SZ,,rejected_signal,,25.695471,,1.01552188,,未满足 MA5>MA10>MA20>MA60; 60日趋势强度不足
2026-08-11,000707.SZ,,rejected_signal,,11.888931,,0.98531133,,未满足 MA5>MA10>MA20>MA60; 60日趋势强度不足
2026-08-11,000708.SZ,,rejected_signal,,18.159678,,1.04078543,,未满足 MA5>MA10>MA20>MA60; 收盘价低于MA20; 60日趋势强度不足
2026-08-11,000709.SZ,,rejected_signal,,25.97998,,1.04121554,,未满足 MA5>MA10>MA20>MA60; 60日趋势强度不足
2026-08-11,000710.SZ,,rejected_signal,,45.961838,,1.11441088,,60日趋势强度不足
2026-08-11,000711.SZ,,rejected_universe,,14.106743,,0.96848226,,不在当日动态股票池(停牌/未上市/已退市/当前ST代理过滤)
2026-08-11,000712.SZ,,rejected_signal,,27.76149,,0.96609855,,未满足 MA5>MA10>MA20>MA60; 60日趋势强度不足
2026-08-11,000713.SZ,,rejected_signal,,9.898762,,1.01802075,,60日趋势强度不足
2026-08-11,000715.SZ,,rejected_signal,,3.435961,,0.99704266,,未满足 MA5>MA10>MA20>MA60; 20日动量低于门槛; 60日趋势强度不足
2026-08-11,000716.SZ,,rejected_signal,,12.571624,,0.9911325,,未满足 MA5>MA10>MA20>MA60; 60日趋势强度不足
2026-08-11,000717.SZ,,rejected_signal,,16.796101,,1.03362668,,60日趋势强度不足
2026-08-11,000718.SZ,,rejected_signal,,12.660249,,1.00035417,,未满足 MA5>MA10>MA20>MA60; 60日趋势强度不足
2026-08-11,000719.SZ,,rejected_signal,,17.56336,,1.05815291,,未满足 MA5>MA10>MA20>MA60; 收盘价低于MA20; 60日趋势强度不足
2026-08-11,000720.SZ,,rejected_signal,,22.291119,,0.88767284,,未满足 MA5>MA10>MA20>MA60; 60日趋势强度不足
2026-08-11,000721.SZ,,rejected_signal,,45.381664,,1.07244742,,60日趋势强度不足
2026-08-11,000722.SZ,,rejected_signal,,24.721081,,1.00795329,,未满足 MA5>MA10>MA20>MA60; 60日趋势强度不足
2026-08-11,000723.SZ,,rejected_signal,,12.875136,,0.97823423,,未满足 MA5>MA10>MA20>MA60; 60日趋势强度不足
2026-08-11,000725.SZ,,rejected_signal,,15.645987,,0.88744223,,未满足 MA5>MA10>MA20>MA60; 20日动量低于门槛
2026-08-11,000726.SZ,,rejected_signal,,11.305523,,1.03279817,,未满足 MA5>MA10>MA20>MA60; 60日趋势强度不足; 20日平均成交额不足
2026-08-11,000727.SZ,,rejected_signal,,5.167289,,0.90314466,,未满足 MA5>MA10>MA20>MA60; 20日动量低于门槛; 60日趋势强度不足
2026-08-11,000728.SZ,,rejected_signal,,3.933233,,1.01774395,,未满足 MA5>MA10>MA20>MA60; 收盘价低于MA20; 20日动量低于门槛; 60日趋势强度不足
2026-08-11,000729.SZ,,rejected_signal,,51.837521,,1.09424472,,未满足 MA5>MA10>MA20>MA60
2026-08-11,000731.SZ,,rejected_signal,,7.418813,,1.00933409,,未满足 MA5>MA10>MA20>MA60; 收盘价低于MA20; 20日动量低于门槛; 60日趋势强度不足
2026-08-11,000733.SZ,,rejected_signal,,11.774011,,0.85459864,,未满足 MA5>MA10>MA20>MA60; 20日动量低于门槛; 60日趋势强度不足
2026-08-11,000735.SZ,,rejected_signal,,10.99903,,1.01759005,,未满足 MA5>MA10>MA20>MA60; 60日趋势强度不足
2026-08-11,000736.SZ,,rejected_signal,,38.458588,,1.03281057,,未满足 MA5>MA10>MA20>MA60; 60日趋势强度不足
2026-08-11,000737.SZ,,rejected_signal,,43.196228,,1.02504814,,未满足 MA5>MA10>MA20>MA60; 60日趋势强度不足
2026-08-11,000738.SZ,,rejected_signal,,18.909443,,0.99320889,,未满足 MA5>MA10>MA20>MA60; 60日趋势强度不足
2026-08-11,000739.SZ,,selected_signal,3,66.963539,0.9813084,1.2184937,0.97383177,quality_momentum 横截面排名进入 Top20
2026-08-11,000750.SZ,,rejected_signal,,11.757718,,1.033952,,未满足 MA5>MA10>MA20>MA60; 收盘价低于MA20; 20日动量低于门槛; 60日趋势强度不足
2026-08-11,000751.SZ,,rejected_signal,,16.865923,,0.90508819,,未满足 MA5>MA10>MA20>MA60; 60日趋势强度不足
2026-08-11,000752.SZ,,rejected_universe,,33.293224,,0.96779555,,不在当日动态股票池(停牌/未上市/已退市/当前ST代理过滤)
2026-08-11,000753.SZ,,rejected_signal,,15.306717,,0.99439728,,未满足 MA5>MA10>MA20>MA60; 60日趋势强度不足
2026-08-11,000755.SZ,,rejected_signal,,4.90178,,1.01640117,,未满足 MA5>MA10>MA20>MA60; 20日动量低于门槛; 60日趋势强度不足; 20日平均成交额不足
2026-08-11,000756.SZ,,rejected_signal,,12.694235,,1.02920353,,20日动量低于门槛; 60日趋势强度不足
2026-08-11,000757.SZ,,rejected_signal,,31.063354,,1.00169587,,未满足 MA5>MA10>MA20>MA60; 60日趋势强度不足
2026-08-11,000758.SZ,,rejected_signal,,14.035784,,0.94744927,,未满足 MA5>MA10>MA20>MA60; 60日趋势强度不足
2026-08-11,000759.SZ,,rejected_rank,53,46.861515,0.51401871,1.10304487,0.53271031,"信号有效, 但综合排名未进入 Top20"
2026-08-11,000761.SZ,,rejected_signal,,6.79774,,1.0048424,,未满足 MA5>MA10>MA20>MA60; 收盘价低于MA20; 20日动量低于门槛; 60日趋势强度不足
2026-08-11,000762.SZ,,rejected_signal,,14.361829,,0.8830896,,未满足 MA5>MA10>MA20>MA60; 60日趋势强度不足
2026-08-11,000766.SZ,,rejected_signal,,10.62662,,0.87697446,,未满足 MA5>MA10>MA20>MA60; 20日动量低于门槛; 60日趋势强度不足
2026-08-11,000767.SZ,,rejected_signal,,31.174829,,0.8851909,,未满足 MA5>MA10>MA20>MA60; 60日趋势强度不足
2026-08-11,000768.SZ,,rejected_signal,,19.720789,,1.00838196,,未满足 MA5>MA10>MA20>MA60; 60日趋势强度不足
2026-08-11,000776.SZ,,rejected_signal,,18.988075,,0.98630011,,未满足 MA5>MA10>MA20>MA60; 收盘价低于MA20; 20日动量低于门槛
2026-08-11,000777.SZ,,rejected_signal,,19.951149,,1.03714907,,未满足 MA5>MA10>MA20>MA60; 60日趋势强度不足
2026-08-11,000778.SZ,,rejected_signal,,8.470668,,0.99394828,,未满足 MA5>MA10>MA20>MA60; 收盘价低于MA20; 60日趋势强度不足
2026-08-11,000779.SZ,,rejected_signal,,50.549347,,1.4397018,,20日年化波动过高
2026-08-11,000782.SZ,,rejected_signal,,14.3492,,0.93596482,,未满足 MA5>MA10>MA20>MA60; 60日趋势强度不足
2026-08-11,000783.SZ,,rejected_signal,,21.752142,,1.03566456,,20日动量低于门槛
2026-08-11,000785.SZ,,rejected_signal,,25.151365,,1.02983654,,未满足 MA5>MA10>MA20>MA60; 60日趋势强度不足
2026-08-11,000786.SZ,,rejected_signal,,15.555294,,0.95349926,,未满足 MA5>MA10>MA20>MA60; 收盘价低于MA20; 60日趋势强度不足
2026-08-11,000788.SZ,,rejected_signal,,11.681897,,1.00846267,,20日动量低于门槛; 60日趋势强度不足
2026-08-11,000789.SZ,,rejected_signal,,6.325325,,0.99855697,,未满足 MA5>MA10>MA20>MA60; 60日趋势强度不足; 20日平均成交额不足
2026-08-11,000790.SZ,,rejected_signal,,24.058178,,1.01951253,,未满足 MA5>MA10>MA20>MA60; 60日趋势强度不足
2026-08-11,000791.SZ,,rejected_signal,,18.286682,,0.95831263,,未满足 MA5>MA10>MA20>MA60; 60日趋势强度不足
2026-08-11,000792.SZ,,rejected_signal,,27.798986,,0.95172292,,未满足 MA5>MA10>MA20>MA60; 60日趋势强度不足
2026-08-11,000793.SZ,,rejected_universe,,2.690306,,0.95934588,,不在当日动态股票池(停牌/未上市/已退市/当前ST代理过滤)
2026-08-11,000795.SZ,,rejected_signal,,4.963669,,0.9642635,,未满足 MA5>MA10>MA20>MA60; 60日趋势强度不足
2026-08-11,000796.SZ,,rejected_signal,,14.842224,,0.96228647,,未满足 MA5>MA10>MA20>MA60; 60日趋势强度不足
2026-08-11,000797.SZ,,rejected_signal,,10.626955,,1.00368595,,未满足 MA5>MA10>MA20>MA60; 60日趋势强度不足
2026-08-11,000798.SZ,,rejected_signal,,37.497356,,1.03106833,,60日趋势强度不足
2026-08-11,000799.SZ,,rejected_signal,,15.938055,,1.00707114,,未满足 MA5>MA10>MA20>MA60; 60日趋势强度不足
2026-08-11,000800.SZ,,rejected_signal,,9.409451,,1.04568326,,未满足 MA5>MA10>MA20>MA60; 收盘价低于MA20; 20日动量低于门槛; 60日趋势强度不足
2026-08-11,000801.SZ,,rejected_signal,,4.696836,,0.98011631,,未满足 MA5>MA10>MA20>MA60; 60日趋势强度不足
2026-08-11,000802.SZ,,rejected_signal,,18.549881,,1.00551152,,未满足 MA5>MA10>MA20>MA60; 20日涨幅过热; 60日趋势强度不足; 偏离MA20过远，追高风险; 当日跳空幅度过大
2026-08-11,000803.SZ,,rejected_signal,,11.014576,,0.98746151,,未满足 MA5>MA10>MA20>MA60; 60日趋势强度不足
2026-08-11,000807.SZ,,rejected_signal,,45.37756,,0.99959022,,60日趋势强度不足
2026-08-11,000809.SZ,,rejected_signal,,17.940248,,0.92688143,,未满足 MA5>MA10>MA20>MA60; 60日趋势强度不足
2026-08-11,000810.SZ,,rejected_signal,,4.307419,,0.87006176,,未满足 MA5>MA10>MA20>MA60; 20日动量低于门槛; 60日趋势强度不足
2026-08-11,000811.SZ,,rejected_signal,,9.297059,,0.85573322,,未满足 MA5>MA10>MA20>MA60; 20日动量低于门槛; 20日年化波动过高
2026-08-11,000812.SZ,,rejected_signal,,30.065451,,1.01905382,,未满足 MA5>MA10>MA20>MA60; 60日趋势强度不足
2026-08-11,000813.SZ,,rejected_signal,,28.584879,,1.04438937,,60日趋势强度不足
2026-08-11,000815.SZ,,rejected_signal,,35.102676,,1.15507102,,20日涨幅过热; 60日趋势强度不足; 偏离MA20过远，追高风险; 20日年化波动过高
2026-08-11,000816.SZ,,rejected_signal,,35.050529,,1.04288387,,60日趋势强度不足
2026-08-11,000818.SZ,,rejected_signal,,8.994605,,0.99539495,,未满足 MA5>MA10>MA20>MA60; 60日趋势强度不足
2026-08-11,000819.SZ,,rejected_signal,,14.522211,,0.9420138,,未满足 MA5>MA10>MA20>MA60; 60日趋势强度不足
2026-08-11,000820.SZ,,rejected_signal,,30.830978,,1.32885373,,20日涨幅过热; 偏离MA20过远，追高风险
2026-08-11,000821.SZ,,rejected_universe,,3.357949,,0.89934927,,不在当日动态股票池(停牌/未上市/已退市/当前ST代理过滤)
2026-08-11,000822.SZ,,rejected_signal,,20.560228,,0.98936105,,未满足 MA5>MA10>MA20>MA60; 60日趋势强度不足
2026-08-11,000823.SZ,,rejected_signal,,2.755588,,0.73770458,,未满足 MA5>MA10>MA20>MA60; 20日动量低于门槛; 60日趋势强度不足
2026-08-11,000825.SZ,,rejected_signal,,16.047287,,0.99864316,,未满足 MA5>MA10>MA20>MA60; 收盘价低于MA20; 20日动量低于门槛; 60日趋势强度不足
2026-08-11,000826.SZ,,rejected_universe,,0.0,,0.94333345,,不在当日动态股票池(停牌/未上市/已退市/当前ST代理过滤)
2026-08-11,000828.SZ,,rejected_signal,,9.649598,,1.02181292,,未满足 MA5>MA10>MA20>MA60; 收盘价低于MA20; 20日动量低于门槛; 60日趋势强度不足
2026-08-11,000829.SZ,,rejected_signal,,32.527325,,1.00830877,,未满足 MA5>MA10>MA20>MA60; 60日趋势强度不足
2026-08-11,000830.SZ,,rejected_signal,,26.195652,,1.01388943,,未满足 MA5>MA10>MA20>MA60; 收盘价低于MA20; 60日趋势强度不足
2026-08-11,000831.SZ,,rejected_signal,,37.18137,,0.93506378,,未满足 MA5>MA10>MA20>MA60; 60日趋势强度不足
2026-08-11,000833.SZ,,rejected_signal,,6.932936,,0.88655865,,未满足 MA5>MA10>MA20>MA60; 20日动量低于门槛; 60日趋势强度不足
2026-08-11,000836.SZ,,rejected_universe,,0.0,,0.0,,不在当日动态股票池(停牌/未上市/已退市/当前ST代理过滤)
2026-08-11,000837.SZ,,rejected_signal,,13.872131,,0.88910258,,未满足 MA5>MA10>MA20>MA60; 60日趋势强度不足
2026-08-11,000838.SZ,,rejected_universe,,45.253967,,1.0,,不在当日动态股票池(停牌/未上市/已退市/当前ST代理过滤)
2026-08-11,000839.SZ,,rejected_signal,,38.625549,,1.04374993,,未满足 MA5>MA10>MA20>MA60; 60日趋势强度不足
2026-08-11,000848.SZ,,rejected_signal,,38.450829,,1.10727513,,未满足 MA5>MA10>MA20>MA60
2026-08-11,000850.SZ,,rejected_signal,,27.739763,,1.05184567,,60日趋势强度不足
2026-08-11,000851.SZ,,rejected_universe,,0.0,,0.0,,不在当日动态股票池(停牌/未上市/已退市/当前ST代理过滤)
2026-08-11,000852.SZ,,rejected_signal,,15.794228,,0.99381578,,未满足 MA5>MA10>MA20>MA60; 60日趋势强度不足
2026-08-11,000856.SZ,,rejected_signal,,16.474312,,0.98928893,,未满足 MA5>MA10>MA20>MA60; 60日趋势强度不足
2026-08-11,000858.SZ,,rejected_signal,,19.618395,,1.01819706,,未满足 MA5>MA10>MA20>MA60; 收盘价低于MA20; 60日趋势强度不足
2026-08-11,000859.SZ,,rejected_signal,,5.11324,,0.83769923,,未满足 MA5>MA10>MA20>MA60; 偏离MA20过远，追高风险
2026-08-11,000860.SZ,,rejected_signal,,17.770109,,1.03828394,,未满足 MA5>MA10>MA20>MA60; 收盘价低于MA20; 60日趋势强度不足
2026-08-11,000861.SZ,,rejected_universe,,0.0,,0.0,,不在当日动态股票池(停牌/未上市/已退市/当前ST代理过滤)
2026-08-11,000862.SZ,,rejected_signal,,28.121191,,0.98651648,,未满足 MA5>MA10>MA20>MA60; 60日趋势强度不足
2026-08-11,000863.SZ,,rejected_signal,,12.61535,,0.8836633,,未满足 MA5>MA10>MA20>MA60; 60日趋势强度不足
2026-08-11,000868.SZ,,rejected_signal,,15.821932,,1.00479841,,未满足 MA5>MA10>MA20>MA60; 60日趋势强度不足
2026-08-11,000869.SZ,,rejected_signal,,17.569639,,1.02212262,,未满足 MA5>MA10>MA20>MA60; 60日趋势强度不足; 20日平均成交额不足
2026-08-11,000875.SZ,,rejected_signal,,24.802883,,0.95357144,,未满足 MA5>MA10>MA20>MA60; 60日趋势强度不足
2026-08-11,000876.SZ,,rejected_signal,,7.846675,,0.97963262,,未满足 MA5>MA10>MA20>MA60; 20日动量低于门槛; 60日趋势强度不足
2026-08-11,000877.SZ,,rejected_signal,,6.725963,,0.97561353,,未满足 MA5>MA10>MA20>MA60; 60日趋势强度不足
2026-08-11,000878.SZ,,rejected_signal,,24.584747,,0.97118896,,未满足 MA5>MA10>MA20>MA60; 60日趋势强度不足
2026-08-11,000880.SZ,,rejected_signal,,9.329292,,0.88603234,,未满足 MA5>MA10>MA20>MA60; 60日趋势强度不足
2026-08-11,000881.SZ,,rejected_signal,,8.991137,,0.9736262,,未满足 MA5>MA10>MA20>MA60; 60日趋势强度不足
2026-08-11,000882.SZ,,rejected_signal,,21.388268,,1.02369714,,未满足 MA5>MA10>MA20>MA60; 60日趋势强度不足
2026-08-11,000883.SZ,,rejected_signal,,11.226366,,1.0173384,,未满足 MA5>MA10>MA20>MA60; 收盘价低于MA20; 60日趋势强度不足
2026-08-11,000885.SZ,,rejected_signal,,8.233113,,1.03044784,,未满足 MA5>MA10>MA20>MA60; 20日动量低于门槛; 60日趋势强度不足
2026-08-11,000886.SZ,,rejected_signal,,20.437851,,1.04321349,,未满足 MA5>MA10>MA20>MA60; 60日趋势强度不足
2026-08-11,000887.SZ,,rejected_signal,,7.234138,,0.9537276,,未满足 MA5>MA10>MA20>MA60; 20日动量低于门槛
2026-08-11,000888.SZ,,rejected_signal,,17.918396,,1.0169512,,60日趋势强度不足
2026-08-11,000889.SZ,,rejected_signal,,30.494556,,1.06406415,,60日趋势强度不足
2026-08-11,000890.SZ,,rejected_signal,,5.124191,,0.84189039,,未满足 MA5>MA10>MA20>MA60; 60日趋势强度不足
2026-08-11,000892.SZ,,rejected_signal,,28.160208,,1.10825658,,未满足 MA5>MA10>MA20>MA60; 60日趋势强度不足
2026-08-11,000893.SZ,,rejected_signal,,48.983562,,1.06054866,,未满足 MA5>MA10>MA20>MA60; 收盘价低于MA20; 60日趋势强度不足
2026-08-11,000895.SZ,,rejected_signal,,21.000813,,1.04521573,,未满足 MA5>MA10>MA20>MA60; 收盘价低于MA20; 60日趋势强度不足
2026-08-11,000897.SZ,,rejected_signal,,15.463689,,0.98876458,,未满足 MA5>MA10>MA20>MA60; 60日趋势强度不足
2026-08-11,000898.SZ,,rejected_signal,,22.091032,,1.03632915,,未满足 MA5>MA10>MA20>MA60; 收盘价低于MA20; 60日趋势强度不足
2026-08-11,000899.SZ,,rejected_signal,,26.42935,,0.97361159,,未满足 MA5>MA10>MA20>MA60; 60日趋势强度不足
2026-08-11,000900.SZ,,rejected_signal,,2.406832,,1.01355863,,未满足 MA5>MA10>MA20>MA60; 收盘价低于MA20; 20日动量低于门槛; 60日趋势强度不足
2026-08-11,000901.SZ,,rejected_signal,,7.229951,,0.8697803,,未满足 MA5>MA10>MA20>MA60; 20日动量低于门槛; 60日趋势强度不足
2026-08-11,000902.SZ,,rejected_signal,,26.055712,,1.05210209,,未满足 MA5>MA10>MA20>MA60; 收盘价低于MA20; 60日趋势强度不足
2026-08-11,000903.SZ,,rejected_universe,,13.943097,,1.00129962,,不在当日动态股票池(停牌/未上市/已退市/当前ST代理过滤)
2026-08-11,000905.SZ,,rejected_signal,,19.960979,,1.0067606,,未满足 MA5>MA10>MA20>MA60; 60日趋势强度不足
2026-08-11,000906.SZ,,rejected_signal,,7.052876,,0.99222583,,未满足 MA5>MA10>MA20>MA60; 20日动量低于门槛; 60日趋势强度不足
2026-08-11,000908.SZ,,rejected_signal,,33.90567,,1.1389631,,未满足 MA5>MA10>MA20>MA60; 20日动量低于门槛
2026-08-11,000909.SZ,,rejected_universe,,23.446068,,1.03539622,,不在当日动态股票池(停牌/未上市/已退市/当前ST代理过滤)
2026-08-11,000910.SZ,,rejected_signal,,0.351885,,0.92594391,,未满足 MA5>MA10>MA20>MA60; 20日动量低于门槛; 60日趋势强度不足; 20日平均成交额不足
2026-08-11,000911.SZ,,rejected_universe,,34.242794,,0.9640336,,不在当日动态股票池(停牌/未上市/已退市/当前ST代理过滤)
2026-08-11,000912.SZ,,rejected_signal,,25.400644,,1.01799774,,60日趋势强度不足
2026-08-11,000913.SZ,,rejected_signal,,27.068138,,1.06565201,,未满足 MA5>MA10>MA20>MA60; 60日趋势强度不足
2026-08-11,000915.SZ,,rejected_signal,,9.077006,,1.00910974,,未满足 MA5>MA10>MA20>MA60; 60日趋势强度不足
2026-08-11,000917.SZ,,rejected_signal,,23.871494,,1.02168524,,未满足 MA5>MA10>MA20>MA60; 60日趋势强度不足
2026-08-11,000919.SZ,,rejected_signal,,16.75952,,1.02721834,,20日动量低于门槛; 60日趋势强度不足
2026-08-11,000920.SZ,,rejected_signal,,1.52125,,0.87441242,,未满足 MA5>MA10>MA20>MA60; 收盘价低于MA20; 20日动量低于门槛
2026-08-11,000921.SZ,,rejected_signal,,30.527887,,1.02252138,,未满足 MA5>MA10>MA20>MA60
2026-08-11,000922.SZ,,rejected_signal,,8.317088,,0.91234851,,未满足 MA5>MA10>MA20>MA60; 60日趋势强度不足
2026-08-11,000923.SZ,,rejected_signal,,47.724121,,1.03731298,,60日趋势强度不足
2026-08-11,000925.SZ,,rejected_signal,,2.71569,,0.92914665,,未满足 MA5>MA10>MA20>MA60; 20日动量低于门槛; 60日趋势强度不足
2026-08-11,000926.SZ,,rejected_signal,,26.853418,,1.0138998,,未满足 MA5>MA10>MA20>MA60
2026-08-11,000927.SZ,,rejected_signal,,6.820153,,1.01997626,,未满足 MA5>MA10>MA20>MA60; 收盘价低于MA20; 20日动量低于门槛; 60日趋势强度不足
2026-08-11,000928.SZ,,rejected_signal,,9.291711,,0.96622145,,未满足 MA5>MA10>MA20>MA60; 收盘价低于MA20; 60日趋势强度不足
2026-08-11,000929.SZ,,rejected_signal,,8.698285,,0.96660942,,未满足 MA5>MA10>MA20>MA60; 60日趋势强度不足
2026-08-11,000930.SZ,,rejected_signal,,11.301325,,1.00878632,,未满足 MA5>MA10>MA20>MA60; 60日趋势强度不足
2026-08-11,000931.SZ,,rejected_signal,,0.781213,,0.97250921,,未满足 MA5>MA10>MA20>MA60; 20日动量低于门槛; 60日趋势强度不足
2026-08-11,000932.SZ,,rejected_signal,,17.173292,,1.04757166,,未满足 MA5>MA10>MA20>MA60; 收盘价低于MA20; 20日动量低于门槛; 60日趋势强度不足
2026-08-11,000933.SZ,,rejected_signal,,44.869225,,0.99938691,,未满足 MA5>MA10>MA20>MA60; 60日趋势强度不足
2026-08-11,000935.SZ,,rejected_signal,,7.377231,,0.84182674,,未满足 MA5>MA10>MA20>MA60; 20日动量低于门槛; 60日趋势强度不足
2026-08-11,000936.SZ,,rejected_signal,,5.072579,,0.93726271,,未满足 MA5>MA10>MA20>MA60; 60日趋势强度不足
2026-08-11,000937.SZ,,rejected_signal,,19.566294,,1.00974822,,未满足 MA5>MA10>MA20>MA60; 60日趋势强度不足
2026-08-11,000938.SZ,,rejected_signal,,32.697159,,1.07017291,,未满足 MA5>MA10>MA20>MA60; 收盘价低于MA20; 20日动量低于门槛
2026-08-11,000948.SZ,,rejected_signal,,45.137669,,1.13179195,,未满足 MA5>MA10>MA20>MA60; 60日趋势强度不足
2026-08-11,000949.SZ,,rejected_signal,,26.989613,,0.99940079,,未满足 MA5>MA10>MA20>MA60; 60日趋势强度不足
2026-08-11,000950.SZ,,rejected_signal,,12.55792,,1.02521825,,未满足 MA5>MA10>MA20>MA60; 60日趋势强度不足
2026-08-11,000951.SZ,,rejected_signal,,10.581505,,1.01542091,,未满足 MA5>MA10>MA20>MA60; 收盘价低于MA20; 20日动量低于门槛; 60日趋势强度不足
2026-08-11,000952.SZ,,rejected_signal,,20.105162,,0.98742718,,未满足 MA5>MA10>MA20>MA60; 60日趋势强度不足
2026-08-11,000953.SZ,,rejected_signal,,32.725044,,0.98125571,,未满足 MA5>MA10>MA20>MA60; 60日趋势强度不足
2026-08-11,000955.SZ,,rejected_signal,,4.056922,,0.96565658,,未满足 MA5>MA10>MA20>MA60; 20日动量低于门槛; 60日趋势强度不足
2026-08-11,000957.SZ,,rejected_signal,,30.794733,,1.02596676,,未满足 MA5>MA10>MA20>MA60; 60日趋势强度不足
2026-08-11,000958.SZ,,rejected_signal,,18.341408,,0.96804899,,未满足 MA5>MA10>MA20>MA60; 60日趋势强度不足
2026-08-11,000959.SZ,,rejected_signal,,27.75144,,1.06195581,,未满足 MA5>MA10>MA20>MA60; 收盘价低于MA20; 60日趋势强度不足
2026-08-11,000960.SZ,,rejected_signal,,21.536755,,0.96003461,,未满足 MA5>MA10>MA20>MA60; 60日趋势强度不足
2026-08-11,000961.SZ,,rejected_universe,,0.0,,0.0,,不在当日动态股票池(停牌/未上市/已退市/当前ST代理过滤)
2026-08-11,000962.SZ,,rejected_signal,,7.300601,,0.73856515,,未满足 MA5>MA10>MA20>MA60; 20日动量低于门槛; 60日趋势强度不足; 20日年化波动过高
2026-08-11,000963.SZ,,rejected_signal,,13.105822,,0.98320073,,未满足 MA5>MA10>MA20>MA60; 20日动量低于门槛; 60日趋势强度不足
2026-08-11,000965.SZ,,rejected_signal,,5.959078,,0.9973644,,未满足 MA5>MA10>MA20>MA60; 60日趋势强度不足
2026-08-11,000966.SZ,,rejected_signal,,20.277618,,0.97181928,,未满足 MA5>MA10>MA20>MA60; 收盘价低于MA20; 60日趋势强度不足
2026-08-11,000967.SZ,,rejected_signal,,13.075394,,0.94253391,,未满足 MA5>MA10>MA20>MA60; 60日趋势强度不足
2026-08-11,000968.SZ,,rejected_signal,,23.215515,,1.01785111,,20日动量低于门槛; 60日趋势强度不足
2026-08-11,000969.SZ,,rejected_signal,,4.527568,,0.81268984,,未满足 MA5>MA10>MA20>MA60; 20日动量低于门槛; 60日趋势强度不足
2026-08-11,000970.SZ,,rejected_signal,,5.376325,,0.96559906,,未满足 MA5>MA10>MA20>MA60; 20日动量低于门槛
2026-08-11,000971.SZ,,rejected_universe,,0.0,,0.0,,不在当日动态股票池(停牌/未上市/已退市/当前ST代理过滤)
2026-08-11,000972.SZ,,rejected_signal,,0.566219,,0.99291503,,未满足 MA5>MA10>MA20>MA60; 20日动量低于门槛; 60日趋势强度不足
2026-08-11,000973.SZ,,rejected_signal,,26.678223,,0.87424725,,未满足 MA5>MA10>MA20>MA60; 60日趋势强度不足
2026-08-11,000975.SZ,,rejected_rank,59,46.046402,0.45794392,1.05702341,0.42429906,"信号有效, 但综合排名未进入 Top20"
2026-08-11,000976.SZ,,rejected_universe,,0.0,,0.0,,不在当日动态股票池(停牌/未上市/已退市/当前ST代理过滤)
2026-08-11,000977.SZ,,rejected_signal,,21.173521,,1.03654408,,未满足 MA5>MA10>MA20>MA60; 收盘价低于MA20; 20日动量低于门槛
2026-08-11,000978.SZ,,rejected_signal,,36.643055,,1.02237415,,未满足 MA5>MA10>MA20>MA60; 60日趋势强度不足
2026-08-11,000980.SZ,,rejected_signal,,8.285214,,0.86463749,,未满足 MA5>MA10>MA20>MA60; 60日趋势强度不足
2026-08-11,000981.SZ,,rejected_signal,,19.522541,,0.93901169,,未满足 MA5>MA10>MA20>MA60; 60日趋势强度不足
2026-08-11,000982.SZ,,rejected_universe,,0.0,,0.0,,不在当日动态股票池(停牌/未上市/已退市/当前ST代理过滤)
2026-08-11,000983.SZ,,rejected_signal,,31.050522,,0.99043393,,未满足 MA5>MA10>MA20>MA60; 60日趋势强度不足
2026-08-11,000985.SZ,,rejected_signal,,7.416457,,0.96017861,,未满足 MA5>MA10>MA20>MA60; 60日趋势强度不足; 20日平均成交额不足
2026-08-11,000987.SZ,,rejected_signal,,4.850161,,1.00821888,,未满足 MA5>MA10>MA20>MA60; 收盘价低于MA20; 20日动量低于门槛; 60日趋势强度不足
2026-08-11,000988.SZ,,rejected_signal,,1.156354,,0.69611335,,未满足 MA5>MA10>MA20>MA60; 收盘价低于MA20; 20日动量低于门槛; 60日趋势强度不足
2026-08-11,000989.SZ,,rejected_signal,,31.615185,,1.09005237,,未满足 MA5>MA10>MA20>MA60; 20日动量低于门槛
2026-08-11,000990.SZ,,rejected_signal,,19.480137,,0.98990631,,60日趋势强度不足
2026-08-11,000993.SZ,,rejected_signal,,17.454203,,0.92641371,,未满足 MA5>MA10>MA20>MA60; 60日趋势强度不足
2026-08-11,000995.SZ,,rejected_signal,,23.304527,,0.97007424,,未满足 MA5>MA10>MA20>MA60; 60日趋势强度不足
2026-08-11,000996.SZ,,rejected_universe,,0.0,,0.0,,不在当日动态股票池(停牌/未上市/已退市/当前ST代理过滤)
2026-08-11,000997.SZ,,rejected_signal,,31.620996,,1.02899349,,未满足 MA5>MA10>MA20>MA60; 60日趋势强度不足
2026-08-11,000998.SZ,,rejected_signal,,10.657648,,1.02780879,,未满足 MA5>MA10>MA20>MA60; 20日动量低于门槛; 60日趋势强度不足
2026-08-11,000999.SZ,,rejected_signal,,17.099314,,1.05459762,,未满足 MA5>MA10>MA20>MA60; 收盘价低于MA20; 20日动量低于门槛; 60日趋势强度不足
2026-08-11,001201.SZ,,rejected_signal,,6.131626,,0.99357796,,未满足 MA5>MA10>MA20>MA60; 20日动量低于门槛; 60日趋势强度不足
2026-08-11,001202.SZ,,rejected_signal,,0.894391,,0.89298832,,未满足 MA5>MA10>MA20>MA60; 20日动量低于门槛; 60日趋势强度不足
2026-08-11,001203.SZ,,rejected_signal,,14.685885,,0.85004711,,未满足 MA5>MA10>MA20>MA60; 20日动量低于门槛; 60日趋势强度不足
2026-08-11,001205.SZ,,rejected_signal,,3.564651,,0.98604023,,未满足 MA5>MA10>MA20>MA60; 60日趋势强度不足
2026-08-11,001206.SZ,,rejected_signal,,6.464256,,0.89741945,,未满足 MA5>MA10>MA20>MA60; 收盘价低于MA20; 20日动量低于门槛; 60日趋势强度不足
2026-08-11,001207.SZ,,rejected_signal,,14.308396,,0.93051738,,未满足 MA5>MA10>MA20>MA60; 60日趋势强度不足
2026-08-11,001208.SZ,,rejected_signal,,15.513882,,1.01823723,,未满足 MA5>MA10>MA20>MA60; 60日趋势强度不足
2026-08-11,001209.SZ,,rejected_signal,,5.423785,,0.92579687,,未满足 MA5>MA10>MA20>MA60; 60日趋势强度不足; 20日平均成交额不足
2026-08-11,001210.SZ,,rejected_signal,,9.247952,,0.86889344,,未满足 MA5>MA10>MA20>MA60; 60日趋势强度不足
2026-08-11,001211.SZ,,rejected_signal,,9.126535,,0.72111917,,未满足 MA5>MA10>MA20>MA60; 60日趋势强度不足
2026-08-11,001212.SZ,,rejected_signal,,1.412096,,0.75045687,,未满足 MA5>MA10>MA20>MA60; 20日动量低于门槛; 60日趋势强度不足
2026-08-11,001213.SZ,,rejected_signal,,3.607561,,0.99646515,,未满足 MA5>MA10>MA20>MA60; 收盘价低于MA20; 20日动量低于门槛; 60日趋势强度不足
2026-08-11,001215.SZ,,rejected_signal,,0.770995,,0.88304293,,未满足 MA5>MA10>MA20>MA60; 20日动量低于门槛; 60日趋势强度不足
2026-08-11,001216.SZ,,rejected_signal,,10.435076,,0.92313439,,未满足 MA5>MA10>MA20>MA60; 60日趋势强度不足
2026-08-11,001217.SZ,,rejected_signal,,35.221371,,1.0498817,,未满足 MA5>MA10>MA20>MA60; 60日趋势强度不足
2026-08-11,001218.SZ,,rejected_signal,,20.962187,,0.96516204,,未满足 MA5>MA10>MA20>MA60; 60日趋势强度不足
2026-08-11,001219.SZ,,rejected_signal,,10.837448,,0.99032849,,未满足 MA5>MA10>MA20>MA60; 60日趋势强度不足
2026-08-11,001220.SZ,,rejected_signal,,26.433861,,1.00829852,,未满足 MA5>MA10>MA20>MA60; 60日趋势强度不足; 20日平均成交额不足
2026-08-11,001221.SZ,,rejected_signal,,23.319849,,0.93881291,,未满足 MA5>MA10>MA20>MA60; 60日趋势强度不足
2026-08-11,001222.SZ,,rejected_signal,,26.024395,,0.9810921,,未满足 MA5>MA10>MA20>MA60; 60日趋势强度不足
2026-08-11,001223.SZ,,rejected_signal,,9.808924,,0.96418738,,未满足 MA5>MA10>MA20>MA60; 60日趋势强度不足; 偏离MA20过远，追高风险
2026-08-11,001225.SZ,,rejected_signal,,30.478483,,0.93621647,,未满足 MA5>MA10>MA20>MA60; 60日趋势强度不足
2026-08-11,001226.SZ,,rejected_signal,,2.322363,,0.88251209,,未满足 MA5>MA10>MA20>MA60; 20日动量低于门槛; 60日趋势强度不足
2026-08-11,001227.SZ,,rejected_signal,,15.086494,,1.05388284,,未满足 MA5>MA10>MA20>MA60; 收盘价低于MA20; 20日动量低于门槛; 60日趋势强度不足
2026-08-11,001228.SZ,,rejected_signal,,20.325958,,0.99988908,,未满足 MA5>MA10>MA20>MA60; 60日趋势强度不足
2026-08-11,001229.SZ,,rejected_signal,,26.416534,,1.17949569,,20日动量低于门槛; 20日年化波动过高
2026-08-11,001230.SZ,,rejected_rank,70,43.525204,0.35514018,1.05240977,0.33084112,"信号有效, 但综合排名未进入 Top20"
2026-08-11,001231.SZ,,rejected_signal,,12.975187,,0.96976256,,未满足 MA5>MA10>MA20>MA60; 60日趋势强度不足; 20日平均成交额不足
2026-08-11,001232.SZ,,rejected_signal,,0.0,,9.14781189,,历史数据不足或指标非有限值; 未满足 MA5>MA10>MA20>MA60; 收盘价低于MA20; 20日动量低于门槛; 20日涨幅过热; 60日趋势强度不足; 偏离MA20过远，追高风险; 20日年化波动过高; 20日平均成交额不足
2026-08-11,001233.SZ,,rejected_signal,,8.194098,,0.93801463,,未满足 MA5>MA10>MA20>MA60; 60日趋势强度不足
2026-08-11,001234.SZ,,rejected_signal,,16.314997,,0.94531447,,未满足 MA5>MA10>MA20>MA60; 60日趋势强度不足; 20日平均成交额不足
2026-08-11,001236.SZ,,rejected_signal,,23.808243,,1.01204741,,未满足 MA5>MA10>MA20>MA60; 60日趋势强度不足
2026-08-11,001237.SZ,,rejected_signal,,0.0,,0.91145605,,历史数据不足或指标非有限值; 未满足 MA5>MA10>MA20>MA60; 20日动量低于门槛; 60日趋势强度不足
2026-08-11,001238.SZ,,rejected_signal,,4.822498,,0.92325604,,未满足 MA5>MA10>MA20>MA60; 20日动量低于门槛; 60日趋势强度不足; 20日平均成交额不足
2026-08-11,001239.SZ,,rejected_signal,,0.116467,,0.89015615,,未满足 MA5>MA10>MA20>MA60; 20日动量低于门槛; 60日趋势强度不足
2026-08-11,001248.SZ,,rejected_signal,,0.0,,1.88582623,,历史数据不足或指标非有限值; 未满足 MA5>MA10>MA20>MA60; 收盘价低于MA20; 20日动量低于门槛; 60日趋势强度不足
2026-08-11,001255.SZ,,rejected_signal,,9.151153,,0.90085036,,未满足 MA5>MA10>MA20>MA60; 60日趋势强度不足; 20日平均成交额不足
2026-08-11,001256.SZ,,rejected_signal,,27.440722,,1.03574944,,未满足 MA5>MA10>MA20>MA60
2026-08-11,001257.SZ,,rejected_signal,,7.917826,,0.96763259,,未满足 MA5>MA10>MA20>MA60; 60日趋势强度不足
2026-08-11,001258.SZ,,rejected_signal,,42.31813,,1.48582613,,20日涨幅过热; 偏离MA20过远，追高风险; 20日年化波动过高
2026-08-11,001259.SZ,,rejected_signal,,0.0,,0.73455817,,未满足 MA5>MA10>MA20>MA60; 20日动量低于门槛; 60日趋势强度不足
2026-08-11,001260.SZ,,rejected_signal,,9.171926,,0.96371567,,未满足 MA5>MA10>MA20>MA60; 60日趋势强度不足; 20日平均成交额不足
2026-08-11,001266.SZ,,rejected_signal,,1.638179,,0.77060807,,未满足 MA5>MA10>MA20>MA60; 20日动量低于门槛; 60日趋势强度不足
2026-08-11,001267.SZ,,rejected_signal,,1.944686,,0.61003512,,未满足 MA5>MA10>MA20>MA60; 20日动量低于门槛; 60日趋势强度不足; 20日年化波动过高
2026-08-11,001268.SZ,,rejected_signal,,0.0,,0.76470774,,未满足 MA5>MA10>MA20>MA60; 20日动量低于门槛; 60日趋势强度不足
2026-08-11,001269.SZ,,rejected_signal,,11.566034,,0.87619948,,未满足 MA5>MA10>MA20>MA60; 60日趋势强度不足
2026-08-11,001270.SZ,,rejected_signal,,5.845956,,0.82588053,,未满足 MA5>MA10>MA20>MA60; 20日动量低于门槛; 60日趋势强度不足
2026-08-11,001277.SZ,,rejected_signal,,7.960292,,0.94482708,,未满足 MA5>MA10>MA20>MA60; 60日趋势强度不足; 20日平均成交额不足
2026-08-11,001278.SZ,,rejected_signal,,16.078108,,0.92321903,,未满足 MA5>MA10>MA20>MA60; 60日趋势强度不足
2026-08-11,001279.SZ,,rejected_signal,,2.847893,,0.92369717,,未满足 MA5>MA10>MA20>MA60; 20日动量低于门槛; 60日趋势强度不足; 20日平均成交额不足
2026-08-11,001280.SZ,,rejected_signal,,12.264301,,0.95737535,,未满足 MA5>MA10>MA20>MA60; 60日趋势强度不足
2026-08-11,001282.SZ,,rejected_signal,,0.514232,,0.8865301,,未满足 MA5>MA10>MA20>MA60; 20日动量低于门槛; 60日趋势强度不足
2026-08-11,001283.SZ,,rejected_signal,,5.064325,,0.85353225,,未满足 MA5>MA10>MA20>MA60; 20日动量低于门槛; 60日趋势强度不足
2026-08-11,001285.SZ,,rejected_signal,,6.604611,,0.98078597,,未满足 MA5>MA10>MA20>MA60; 60日趋势强度不足
2026-08-11,001286.SZ,,rejected_signal,,7.82692,,0.93984866,,未满足 MA5>MA10>MA20>MA60; 20日动量低于门槛; 60日趋势强度不足
2026-08-11,001287.SZ,,rejected_signal,,2.384539,,0.83228034,,未满足 MA5>MA10>MA20>MA60; 20日动量低于门槛; 60日趋势强度不足
2026-08-11,001288.SZ,,rejected_signal,,38.855392,,1.04065406,,60日趋势强度不足
2026-08-11,001289.SZ,,rejected_signal,,4.991036,,0.97903752,,未满足 MA5>MA10>MA20>MA60; 收盘价低于MA20; 20日动量低于门槛; 60日趋势强度不足
2026-08-11,001296.SZ,,rejected_signal,,16.323206,,0.92506737,,未满足 MA5>MA10>MA20>MA60; 60日趋势强度不足
2026-08-11,001298.SZ,,rejected_signal,,2.182954,,0.85342455,,未满足 MA5>MA10>MA20>MA60; 20日动量低于门槛; 60日趋势强度不足
2026-08-11,001299.SZ,,rejected_signal,,11.413542,,0.91603661,,未满足 MA5>MA10>MA20>MA60; 20日动量低于门槛; 60日趋势强度不足
2026-08-11,001300.SZ,,rejected_signal,,0.0,,0.79736394,,未满足 MA5>MA10>MA20>MA60; 20日动量低于门槛; 60日趋势强度不足
2026-08-11,001301.SZ,,rejected_signal,,24.756264,,0.90339589,,未满足 MA5>MA10>MA20>MA60; 60日趋势强度不足
2026-08-11,001306.SZ,,rejected_signal,,10.051908,,0.90144014,,未满足 MA5>MA10>MA20>MA60; 60日趋势强度不足
2026-08-11,001308.SZ,,rejected_signal,,2.842947,,0.91222227,,未满足 MA5>MA10>MA20>MA60; 60日趋势强度不足
2026-08-11,001309.SZ,,rejected_signal,,1.216766,,0.53170317,,未满足 MA5>MA10>MA20>MA60; 收盘价低于MA20; 20日动量低于门槛; 60日趋势强度不足; 20日年化波动过高
2026-08-11,001311.SZ,,rejected_signal,,19.017859,,0.87396801,,未满足 MA5>MA10>MA20>MA60; 60日趋势强度不足
2026-08-11,001312.SZ,,rejected_signal,,3.730293,,0.92994237,,未满足 MA5>MA10>MA20>MA60; 20日动量低于门槛; 60日趋势强度不足
2026-08-11,001313.SZ,,rejected_signal,,5.310059,,0.94206673,,未满足 MA5>MA10>MA20>MA60; 20日动量低于门槛; 60日趋势强度不足
2026-08-11,001314.SZ,,rejected_signal,,4.217904,,0.90383089,,未满足 MA5>MA10>MA20>MA60; 20日动量低于门槛; 60日趋势强度不足
2026-08-11,001316.SZ,,rejected_signal,,7.10248,,0.80526584,,未满足 MA5>MA10>MA20>MA60; 20日动量低于门槛; 60日趋势强度不足
2026-08-11,001317.SZ,,rejected_signal,,42.229637,,1.09729624,,60日趋势强度不足
2026-08-11,001318.SZ,,rejected_signal,,31.97904,,1.01136625,,未满足 MA5>MA10>MA20>MA60; 60日趋势强度不足
2026-08-11,001319.SZ,,rejected_signal,,0.007436,,0.89543545,,未满足 MA5>MA10>MA20>MA60; 20日动量低于门槛; 60日趋势强度不足
2026-08-11,001322.SZ,,rejected_signal,,3.059916,,0.9829365,,未满足 MA5>MA10>MA20>MA60; 20日动量低于门槛; 60日趋势强度不足; 20日平均成交额不足
2026-08-11,001323.SZ,,rejected_signal,,8.718177,,0.96740514,,未满足 MA5>MA10>MA20>MA60; 60日趋势强度不足
2026-08-11,001324.SZ,,rejected_signal,,12.35363,,1.00990498,,未满足 MA5>MA10>MA20>MA60; 20日动量低于门槛; 60日趋势强度不足
2026-08-11,001325.SZ,,rejected_signal,,19.195076,,0.95678747,,未满足 MA5>MA10>MA20>MA60; 60日趋势强度不足
2026-08-11,001326.SZ,,rejected_signal,,8.755066,,0.8528918,,未满足 MA5>MA10>MA20>MA60; 60日趋势强度不足; 偏离MA20过远，追高风险
2026-08-11,001328.SZ,,rejected_signal,,48.329388,,1.04996634,,未满足 MA5>MA10>MA20>MA60; 收盘价低于MA20; 60日趋势强度不足
2026-08-11,001330.SZ,,rejected_signal,,25.708654,,0.81245071,,未满足 MA5>MA10>MA20>MA60; 60日趋势强度不足
2026-08-11,001331.SZ,,rejected_signal,,27.412048,,1.53203464,,偏离MA20过远，追高风险; 20日年化波动过高
2026-08-11,001332.SZ,,rejected_signal,,1.141386,,0.79828465,,未满足 MA5>MA10>MA20>MA60; 20日动量低于门槛; 60日趋势强度不足
2026-08-11,001333.SZ,,rejected_signal,,0.0,,0.94496161,,未满足 MA5>MA10>MA20>MA60; 20日动量低于门槛; 60日趋势强度不足; 20日平均成交额不足
2026-08-11,001335.SZ,,rejected_signal,,1.134677,,0.78603929,,未满足 MA5>MA10>MA20>MA60; 20日动量低于门槛; 60日趋势强度不足; 20日平均成交额不足
2026-08-11,001336.SZ,,rejected_signal,,14.172903,,0.96202791,,未满足 MA5>MA10>MA20>MA60; 60日趋势强度不足; 20日平均成交额不足
2026-08-11,001337.SZ,,rejected_signal,,41.591335,,0.90757483,,未满足 MA5>MA10>MA20>MA60; 60日趋势强度不足; 偏离MA20过远，追高风险
2026-08-11,001338.SZ,,rejected_signal,,3.958334,,0.9481774,,未满足 MA5>MA10>MA20>MA60; 20日动量低于门槛; 60日趋势强度不足
2026-08-11,001339.SZ,,rejected_signal,,2.370597,,0.82844251,,未满足 MA5>MA10>MA20>MA60; 20日动量低于门槛; 60日趋势强度不足
2026-08-11,001356.SZ,,rejected_signal,,4.319238,,0.96650761,,未满足 MA5>MA10>MA20>MA60; 60日趋势强度不足
2026-08-11,001358.SZ,,rejected_signal,,24.467501,,1.02143455,,未满足 MA5>MA10>MA20>MA60; 60日趋势强度不足
2026-08-11,001359.SZ,,rejected_signal,,0.070385,,0.83053768,,未满足 MA5>MA10>MA20>MA60; 20日动量低于门槛; 20日年化波动过高
2026-08-11,001360.SZ,,rejected_signal,,16.878368,,0.84510112,,未满足 MA5>MA10>MA20>MA60; 60日趋势强度不足
2026-08-11,001365.SZ,,rejected_signal,,8.052228,,0.86593813,,未满足 MA5>MA10>MA20>MA60; 20日动量低于门槛; 60日趋势强度不足
2026-08-11,001366.SZ,,rejected_signal,,14.062035,,0.9238739,,未满足 MA5>MA10>MA20>MA60; 60日趋势强度不足
2026-08-11,001367.SZ,,rejected_signal,,3.313869,,0.93680394,,未满足 MA5>MA10>MA20>MA60; 20日动量低于门槛; 60日趋势强度不足
2026-08-11,001368.SZ,,rejected_signal,,1.694044,,0.94042373,,未满足 MA5>MA10>MA20>MA60; 60日趋势强度不足
2026-08-11,001369.SZ,,rejected_signal,,30.316008,,0.94592607,,未满足 MA5>MA10>MA20>MA60; 60日趋势强度不足
2026-08-11,001373.SZ,,rejected_signal,,3.799972,,0.85896945,,未满足 MA5>MA10>MA20>MA60; 60日趋势强度不足
2026-08-11,001376.SZ,,rejected_signal,,22.974903,,0.97529137,,未满足 MA5>MA10>MA20>MA60; 60日趋势强度不足
2026-08-11,001378.SZ,,rejected_signal,,8.969413,,0.89182317,,未满足 MA5>MA10>MA20>MA60; 20日动量低于门槛; 60日趋势强度不足; 偏离MA20过远，追高风险
2026-08-11,001379.SZ,,rejected_signal,,1.806613,,0.93591714,,未满足 MA5>MA10>MA20>MA60; 60日趋势强度不足; 20日平均成交额不足
2026-08-11,001380.SZ,,rejected_signal,,4.770234,,0.99018407,,未满足 MA5>MA10>MA20>MA60; 60日趋势强度不足; 20日平均成交额不足
2026-08-11,001382.SZ,,rejected_signal,,24.765991,,0.98676723,,未满足 MA5>MA10>MA20>MA60; 60日趋势强度不足
2026-08-11,001386.SZ,,rejected_signal,,7.059647,,0.98604846,,未满足 MA5>MA10>MA20>MA60; 60日趋势强度不足
2026-08-11,001387.SZ,,rejected_signal,,2.171967,,0.94537908,,未满足 MA5>MA10>MA20>MA60; 60日趋势强度不足
2026-08-11,001388.SZ,,rejected_signal,,52.292896,,1.05597353,,未满足 MA5>MA10>MA20>MA60; 60日趋势强度不足; 20日年化波动过高
2026-08-11,001389.SZ,,rejected_signal,,1.618089,,0.83504266,,未满足 MA5>MA10>MA20>MA60; 20日动量低于门槛; 60日趋势强度不足; 20日年化波动过高
2026-08-11,001390.SZ,,rejected_signal,,4.238616,,0.9732393,,未满足 MA5>MA10>MA20>MA60; 60日趋势强度不足; 20日平均成交额不足
2026-08-11,001391.SZ,,rejected_signal,,4.895658,,0.96516526,,未满足 MA5>MA10>MA20>MA60; 收盘价低于MA20; 20日动量低于门槛; 60日趋势强度不足
2026-08-11,001393.SZ,,rejected_signal,,14.159684,,0.80131584,,未满足 MA5>MA10>MA20>MA60; 20日动量低于门槛; 60日趋势强度不足
2026-08-11,001395.SZ,,rejected_signal,,27.236664,,1.07514465,,未满足 MA5>MA10>MA20>MA60; 20日动量低于门槛
2026-08-11,001396.SZ,,rejected_signal,,9.400005,,0.91713589,,未满足 MA5>MA10>MA20>MA60; 60日趋势强度不足
2026-08-11,001399.SZ,,rejected_signal,,0.0,,1.41634893,,历史数据不足或指标非有限值; 未满足 MA5>MA10>MA20>MA60; 收盘价低于MA20; 20日动量低于门槛; 60日趋势强度不足
2026-08-11,001400.SZ,,rejected_signal,,0.0,,0.70142633,,未满足 MA5>MA10>MA20>MA60; 20日动量低于门槛; 60日趋势强度不足
2026-08-11,001696.SZ,,rejected_signal,,5.204267,,0.87609977,,未满足 MA5>MA10>MA20>MA60; 20日动量低于门槛; 60日趋势强度不足
2026-08-11,001872.SZ,,rejected_signal,,21.674786,,1.06607878,,未满足 MA5>MA10>MA20>MA60; 60日趋势强度不足
2026-08-11,001896.SZ,,rejected_signal,,2.021777,,0.77599698,,未满足 MA5>MA10>MA20>MA60; 收盘价低于MA20; 20日动量低于门槛; 60日趋势强度不足
2026-08-11,001914.SZ,,rejected_signal,,10.184685,,1.01280653,,未满足 MA5>MA10>MA20>MA60; 收盘价低于MA20; 60日趋势强度不足
2026-08-11,001965.SZ,,rejected_signal,,15.145798,,1.02589214,,未满足 MA5>MA10>MA20>MA60; 收盘价低于MA20; 20日动量低于门槛; 60日趋势强度不足
2026-08-11,001979.SZ,,rejected_signal,,27.800953,,0.92066222,,未满足 MA5>MA10>MA20>MA60; 60日趋势强度不足
2026-08-11,002001.SZ,,rejected_signal,,16.660517,,1.00750697,,60日趋势强度不足
2026-08-11,002003.SZ,,rejected_signal,,51.462799,,1.11662543,,未满足 MA5>MA10>MA20>MA60
2026-08-11,002004.SZ,,rejected_signal,,24.372547,,1.04330647,,60日趋势强度不足
2026-08-11,002005.SZ,,rejected_signal,,0.517031,,0.95015615,,未满足 MA5>MA10>MA20>MA60; 20日动量低于门槛; 60日趋势强度不足
2026-08-11,002006.SZ,,rejected_signal,,5.690779,,0.92542434,,未满足 MA5>MA10>MA20>MA60; 20日动量低于门槛; 60日趋势强度不足
2026-08-11,002007.SZ,,rejected_signal,,14.229216,,1.03455889,,未满足 MA5>MA10>MA20>MA60; 20日动量低于门槛; 60日趋势强度不足
2026-08-11,002008.SZ,,rejected_signal,,2.658313,,0.7063145,,未满足 MA5>MA10>MA20>MA60; 收盘价低于MA20; 20日动量低于门槛; 60日趋势强度不足
2026-08-11,002009.SZ,,rejected_signal,,6.562412,,0.91292936,,未满足 MA5>MA10>MA20>MA60; 60日趋势强度不足
2026-08-11,002010.SZ,,rejected_signal,,16.736683,,1.03528368,,未满足 MA5>MA10>MA20>MA60; 60日趋势强度不足
2026-08-11,002011.SZ,,rejected_signal,,3.046126,,0.96425635,,未满足 MA5>MA10>MA20>MA60; 20日动量低于门槛; 60日趋势强度不足
2026-08-11,002012.SZ,,rejected_signal,,6.752548,,0.95646894,,未满足 MA5>MA10>MA20>MA60; 60日趋势强度不足
2026-08-11,002014.SZ,,rejected_signal,,6.122622,,1.00991535,,未满足 MA5>MA10>MA20>MA60; 收盘价低于MA20; 20日动量低于门槛; 60日趋势强度不足
2026-08-11,002015.SZ,,rejected_signal,,13.513802,,0.92512566,,未满足 MA5>MA10>MA20>MA60; 60日趋势强度不足
2026-08-11,002016.SZ,,rejected_signal,,20.242981,,0.99526626,,未满足 MA5>MA10>MA20>MA60; 60日趋势强度不足
2026-08-11,002017.SZ,,rejected_signal,,9.990685,,0.94418961,,未满足 MA5>MA10>MA20>MA60; 60日趋势强度不足
2026-08-11,002019.SZ,,rejected_signal,,12.51083,,1.02635229,,未满足 MA5>MA10>MA20>MA60; 20日动量低于门槛; 60日趋势强度不足
2026-08-11,002020.SZ,,rejected_signal,,20.895214,,1.02643979,,未满足 MA5>MA10>MA20>MA60; 20日动量低于门槛; 60日趋势强度不足
2026-08-11,002021.SZ,,rejected_signal,,38.085312,,1.00933731,,未满足 MA5>MA10>MA20>MA60; 60日趋势强度不足
2026-08-11,002022.SZ,,rejected_signal,,33.024551,,1.0223521,,未满足 MA5>MA10>MA20>MA60; 60日趋势强度不足
2026-08-11,002023.SZ,,rejected_signal,,5.369225,,0.87792552,,未满足 MA5>MA10>MA20>MA60; 60日趋势强度不足
2026-08-11,002024.SZ,,rejected_universe,,3.22686,,1.01584256,,不在当日动态股票池(停牌/未上市/已退市/当前ST代理过滤)
2026-08-11,002025.SZ,,rejected_signal,,4.718396,,0.91862941,,未满足 MA5>MA10>MA20>MA60; 收盘价低于MA20; 20日动量低于门槛; 60日趋势强度不足
2026-08-11,002026.SZ,,rejected_signal,,5.878847,,0.92910779,,未满足 MA5>MA10>MA20>MA60; 60日趋势强度不足
2026-08-11,002027.SZ,,rejected_signal,,36.093182,,1.04588997,,未满足 MA5>MA10>MA20>MA60; 60日趋势强度不足
2026-08-11,002028.SZ,,rejected_signal,,6.46242,,0.88727444,,未满足 MA5>MA10>MA20>MA60; 20日动量低于门槛; 60日趋势强度不足
2026-08-11,002029.SZ,,rejected_signal,,38.250374,,1.05047655,,未满足 MA5>MA10>MA20>MA60; 60日趋势强度不足
2026-08-11,002030.SZ,,rejected_signal,,15.408998,,0.99043679,,未满足 MA5>MA10>MA20>MA60; 60日趋势强度不足
2026-08-11,002031.SZ,,rejected_signal,,22.103418,,0.9015671,,未满足 MA5>MA10>MA20>MA60; 60日趋势强度不足
2026-08-11,002032.SZ,,rejected_signal,,2.604483,,0.97276288,,未满足 MA5>MA10>MA20>MA60; 收盘价低于MA20; 20日动量低于门槛; 60日趋势强度不足
2026-08-11,002033.SZ,,rejected_signal,,24.375427,,1.0234102,,60日趋势强度不足
2026-08-11,002034.SZ,,rejected_signal,,2.148903,,0.8785767,,未满足 MA5>MA10>MA20>MA60; 20日动量低于门槛; 60日趋势强度不足
2026-08-11,002035.SZ,,rejected_signal,,8.681259,,1.00897372,,未满足 MA5>MA10>MA20>MA60; 60日趋势强度不足
2026-08-11,002036.SZ,,rejected_signal,,7.466383,,0.97948575,,未满足 MA5>MA10>MA20>MA60; 60日趋势强度不足
2026-08-11,002037.SZ,,rejected_signal,,40.424515,,1.02118933,,未满足 MA5>MA10>MA20>MA60; 60日趋势强度不足
2026-08-11,002038.SZ,,rejected_signal,,8.6934,,0.99475986,,未满足 MA5>MA10>MA20>MA60; 20日动量低于门槛; 60日趋势强度不足
2026-08-11,002039.SZ,,rejected_signal,,5.884169,,0.98849386,,未满足 MA5>MA10>MA20>MA60; 收盘价低于MA20; 20日动量低于门槛; 60日趋势强度不足
2026-08-11,002040.SZ,,rejected_signal,,8.092744,,0.98776728,,未满足 MA5>MA10>MA20>MA60; 60日趋势强度不足
2026-08-11,002041.SZ,,rejected_signal,,18.187216,,1.03233457,,60日趋势强度不足
2026-08-11,002042.SZ,,rejected_signal,,12.366145,,1.01063669,,未满足 MA5>MA10>MA20>MA60; 60日趋势强度不足
2026-08-11,002043.SZ,,rejected_signal,,37.011829,,1.05229056,,未满足 MA5>MA10>MA20>MA60; 60日趋势强度不足
2026-08-11,002044.SZ,,rejected_signal,,30.859657,,0.9627223,,未满足 MA5>MA10>MA20>MA60; 60日趋势强度不足
2026-08-11,002045.SZ,,rejected_signal,,29.7367,,1.00789773,,未满足 MA5>MA10>MA20>MA60; 60日趋势强度不足
2026-08-11,002046.SZ,,rejected_signal,,1.635149,,0.75249368,,未满足 MA5>MA10>MA20>MA60; 收盘价低于MA20; 20日动量低于门槛; 60日趋势强度不足
2026-08-11,002047.SZ,,rejected_signal,,0.206679,,0.79373813,,未满足 MA5>MA10>MA20>MA60; 20日动量低于门槛; 60日趋势强度不足
2026-08-11,002048.SZ,,rejected_signal,,10.014853,,0.80561268,,未满足 MA5>MA10>MA20>MA60; 20日动量低于门槛; 60日趋势强度不足
2026-08-11,002049.SZ,,rejected_signal,,6.571844,,0.86469668,,未满足 MA5>MA10>MA20>MA60; 20日动量低于门槛; 60日趋势强度不足
2026-08-11,002050.SZ,,rejected_signal,,18.618557,,0.89197832,,未满足 MA5>MA10>MA20>MA60; 20日动量低于门槛; 60日趋势强度不足
2026-08-11,002051.SZ,,rejected_signal,,10.211833,,0.90034348,,未满足 MA5>MA10>MA20>MA60; 60日趋势强度不足
2026-08-11,002052.SZ,,rejected_signal,,32.575844,,0.98488337,,未满足 MA5>MA10>MA20>MA60; 60日趋势强度不足
2026-08-11,002053.SZ,,rejected_signal,,6.405893,,0.95894706,,未满足 MA5>MA10>MA20>MA60; 60日趋势强度不足
2026-08-11,002054.SZ,,rejected_signal,,9.164827,,0.97942442,,未满足 MA5>MA10>MA20>MA60; 60日趋势强度不足
2026-08-11,002055.SZ,,rejected_universe,,0.134242,,0.87900031,,不在当日动态股票池(停牌/未上市/已退市/当前ST代理过滤)
2026-08-11,002056.SZ,,rejected_signal,,18.571711,,0.81448925,,未满足 MA5>MA10>MA20>MA60; 20日动量低于门槛
2026-08-11,002057.SZ,,rejected_signal,,4.593967,,0.83162993,,未满足 MA5>MA10>MA20>MA60; 20日动量低于门槛; 60日趋势强度不足
2026-08-11,002058.SZ,,rejected_signal,,0.0,,0.8358714,,未满足 MA5>MA10>MA20>MA60; 20日动量低于门槛; 60日趋势强度不足
2026-08-11,002059.SZ,,rejected_signal,,15.034504,,1.02395618,,未满足 MA5>MA10>MA20>MA60; 60日趋势强度不足
2026-08-11,002060.SZ,,rejected_signal,,8.33149,,1.02325749,,未满足 MA5>MA10>MA20>MA60; 收盘价低于MA20; 20日动量低于门槛; 60日趋势强度不足
2026-08-11,002061.SZ,,rejected_signal,,3.080574,,1.02538431,,未满足 MA5>MA10>MA20>MA60; 收盘价低于MA20; 20日动量低于门槛; 60日趋势强度不足
2026-08-11,002062.SZ,,rejected_signal,,29.767492,,1.00235271,,未满足 MA5>MA10>MA20>MA60; 60日趋势强度不足
2026-08-11,002063.SZ,,rejected_signal,,23.901478,,1.04671431,,未满足 MA5>MA10>MA20>MA60; 60日趋势强度不足
2026-08-11,002064.SZ,,rejected_rank,39,50.319759,0.64485979,1.03716242,0.54766351,"信号有效, 但综合排名未进入 Top20"
2026-08-11,002065.SZ,,rejected_signal,,20.070118,,1.04844177,,未满足 MA5>MA10>MA20>MA60; 60日趋势强度不足
2026-08-11,002066.SZ,,rejected_signal,,6.810114,,0.9163872,,未满足 MA5>MA10>MA20>MA60; 收盘价低于MA20; 20日动量低于门槛; 60日趋势强度不足
2026-08-11,002067.SZ,,rejected_signal,,37.333721,,1.03994358,,未满足 MA5>MA10>MA20>MA60; 60日趋势强度不足
2026-08-11,002068.SZ,,rejected_signal,,11.470251,,0.77005684,,未满足 MA5>MA10>MA20>MA60; 20日动量低于门槛; 60日趋势强度不足
2026-08-11,002069.SZ,,rejected_signal,,13.15313,,1.01294053,,未满足 MA5>MA10>MA20>MA60; 60日趋势强度不足
2026-08-11,002072.SZ,,rejected_signal,,3.303744,,0.92234516,,未满足 MA5>MA10>MA20>MA60; 60日趋势强度不足
2026-08-11,002073.SZ,,rejected_signal,,20.362577,,1.04822016,,未满足 MA5>MA10>MA20>MA60; 60日趋势强度不足
2026-08-11,002074.SZ,,rejected_signal,,24.409981,,0.9642421,,未满足 MA5>MA10>MA20>MA60; 60日趋势强度不足
2026-08-11,002075.SZ,,rejected_signal,,48.714439,,1.10850763,,60日趋势强度不足
2026-08-11,002076.SZ,,rejected_signal,,1.835498,,0.90878326,,未满足 MA5>MA10>MA20>MA60; 60日趋势强度不足
2026-08-11,002077.SZ,,rejected_signal,,0.560551,,0.73270386,,未满足 MA5>MA10>MA20>MA60; 20日动量低于门槛; 60日趋势强度不足
2026-08-11,002078.SZ,,rejected_signal,,30.603731,,1.06393325,,未满足 MA5>MA10>MA20>MA60; 收盘价低于MA20
2026-08-11,002079.SZ,,rejected_signal,,2.184076,,0.7792328,,未满足 MA5>MA10>MA20>MA60; 20日动量低于门槛; 60日趋势强度不足
2026-08-11,002080.SZ,,rejected_signal,,1.173943,,0.57911801,,未满足 MA5>MA10>MA20>MA60; 20日动量低于门槛; 60日趋势强度不足; 20日年化波动过高
2026-08-11,002081.SZ,,rejected_signal,,4.721922,,0.84021461,,未满足 MA5>MA10>MA20>MA60; 60日趋势强度不足
2026-08-11,002082.SZ,,rejected_universe,,8.418412,,0.80402243,,不在当日动态股票池(停牌/未上市/已退市/当前ST代理过滤)
2026-08-11,002083.SZ,,rejected_rank,24,54.679688,0.78504676,1.09849942,0.74579442,"信号有效, 但综合排名未进入 Top20"
2026-08-11,002084.SZ,,rejected_signal,,9.579678,,1.01542628,,未满足 MA5>MA10>MA20>MA60; 收盘价低于MA20; 20日动量低于门槛; 60日趋势强度不足
2026-08-11,002085.SZ,,rejected_signal,,8.655943,,0.94500726,,未满足 MA5>MA10>MA20>MA60; 60日趋势强度不足
2026-08-11,002086.SZ,,rejected_rank,75,41.890892,0.30841121,1.04536939,0.2859813,"信号有效, 但综合排名未进入 Top20"
2026-08-11,002087.SZ,,rejected_universe,,0.0,,0.0,,不在当日动态股票池(停牌/未上市/已退市/当前ST代理过滤)
2026-08-11,002088.SZ,,rejected_signal,,1.562327,,0.97111809,,未满足 MA5>MA10>MA20>MA60; 20日动量低于门槛; 60日趋势强度不足; 20日平均成交额不足
2026-08-11,002089.SZ,,rejected_universe,,0.0,,0.0,,不在当日动态股票池(停牌/未上市/已退市/当前ST代理过滤)
2026-08-11,002090.SZ,,rejected_signal,,8.009815,,1.00937891,,未满足 MA5>MA10>MA20>MA60; 60日趋势强度不足
2026-08-11,002091.SZ,,rejected_signal,,13.064011,,1.00611854,,未满足 MA5>MA10>MA20>MA60; 60日趋势强度不足
2026-08-11,002092.SZ,,rejected_signal,,30.61046,,1.02487373,,60日趋势强度不足
2026-08-11,002093.SZ,,rejected_signal,,26.132423,,1.03256631,,未满足 MA5>MA10>MA20>MA60; 60日趋势强度不足
2026-08-11,002094.SZ,,rejected_signal,,19.520586,,1.0115422,,未满足 MA5>MA10>MA20>MA60; 60日趋势强度不足
2026-08-11,002095.SZ,,rejected_signal,,31.350834,,1.05181229,,60日趋势强度不足
2026-08-11,002096.SZ,,rejected_signal,,23.307163,,1.01350629,,未满足 MA5>MA10>MA20>MA60; 60日趋势强度不足
2026-08-11,002097.SZ,,rejected_signal,,12.204747,,0.95656925,,未满足 MA5>MA10>MA20>MA60; 60日趋势强度不足
2026-08-11,002098.SZ,,rejected_signal,,8.540654,,0.98771983,,未满足 MA5>MA10>MA20>MA60; 60日趋势强度不足; 20日平均成交额不足
2026-08-11,002099.SZ,,rejected_signal,,5.450136,,1.02415287,,未满足 MA5>MA10>MA20>MA60; 20日动量低于门槛; 60日趋势强度不足
2026-08-11,002100.SZ,,rejected_signal,,38.121284,,1.05335319,,未满足 MA5>MA10>MA20>MA60; 60日趋势强度不足
2026-08-11,002101.SZ,,rejected_signal,,2.839423,,1.02816868,,未满足 MA5>MA10>MA20>MA60; 收盘价低于MA20; 20日动量低于门槛; 60日趋势强度不足
2026-08-11,002102.SZ,,rejected_universe,,3.540421,,0.9902724,,不在当日动态股票池(停牌/未上市/已退市/当前ST代理过滤)
2026-08-11,002103.SZ,,rejected_signal,,33.228832,,1.06302857,,未满足 MA5>MA10>MA20>MA60; 60日趋势强度不足
2026-08-11,002104.SZ,,rejected_signal,,33.970928,,0.97306705,,未满足 MA5>MA10>MA20>MA60; 60日趋势强度不足
2026-08-11,002105.SZ,,rejected_signal,,24.402187,,1.00933635,,未满足 MA5>MA10>MA20>MA60; 60日趋势强度不足
2026-08-11,002106.SZ,,rejected_signal,,3.155761,,0.83780348,,未满足 MA5>MA10>MA20>MA60; 20日动量低于门槛; 60日趋势强度不足
2026-08-11,002107.SZ,,rejected_signal,,3.325478,,0.99834943,,未满足 MA5>MA10>MA20>MA60; 20日动量低于门槛; 60日趋势强度不足
2026-08-11,002108.SZ,,rejected_signal,,12.994856,,0.97174954,,未满足 MA5>MA10>MA20>MA60; 60日趋势强度不足
2026-08-11,002109.SZ,,rejected_universe,,2.740976,,0.97142267,,不在当日动态股票池(停牌/未上市/已退市/当前ST代理过滤)
2026-08-11,002110.SZ,,rejected_signal,,25.937864,,1.05514586,,未满足 MA5>MA10>MA20>MA60; 收盘价低于MA20; 60日趋势强度不足
2026-08-11,002111.SZ,,rejected_signal,,17.503962,,1.01539457,,未满足 MA5>MA10>MA20>MA60; 60日趋势强度不足
2026-08-11,002112.SZ,,rejected_signal,,29.960627,,1.04349899,,未满足 MA5>MA10>MA20>MA60; 60日趋势强度不足
2026-08-11,002114.SZ,,rejected_signal,,25.981504,,0.94465411,,未满足 MA5>MA10>MA20>MA60; 60日趋势强度不足
2026-08-11,002115.SZ,,rejected_signal,,29.613623,,1.01063526,,未满足 MA5>MA10>MA20>MA60; 60日趋势强度不足
2026-08-11,002116.SZ,,rejected_signal,,3.293686,,1.00150859,,未满足 MA5>MA10>MA20>MA60; 60日趋势强度不足; 20日平均成交额不足
2026-08-11,002117.SZ,,rejected_signal,,7.066835,,0.9625411,,未满足 MA5>MA10>MA20>MA60; 60日趋势强度不足
2026-08-11,002119.SZ,,rejected_signal,,0.637806,,0.68708134,,未满足 MA5>MA10>MA20>MA60; 20日动量低于门槛; 60日趋势强度不足
2026-08-11,002120.SZ,,rejected_signal,,8.672969,,1.0277493,,未满足 MA5>MA10>MA20>MA60; 20日动量低于门槛; 60日趋势强度不足
2026-08-11,002121.SZ,,rejected_signal,,2.988867,,0.91314983,,未满足 MA5>MA10>MA20>MA60; 20日动量低于门槛; 60日趋势强度不足
2026-08-11,002122.SZ,,rejected_universe,,24.213142,,0.96445608,,不在当日动态股票池(停牌/未上市/已退市/当前ST代理过滤)
2026-08-11,002123.SZ,,rejected_signal,,11.157072,,1.04142439,,未满足 MA5>MA10>MA20>MA60; 20日动量低于门槛; 60日趋势强度不足
2026-08-11,002124.SZ,,rejected_signal,,6.922766,,0.96006024,,未满足 MA5>MA10>MA20>MA60; 20日动量低于门槛; 60日趋势强度不足
2026-08-11,002125.SZ,,rejected_signal,,15.026133,,0.89127845,,未满足 MA5>MA10>MA20>MA60; 60日趋势强度不足
2026-08-11,002126.SZ,,rejected_signal,,6.252685,,0.81271434,,未满足 MA5>MA10>MA20>MA60; 20日动量低于门槛; 60日趋势强度不足
2026-08-11,002127.SZ,,rejected_signal,,40.617638,,1.0825572,,60日趋势强度不足
2026-08-11,002128.SZ,,rejected_signal,,27.415068,,0.99184835,,未满足 MA5>MA10>MA20>MA60; 60日趋势强度不足
2026-08-11,002129.SZ,,rejected_signal,,14.712673,,0.92642224,,未满足 MA5>MA10>MA20>MA60; 20日动量低于门槛; 60日趋势强度不足
2026-08-11,002130.SZ,,rejected_signal,,6.434671,,0.9494527,,未满足 MA5>MA10>MA20>MA60; 60日趋势强度不足
2026-08-11,002131.SZ,,rejected_signal,,35.449604,,1.06729305,,未满足 MA5>MA10>MA20>MA60; 60日趋势强度不足
2026-08-11,002132.SZ,,rejected_signal,,1.554813,,0.80395949,,未满足 MA5>MA10>MA20>MA60; 收盘价低于MA20; 20日动量低于门槛; 60日趋势强度不足
2026-08-11,002133.SZ,,rejected_signal,,13.13809,,0.98667818,,未满足 MA5>MA10>MA20>MA60; 60日趋势强度不足
2026-08-11,002134.SZ,,rejected_signal,,0.842153,,0.71503079,,未满足 MA5>MA10>MA20>MA60; 20日动量低于门槛; 60日趋势强度不足
2026-08-11,002135.SZ,,rejected_signal,,8.515919,,0.91690469,,未满足 MA5>MA10>MA20>MA60; 60日趋势强度不足
2026-08-11,002136.SZ,,rejected_signal,,9.339753,,0.9473263,,未满足 MA5>MA10>MA20>MA60; 60日趋势强度不足
2026-08-11,002137.SZ,,rejected_signal,,1.605275,,0.82374662,,未满足 MA5>MA10>MA20>MA60; 20日动量低于门槛; 60日趋势强度不足
2026-08-11,002138.SZ,,rejected_signal,,17.904305,,0.8838585,,未满足 MA5>MA10>MA20>MA60; 20日动量低于门槛
2026-08-11,002139.SZ,,rejected_signal,,11.293159,,1.04546416,,未满足 MA5>MA10>MA20>MA60; 60日趋势强度不足
2026-08-11,002140.SZ,,rejected_signal,,10.974471,,0.96995562,,未满足 MA5>MA10>MA20>MA60; 60日趋势强度不足
2026-08-11,002141.SZ,,rejected_signal,,35.441742,,1.20194685,,偏离MA20过远，追高风险; 20日年化波动过高
2026-08-11,002142.SZ,,rejected_signal,,18.051216,,1.02277839,,未满足 MA5>MA10>MA20>MA60
2026-08-11,002144.SZ,,rejected_signal,,11.670936,,0.96193439,,未满足 MA5>MA10>MA20>MA60; 60日趋势强度不足
2026-08-11,002145.SZ,,rejected_signal,,10.10657,,1.03250289,,未满足 MA5>MA10>MA20>MA60; 收盘价低于MA20; 20日动量低于门槛; 60日趋势强度不足
2026-08-11,002146.SZ,,rejected_signal,,17.611732,,0.97835135,,未满足 MA5>MA10>MA20>MA60; 60日趋势强度不足
2026-08-11,002148.SZ,,rejected_signal,,12.796704,,1.00130188,,未满足 MA5>MA10>MA20>MA60; 60日趋势强度不足
2026-08-11,002149.SZ,,rejected_signal,,8.110368,,0.69768506,,未满足 MA5>MA10>MA20>MA60; 60日趋势强度不足
2026-08-11,002150.SZ,,rejected_signal,,9.410127,,0.8109172,,未满足 MA5>MA10>MA20>MA60; 20日动量低于门槛; 60日趋势强度不足
2026-08-11,002151.SZ,,rejected_signal,,7.824095,,0.92356747,,未满足 MA5>MA10>MA20>MA60; 20日动量低于门槛; 60日趋势强度不足
2026-08-11,002152.SZ,,rejected_signal,,10.150732,,1.02138996,,未满足 MA5>MA10>MA20>MA60; 20日动量低于门槛; 60日趋势强度不足
2026-08-11,002153.SZ,,rejected_signal,,43.056061,,1.07553458,,60日趋势强度不足
2026-08-11,002154.SZ,,rejected_signal,,41.712536,,1.05741191,,未满足 MA5>MA10>MA20>MA60; 60日趋势强度不足
2026-08-11,002155.SZ,,rejected_signal,,43.351173,,0.94834733,,未满足 MA5>MA10>MA20>MA60; 60日趋势强度不足
2026-08-11,002156.SZ,,rejected_signal,,1.422619,,0.80953914,,未满足 MA5>MA10>MA20>MA60; 收盘价低于MA20; 20日动量低于门槛; 20日年化波动过高
2026-08-11,002157.SZ,,rejected_signal,,8.171506,,0.98003864,,未满足 MA5>MA10>MA20>MA60; 20日动量低于门槛; 60日趋势强度不足
2026-08-11,002158.SZ,,rejected_signal,,0.349858,,0.86871904,,未满足 MA5>MA10>MA20>MA60; 20日动量低于门槛; 60日趋势强度不足
2026-08-11,002159.SZ,,rejected_signal,,10.01368,,0.98681623,,未满足 MA5>MA10>MA20>MA60; 60日趋势强度不足
2026-08-11,002160.SZ,,rejected_signal,,27.315626,,1.05174875,,未满足 MA5>MA10>MA20>MA60; 60日趋势强度不足
2026-08-11,002161.SZ,,rejected_signal,,24.992918,,0.96976578,,未满足 MA5>MA10>MA20>MA60; 60日趋势强度不足
2026-08-11,002162.SZ,,rejected_signal,,29.858484,,1.05824089,,60日趋势强度不足
2026-08-11,002163.SZ,,rejected_signal,,13.227846,,0.94451612,,未满足 MA5>MA10>MA20>MA60; 60日趋势强度不足
2026-08-11,002164.SZ,,rejected_signal,,20.955151,,0.91434032,,未满足 MA5>MA10>MA20>MA60; 60日趋势强度不足
2026-08-11,002165.SZ,,rejected_signal,,29.425791,,0.98125774,,未满足 MA5>MA10>MA20>MA60; 60日趋势强度不足
2026-08-11,002166.SZ,,rejected_signal,,11.487917,,0.95074683,,未满足 MA5>MA10>MA20>MA60; 60日趋势强度不足
2026-08-11,002167.SZ,,rejected_signal,,26.543818,,0.91082525,,未满足 MA5>MA10>MA20>MA60; 20日动量低于门槛
2026-08-11,002168.SZ,,rejected_universe,,12.578609,,0.96552366,,不在当日动态股票池(停牌/未上市/已退市/当前ST代理过滤)
2026-08-11,002169.SZ,,rejected_signal,,0.902616,,0.81979102,,未满足 MA5>MA10>MA20>MA60; 20日动量低于门槛; 60日趋势强度不足
2026-08-11,002170.SZ,,rejected_signal,,25.316677,,1.01793659,,未满足 MA5>MA10>MA20>MA60; 60日趋势强度不足
2026-08-11,002171.SZ,,rejected_signal,,4.545364,,0.8126505,,未满足 MA5>MA10>MA20>MA60; 20日动量低于门槛; 60日趋势强度不足
2026-08-11,002172.SZ,,rejected_signal,,38.996643,,1.04886174,,60日趋势强度不足
2026-08-11,002173.SZ,,rejected_signal,,43.726254,,1.10874069,,60日趋势强度不足; 20日年化波动过高
2026-08-11,002174.SZ,,rejected_signal,,6.861072,,1.04266465,,未满足 MA5>MA10>MA20>MA60; 20日动量低于门槛; 60日趋势强度不足
2026-08-11,002175.SZ,,rejected_universe,,10.658581,,1.09540582,,不在当日动态股票池(停牌/未上市/已退市/当前ST代理过滤)
2026-08-11,002176.SZ,,rejected_signal,,15.65879,,0.92307609,,未满足 MA5>MA10>MA20>MA60; 60日趋势强度不足
2026-08-11,002177.SZ,,rejected_signal,,21.849087,,0.98060787,,未满足 MA5>MA10>MA20>MA60; 60日趋势强度不足
2026-08-11,002178.SZ,,rejected_signal,,15.000136,,0.95021564,,未满足 MA5>MA10>MA20>MA60; 60日趋势强度不足
2026-08-11,002179.SZ,,rejected_signal,,5.958149,,0.90682864,,未满足 MA5>MA10>MA20>MA60; 20日动量低于门槛; 60日趋势强度不足
2026-08-11,002180.SZ,,rejected_signal,,50.232662,,1.06203437,,60日趋势强度不足
2026-08-11,002181.SZ,,rejected_signal,,12.276137,,0.80844349,,未满足 MA5>MA10>MA20>MA60; 60日趋势强度不足
2026-08-11,002182.SZ,,rejected_signal,,7.217508,,0.88942724,,未满足 MA5>MA10>MA20>MA60; 60日趋势强度不足
2026-08-11,002183.SZ,,rejected_signal,,6.887241,,0.88658375,,未满足 MA5>MA10>MA20>MA60; 20日动量低于门槛; 60日趋势强度不足
2026-08-11,002184.SZ,,rejected_signal,,11.846022,,0.95631641,,未满足 MA5>MA10>MA20>MA60; 60日趋势强度不足
2026-08-11,002185.SZ,,rejected_signal,,8.123289,,0.79158133,,未满足 MA5>MA10>MA20>MA60; 20日动量低于门槛; 20日年化波动过高
2026-08-11,002186.SZ,,rejected_signal,,23.827301,,1.0182482,,未满足 MA5>MA10>MA20>MA60; 60日趋势强度不足
2026-08-11,002187.SZ,,rejected_signal,,30.264347,,1.0400008,,未满足 MA5>MA10>MA20>MA60; 60日趋势强度不足
2026-08-11,002188.SZ,,rejected_signal,,16.04501,,0.98674065,,未满足 MA5>MA10>MA20>MA60; 60日趋势强度不足
2026-08-11,002189.SZ,,rejected_signal,,8.930444,,0.92199051,,未满足 MA5>MA10>MA20>MA60; 20日动量低于门槛; 60日趋势强度不足
2026-08-11,002190.SZ,,rejected_signal,,22.16258,,0.94235802,,未满足 MA5>MA10>MA20>MA60; 60日趋势强度不足
2026-08-11,002191.SZ,,rejected_signal,,1.898804,,0.99102718,,未满足 MA5>MA10>MA20>MA60; 20日动量低于门槛; 60日趋势强度不足
2026-08-11,002192.SZ,,rejected_signal,,6.462331,,0.81334138,,未满足 MA5>MA10>MA20>MA60; 20日动量低于门槛; 60日趋势强度不足
2026-08-11,002193.SZ,,rejected_universe,,16.578957,,0.86892986,,不在当日动态股票池(停牌/未上市/已退市/当前ST代理过滤)
2026-08-11,002194.SZ,,rejected_signal,,13.528225,,0.85657465,,未满足 MA5>MA10>MA20>MA60; 60日趋势强度不足; 偏离MA20过远，追高风险
2026-08-11,002195.SZ,,rejected_signal,,32.954159,,1.01816678,,未满足 MA5>MA10>MA20>MA60; 60日趋势强度不足
2026-08-11,002196.SZ,,rejected_signal,,7.257334,,0.87738746,,未满足 MA5>MA10>MA20>MA60; 60日趋势强度不足
2026-08-11,002197.SZ,,rejected_signal,,32.884071,,1.11977386,,60日趋势强度不足
2026-08-11,002198.SZ,,rejected_universe,,4.267457,,0.96471757,,不在当日动态股票池(停牌/未上市/已退市/当前ST代理过滤)
2026-08-11,002199.SZ,,rejected_signal,,38.012486,,1.07433569,,未满足 MA5>MA10>MA20>MA60; 60日趋势强度不足; 20日年化波动过高
2026-08-11,002200.SZ,,rejected_signal,,41.280457,,1.12699151,,60日趋势强度不足
2026-08-11,002201.SZ,,rejected_signal,,2.982553,,0.80281574,,未满足 MA5>MA10>MA20>MA60; 20日动量低于门槛; 60日趋势强度不足
2026-08-11,002202.SZ,,rejected_signal,,17.975702,,0.90351599,,未满足 MA5>MA10>MA20>MA60; 60日趋势强度不足
2026-08-11,002203.SZ,,rejected_signal,,2.765229,,0.94424975,,未满足 MA5>MA10>MA20>MA60; 20日动量低于门槛; 60日趋势强度不足
2026-08-11,002204.SZ,,rejected_signal,,8.462182,,0.99176091,,未满足 MA5>MA10>MA20>MA60; 60日趋势强度不足
2026-08-11,002205.SZ,,rejected_signal,,16.547739,,0.92090642,,未满足 MA5>MA10>MA20>MA60; 60日趋势强度不足; 20日平均成交额不足
2026-08-11,002206.SZ,,rejected_signal,,6.367556,,0.99608552,,未满足 MA5>MA10>MA20>MA60; 20日动量低于门槛; 60日趋势强度不足
2026-08-11,002207.SZ,,rejected_universe,,2.806808,,0.84045786,,不在当日动态股票池(停牌/未上市/已退市/当前ST代理过滤)
2026-08-11,002208.SZ,,rejected_signal,,0.0,,0.6331774,,未满足 MA5>MA10>MA20>MA60; 收盘价低于MA20; 20日动量低于门槛; 60日趋势强度不足
2026-08-11,002209.SZ,,rejected_signal,,15.803658,,0.96538073,,未满足 MA5>MA10>MA20>MA60; 60日趋势强度不足
2026-08-11,002210.SZ,,rejected_signal,,14.714964,,0.97093469,,未满足 MA5>MA10>MA20>MA60; 60日趋势强度不足
2026-08-11,002211.SZ,,rejected_universe,,6.504847,,1.00555718,,不在当日动态股票池(停牌/未上市/已退市/当前ST代理过滤)
2026-08-11,002212.SZ,,rejected_signal,,32.907013,,1.07276869,,未满足 MA5>MA10>MA20>MA60; 60日趋势强度不足
2026-08-11,002213.SZ,,rejected_signal,,0.193062,,0.75394213,,未满足 MA5>MA10>MA20>MA60; 20日动量低于门槛; 60日趋势强度不足
2026-08-11,002214.SZ,,rejected_signal,,37.365509,,1.0,,未满足 MA5>MA10>MA20>MA60; 60日趋势强度不足
2026-08-11,002215.SZ,,rejected_signal,,11.482336,,1.02122641,,未满足 MA5>MA10>MA20>MA60; 20日动量低于门槛; 60日趋势强度不足
2026-08-11,002216.SZ,,rejected_signal,,15.749418,,1.02545702,,未满足 MA5>MA10>MA20>MA60; 收盘价低于MA20; 20日动量低于门槛; 60日趋势强度不足
2026-08-11,002217.SZ,,rejected_universe,,3.445644,,0.78955662,,不在当日动态股票池(停牌/未上市/已退市/当前ST代理过滤)
2026-08-11,002218.SZ,,rejected_signal,,30.612019,,1.01127541,,未满足 MA5>MA10>MA20>MA60; 60日趋势强度不足
2026-08-11,002219.SZ,,rejected_signal,,37.939484,,1.05108249,,60日趋势强度不足
2026-08-11,002221.SZ,,rejected_signal,,12.348975,,0.970478,,未满足 MA5>MA10>MA20>MA60; 60日趋势强度不足
2026-08-11,002222.SZ,,rejected_signal,,5.851045,,0.58578956,,未满足 MA5>MA10>MA20>MA60; 20日动量低于门槛; 60日趋势强度不足
2026-08-11,002223.SZ,,rejected_signal,,19.90576,,1.04501772,,未满足 MA5>MA10>MA20>MA60; 收盘价低于MA20; 20日动量低于门槛; 60日趋势强度不足
2026-08-11,002224.SZ,,rejected_signal,,13.258892,,0.99896902,,未满足 MA5>MA10>MA20>MA60; 60日趋势强度不足
2026-08-11,002225.SZ,,rejected_signal,,3.482343,,0.93466932,,未满足 MA5>MA10>MA20>MA60; 20日动量低于门槛; 60日趋势强度不足
2026-08-11,002226.SZ,,rejected_signal,,35.686523,,1.0498625,,未满足 MA5>MA10>MA20>MA60; 60日趋势强度不足
2026-08-11,002227.SZ,,rejected_universe,,3.780917,,0.90709251,,不在当日动态股票池(停牌/未上市/已退市/当前ST代理过滤)
2026-08-11,002228.SZ,,rejected_signal,,4.220613,,0.99724376,,未满足 MA5>MA10>MA20>MA60; 20日动量低于门槛; 60日趋势强度不足
2026-08-11,002229.SZ,,rejected_signal,,19.455626,,0.94148046,,未满足 MA5>MA10>MA20>MA60; 60日趋势强度不足
2026-08-11,002230.SZ,,rejected_signal,,13.447791,,1.00909019,,未满足 MA5>MA10>MA20>MA60; 60日趋势强度不足
2026-08-11,002231.SZ,,rejected_universe,,0.0,,0.0,,不在当日动态股票池(停牌/未上市/已退市/当前ST代理过滤)
2026-08-11,002232.SZ,,rejected_signal,,8.001383,,0.99720407,,未满足 MA5>MA10>MA20>MA60; 60日趋势强度不足
2026-08-11,002233.SZ,,rejected_signal,,2.662383,,0.97826731,,未满足 MA5>MA10>MA20>MA60; 收盘价低于MA20; 20日动量低于门槛; 60日趋势强度不足
2026-08-11,002234.SZ,,rejected_signal,,19.954733,,0.99432659,,未满足 MA5>MA10>MA20>MA60; 60日趋势强度不足
2026-08-11,002235.SZ,,rejected_signal,,4.45622,,0.9094947,,未满足 MA5>MA10>MA20>MA60; 20日动量低于门槛; 60日趋势强度不足; 偏离MA20过远，追高风险
2026-08-11,002236.SZ,,rejected_signal,,9.010136,,1.02501774,,未满足 MA5>MA10>MA20>MA60; 20日动量低于门槛; 60日趋势强度不足
2026-08-11,002237.SZ,,rejected_signal,,37.556347,,0.99344373,,未满足 MA5>MA10>MA20>MA60; 60日趋势强度不足
2026-08-11,002238.SZ,,rejected_signal,,23.808483,,1.03612864,,未满足 MA5>MA10>MA20>MA60; 60日趋势强度不足
2026-08-11,002239.SZ,,rejected_signal,,8.599869,,1.02558994,,未满足 MA5>MA10>MA20>MA60; 60日趋势强度不足
2026-08-11,002240.SZ,,rejected_signal,,6.159688,,0.72012579,,未满足 MA5>MA10>MA20>MA60; 20日动量低于门槛; 60日趋势强度不足
2026-08-11,002241.SZ,,rejected_signal,,14.319071,,0.98134416,,未满足 MA5>MA10>MA20>MA60; 收盘价低于MA20; 60日趋势强度不足
2026-08-11,002242.SZ,,rejected_signal,,30.311907,,1.0554502,,未满足 MA5>MA10>MA20>MA60; 60日趋势强度不足
2026-08-11,002243.SZ,,rejected_signal,,15.99803,,0.99129617,,未满足 MA5>MA10>MA20>MA60; 60日趋势强度不足
2026-08-11,002244.SZ,,rejected_signal,,21.103508,,0.96091205,,未满足 MA5>MA10>MA20>MA60; 收盘价低于MA20; 60日趋势强度不足
2026-08-11,002245.SZ,,rejected_signal,,10.121404,,0.84122413,,未满足 MA5>MA10>MA20>MA60; 20日动量低于门槛; 60日趋势强度不足
2026-08-11,002246.SZ,,rejected_signal,,31.24345,,0.99937767,,未满足 MA5>MA10>MA20>MA60; 60日趋势强度不足
2026-08-11,002247.SZ,,rejected_signal,,9.756634,,0.97360206,,未满足 MA5>MA10>MA20>MA60; 60日趋势强度不足
2026-08-11,002248.SZ,,rejected_signal,,13.399,,0.91491729,,未满足 MA5>MA10>MA20>MA60; 60日趋势强度不足; 偏离MA20过远，追高风险
2026-08-11,002249.SZ,,rejected_signal,,10.724148,,0.95662564,,未满足 MA5>MA10>MA20>MA60; 60日趋势强度不足
2026-08-11,002250.SZ,,rejected_rank,30,52.599495,0.72897196,1.08332121,0.6766355,"信号有效, 但综合排名未进入 Top20"
2026-08-11,002251.SZ,,rejected_signal,,25.708458,,0.97705519,,未满足 MA5>MA10>MA20>MA60; 60日趋势强度不足
2026-08-11,002252.SZ,,rejected_signal,,15.508429,,1.0555172,,未满足 MA5>MA10>MA20>MA60; 收盘价低于MA20; 60日趋势强度不足
2026-08-11,002253.SZ,,rejected_signal,,4.953164,,0.99849069,,未满足 MA5>MA10>MA20>MA60; 60日趋势强度不足
2026-08-11,002254.SZ,,rejected_signal,,4.507084,,0.79489893,,未满足 MA5>MA10>MA20>MA60; 20日动量低于门槛; 60日趋势强度不足
2026-08-11,002255.SZ,,rejected_signal,,5.576804,,0.96351665,,未满足 MA5>MA10>MA20>MA60; 60日趋势强度不足
2026-08-11,002256.SZ,,rejected_signal,,16.481758,,0.87882137,,未满足 MA5>MA10>MA20>MA60; 60日趋势强度不足; 偏离MA20过远，追高风险
2026-08-11,002258.SZ,,rejected_signal,,39.46246,,1.09311461,,未满足 MA5>MA10>MA20>MA60
2026-08-11,002259.SZ,,rejected_signal,,12.431308,,0.92450178,,未满足 MA5>MA10>MA20>MA60; 60日趋势强度不足
2026-08-11,002261.SZ,,rejected_signal,,8.192687,,0.94037318,,未满足 MA5>MA10>MA20>MA60; 收盘价低于MA20; 20日动量低于门槛; 60日趋势强度不足
2026-08-11,002262.SZ,,rejected_signal,,51.7995,,1.08191574,,未满足 MA5>MA10>MA20>MA60
2026-08-11,002263.SZ,,rejected_signal,,12.389975,,0.88798809,,未满足 MA5>MA10>MA20>MA60; 60日趋势强度不足
2026-08-11,002264.SZ,,rejected_signal,,35.744656,,1.05162239,,60日趋势强度不足
2026-08-11,002265.SZ,,rejected_signal,,37.404327,,1.02053738,,未满足 MA5>MA10>MA20>MA60; 60日趋势强度不足
2026-08-11,002266.SZ,,rejected_signal,,16.289034,,0.98146129,,未满足 MA5>MA10>MA20>MA60; 20日动量低于门槛; 60日趋势强度不足
2026-08-11,002267.SZ,,rejected_signal,,6.759164,,1.03452611,,未满足 MA5>MA10>MA20>MA60; 收盘价低于MA20; 20日动量低于门槛; 60日趋势强度不足
2026-08-11,002268.SZ,,rejected_signal,,21.715794,,1.05261672,,60日趋势强度不足
2026-08-11,002269.SZ,,rejected_signal,,16.596851,,0.99975872,,未满足 MA5>MA10>MA20>MA60; 60日趋势强度不足
2026-08-11,002270.SZ,,rejected_signal,,35.667179,,1.02507114,,未满足 MA5>MA10>MA20>MA60; 60日趋势强度不足
2026-08-11,002271.SZ,,rejected_signal,,15.016381,,0.95669234,,未满足 MA5>MA10>MA20>MA60; 60日趋势强度不足
2026-08-11,002272.SZ,,rejected_signal,,0.0,,0.68780315,,未满足 MA5>MA10>MA20>MA60; 收盘价低于MA20; 20日动量低于门槛; 60日趋势强度不足
2026-08-11,002273.SZ,,rejected_signal,,4.825813,,0.7763294,,未满足 MA5>MA10>MA20>MA60; 20日动量低于门槛; 60日趋势强度不足
2026-08-11,002274.SZ,,rejected_signal,,20.736681,,1.02742982,,60日趋势强度不足
2026-08-11,002275.SZ,,rejected_signal,,8.140538,,1.02099764,,未满足 MA5>MA10>MA20>MA60; 20日动量低于门槛; 60日趋势强度不足
2026-08-11,002276.SZ,,rejected_signal,,19.242628,,0.99376822,,未满足 MA5>MA10>MA20>MA60; 60日趋势强度不足
2026-08-11,002277.SZ,,rejected_signal,,4.09813,,0.95275509,,未满足 MA5>MA10>MA20>MA60; 60日趋势强度不足
2026-08-11,002278.SZ,,rejected_signal,,14.218812,,0.97748685,,未满足 MA5>MA10>MA20>MA60; 60日趋势强度不足
2026-08-11,002279.SZ,,rejected_signal,,43.276531,,1.08343852,,未满足 MA5>MA10>MA20>MA60; 60日趋势强度不足
2026-08-11,002280.SZ,,rejected_universe,,0.0,,0.0,,不在当日动态股票池(停牌/未上市/已退市/当前ST代理过滤)
2026-08-11,002281.SZ,,rejected_signal,,4.856137,,0.80067104,,未满足 MA5>MA10>MA20>MA60; 20日动量低于门槛; 60日趋势强度不足; 20日年化波动过高
2026-08-11,002282.SZ,,rejected_signal,,6.496271,,0.9861204,,未满足 MA5>MA10>MA20>MA60; 20日动量低于门槛; 60日趋势强度不足; 20日平均成交额不足
2026-08-11,002283.SZ,,rejected_signal,,13.395679,,0.87696892,,未满足 MA5>MA10>MA20>MA60; 60日趋势强度不足
2026-08-11,002284.SZ,,rejected_signal,,6.834999,,0.93625808,,未满足 MA5>MA10>MA20>MA60; 60日趋势强度不足
2026-08-11,002285.SZ,,rejected_signal,,16.032803,,0.94260824,,未满足 MA5>MA10>MA20>MA60; 60日趋势强度不足
2026-08-11,002286.SZ,,rejected_signal,,1.828388,,0.94847506,,未满足 MA5>MA10>MA20>MA60; 20日动量低于门槛; 60日趋势强度不足
2026-08-11,002287.SZ,,rejected_signal,,12.720209,,1.02181041,,未满足 MA5>MA10>MA20>MA60; 收盘价低于MA20; 20日动量低于门槛; 60日趋势强度不足
2026-08-11,002288.SZ,,rejected_universe,,0.0,,0.0,,不在当日动态股票池(停牌/未上市/已退市/当前ST代理过滤)
2026-08-11,002289.SZ,,rejected_signal,,7.196915,,0.77048171,,未满足 MA5>MA10>MA20>MA60; 20日动量低于门槛; 60日趋势强度不足
2026-08-11,002290.SZ,,rejected_signal,,0.0,,0.67590326,,未满足 MA5>MA10>MA20>MA60; 20日动量低于门槛; 60日趋势强度不足
2026-08-11,002291.SZ,,rejected_signal,,40.759953,,1.07928765,,未满足 MA5>MA10>MA20>MA60; 60日趋势强度不足
2026-08-11,002292.SZ,,rejected_signal,,44.532833,,1.12196803,,60日趋势强度不足
2026-08-11,002293.SZ,,rejected_signal,,19.201988,,1.04157734,,收盘价低于MA20; 20日动量低于门槛; 60日趋势强度不足
2026-08-11,002294.SZ,,rejected_signal,,15.972963,,1.00260127,,未满足 MA5>MA10>MA20>MA60; 20日动量低于门槛; 60日趋势强度不足
2026-08-11,002295.SZ,,rejected_signal,,8.129533,,0.92452013,,未满足 MA5>MA10>MA20>MA60; 60日趋势强度不足; 20日平均成交额不足
2026-08-11,002296.SZ,,rejected_signal,,2.133336,,0.96585214,,未满足 MA5>MA10>MA20>MA60; 20日动量低于门槛; 60日趋势强度不足
2026-08-11,002297.SZ,,rejected_signal,,1.990984,,0.72157598,,未满足 MA5>MA10>MA20>MA60; 20日动量低于门槛; 60日趋势强度不足
2026-08-11,002298.SZ,,rejected_signal,,36.773674,,1.05423248,,未满足 MA5>MA10>MA20>MA60; 60日趋势强度不足
2026-08-11,002299.SZ,,rejected_signal,,26.557323,,1.01617062,,60日趋势强度不足
2026-08-11,002300.SZ,,rejected_signal,,33.290874,,1.00762725,,未满足 MA5>MA10>MA20>MA60; 60日趋势强度不足
2026-08-11,002301.SZ,,rejected_signal,,3.112018,,0.90824652,,未满足 MA5>MA10>MA20>MA60; 20日动量低于门槛; 60日趋势强度不足
2026-08-11,002302.SZ,,rejected_signal,,33.557667,,0.98745608,,未满足 MA5>MA10>MA20>MA60; 60日趋势强度不足
2026-08-11,002303.SZ,,rejected_rank,33,51.791946,0.70093459,1.23980463,0.75514019,"信号有效, 但综合排名未进入 Top20"
2026-08-11,002304.SZ,,rejected_signal,,20.146896,,1.0305599,,未满足 MA5>MA10>MA20>MA60; 60日趋势强度不足
2026-08-11,002305.SZ,,rejected_universe,,13.839427,,0.96006364,,不在当日动态股票池(停牌/未上市/已退市/当前ST代理过滤)
2026-08-11,002306.SZ,,rejected_universe,,3.870143,,0.92534274,,不在当日动态股票池(停牌/未上市/已退市/当前ST代理过滤)
2026-08-11,002307.SZ,,rejected_signal,,8.26833,,0.92371213,,未满足 MA5>MA10>MA20>MA60; 60日趋势强度不足
2026-08-11,002308.SZ,,rejected_universe,,0.0,,0.0,,不在当日动态股票池(停牌/未上市/已退市/当前ST代理过滤)
2026-08-11,002309.SZ,,rejected_signal,,29.951611,,1.052881,,未满足 MA5>MA10>MA20>MA60; 20日涨幅过热; 60日趋势强度不足
2026-08-11,002310.SZ,,rejected_signal,,28.371643,,1.02912378,,未满足 MA5>MA10>MA20>MA60; 60日趋势强度不足
2026-08-11,002311.SZ,,rejected_signal,,16.817873,,1.04599822,,未满足 MA5>MA10>MA20>MA60; 收盘价低于MA20; 60日趋势强度不足
2026-08-11,002312.SZ,,rejected_signal,,10.749372,,0.96259707,,未满足 MA5>MA10>MA20>MA60; 60日趋势强度不足
2026-08-11,002313.SZ,,rejected_signal,,10.000146,,0.97863668,,未满足 MA5>MA10>MA20>MA60; 60日趋势强度不足
2026-08-11,002314.SZ,,rejected_signal,,9.210913,,0.98043573,,未满足 MA5>MA10>MA20>MA60; 60日趋势强度不足
2026-08-11,002315.SZ,,rejected_signal,,41.984982,,1.08220088,,60日趋势强度不足
2026-08-11,002316.SZ,,rejected_signal,,18.182043,,1.00114393,,未满足 MA5>MA10>MA20>MA60; 60日趋势强度不足
2026-08-11,002317.SZ,,rejected_signal,,43.046146,,1.07251835,,未满足 MA5>MA10>MA20>MA60; 20日动量低于门槛
2026-08-11,002318.SZ,,rejected_signal,,14.178549,,0.94271427,,未满足 MA5>MA10>MA20>MA60; 60日趋势强度不足
2026-08-11,002319.SZ,,rejected_signal,,20.695646,,0.96539247,,未满足 MA5>MA10>MA20>MA60; 60日趋势强度不足
2026-08-11,002320.SZ,,rejected_signal,,12.341889,,0.99913907,,未满足 MA5>MA10>MA20>MA60; 60日趋势强度不足
2026-08-11,002321.SZ,,rejected_signal,,25.030989,,1.03853631,,60日趋势强度不足
2026-08-11,002322.SZ,,rejected_signal,,16.014124,,1.0130794,,未满足 MA5>MA10>MA20>MA60; 60日趋势强度不足
2026-08-11,002323.SZ,,rejected_universe,,8.058244,,0.97878051,,不在当日动态股票池(停牌/未上市/已退市/当前ST代理过滤)
2026-08-11,002324.SZ,,rejected_signal,,3.250191,,0.84078556,,未满足 MA5>MA10>MA20>MA60; 20日动量低于门槛; 60日趋势强度不足
2026-08-11,002325.SZ,,rejected_universe,,0.0,,0.0,,不在当日动态股票池(停牌/未上市/已退市/当前ST代理过滤)
2026-08-11,002326.SZ,,rejected_signal,,7.465,,0.87828541,,未满足 MA5>MA10>MA20>MA60; 60日趋势强度不足
2026-08-11,002327.SZ,,rejected_signal,,17.544828,,1.01116621,,未满足 MA5>MA10>MA20>MA60; 60日趋势强度不足
2026-08-11,002328.SZ,,rejected_signal,,3.222642,,0.86541706,,未满足 MA5>MA10>MA20>MA60; 20日动量低于门槛; 60日趋势强度不足
2026-08-11,002329.SZ,,rejected_signal,,6.345953,,0.96358949,,未满足 MA5>MA10>MA20>MA60; 60日趋势强度不足
2026-08-11,002330.SZ,,rejected_signal,,12.494289,,1.00515151,,未满足 MA5>MA10>MA20>MA60; 60日趋势强度不足
2026-08-11,002331.SZ,,rejected_signal,,1.877999,,0.91983175,,未满足 MA5>MA10>MA20>MA60; 60日趋势强度不足
2026-08-11,002332.SZ,,rejected_signal,,12.100445,,1.03336596,,未满足 MA5>MA10>MA20>MA60; 收盘价低于MA20; 20日动量低于门槛; 60日趋势强度不足
2026-08-11,002333.SZ,,rejected_rank,68,43.649109,0.37383178,1.06464362,0.35887849,"信号有效, 但综合排名未进入 Top20"
2026-08-11,002334.SZ,,rejected_signal,,10.587167,,0.89384073,,未满足 MA5>MA10>MA20>MA60; 20日动量低于门槛; 60日趋势强度不足
2026-08-11,002335.SZ,,rejected_signal,,12.668918,,0.85111529,,未满足 MA5>MA10>MA20>MA60; 20日动量低于门槛; 60日趋势强度不足
2026-08-11,002336.SZ,,rejected_universe,,0.0,,0.0,,不在当日动态股票池(停牌/未上市/已退市/当前ST代理过滤)
2026-08-11,002337.SZ,,rejected_signal,,6.488515,,0.96377265,,未满足 MA5>MA10>MA20>MA60; 60日趋势强度不足
2026-08-11,002338.SZ,,rejected_signal,,9.556203,,0.76463079,,未满足 MA5>MA10>MA20>MA60; 20日动量低于门槛; 60日趋势强度不足
2026-08-11,002339.SZ,,rejected_signal,,21.852633,,0.98802596,,未满足 MA5>MA10>MA20>MA60; 60日趋势强度不足
2026-08-11,002340.SZ,,rejected_signal,,11.499407,,0.96157783,,未满足 MA5>MA10>MA20>MA60; 60日趋势强度不足
2026-08-11,002341.SZ,,rejected_universe,,0.0,,0.0,,不在当日动态股票池(停牌/未上市/已退市/当前ST代理过滤)
2026-08-11,002342.SZ,,rejected_signal,,5.294498,,0.7948401,,未满足 MA5>MA10>MA20>MA60; 20日动量低于门槛; 60日趋势强度不足
2026-08-11,002343.SZ,,rejected_signal,,38.003338,,1.05895376,,未满足 MA5>MA10>MA20>MA60; 60日趋势强度不足
2026-08-11,002344.SZ,,rejected_signal,,9.997853,,1.00708103,,未满足 MA5>MA10>MA20>MA60; 60日趋势强度不足
2026-08-11,002345.SZ,,rejected_rank,25,54.632145,0.77570093,1.03317249,0.64299065,"信号有效, 但综合排名未进入 Top20"
2026-08-11,002346.SZ,,rejected_signal,,14.341389,,0.95069629,,未满足 MA5>MA10>MA20>MA60; 20日动量低于门槛; 60日趋势强度不足
2026-08-11,002347.SZ,,rejected_signal,,19.564175,,0.94643444,,未满足 MA5>MA10>MA20>MA60; 60日趋势强度不足
2026-08-11,002348.SZ,,rejected_signal,,14.27775,,0.93800575,,未满足 MA5>MA10>MA20>MA60; 60日趋势强度不足
2026-08-11,002349.SZ,,rejected_signal,,13.023355,,1.01896501,,20日动量低于门槛; 60日趋势强度不足
2026-08-11,002350.SZ,,rejected_signal,,31.284407,,1.01520681,,未满足 MA5>MA10>MA20>MA60; 20日动量低于门槛; 60日趋势强度不足
2026-08-11,002351.SZ,,rejected_signal,,19.088978,,1.02642918,,未满足 MA5>MA10>MA20>MA60; 收盘价低于MA20; 60日趋势强度不足
2026-08-11,002352.SZ,,rejected_signal,,10.189937,,1.0236212,,未满足 MA5>MA10>MA20>MA60; 收盘价低于MA20; 20日动量低于门槛; 60日趋势强度不足
2026-08-11,002353.SZ,,rejected_signal,,4.205523,,0.97322899,,未满足 MA5>MA10>MA20>MA60; 20日动量低于门槛; 60日趋势强度不足; 20日年化波动过高
2026-08-11,002354.SZ,,rejected_signal,,28.598297,,1.04377043,,未满足 MA5>MA10>MA20>MA60
2026-08-11,002355.SZ,,rejected_signal,,27.930414,,0.93977237,,未满足 MA5>MA10>MA20>MA60; 60日趋势强度不足
2026-08-11,002356.SZ,,rejected_signal,,0.756294,,0.93772388,,未满足 MA5>MA10>MA20>MA60; 20日动量低于门槛; 60日趋势强度不足
2026-08-11,002357.SZ,,rejected_signal,,6.559366,,0.9307248,,未满足 MA5>MA10>MA20>MA60; 20日动量低于门槛; 60日趋势强度不足
2026-08-11,002358.SZ,,rejected_signal,,15.940462,,0.99239641,,未满足 MA5>MA10>MA20>MA60; 60日趋势强度不足
2026-08-11,002360.SZ,,rejected_universe,,2.461218,,0.96054626,,不在当日动态股票池(停牌/未上市/已退市/当前ST代理过滤)
2026-08-11,002361.SZ,,rejected_signal,,9.097355,,0.8085866,,未满足 MA5>MA10>MA20>MA60; 60日趋势强度不足
2026-08-11,002362.SZ,,rejected_signal,,13.475458,,0.99569321,,未满足 MA5>MA10>MA20>MA60; 60日趋势强度不足
2026-08-11,002363.SZ,,rejected_signal,,8.966253,,0.98147058,,未满足 MA5>MA10>MA20>MA60; 60日趋势强度不足
2026-08-11,002364.SZ,,rejected_signal,,9.518954,,0.7573036,,未满足 MA5>MA10>MA20>MA60; 20日动量低于门槛; 60日趋势强度不足; 20日年化波动过高
2026-08-11,002365.SZ,,rejected_rank,60,45.935818,0.44859812,1.10021329,0.47850466,"信号有效, 但综合排名未进入 Top20"
2026-08-11,002366.SZ,,rejected_signal,,35.185146,,1.07134008,,未满足 MA5>MA10>MA20>MA60; 60日趋势强度不足
2026-08-11,002367.SZ,,rejected_signal,,5.513643,,0.9379105,,未满足 MA5>MA10>MA20>MA60; 20日动量低于门槛; 60日趋势强度不足
2026-08-11,002368.SZ,,rejected_signal,,10.693225,,0.9983353,,未满足 MA5>MA10>MA20>MA60; 60日趋势强度不足
2026-08-11,002369.SZ,,rejected_signal,,30.395491,,0.96176261,,未满足 MA5>MA10>MA20>MA60; 60日趋势强度不足
2026-08-11,002370.SZ,,rejected_signal,,6.796894,,0.92539549,,未满足 MA5>MA10>MA20>MA60; 60日趋势强度不足
2026-08-11,002371.SZ,,rejected_signal,,21.497572,,0.952613,,未满足 MA5>MA10>MA20>MA60; 20日动量低于门槛
2026-08-11,002372.SZ,,rejected_signal,,24.865726,,1.00623655,,未满足 MA5>MA10>MA20>MA60; 60日趋势强度不足
2026-08-11,002373.SZ,,rejected_signal,,31.869253,,1.06001091,,未满足 MA5>MA10>MA20>MA60; 60日趋势强度不足
2026-08-11,002374.SZ,,rejected_signal,,23.616379,,0.9473201,,未满足 MA5>MA10>MA20>MA60; 60日趋势强度不足
2026-08-11,002375.SZ,,rejected_signal,,7.425747,,0.97506744,,未满足 MA5>MA10>MA20>MA60; 60日趋势强度不足
2026-08-11,002376.SZ,,rejected_signal,,28.649935,,1.02064371,,60日趋势强度不足
2026-08-11,002377.SZ,,rejected_signal,,3.69103,,0.94258296,,未满足 MA5>MA10>MA20>MA60; 20日动量低于门槛; 60日趋势强度不足
2026-08-11,002378.SZ,,rejected_signal,,2.838258,,0.78096056,,未满足 MA5>MA10>MA20>MA60; 20日动量低于门槛; 60日趋势强度不足
2026-08-11,002379.SZ,,rejected_signal,,45.979549,,1.05815375,,未满足 MA5>MA10>MA20>MA60; 60日趋势强度不足
2026-08-11,002380.SZ,,rejected_signal,,2.512266,,0.8505972,,未满足 MA5>MA10>MA20>MA60; 20日动量低于门槛; 60日趋势强度不足
2026-08-11,002381.SZ,,rejected_signal,,3.86841,,0.98134863,,未满足 MA5>MA10>MA20>MA60; 60日趋势强度不足; 20日平均成交额不足
2026-08-11,002382.SZ,,rejected_signal,,33.332741,,1.02647364,,未满足 MA5>MA10>MA20>MA60; 60日趋势强度不足
2026-08-11,002383.SZ,,rejected_signal,,6.128476,,0.97515422,,未满足 MA5>MA10>MA20>MA60; 60日趋势强度不足
2026-08-11,002384.SZ,,rejected_signal,,3.335424,,0.78274781,,未满足 MA5>MA10>MA20>MA60; 收盘价低于MA20; 20日动量低于门槛; 60日趋势强度不足; 20日年化波动过高
2026-08-11,002385.SZ,,rejected_signal,,6.45268,,0.99558181,,未满足 MA5>MA10>MA20>MA60; 20日动量低于门槛; 60日趋势强度不足
2026-08-11,002386.SZ,,rejected_signal,,5.10116,,0.99326497,,未满足 MA5>MA10>MA20>MA60; 20日动量低于门槛; 60日趋势强度不足
2026-08-11,002387.SZ,,rejected_signal,,0.815596,,0.89903873,,未满足 MA5>MA10>MA20>MA60; 20日动量低于门槛; 60日趋势强度不足
2026-08-11,002388.SZ,,rejected_signal,,18.33235,,0.93979931,,未满足 MA5>MA10>MA20>MA60; 20日涨幅过热; 偏离MA20过远，追高风险
2026-08-11,002389.SZ,,rejected_signal,,24.390451,,0.99562776,,未满足 MA5>MA10>MA20>MA60; 60日趋势强度不足
2026-08-11,002390.SZ,,rejected_signal,,16.747938,,1.02362573,,20日动量低于门槛; 60日趋势强度不足
2026-08-11,002391.SZ,,rejected_signal,,7.195429,,1.00302005,,未满足 MA5>MA10>MA20>MA60; 20日动量低于门槛; 60日趋势强度不足
2026-08-11,002392.SZ,,rejected_signal,,4.116879,,0.9403283,,未满足 MA5>MA10>MA20>MA60; 20日动量低于门槛; 60日趋势强度不足
2026-08-11,002393.SZ,,rejected_signal,,5.238126,,0.99811155,,未满足 MA5>MA10>MA20>MA60; 20日动量低于门槛; 60日趋势强度不足
2026-08-11,002394.SZ,,rejected_signal,,20.532486,,0.94529098,,未满足 MA5>MA10>MA20>MA60; 60日趋势强度不足
2026-08-11,002395.SZ,,rejected_signal,,2.247728,,0.94451278,,未满足 MA5>MA10>MA20>MA60; 60日趋势强度不足
2026-08-11,002396.SZ,,rejected_signal,,40.125221,,1.07445657,,未满足 MA5>MA10>MA20>MA60
2026-08-11,002397.SZ,,rejected_signal,,5.571948,,0.8744908,,未满足 MA5>MA10>MA20>MA60; 20日动量低于门槛; 60日趋势强度不足
2026-08-11,002398.SZ,,rejected_signal,,16.705139,,1.00719047,,未满足 MA5>MA10>MA20>MA60; 60日趋势强度不足
2026-08-11,002399.SZ,,rejected_rank,104,27.300608,0.03738318,1.02753568,0.04859813,"信号有效, 但综合排名未进入 Top20"
2026-08-11,002400.SZ,,rejected_signal,,30.216232,,1.01566207,,未满足 MA5>MA10>MA20>MA60; 60日趋势强度不足
2026-08-11,002401.SZ,,rejected_signal,,11.571529,,1.00734389,,未满足 MA5>MA10>MA20>MA60; 60日趋势强度不足
2026-08-11,002402.SZ,,rejected_signal,,4.642223,,0.85665619,,未满足 MA5>MA10>MA20>MA60; 20日动量低于门槛; 60日趋势强度不足
2026-08-11,002403.SZ,,rejected_signal,,1.610526,,0.95739299,,未满足 MA5>MA10>MA20>MA60; 60日趋势强度不足
2026-08-11,002404.SZ,,rejected_signal,,3.067894,,0.96591502,,未满足 MA5>MA10>MA20>MA60; 60日趋势强度不足
2026-08-11,002405.SZ,,rejected_signal,,12.259455,,0.95867777,,未满足 MA5>MA10>MA20>MA60; 60日趋势强度不足
2026-08-11,002406.SZ,,rejected_signal,,11.749762,,0.97726202,,未满足 MA5>MA10>MA20>MA60; 60日趋势强度不足
2026-08-11,002407.SZ,,rejected_signal,,4.969551,,0.80314416,,未满足 MA5>MA10>MA20>MA60; 60日趋势强度不足
2026-08-11,002408.SZ,,rejected_signal,,21.668242,,1.01305389,,未满足 MA5>MA10>MA20>MA60; 60日趋势强度不足
2026-08-11,002409.SZ,,rejected_signal,,13.354476,,0.83585781,,未满足 MA5>MA10>MA20>MA60; 20日动量低于门槛; 20日年化波动过高
2026-08-11,002410.SZ,,rejected_signal,,40.381302,,1.0704385,,60日趋势强度不足
2026-08-11,002412.SZ,,rejected_rank,41,49.877964,0.62616825,1.10396075,0.62616825,"信号有效, 但综合排名未进入 Top20"
2026-08-11,002413.SZ,,rejected_signal,,12.287106,,0.8720333,,未满足 MA5>MA10>MA20>MA60; 60日趋势强度不足
2026-08-11,002414.SZ,,rejected_signal,,17.421574,,0.96623558,,未满足 MA5>MA10>MA20>MA60; 60日趋势强度不足
2026-08-11,002415.SZ,,rejected_rank,35,51.121658,0.68224299,1.14140058,0.70654207,"信号有效, 但综合排名未进入 Top20"
2026-08-11,002416.SZ,,rejected_signal,,26.706236,,0.99267495,,未满足 MA5>MA10>MA20>MA60; 60日趋势强度不足
2026-08-11,002418.SZ,,rejected_signal,,23.019604,,0.87631172,,未满足 MA5>MA10>MA20>MA60; 60日趋势强度不足
2026-08-11,002419.SZ,,rejected_signal,,7.410897,,1.00975633,,未满足 MA5>MA10>MA20>MA60; 60日趋势强度不足
2026-08-11,002420.SZ,,rejected_signal,,17.256582,,0.99731714,,未满足 MA5>MA10>MA20>MA60; 60日趋势强度不足
2026-08-11,002421.SZ,,rejected_signal,,12.631585,,0.93239427,,未满足 MA5>MA10>MA20>MA60; 60日趋势强度不足
2026-08-11,002422.SZ,,rejected_signal,,40.151642,,1.04713726,,未满足 MA5>MA10>MA20>MA60; 20日动量低于门槛
2026-08-11,002423.SZ,,rejected_signal,,16.143211,,1.03696144,,未满足 MA5>MA10>MA20>MA60; 收盘价低于MA20; 60日趋势强度不足
2026-08-11,002424.SZ,,rejected_universe,,12.238263,,1.00525129,,不在当日动态股票池(停牌/未上市/已退市/当前ST代理过滤)
2026-08-11,002425.SZ,,rejected_signal,,38.412201,,1.0988282,,未满足 MA5>MA10>MA20>MA60; 60日趋势强度不足; 偏离MA20过远，追高风险
2026-08-11,002426.SZ,,rejected_signal,,2.354885,,0.79516613,,未满足 MA5>MA10>MA20>MA60; 20日动量低于门槛; 60日趋势强度不足
2026-08-11,002427.SZ,,rejected_signal,,9.789289,,0.95989335,,未满足 MA5>MA10>MA20>MA60; 60日趋势强度不足
2026-08-11,002428.SZ,,rejected_signal,,20.597586,,0.76053411,,未满足 MA5>MA10>MA20>MA60; 偏离MA20过远，追高风险; 20日年化波动过高
2026-08-11,002429.SZ,,rejected_signal,,9.538451,,0.75253922,,未满足 MA5>MA10>MA20>MA60; 20日动量低于门槛; 60日趋势强度不足
2026-08-11,002430.SZ,,rejected_signal,,4.276306,,0.92175215,,未满足 MA5>MA10>MA20>MA60; 20日动量低于门槛; 60日趋势强度不足
2026-08-11,002431.SZ,,rejected_universe,,1.626238,,0.9559707,,不在当日动态股票池(停牌/未上市/已退市/当前ST代理过滤)
2026-08-11,002432.SZ,,rejected_signal,,29.298357,,0.95945895,,未满足 MA5>MA10>MA20>MA60; 收盘价低于MA20; 60日趋势强度不足; 20日年化波动过高
2026-08-11,002433.SZ,,rejected_universe,,0.0,,0.0,,不在当日动态股票池(停牌/未上市/已退市/当前ST代理过滤)
2026-08-11,002434.SZ,,rejected_signal,,4.242901,,0.91669357,,未满足 MA5>MA10>MA20>MA60; 20日动量低于门槛; 60日趋势强度不足
2026-08-11,002435.SZ,,rejected_universe,,0.0,,0.0,,不在当日动态股票池(停牌/未上市/已退市/当前ST代理过滤)
2026-08-11,002436.SZ,,rejected_signal,,3.231802,,0.69840527,,未满足 MA5>MA10>MA20>MA60; 20日动量低于门槛; 60日趋势强度不足; 20日年化波动过高
2026-08-11,002437.SZ,,rejected_signal,,35.650696,,1.03131819,,偏离MA20过远，追高风险
2026-08-11,002438.SZ,,rejected_signal,,12.764122,,0.99186665,,未满足 MA5>MA10>MA20>MA60; 60日趋势强度不足
2026-08-11,002439.SZ,,rejected_signal,,33.477955,,1.04462993,,60日趋势强度不足
2026-08-11,002440.SZ,,rejected_signal,,62.852444,,1.19252229,,未满足 MA5>MA10>MA20>MA60
2026-08-11,002441.SZ,,rejected_signal,,4.847111,,0.97107935,,未满足 MA5>MA10>MA20>MA60; 60日趋势强度不足
2026-08-11,002442.SZ,,rejected_signal,,8.884328,,0.91372192,,未满足 MA5>MA10>MA20>MA60; 60日趋势强度不足
2026-08-11,002443.SZ,,rejected_signal,,10.837652,,0.79521787,,未满足 MA5>MA10>MA20>MA60; 20日动量低于门槛; 60日趋势强度不足
2026-08-11,002444.SZ,,rejected_signal,,11.311148,,0.95413035,,未满足 MA5>MA10>MA20>MA60; 60日趋势强度不足
2026-08-11,002445.SZ,,rejected_signal,,25.322041,,0.95309657,,未满足 MA5>MA10>MA20>MA60; 60日趋势强度不足
2026-08-11,002446.SZ,,rejected_signal,,0.709872,,0.80863076,,未满足 MA5>MA10>MA20>MA60; 20日动量低于门槛; 60日趋势强度不足
2026-08-11,002448.SZ,,rejected_signal,,12.985706,,0.95907444,,未满足 MA5>MA10>MA20>MA60; 60日趋势强度不足
2026-08-11,002449.SZ,,rejected_signal,,0.885685,,0.87615561,,未满足 MA5>MA10>MA20>MA60; 20日动量低于门槛; 60日趋势强度不足
2026-08-11,002451.SZ,,rejected_signal,,19.570461,,0.97197998,,未满足 MA5>MA10>MA20>MA60; 60日趋势强度不足
2026-08-11,002452.SZ,,rejected_signal,,9.094271,,0.99508667,,未满足 MA5>MA10>MA20>MA60; 60日趋势强度不足
2026-08-11,002453.SZ,,rejected_signal,,12.252277,,0.88518566,,未满足 MA5>MA10>MA20>MA60; 60日趋势强度不足
2026-08-11,002454.SZ,,rejected_signal,,8.104955,,0.96986544,,未满足 MA5>MA10>MA20>MA60; 60日趋势强度不足
2026-08-11,002455.SZ,,rejected_signal,,26.89114,,0.89830536,,未满足 MA5>MA10>MA20>MA60; 60日趋势强度不足
2026-08-11,002456.SZ,,rejected_signal,,6.419064,,0.90606952,,未满足 MA5>MA10>MA20>MA60; 收盘价低于MA20; 20日动量低于门槛; 60日趋势强度不足
2026-08-11,002457.SZ,,rejected_signal,,7.557321,,0.89018685,,未满足 MA5>MA10>MA20>MA60; 20日动量低于门槛; 60日趋势强度不足
2026-08-11,002458.SZ,,rejected_signal,,40.48859,,1.04401004,,偏离MA20过远，追高风险
2026-08-11,002459.SZ,,rejected_signal,,15.075644,,0.95196062,,未满足 MA5>MA10>MA20>MA60; 60日趋势强度不足
2026-08-11,002460.SZ,,rejected_signal,,8.366518,,0.83425713,,未满足 MA5>MA10>MA20>MA60; 20日动量低于门槛; 60日趋势强度不足
2026-08-11,002461.SZ,,rejected_signal,,20.567987,,1.03583825,,未满足 MA5>MA10>MA20>MA60; 60日趋势强度不足
2026-08-11,002462.SZ,,rejected_signal,,15.768176,,0.96559155,,未满足 MA5>MA10>MA20>MA60; 60日趋势强度不足
2026-08-11,002463.SZ,,rejected_signal,,7.679959,,0.86821133,,未满足 MA5>MA10>MA20>MA60; 20日动量低于门槛
2026-08-11,002465.SZ,,rejected_signal,,10.602695,,0.81515485,,未满足 MA5>MA10>MA20>MA60; 20日动量低于门槛; 60日趋势强度不足
2026-08-11,002466.SZ,,rejected_signal,,8.232438,,0.83353841,,未满足 MA5>MA10>MA20>MA60; 20日动量低于门槛; 60日趋势强度不足
2026-08-11,002467.SZ,,rejected_signal,,16.112591,,0.97211057,,未满足 MA5>MA10>MA20>MA60; 60日趋势强度不足
2026-08-11,002468.SZ,,rejected_signal,,4.020147,,0.98181731,,未满足 MA5>MA10>MA20>MA60; 20日动量低于门槛; 60日趋势强度不足
2026-08-11,002469.SZ,,rejected_signal,,1.989698,,0.96651,,未满足 MA5>MA10>MA20>MA60; 60日趋势强度不足
2026-08-11,002470.SZ,,rejected_signal,,6.997561,,0.93966395,,未满足 MA5>MA10>MA20>MA60; 60日趋势强度不足
2026-08-11,002471.SZ,,rejected_signal,,16.85837,,0.9191463,,未满足 MA5>MA10>MA20>MA60; 60日趋势强度不足
2026-08-11,002472.SZ,,rejected_signal,,14.762543,,0.95330435,,未满足 MA5>MA10>MA20>MA60; 20日动量低于门槛; 60日趋势强度不足
2026-08-11,002474.SZ,,rejected_signal,,38.76033,,0.98766625,,未满足 MA5>MA10>MA20>MA60; 60日趋势强度不足
2026-08-11,002475.SZ,,rejected_signal,,6.391426,,0.85476917,,未满足 MA5>MA10>MA20>MA60; 收盘价低于MA20; 20日动量低于门槛; 60日趋势强度不足
2026-08-11,002476.SZ,,rejected_signal,,3.792102,,0.92117584,,未满足 MA5>MA10>MA20>MA60; 20日动量低于门槛; 60日趋势强度不足
2026-08-11,002478.SZ,,rejected_signal,,10.90456,,0.9776172,,未满足 MA5>MA10>MA20>MA60; 60日趋势强度不足
2026-08-11,002479.SZ,,rejected_signal,,53.562252,,1.10439444,,60日趋势强度不足
2026-08-11,002480.SZ,,rejected_signal,,15.367063,,1.01328683,,未满足 MA5>MA10>MA20>MA60; 60日趋势强度不足
2026-08-11,002481.SZ,,rejected_signal,,10.769359,,1.02684152,,未满足 MA5>MA10>MA20>MA60; 20日动量低于门槛; 60日趋势强度不足
2026-08-11,002482.SZ,,rejected_signal,,7.865158,,0.95476758,,未满足 MA5>MA10>MA20>MA60; 60日趋势强度不足
2026-08-11,002483.SZ,,rejected_signal,,4.616151,,0.99521255,,未满足 MA5>MA10>MA20>MA60; 60日趋势强度不足
2026-08-11,002484.SZ,,rejected_signal,,12.590355,,0.71206427,,未满足 MA5>MA10>MA20>MA60; 收盘价低于MA20; 20日动量低于门槛; 20日年化波动过高
2026-08-11,002485.SZ,,rejected_universe,,27.495432,,1.04657578,,不在当日动态股票池(停牌/未上市/已退市/当前ST代理过滤)
2026-08-11,002486.SZ,,rejected_signal,,8.541671,,0.99897152,,未满足 MA5>MA10>MA20>MA60; 60日趋势强度不足
2026-08-11,002487.SZ,,rejected_signal,,5.112308,,0.76274967,,未满足 MA5>MA10>MA20>MA60; 20日动量低于门槛; 60日趋势强度不足
2026-08-11,002488.SZ,,rejected_signal,,7.331248,,0.95390481,,未满足 MA5>MA10>MA20>MA60; 收盘价低于MA20; 60日趋势强度不足
2026-08-11,002489.SZ,,rejected_signal,,3.355831,,0.90219569,,未满足 MA5>MA10>MA20>MA60; 20日动量低于门槛; 60日趋势强度不足
2026-08-11,002490.SZ,,rejected_signal,,19.423256,,0.98905617,,未满足 MA5>MA10>MA20>MA60; 20日动量低于门槛; 60日趋势强度不足
2026-08-11,002491.SZ,,rejected_signal,,3.695009,,0.57521594,,未满足 MA5>MA10>MA20>MA60; 20日动量低于门槛; 60日趋势强度不足
2026-08-11,002492.SZ,,rejected_signal,,8.214905,,0.95750022,,未满足 MA5>MA10>MA20>MA60; 60日趋势强度不足
2026-08-11,002493.SZ,,rejected_rank,31,52.521549,0.71962619,1.03561831,0.60373831,"信号有效, 但综合排名未进入 Top20"
2026-08-11,002494.SZ,,rejected_signal,,4.101035,,0.96168792,,未满足 MA5>MA10>MA20>MA60; 60日趋势强度不足
2026-08-11,002495.SZ,,rejected_signal,,18.058117,,1.01751721,,未满足 MA5>MA10>MA20>MA60; 60日趋势强度不足
2026-08-11,002496.SZ,,rejected_signal,,5.895712,,0.9385758,,未满足 MA5>MA10>MA20>MA60; 20日动量低于门槛; 60日趋势强度不足
2026-08-11,002497.SZ,,rejected_signal,,10.867954,,0.86259431,,未满足 MA5>MA10>MA20>MA60; 20日动量低于门槛; 60日趋势强度不足
2026-08-11,002498.SZ,,rejected_signal,,27.036804,,1.03046179,,未满足 MA5>MA10>MA20>MA60; 60日趋势强度不足
2026-08-11,002500.SZ,,rejected_signal,,9.317123,,1.03717566,,未满足 MA5>MA10>MA20>MA60; 收盘价低于MA20; 20日动量低于门槛; 60日趋势强度不足
2026-08-11,002501.SZ,,rejected_universe,,0.0,,1.01090074,,不在当日动态股票池(停牌/未上市/已退市/当前ST代理过滤)
2026-08-11,002502.SZ,,rejected_universe,,0.0,,0.0,,不在当日动态股票池(停牌/未上市/已退市/当前ST代理过滤)
2026-08-11,002505.SZ,,rejected_universe,,0.0,,0.0,,不在当日动态股票池(停牌/未上市/已退市/当前ST代理过滤)
2026-08-11,002506.SZ,,rejected_signal,,14.530828,,0.90116644,,未满足 MA5>MA10>MA20>MA60; 60日趋势强度不足
2026-08-11,002507.SZ,,rejected_signal,,8.905216,,1.03534818,,未满足 MA5>MA10>MA20>MA60; 收盘价低于MA20; 20日动量低于门槛; 60日趋势强度不足
2026-08-11,002508.SZ,,rejected_signal,,16.813044,,0.99677122,,未满足 MA5>MA10>MA20>MA60; 60日趋势强度不足
2026-08-11,002510.SZ,,rejected_signal,,13.137871,,0.95278484,,未满足 MA5>MA10>MA20>MA60; 60日趋势强度不足
2026-08-11,002511.SZ,,rejected_signal,,13.087219,,1.03602159,,未满足 MA5>MA10>MA20>MA60; 20日动量低于门槛; 60日趋势强度不足
2026-08-11,002512.SZ,,rejected_universe,,21.2166,,0.97556108,,不在当日动态股票池(停牌/未上市/已退市/当前ST代理过滤)
2026-08-11,002513.SZ,,rejected_signal,,9.635726,,0.95889425,,未满足 MA5>MA10>MA20>MA60; 60日趋势强度不足
2026-08-11,002514.SZ,,rejected_universe,,0.0,,0.72553182,,不在当日动态股票池(停牌/未上市/已退市/当前ST代理过滤)
2026-08-11,002515.SZ,,rejected_signal,,0.757885,,0.85874164,,未满足 MA5>MA10>MA20>MA60; 收盘价低于MA20; 20日动量低于门槛; 60日趋势强度不足
2026-08-11,002516.SZ,,rejected_signal,,1.645454,,0.95652902,,未满足 MA5>MA10>MA20>MA60; 20日动量低于门槛; 60日趋势强度不足
2026-08-11,002517.SZ,,rejected_signal,,48.206692,,1.14593458,,60日趋势强度不足
2026-08-11,002518.SZ,,rejected_signal,,12.818122,,0.69815153,,未满足 MA5>MA10>MA20>MA60; 20日动量低于门槛; 60日趋势强度不足
2026-08-11,002519.SZ,,rejected_signal,,18.174217,,0.92032766,,未满足 MA5>MA10>MA20>MA60; 60日趋势强度不足
2026-08-11,002520.SZ,,rejected_signal,,14.502685,,0.90112466,,未满足 MA5>MA10>MA20>MA60; 20日动量低于门槛; 60日趋势强度不足
2026-08-11,002521.SZ,,rejected_signal,,6.081568,,0.9748652,,未满足 MA5>MA10>MA20>MA60; 60日趋势强度不足
2026-08-11,002522.SZ,,rejected_signal,,3.633568,,0.82154125,,未满足 MA5>MA10>MA20>MA60; 20日动量低于门槛; 60日趋势强度不足
2026-08-11,002523.SZ,,rejected_signal,,19.209591,,1.01849234,,未满足 MA5>MA10>MA20>MA60; 60日趋势强度不足
2026-08-11,002524.SZ,,rejected_signal,,28.548988,,1.01239359,,未满足 MA5>MA10>MA20>MA60; 60日趋势强度不足
2026-08-11,002526.SZ,,rejected_signal,,16.860834,,0.97452044,,未满足 MA5>MA10>MA20>MA60; 60日趋势强度不足
2026-08-11,002527.SZ,,rejected_signal,,12.372231,,0.90839428,,未满足 MA5>MA10>MA20>MA60; 60日趋势强度不足
2026-08-11,002528.SZ,,rejected_universe,,9.883204,,1.03632891,,不在当日动态股票池(停牌/未上市/已退市/当前ST代理过滤)
2026-08-11,002529.SZ,,rejected_signal,,6.884418,,0.97486919,,未满足 MA5>MA10>MA20>MA60; 60日趋势强度不足
2026-08-11,002530.SZ,,rejected_signal,,22.939352,,0.99716729,,未满足 MA5>MA10>MA20>MA60; 60日趋势强度不足
2026-08-11,002531.SZ,,rejected_signal,,2.929167,,0.82185107,,未满足 MA5>MA10>MA20>MA60; 20日动量低于门槛; 60日趋势强度不足
2026-08-11,002532.SZ,,rejected_signal,,50.87616,,1.00778556,,未满足 MA5>MA10>MA20>MA60; 60日趋势强度不足
2026-08-11,002533.SZ,,rejected_signal,,22.144756,,1.03112638,,未满足 MA5>MA10>MA20>MA60; 60日趋势强度不足
2026-08-11,002534.SZ,,rejected_signal,,0.0,,0.82543159,,未满足 MA5>MA10>MA20>MA60; 20日动量低于门槛; 60日趋势强度不足
2026-08-11,002535.SZ,,rejected_signal,,19.135071,,0.99552363,,未满足 MA5>MA10>MA20>MA60; 60日趋势强度不足
2026-08-11,002536.SZ,,rejected_signal,,4.930167,,0.74377447,,未满足 MA5>MA10>MA20>MA60; 收盘价低于MA20; 20日动量低于门槛; 60日趋势强度不足; 20日年化波动过高
2026-08-11,002537.SZ,,rejected_signal,,23.830894,,1.0077008,,未满足 MA5>MA10>MA20>MA60; 60日趋势强度不足
2026-08-11,002538.SZ,,rejected_universe,,53.618378,,1.11720359,,不在当日动态股票池(停牌/未上市/已退市/当前ST代理过滤)
2026-08-11,002539.SZ,,rejected_signal,,35.550354,,1.02525139,,未满足 MA5>MA10>MA20>MA60; 60日趋势强度不足
2026-08-11,002540.SZ,,rejected_signal,,24.42585,,1.03888178,,未满足 MA5>MA10>MA20>MA60; 60日趋势强度不足
2026-08-11,002541.SZ,,rejected_signal,,24.369637,,1.03088164,,未满足 MA5>MA10>MA20>MA60; 收盘价低于MA20
2026-08-11,002542.SZ,,rejected_universe,,42.381699,,1.18180811,,不在当日动态股票池(停牌/未上市/已退市/当前ST代理过滤)
2026-08-11,002543.SZ,,rejected_signal,,4.551677,,1.00663137,,未满足 MA5>MA10>MA20>MA60; 20日动量低于门槛; 60日趋势强度不足
2026-08-11,002544.SZ,,rejected_signal,,7.083287,,0.88561934,,未满足 MA5>MA10>MA20>MA60; 60日趋势强度不足
2026-08-11,002545.SZ,,rejected_signal,,34.391586,,0.94663054,,未满足 MA5>MA10>MA20>MA60; 60日趋势强度不足
2026-08-11,002546.SZ,,rejected_signal,,32.779091,,1.13478124,,20日动量低于门槛; 60日趋势强度不足
2026-08-11,002547.SZ,,rejected_universe,,16.443766,,0.89157981,,不在当日动态股票池(停牌/未上市/已退市/当前ST代理过滤)
2026-08-11,002548.SZ,,rejected_signal,,7.892575,,0.97260058,,未满足 MA5>MA10>MA20>MA60; 20日动量低于门槛; 60日趋势强度不足
2026-08-11,002549.SZ,,rejected_signal,,3.446082,,0.81581312,,未满足 MA5>MA10>MA20>MA60; 20日动量低于门槛; 60日趋势强度不足
2026-08-11,002550.SZ,,rejected_signal,,25.36166,,1.07986391,,收盘价低于MA20; 20日动量低于门槛; 60日趋势强度不足
2026-08-11,002551.SZ,,rejected_signal,,26.556263,,1.03818703,,未满足 MA5>MA10>MA20>MA60; 60日趋势强度不足
2026-08-11,002552.SZ,,rejected_signal,,0.0,,0.49351117,,未满足 MA5>MA10>MA20>MA60; 20日动量低于门槛; 偏离MA20过远，追高风险; 20日年化波动过高
2026-08-11,002553.SZ,,rejected_signal,,7.984908,,0.96225524,,未满足 MA5>MA10>MA20>MA60; 60日趋势强度不足
2026-08-11,002554.SZ,,rejected_signal,,9.578881,,0.9462744,,未满足 MA5>MA10>MA20>MA60; 20日动量低于门槛; 60日趋势强度不足
2026-08-11,002555.SZ,,rejected_signal,,28.214523,,1.06181407,,60日趋势强度不足
2026-08-11,002556.SZ,,rejected_signal,,19.511621,,1.01076901,,未满足 MA5>MA10>MA20>MA60; 60日趋势强度不足
2026-08-11,002557.SZ,,rejected_signal,,6.959588,,0.9988299,,未满足 MA5>MA10>MA20>MA60; 收盘价低于MA20; 20日动量低于门槛; 60日趋势强度不足
2026-08-11,002558.SZ,,rejected_signal,,32.303631,,1.10439193,,60日趋势强度不足
2026-08-11,002559.SZ,,rejected_signal,,9.519232,,0.86454421,,未满足 MA5>MA10>MA20>MA60; 20日动量低于门槛; 60日趋势强度不足
2026-08-11,002560.SZ,,rejected_signal,,3.117815,,0.85894692,,未满足 MA5>MA10>MA20>MA60; 20日动量低于门槛; 60日趋势强度不足
2026-08-11,002561.SZ,,rejected_signal,,11.51458,,0.99550575,,未满足 MA5>MA10>MA20>MA60; 60日趋势强度不足; 20日平均成交额不足
2026-08-11,002562.SZ,,rejected_signal,,9.451905,,0.97928756,,未满足 MA5>MA10>MA20>MA60; 60日趋势强度不足
2026-08-11,002563.SZ,,rejected_signal,,34.572891,,1.09338677,,未满足 MA5>MA10>MA20>MA60
2026-08-11,002564.SZ,,rejected_signal,,22.765249,,0.95365429,,未满足 MA5>MA10>MA20>MA60; 60日趋势强度不足
2026-08-11,002565.SZ,,rejected_signal,,3.549326,,0.75203061,,未满足 MA5>MA10>MA20>MA60; 20日动量低于门槛; 60日趋势强度不足
2026-08-11,002566.SZ,,rejected_signal,,6.415729,,0.97234762,,未满足 MA5>MA10>MA20>MA60; 60日趋势强度不足
2026-08-11,002567.SZ,,rejected_signal,,10.339377,,1.01149774,,未满足 MA5>MA10>MA20>MA60; 20日动量低于门槛; 60日趋势强度不足
2026-08-11,002568.SZ,,rejected_signal,,51.472973,,1.08272946,,未满足 MA5>MA10>MA20>MA60
2026-08-11,002569.SZ,,rejected_universe,,0.501457,,0.85607922,,不在当日动态股票池(停牌/未上市/已退市/当前ST代理过滤)
2026-08-11,002570.SZ,,rejected_signal,,24.454716,,0.97878534,,未满足 MA5>MA10>MA20>MA60; 60日趋势强度不足
2026-08-11,002571.SZ,,rejected_signal,,3.652144,,0.95725077,,未满足 MA5>MA10>MA20>MA60; 20日动量低于门槛; 60日趋势强度不足
2026-08-11,002572.SZ,,rejected_signal,,13.573109,,1.0108844,,未满足 MA5>MA10>MA20>MA60; 收盘价低于MA20; 60日趋势强度不足
2026-08-11,002573.SZ,,rejected_signal,,5.553656,,1.00983763,,未满足 MA5>MA10>MA20>MA60; 20日动量低于门槛; 60日趋势强度不足; 20日平均成交额不足
2026-08-11,002574.SZ,,rejected_signal,,18.208481,,0.99023527,,未满足 MA5>MA10>MA20>MA60; 60日趋势强度不足
2026-08-11,002575.SZ,,rejected_signal,,27.432203,,0.97954684,,未满足 MA5>MA10>MA20>MA60; 60日趋势强度不足
2026-08-11,002576.SZ,,rejected_signal,,11.370457,,0.97867638,,未满足 MA5>MA10>MA20>MA60; 60日趋势强度不足
2026-08-11,002577.SZ,,rejected_signal,,26.537727,,1.01399601,,未满足 MA5>MA10>MA20>MA60; 60日趋势强度不足
2026-08-11,002578.SZ,,rejected_signal,,13.738863,,0.91825056,,未满足 MA5>MA10>MA20>MA60; 60日趋势强度不足
2026-08-11,002579.SZ,,rejected_signal,,0.0,,0.67446351,,未满足 MA5>MA10>MA20>MA60; 20日动量低于门槛; 20日年化波动过高
2026-08-11,002580.SZ,,rejected_signal,,23.828396,,0.92797428,,未满足 MA5>MA10>MA20>MA60; 60日趋势强度不足
2026-08-11,002581.SZ,,rejected_universe,,2.234487,,0.9430179,,不在当日动态股票池(停牌/未上市/已退市/当前ST代理过滤)
2026-08-11,002582.SZ,,rejected_signal,,40.273224,,1.04634082,,60日趋势强度不足
2026-08-11,002583.SZ,,rejected_signal,,11.146825,,1.03616118,,未满足 MA5>MA10>MA20>MA60; 60日趋势强度不足
2026-08-11,002584.SZ,,rejected_signal,,2.764494,,0.90370321,,未满足 MA5>MA10>MA20>MA60; 20日动量低于门槛; 60日趋势强度不足
2026-08-11,002585.SZ,,rejected_signal,,11.480676,,0.82037735,,未满足 MA5>MA10>MA20>MA60; 偏离MA20过远，追高风险
2026-08-11,002586.SZ,,rejected_universe,,0.0,,0.90808958,,不在当日动态股票池(停牌/未上市/已退市/当前ST代理过滤)
2026-08-11,002587.SZ,,rejected_signal,,7.569501,,0.87581211,,未满足 MA5>MA10>MA20>MA60; 20日动量低于门槛; 60日趋势强度不足
2026-08-11,002588.SZ,,rejected_signal,,17.017822,,1.01804733,,未满足 MA5>MA10>MA20>MA60; 60日趋势强度不足
2026-08-11,002589.SZ,,rejected_rank,79,40.162384,0.27102804,1.01605868,0.22803739,"信号有效, 但综合排名未进入 Top20"
2026-08-11,002590.SZ,,rejected_signal,,2.727139,,0.91767174,,未满足 MA5>MA10>MA20>MA60; 60日趋势强度不足
2026-08-11,002591.SZ,,rejected_signal,,3.137299,,0.90018779,,未满足 MA5>MA10>MA20>MA60; 20日动量低于门槛; 60日趋势强度不足
2026-08-11,002592.SZ,,rejected_universe,,1.446907,,0.92905611,,不在当日动态股票池(停牌/未上市/已退市/当前ST代理过滤)
2026-08-11,002593.SZ,,rejected_signal,,16.264673,,0.99565941,,未满足 MA5>MA10>MA20>MA60; 60日趋势强度不足
2026-08-11,002594.SZ,,rejected_signal,,12.663744,,1.00916135,,未满足 MA5>MA10>MA20>MA60; 收盘价低于MA20; 20日动量低于门槛; 60日趋势强度不足
2026-08-11,002595.SZ,,rejected_signal,,42.825737,,1.04735804,,未满足 MA5>MA10>MA20>MA60; 60日趋势强度不足
2026-08-11,002596.SZ,,rejected_signal,,24.450239,,0.98252517,,未满足 MA5>MA10>MA20>MA60; 60日趋势强度不足
2026-08-11,002597.SZ,,rejected_signal,,6.592579,,1.00216341,,未满足 MA5>MA10>MA20>MA60; 20日动量低于门槛; 60日趋势强度不足
2026-08-11,002598.SZ,,rejected_universe,,6.129973,,0.973068,,不在当日动态股票池(停牌/未上市/已退市/当前ST代理过滤)
2026-08-11,002599.SZ,,rejected_signal,,39.012543,,1.0635432,,60日趋势强度不足
2026-08-11,002600.SZ,,rejected_signal,,11.951925,,0.86874133,,未满足 MA5>MA10>MA20>MA60; 20日动量低于门槛; 60日趋势强度不足
2026-08-11,002601.SZ,,rejected_signal,,23.082491,,1.03624928,,未满足 MA5>MA10>MA20>MA60; 收盘价低于MA20; 60日趋势强度不足
2026-08-11,002602.SZ,,rejected_signal,,14.697109,,1.01414883,,未满足 MA5>MA10>MA20>MA60; 60日趋势强度不足
2026-08-11,002603.SZ,,rejected_signal,,25.642496,,1.05871654,,未满足 MA5>MA10>MA20>MA60; 20日动量低于门槛
2026-08-11,002605.SZ,,rejected_signal,,3.602778,,1.01606226,,未满足 MA5>MA10>MA20>MA60; 收盘价低于MA20; 20日动量低于门槛; 60日趋势强度不足
2026-08-11,002606.SZ,,rejected_signal,,22.634373,,1.05170572,,未满足 MA5>MA10>MA20>MA60; 60日趋势强度不足
2026-08-11,002607.SZ,,rejected_signal,,37.776611,,1.03480411,,未满足 MA5>MA10>MA20>MA60; 60日趋势强度不足
2026-08-11,002608.SZ,,rejected_signal,,16.469049,,0.95856678,,未满足 MA5>MA10>MA20>MA60; 60日趋势强度不足
2026-08-11,002609.SZ,,rejected_signal,,20.147346,,1.02808976,,未满足 MA5>MA10>MA20>MA60; 60日趋势强度不足
2026-08-11,002610.SZ,,rejected_universe,,0.0,,0.0,,不在当日动态股票池(停牌/未上市/已退市/当前ST代理过滤)
2026-08-11,002611.SZ,,rejected_signal,,11.917051,,0.97543591,,未满足 MA5>MA10>MA20>MA60; 60日趋势强度不足
2026-08-11,002612.SZ,,rejected_signal,,34.560024,,1.17754984,,20日涨幅过热; 偏离MA20过远，追高风险
2026-08-11,002613.SZ,,rejected_signal,,5.880048,,0.8422786,,未满足 MA5>MA10>MA20>MA60; 60日趋势强度不足
2026-08-11,002614.SZ,,rejected_signal,,16.894037,,0.99949878,,未满足 MA5>MA10>MA20>MA60; 60日趋势强度不足
2026-08-11,002615.SZ,,rejected_signal,,3.7536,,0.91916209,,未满足 MA5>MA10>MA20>MA60; 20日动量低于门槛; 60日趋势强度不足
2026-08-11,002616.SZ,,rejected_signal,,5.026899,,0.96592343,,未满足 MA5>MA10>MA20>MA60; 20日动量低于门槛; 60日趋势强度不足
2026-08-11,002617.SZ,,rejected_signal,,4.642203,,0.77354372,,未满足 MA5>MA10>MA20>MA60; 20日动量低于门槛; 60日趋势强度不足
2026-08-11,002620.SZ,,rejected_universe,,0.0,,0.9047187,,不在当日动态股票池(停牌/未上市/已退市/当前ST代理过滤)
2026-08-11,002621.SZ,,rejected_universe,,0.0,,0.0,,不在当日动态股票池(停牌/未上市/已退市/当前ST代理过滤)
2026-08-11,002622.SZ,,rejected_signal,,32.50177,,1.01323748,,未满足 MA5>MA10>MA20>MA60; 60日趋势强度不足
2026-08-11,002623.SZ,,rejected_signal,,17.564751,,0.97599703,,未满足 MA5>MA10>MA20>MA60; 60日趋势强度不足
2026-08-11,002624.SZ,,rejected_signal,,16.519897,,0.94869328,,未满足 MA5>MA10>MA20>MA60; 60日趋势强度不足
2026-08-11,002625.SZ,,rejected_signal,,26.135307,,0.93222988,,未满足 MA5>MA10>MA20>MA60; 60日趋势强度不足
2026-08-11,002626.SZ,,rejected_signal,,24.305992,,0.99909478,,60日趋势强度不足
2026-08-11,002627.SZ,,rejected_signal,,35.886429,,1.01994979,,未满足 MA5>MA10>MA20>MA60; 60日趋势强度不足
2026-08-11,002628.SZ,,rejected_signal,,7.797068,,0.90974569,,未满足 MA5>MA10>MA20>MA60; 20日动量低于门槛; 60日趋势强度不足
2026-08-11,002629.SZ,,rejected_signal,,10.786311,,1.00103915,,未满足 MA5>MA10>MA20>MA60; 60日趋势强度不足
2026-08-11,002630.SZ,,rejected_universe,,6.287934,,0.96281344,,不在当日动态股票池(停牌/未上市/已退市/当前ST代理过滤)
2026-08-11,002631.SZ,,rejected_signal,,9.984645,,0.85269415,,未满足 MA5>MA10>MA20>MA60; 20日动量低于门槛
2026-08-11,002632.SZ,,rejected_signal,,0.0,,0.8774296,,未满足 MA5>MA10>MA20>MA60; 收盘价低于MA20; 20日动量低于门槛; 60日趋势强度不足
2026-08-11,002633.SZ,,rejected_signal,,11.669794,,0.91387767,,未满足 MA5>MA10>MA20>MA60; 20日动量低于门槛; 60日趋势强度不足
2026-08-11,002634.SZ,,rejected_universe,,10.559049,,0.93233591,,不在当日动态股票池(停牌/未上市/已退市/当前ST代理过滤)
2026-08-11,002635.SZ,,rejected_signal,,3.890235,,0.82381099,,未满足 MA5>MA10>MA20>MA60; 20日动量低于门槛; 60日趋势强度不足
2026-08-11,002636.SZ,,rejected_signal,,13.109967,,0.56298077,,未满足 MA5>MA10>MA20>MA60; 20日动量低于门槛; 20日年化波动过高
2026-08-11,002637.SZ,,rejected_signal,,3.513978,,0.97380149,,未满足 MA5>MA10>MA20>MA60; 60日趋势强度不足
2026-08-11,002638.SZ,,rejected_signal,,1.542078,,0.91007715,,未满足 MA5>MA10>MA20>MA60; 20日动量低于门槛; 60日趋势强度不足
2026-08-11,002639.SZ,,rejected_signal,,7.753639,,0.9426688,,未满足 MA5>MA10>MA20>MA60; 60日趋势强度不足
2026-08-11,002640.SZ,,rejected_signal,,32.486752,,1.02243996,,未满足 MA5>MA10>MA20>MA60; 60日趋势强度不足
2026-08-11,002641.SZ,,rejected_signal,,1.83993,,0.97365355,,未满足 MA5>MA10>MA20>MA60; 20日动量低于门槛; 60日趋势强度不足
2026-08-11,002642.SZ,,rejected_signal,,20.871813,,1.0289166,,未满足 MA5>MA10>MA20>MA60; 60日趋势强度不足
2026-08-11,002643.SZ,,rejected_signal,,2.536993,,0.8194077,,未满足 MA5>MA10>MA20>MA60; 20日动量低于门槛; 60日趋势强度不足
2026-08-11,002644.SZ,,rejected_signal,,18.057383,,1.03981507,,60日趋势强度不足
2026-08-11,002645.SZ,,rejected_signal,,3.309198,,0.6708194,,未满足 MA5>MA10>MA20>MA60; 20日动量低于门槛; 60日趋势强度不足
2026-08-11,002646.SZ,,rejected_signal,,19.509373,,0.99906087,,未满足 MA5>MA10>MA20>MA60; 60日趋势强度不足
2026-08-11,002647.SZ,,rejected_signal,,5.528687,,0.89711368,,未满足 MA5>MA10>MA20>MA60; 20日动量低于门槛; 60日趋势强度不足
2026-08-11,002648.SZ,,rejected_signal,,41.42514,,1.04917228,,60日趋势强度不足
2026-08-11,002649.SZ,,rejected_signal,,40.305916,,1.03684938,,60日趋势强度不足
2026-08-11,002650.SZ,,rejected_universe,,1.582483,,0.88562435,,不在当日动态股票池(停牌/未上市/已退市/当前ST代理过滤)
2026-08-11,002651.SZ,,rejected_signal,,18.440256,,1.02089942,,未满足 MA5>MA10>MA20>MA60; 60日趋势强度不足
2026-08-11,002652.SZ,,rejected_signal,,0.943177,,0.84492439,,未满足 MA5>MA10>MA20>MA60; 20日动量低于门槛; 60日趋势强度不足
2026-08-11,002653.SZ,,rejected_signal,,35.322514,,1.01870978,,未满足 MA5>MA10>MA20>MA60
2026-08-11,002654.SZ,,rejected_signal,,1.812434,,0.74640715,,未满足 MA5>MA10>MA20>MA60; 20日动量低于门槛; 60日趋势强度不足
2026-08-11,002655.SZ,,rejected_signal,,2.476014,,0.62142593,,未满足 MA5>MA10>MA20>MA60; 20日动量低于门槛; 60日趋势强度不足; 20日年化波动过高
2026-08-11,002656.SZ,,rejected_signal,,8.375278,,0.98555166,,未满足 MA5>MA10>MA20>MA60; 60日趋势强度不足
2026-08-11,002657.SZ,,rejected_signal,,8.423674,,0.87783349,,未满足 MA5>MA10>MA20>MA60; 60日趋势强度不足
2026-08-11,002658.SZ,,rejected_signal,,2.785623,,0.94132543,,未满足 MA5>MA10>MA20>MA60; 60日趋势强度不足
2026-08-11,002659.SZ,,rejected_signal,,43.99762,,1.19186664,,60日趋势强度不足
2026-08-11,002660.SZ,,rejected_signal,,20.267385,,0.96502316,,未满足 MA5>MA10>MA20>MA60; 60日趋势强度不足
2026-08-11,002661.SZ,,rejected_signal,,10.372589,,1.01353252,,未满足 MA5>MA10>MA20>MA60; 60日趋势强度不足; 20日平均成交额不足
2026-08-11,002662.SZ,,rejected_signal,,2.824006,,0.94214058,,未满足 MA5>MA10>MA20>MA60; 20日动量低于门槛; 60日趋势强度不足
2026-08-11,002663.SZ,,rejected_signal,,26.690063,,0.97394353,,未满足 MA5>MA10>MA20>MA60; 60日趋势强度不足
2026-08-11,002664.SZ,,rejected_signal,,2.679197,,0.90245903,,未满足 MA5>MA10>MA20>MA60; 20日动量低于门槛; 60日趋势强度不足
2026-08-11,002665.SZ,,rejected_universe,,0.0,,0.0,,不在当日动态股票池(停牌/未上市/已退市/当前ST代理过滤)
2026-08-11,002666.SZ,,rejected_signal,,9.608617,,0.98297375,,未满足 MA5>MA10>MA20>MA60; 60日趋势强度不足
2026-08-11,002667.SZ,,rejected_universe,,20.310637,,0.78493309,,不在当日动态股票池(停牌/未上市/已退市/当前ST代理过滤)
2026-08-11,002668.SZ,,rejected_signal,,15.732561,,0.98941231,,收盘价低于MA20; 20日动量低于门槛
2026-08-11,002669.SZ,,rejected_signal,,13.00299,,0.78979832,,未满足 MA5>MA10>MA20>MA60; 20日动量低于门槛; 60日趋势强度不足
2026-08-11,002670.SZ,,rejected_signal,,10.699624,,0.95374787,,未满足 MA5>MA10>MA20>MA60; 收盘价低于MA20; 20日动量低于门槛; 60日趋势强度不足
2026-08-11,002671.SZ,,rejected_signal,,4.056267,,0.96387213,,未满足 MA5>MA10>MA20>MA60; 60日趋势强度不足
2026-08-11,002672.SZ,,rejected_signal,,15.305161,,0.98788327,,未满足 MA5>MA10>MA20>MA60; 60日趋势强度不足
2026-08-11,002673.SZ,,rejected_signal,,9.546061,,1.02926326,,未满足 MA5>MA10>MA20>MA60; 收盘价低于MA20; 20日动量低于门槛; 60日趋势强度不足
2026-08-11,002674.SZ,,rejected_signal,,16.952744,,1.133847,,20日动量低于门槛; 20日年化波动过高
2026-08-11,002675.SZ,,rejected_signal,,16.254971,,1.01429832,,20日动量低于门槛
2026-08-11,002676.SZ,,rejected_signal,,5.411898,,0.97597218,,未满足 MA5>MA10>MA20>MA60; 60日趋势强度不足
2026-08-11,002677.SZ,,rejected_signal,,31.977076,,1.08470345,,未满足 MA5>MA10>MA20>MA60; 60日趋势强度不足
2026-08-11,002678.SZ,,rejected_signal,,23.622353,,0.91835999,,未满足 MA5>MA10>MA20>MA60; 60日趋势强度不足
2026-08-11,002679.SZ,,rejected_signal,,28.432566,,1.0104835,,未满足 MA5>MA10>MA20>MA60; 60日趋势强度不足; 20日平均成交额不足
2026-08-11,002681.SZ,,rejected_signal,,2.43806,,0.97302425,,未满足 MA5>MA10>MA20>MA60; 20日动量低于门槛; 60日趋势强度不足
2026-08-11,002682.SZ,,rejected_signal,,16.333763,,0.96546251,,未满足 MA5>MA10>MA20>MA60; 60日趋势强度不足
2026-08-11,002683.SZ,,rejected_signal,,7.51905,,0.95171523,,未满足 MA5>MA10>MA20>MA60; 60日趋势强度不足
2026-08-11,002685.SZ,,rejected_signal,,16.758898,,0.8115741,,未满足 MA5>MA10>MA20>MA60; 60日趋势强度不足
2026-08-11,002686.SZ,,rejected_signal,,38.049675,,1.00718272,,未满足 MA5>MA10>MA20>MA60; 60日趋势强度不足
2026-08-11,002687.SZ,,rejected_signal,,38.707684,,1.01942909,,未满足 MA5>MA10>MA20>MA60; 偏离MA20过远，追高风险
2026-08-11,002688.SZ,,rejected_signal,,12.135828,,1.00306416,,未满足 MA5>MA10>MA20>MA60; 60日趋势强度不足
2026-08-11,002689.SZ,,rejected_universe,,9.380929,,0.94304991,,不在当日动态股票池(停牌/未上市/已退市/当前ST代理过滤)
2026-08-11,002690.SZ,,rejected_signal,,19.875202,,1.0423981,,未满足 MA5>MA10>MA20>MA60; 60日趋势强度不足
2026-08-11,002691.SZ,,rejected_universe,,2.954268,,0.9232564,,不在当日动态股票池(停牌/未上市/已退市/当前ST代理过滤)
2026-08-11,002692.SZ,,rejected_signal,,21.77807,,0.99069619,,未满足 MA5>MA10>MA20>MA60; 60日趋势强度不足
2026-08-11,002693.SZ,,rejected_signal,,6.416109,,1.03668582,,未满足 MA5>MA10>MA20>MA60; 20日动量低于门槛; 60日趋势强度不足
2026-08-11,002694.SZ,,rejected_universe,,4.069094,,0.96766126,,不在当日动态股票池(停牌/未上市/已退市/当前ST代理过滤)
2026-08-11,002695.SZ,,rejected_signal,,0.0,,0.96699387,,未满足 MA5>MA10>MA20>MA60; 60日趋势强度不足
2026-08-11,002696.SZ,,rejected_signal,,20.937582,,0.99436975,,未满足 MA5>MA10>MA20>MA60; 60日趋势强度不足
2026-08-11,002697.SZ,,rejected_signal,,13.6541,,1.02462959,,未满足 MA5>MA10>MA20>MA60; 60日趋势强度不足
2026-08-11,002698.SZ,,rejected_signal,,30.095533,,1.06040704,,未满足 MA5>MA10>MA20>MA60; 60日趋势强度不足
2026-08-11,002699.SZ,,rejected_universe,,0.0,,0.0,,不在当日动态股票池(停牌/未上市/已退市/当前ST代理过滤)
2026-08-11,002700.SZ,,rejected_signal,,13.032929,,0.86762923,,未满足 MA5>MA10>MA20>MA60; 60日趋势强度不足
2026-08-11,002701.SZ,,rejected_signal,,16.805735,,1.03940725,,未满足 MA5>MA10>MA20>MA60; 60日趋势强度不足
2026-08-11,002702.SZ,,rejected_signal,,18.692789,,1.00566185,,未满足 MA5>MA10>MA20>MA60; 60日趋势强度不足
2026-08-11,002703.SZ,,rejected_signal,,28.719706,,0.95616335,,未满足 MA5>MA10>MA20>MA60; 60日趋势强度不足
2026-08-11,002705.SZ,,rejected_signal,,12.816618,,0.99095154,,未满足 MA5>MA10>MA20>MA60; 60日趋势强度不足
2026-08-11,002706.SZ,,rejected_signal,,4.402563,,0.85415989,,未满足 MA5>MA10>MA20>MA60; 收盘价低于MA20; 20日动量低于门槛; 60日趋势强度不足
2026-08-11,002707.SZ,,rejected_signal,,21.462357,,1.00363493,,未满足 MA5>MA10>MA20>MA60; 60日趋势强度不足
2026-08-11,002708.SZ,,rejected_signal,,5.103961,,0.81236905,,未满足 MA5>MA10>MA20>MA60; 20日动量低于门槛; 60日趋势强度不足
2026-08-11,002709.SZ,,rejected_signal,,9.417626,,0.79158783,,未满足 MA5>MA10>MA20>MA60; 60日趋势强度不足
2026-08-11,002712.SZ,,rejected_signal,,34.881706,,1.04699063,,未满足 MA5>MA10>MA20>MA60; 60日趋势强度不足
2026-08-11,002713.SZ,,rejected_signal,,4.646206,,0.89096379,,未满足 MA5>MA10>MA20>MA60; 20日动量低于门槛; 60日趋势强度不足
2026-08-11,002714.SZ,,rejected_signal,,25.679028,,1.02037907,,未满足 MA5>MA10>MA20>MA60; 60日趋势强度不足
2026-08-11,002715.SZ,,rejected_signal,,2.22902,,0.92460328,,未满足 MA5>MA10>MA20>MA60; 60日趋势强度不足
2026-08-11,002716.SZ,,rejected_signal,,30.520504,,0.9481535,,未满足 MA5>MA10>MA20>MA60; 60日趋势强度不足; 偏离MA20过远，追高风险
2026-08-11,002717.SZ,,rejected_universe,,11.200048,,1.02563858,,不在当日动态股票池(停牌/未上市/已退市/当前ST代理过滤)
2026-08-11,002718.SZ,,rejected_signal,,1.972445,,0.83759397,,未满足 MA5>MA10>MA20>MA60; 收盘价低于MA20; 20日动量低于门槛
2026-08-11,002719.SZ,,rejected_universe,,3.754989,,0.91042876,,不在当日动态股票池(停牌/未上市/已退市/当前ST代理过滤)
2026-08-11,002721.SZ,,rejected_signal,,32.458214,,0.98218036,,未满足 MA5>MA10>MA20>MA60; 20日涨幅过热; 60日趋势强度不足; 偏离MA20过远，追高风险
2026-08-11,002722.SZ,,rejected_signal,,12.951883,,1.00810826,,未满足 MA5>MA10>MA20>MA60; 60日趋势强度不足
2026-08-11,002723.SZ,,rejected_signal,,1.953559,,0.85401303,,未满足 MA5>MA10>MA20>MA60; 20日动量低于门槛; 60日趋势强度不足
2026-08-11,002724.SZ,,rejected_signal,,33.419453,,1.03682816,,未满足 MA5>MA10>MA20>MA60; 60日趋势强度不足
2026-08-11,002725.SZ,,rejected_signal,,6.059227,,0.87812495,,未满足 MA5>MA10>MA20>MA60; 60日趋势强度不足
2026-08-11,002726.SZ,,rejected_universe,,43.995483,,1.22711754,,不在当日动态股票池(停牌/未上市/已退市/当前ST代理过滤)
2026-08-11,002727.SZ,,rejected_signal,,36.326607,,1.04512703,,60日趋势强度不足
2026-08-11,002728.SZ,,rejected_signal,,14.175404,,1.04337656,,20日动量低于门槛; 60日趋势强度不足
2026-08-11,002729.SZ,,rejected_signal,,12.034149,,0.91259664,,未满足 MA5>MA10>MA20>MA60; 60日趋势强度不足
2026-08-11,002730.SZ,,rejected_signal,,5.60289,,0.77417243,,未满足 MA5>MA10>MA20>MA60; 20日动量低于门槛; 60日趋势强度不足
2026-08-11,002731.SZ,,rejected_universe,,0.0,,1.88727641,,不在当日动态股票池(停牌/未上市/已退市/当前ST代理过滤)
2026-08-11,002732.SZ,,rejected_signal,,17.191732,,0.999259,,未满足 MA5>MA10>MA20>MA60; 60日趋势强度不足
2026-08-11,002733.SZ,,rejected_signal,,2.629979,,0.67602605,,未满足 MA5>MA10>MA20>MA60; 20日动量低于门槛; 60日趋势强度不足
2026-08-11,002734.SZ,,rejected_signal,,6.00374,,0.84686321,,未满足 MA5>MA10>MA20>MA60; 20日动量低于门槛; 60日趋势强度不足
2026-08-11,002735.SZ,,rejected_signal,,2.263129,,0.78848368,,未满足 MA5>MA10>MA20>MA60; 60日趋势强度不足
2026-08-11,002736.SZ,,rejected_signal,,7.607268,,1.02411282,,未满足 MA5>MA10>MA20>MA60; 收盘价低于MA20; 20日动量低于门槛; 60日趋势强度不足
2026-08-11,002737.SZ,,rejected_signal,,25.531107,,1.05869472,,未满足 MA5>MA10>MA20>MA60; 60日趋势强度不足
2026-08-11,002738.SZ,,rejected_signal,,5.297092,,0.85740423,,未满足 MA5>MA10>MA20>MA60; 20日动量低于门槛; 60日趋势强度不足
2026-08-11,002739.SZ,,rejected_signal,,24.479818,,0.96723443,,未满足 MA5>MA10>MA20>MA60
2026-08-11,002741.SZ,,rejected_signal,,3.68201,,0.7258296,,未满足 MA5>MA10>MA20>MA60; 20日动量低于门槛; 60日趋势强度不足
2026-08-11,002742.SZ,,rejected_signal,,39.797573,,1.00311744,,未满足 MA5>MA10>MA20>MA60; 60日趋势强度不足; 偏离MA20过远，追高风险
2026-08-11,002743.SZ,,rejected_signal,,4.366188,,0.92864716,,未满足 MA5>MA10>MA20>MA60; 60日趋势强度不足
2026-08-11,002745.SZ,,rejected_signal,,10.628343,,0.92134511,,未满足 MA5>MA10>MA20>MA60; 20日动量低于门槛
2026-08-11,002746.SZ,,selected_signal,18,56.464897,0.84112149,1.07553971,0.7495327,quality_momentum 横截面排名进入 Top20
2026-08-11,002747.SZ,,rejected_signal,,25.152842,,0.93275219,,未满足 MA5>MA10>MA20>MA60; 20日动量低于门槛
2026-08-11,002748.SZ,,rejected_signal,,18.376459,,0.95495033,,未满足 MA5>MA10>MA20>MA60; 60日趋势强度不足
2026-08-11,002749.SZ,,rejected_signal,,23.072952,,1.00704193,,未满足 MA5>MA10>MA20>MA60; 60日趋势强度不足
2026-08-11,002750.SZ,,rejected_universe,,0.0,,0.0,,不在当日动态股票池(停牌/未上市/已退市/当前ST代理过滤)
2026-08-11,002752.SZ,,rejected_signal,,2.22383,,0.96402639,,未满足 MA5>MA10>MA20>MA60; 20日动量低于门槛; 60日趋势强度不足
2026-08-11,002753.SZ,,rejected_signal,,5.100314,,0.98388219,,未满足 MA5>MA10>MA20>MA60; 60日趋势强度不足; 20日平均成交额不足
2026-08-11,002755.SZ,,rejected_signal,,5.243074,,0.97072899,,未满足 MA5>MA10>MA20>MA60; 20日动量低于门槛; 60日趋势强度不足
2026-08-11,002756.SZ,,rejected_signal,,8.513085,,0.83973217,,未满足 MA5>MA10>MA20>MA60; 60日趋势强度不足
2026-08-11,002757.SZ,,rejected_signal,,10.879586,,0.88215238,,未满足 MA5>MA10>MA20>MA60; 60日趋势强度不足
2026-08-11,002758.SZ,,rejected_signal,,5.00001,,1.00896704,,未满足 MA5>MA10>MA20>MA60; 20日动量低于门槛; 60日趋势强度不足
2026-08-11,002759.SZ,,rejected_universe,,0.0,,0.57755017,,不在当日动态股票池(停牌/未上市/已退市/当前ST代理过滤)
2026-08-11,002760.SZ,,rejected_signal,,11.89523,,0.95127189,,未满足 MA5>MA10>MA20>MA60; 60日趋势强度不足
2026-08-11,002761.SZ,,rejected_signal,,15.940848,,1.02397728,,未满足 MA5>MA10>MA20>MA60; 60日趋势强度不足
2026-08-11,002762.SZ,,rejected_signal,,28.820368,,1.09287786,,未满足 MA5>MA10>MA20>MA60; 偏离MA20过远，追高风险
2026-08-11,002763.SZ,,rejected_signal,,11.963638,,0.9865402,,未满足 MA5>MA10>MA20>MA60; 60日趋势强度不足
2026-08-11,002765.SZ,,rejected_signal,,12.739715,,0.93652636,,未满足 MA5>MA10>MA20>MA60; 60日趋势强度不足
2026-08-11,002766.SZ,,rejected_signal,,32.471798,,0.98052824,,未满足 MA5>MA10>MA20>MA60; 60日趋势强度不足
2026-08-11,002767.SZ,,rejected_signal,,10.184804,,0.96209127,,未满足 MA5>MA10>MA20>MA60; 60日趋势强度不足
2026-08-11,002768.SZ,,rejected_rank,98,31.290113,0.09345794,1.07818723,0.15887851,"信号有效, 但综合排名未进入 Top20"
2026-08-11,002769.SZ,,rejected_signal,,14.678486,,0.97234547,,未满足 MA5>MA10>MA20>MA60; 60日趋势强度不足
2026-08-11,002771.SZ,,rejected_signal,,8.631129,,0.94267082,,未满足 MA5>MA10>MA20>MA60; 60日趋势强度不足
2026-08-11,002772.SZ,,rejected_signal,,5.808674,,0.8578136,,未满足 MA5>MA10>MA20>MA60; 20日动量低于门槛; 60日趋势强度不足
2026-08-11,002773.SZ,,rejected_signal,,18.879955,,1.0123595,,未满足 MA5>MA10>MA20>MA60; 20日动量低于门槛
2026-08-11,002774.SZ,,rejected_signal,,34.37851,,1.07322764,,未满足 MA5>MA10>MA20>MA60; 20日动量低于门槛
2026-08-11,002775.SZ,,rejected_signal,,33.572433,,1.03346562,,未满足 MA5>MA10>MA20>MA60; 60日趋势强度不足
2026-08-11,002777.SZ,,rejected_signal,,22.961973,,1.02086604,,未满足 MA5>MA10>MA20>MA60; 60日趋势强度不足
2026-08-11,002778.SZ,,rejected_signal,,12.021959,,0.91089886,,未满足 MA5>MA10>MA20>MA60; 60日趋势强度不足
2026-08-11,002779.SZ,,rejected_signal,,13.585079,,0.93736976,,未满足 MA5>MA10>MA20>MA60; 60日趋势强度不足; 偏离MA20过远，追高风险
2026-08-11,002780.SZ,,rejected_signal,,9.732084,,0.99308032,,未满足 MA5>MA10>MA20>MA60; 60日趋势强度不足
2026-08-11,002782.SZ,,rejected_signal,,2.840722,,0.69465911,,未满足 MA5>MA10>MA20>MA60; 20日动量低于门槛; 60日趋势强度不足
2026-08-11,002783.SZ,,rejected_signal,,31.865368,,0.99538171,,未满足 MA5>MA10>MA20>MA60; 60日趋势强度不足
2026-08-11,002785.SZ,,rejected_signal,,4.81082,,0.84753412,,未满足 MA5>MA10>MA20>MA60; 20日动量低于门槛; 60日趋势强度不足
2026-08-11,002786.SZ,,rejected_signal,,8.000826,,0.96252316,,未满足 MA5>MA10>MA20>MA60; 60日趋势强度不足
2026-08-11,002787.SZ,,rejected_signal,,0.0,,0.7533114,,未满足 MA5>MA10>MA20>MA60; 20日动量低于门槛; 60日趋势强度不足
2026-08-11,002788.SZ,,rejected_signal,,29.87859,,0.99947453,,未满足 MA5>MA10>MA20>MA60; 60日趋势强度不足
2026-08-11,002789.SZ,,rejected_universe,,0.0,,0.88868874,,不在当日动态股票池(停牌/未上市/已退市/当前ST代理过滤)
2026-08-11,002790.SZ,,rejected_signal,,8.438299,,0.98168063,,未满足 MA5>MA10>MA20>MA60; 60日趋势强度不足; 20日平均成交额不足
2026-08-11,002791.SZ,,rejected_signal,,30.672356,,1.04536486,,60日趋势强度不足
2026-08-11,002792.SZ,,rejected_signal,,22.809704,,0.79573882,,未满足 MA5>MA10>MA20>MA60; 60日趋势强度不足; 偏离MA20过远，追高风险; 20日年化波动过高
2026-08-11,002793.SZ,,rejected_rank,67,44.321285,0.38317758,1.15052724,0.48037383,"信号有效, 但综合排名未进入 Top20"
2026-08-11,002795.SZ,,rejected_signal,,14.258816,,0.92744249,,未满足 MA5>MA10>MA20>MA60; 60日趋势强度不足
2026-08-11,002796.SZ,,rejected_signal,,0.0,,0.67514575,,未满足 MA5>MA10>MA20>MA60; 20日动量低于门槛; 60日趋势强度不足
2026-08-11,002797.SZ,,rejected_signal,,4.984762,,1.00589859,,未满足 MA5>MA10>MA20>MA60; 收盘价低于MA20; 20日动量低于门槛; 60日趋势强度不足
2026-08-11,002798.SZ,,rejected_signal,,13.432179,,0.92290962,,未满足 MA5>MA10>MA20>MA60; 60日趋势强度不足
2026-08-11,002799.SZ,,rejected_signal,,22.496275,,0.98953414,,未满足 MA5>MA10>MA20>MA60; 60日趋势强度不足
2026-08-11,002800.SZ,,rejected_signal,,16.472572,,0.92413491,,未满足 MA5>MA10>MA20>MA60; 60日趋势强度不足
2026-08-11,002801.SZ,,rejected_signal,,8.876244,,0.96528405,,未满足 MA5>MA10>MA20>MA60; 60日趋势强度不足
2026-08-11,002802.SZ,,rejected_signal,,14.343847,,0.96253717,,未满足 MA5>MA10>MA20>MA60; 60日趋势强度不足
2026-08-11,002803.SZ,,rejected_signal,,3.737795,,0.92185766,,未满足 MA5>MA10>MA20>MA60; 收盘价低于MA20; 20日动量低于门槛; 60日趋势强度不足
2026-08-11,002805.SZ,,rejected_signal,,3.185962,,0.7808364,,未满足 MA5>MA10>MA20>MA60; 20日动量低于门槛; 60日趋势强度不足
2026-08-11,002806.SZ,,rejected_signal,,0.864004,,0.77181643,,未满足 MA5>MA10>MA20>MA60; 20日动量低于门槛; 60日趋势强度不足
2026-08-11,002807.SZ,,rejected_signal,,9.899835,,1.03617167,,未满足 MA5>MA10>MA20>MA60; 收盘价低于MA20; 20日动量低于门槛; 60日趋势强度不足
2026-08-11,002808.SZ,,rejected_universe,,0.0,,0.0,,不在当日动态股票池(停牌/未上市/已退市/当前ST代理过滤)
2026-08-11,002809.SZ,,rejected_signal,,16.277201,,0.97803849,,未满足 MA5>MA10>MA20>MA60; 60日趋势强度不足
2026-08-11,002810.SZ,,rejected_signal,,4.027723,,0.90434015,,未满足 MA5>MA10>MA20>MA60; 20日动量低于门槛; 60日趋势强度不足
2026-08-11,002811.SZ,,rejected_signal,,0.607687,,0.89944041,,未满足 MA5>MA10>MA20>MA60; 20日动量低于门槛; 60日趋势强度不足
2026-08-11,002812.SZ,,rejected_signal,,9.27832,,0.85626084,,未满足 MA5>MA10>MA20>MA60; 60日趋势强度不足
2026-08-11,002813.SZ,,rejected_signal,,23.82349,,1.01865911,,未满足 MA5>MA10>MA20>MA60; 60日趋势强度不足
2026-08-11,002815.SZ,,rejected_signal,,1.323225,,0.74719417,,未满足 MA5>MA10>MA20>MA60; 20日动量低于门槛; 60日趋势强度不足
2026-08-11,002816.SZ,,rejected_universe,,3.669983,,0.97076017,,不在当日动态股票池(停牌/未上市/已退市/当前ST代理过滤)
2026-08-11,002817.SZ,,rejected_signal,,8.187583,,0.98321718,,未满足 MA5>MA10>MA20>MA60; 60日趋势强度不足
2026-08-11,002818.SZ,,rejected_signal,,3.813746,,0.9993605,,未满足 MA5>MA10>MA20>MA60; 20日动量低于门槛; 60日趋势强度不足
2026-08-11,002819.SZ,,rejected_signal,,8.404184,,0.96036559,,未满足 MA5>MA10>MA20>MA60; 60日趋势强度不足
2026-08-11,002820.SZ,,rejected_signal,,20.36067,,1.00649357,,未满足 MA5>MA10>MA20>MA60; 60日趋势强度不足
2026-08-11,002821.SZ,,rejected_signal,,42.475555,,1.13688338,,未满足 MA5>MA10>MA20>MA60; 20日动量低于门槛
2026-08-11,002822.SZ,,rejected_universe,,20.920517,,1.08968174,,不在当日动态股票池(停牌/未上市/已退市/当前ST代理过滤)
2026-08-11,002823.SZ,,rejected_signal,,3.297085,,0.86819661,,未满足 MA5>MA10>MA20>MA60; 20日动量低于门槛; 60日趋势强度不足
2026-08-11,002824.SZ,,rejected_signal,,0.231941,,0.73956394,,未满足 MA5>MA10>MA20>MA60; 20日动量低于门槛; 60日趋势强度不足
2026-08-11,002825.SZ,,rejected_signal,,18.084303,,0.93730211,,未满足 MA5>MA10>MA20>MA60; 60日趋势强度不足; 20日平均成交额不足
2026-08-11,002826.SZ,,rejected_signal,,12.77535,,0.98190802,,未满足 MA5>MA10>MA20>MA60; 60日趋势强度不足
2026-08-11,002827.SZ,,rejected_signal,,23.978897,,1.61836326,,20日涨幅过热; 偏离MA20过远，追高风险
2026-08-11,002828.SZ,,rejected_signal,,51.495045,,1.23581398,,未满足 MA5>MA10>MA20>MA60
2026-08-11,002829.SZ,,rejected_signal,,29.485357,,0.98606688,,未满足 MA5>MA10>MA20>MA60; 60日趋势强度不足
2026-08-11,002830.SZ,,rejected_signal,,0.0,,0.83621842,,未满足 MA5>MA10>MA20>MA60; 20日动量低于门槛; 60日趋势强度不足
2026-08-11,002831.SZ,,rejected_signal,,3.971006,,0.92926353,,未满足 MA5>MA10>MA20>MA60; 20日动量低于门槛; 60日趋势强度不足
2026-08-11,002832.SZ,,selected_signal,14,58.014763,0.87850469,1.18067956,0.88598132,quality_momentum 横截面排名进入 Top20
2026-08-11,002833.SZ,,rejected_signal,,23.891619,,1.00053966,,未满足 MA5>MA10>MA20>MA60; 60日趋势强度不足
2026-08-11,002835.SZ,,rejected_signal,,15.481508,,0.98900491,,未满足 MA5>MA10>MA20>MA60; 60日趋势强度不足
2026-08-11,002836.SZ,,rejected_signal,,7.746253,,0.92766058,,未满足 MA5>MA10>MA20>MA60; 60日趋势强度不足; 20日平均成交额不足
2026-08-11,002837.SZ,,rejected_signal,,2.096212,,0.69954884,,未满足 MA5>MA10>MA20>MA60; 收盘价低于MA20; 20日动量低于门槛; 60日趋势强度不足
2026-08-11,002838.SZ,,rejected_signal,,0.0,,0.79378629,,未满足 MA5>MA10>MA20>MA60; 收盘价低于MA20; 20日动量低于门槛; 60日趋势强度不足
2026-08-11,002839.SZ,,rejected_signal,,16.197058,,1.05966055,,未满足 MA5>MA10>MA20>MA60; 收盘价低于MA20; 20日动量低于门槛; 60日趋势强度不足
2026-08-11,002840.SZ,,rejected_signal,,15.123283,,0.99071294,,未满足 MA5>MA10>MA20>MA60; 60日趋势强度不足
2026-08-11,002841.SZ,,rejected_signal,,37.976906,,1.13415253,,20日动量低于门槛
2026-08-11,002842.SZ,,rejected_signal,,18.618622,,0.8004387,,未满足 MA5>MA10>MA20>MA60; 偏离MA20过远，追高风险
2026-08-11,002843.SZ,,rejected_signal,,0.0,,0.75162506,,未满足 MA5>MA10>MA20>MA60; 收盘价低于MA20; 20日动量低于门槛; 60日趋势强度不足
2026-08-11,002845.SZ,,rejected_signal,,3.693177,,0.84335285,,未满足 MA5>MA10>MA20>MA60; 20日动量低于门槛; 60日趋势强度不足
2026-08-11,002846.SZ,,rejected_signal,,16.52327,,0.93852866,,未满足 MA5>MA10>MA20>MA60; 60日趋势强度不足
2026-08-11,002847.SZ,,rejected_signal,,27.385691,,1.00245237,,未满足 MA5>MA10>MA20>MA60; 60日趋势强度不足
2026-08-11,002848.SZ,,rejected_signal,,7.33923,,0.93933332,,未满足 MA5>MA10>MA20>MA60; 20日动量低于门槛; 60日趋势强度不足
2026-08-11,002849.SZ,,rejected_signal,,17.456812,,0.88982403,,未满足 MA5>MA10>MA20>MA60; 60日趋势强度不足
2026-08-11,002850.SZ,,rejected_signal,,9.870232,,0.96168941,,未满足 MA5>MA10>MA20>MA60; 20日动量低于门槛; 60日趋势强度不足
2026-08-11,002851.SZ,,rejected_signal,,0.0,,0.72561151,,未满足 MA5>MA10>MA20>MA60; 收盘价低于MA20; 20日动量低于门槛; 60日趋势强度不足; 20日年化波动过高
2026-08-11,002852.SZ,,rejected_signal,,12.261174,,1.01504314,,未满足 MA5>MA10>MA20>MA60; 60日趋势强度不足
2026-08-11,002853.SZ,,rejected_signal,,0.0,,0.92643088,,未满足 MA5>MA10>MA20>MA60; 20日动量低于门槛; 60日趋势强度不足
2026-08-11,002855.SZ,,rejected_signal,,16.46319,,0.94982624,,未满足 MA5>MA10>MA20>MA60; 60日趋势强度不足
2026-08-11,002856.SZ,,rejected_universe,,0.548691,,0.82834345,,不在当日动态股票池(停牌/未上市/已退市/当前ST代理过滤)
2026-08-11,002857.SZ,,rejected_signal,,7.870928,,0.96979642,,未满足 MA5>MA10>MA20>MA60; 60日趋势强度不足
2026-08-11,002858.SZ,,rejected_signal,,20.825375,,0.97681928,,未满足 MA5>MA10>MA20>MA60; 60日趋势强度不足
2026-08-11,002859.SZ,,rejected_signal,,5.744226,,0.70509034,,未满足 MA5>MA10>MA20>MA60; 偏离MA20过远，追高风险; 20日年化波动过高
2026-08-11,002860.SZ,,rejected_signal,,33.405579,,1.10433793,,未满足 MA5>MA10>MA20>MA60; 收盘价低于MA20; 20日动量低于门槛
2026-08-11,002861.SZ,,rejected_signal,,0.535654,,0.84783655,,未满足 MA5>MA10>MA20>MA60; 20日动量低于门槛; 60日趋势强度不足
2026-08-11,002862.SZ,,rejected_signal,,12.589948,,0.95957536,,未满足 MA5>MA10>MA20>MA60; 60日趋势强度不足
2026-08-11,002863.SZ,,rejected_signal,,6.364652,,0.96232879,,未满足 MA5>MA10>MA20>MA60; 60日趋势强度不足
2026-08-11,002864.SZ,,rejected_signal,,6.956308,,0.99116075,,未满足 MA5>MA10>MA20>MA60; 20日动量低于门槛; 60日趋势强度不足
2026-08-11,002865.SZ,,rejected_signal,,8.266824,,0.70496899,,未满足 MA5>MA10>MA20>MA60; 20日动量低于门槛; 60日趋势强度不足
2026-08-11,002866.SZ,,rejected_signal,,18.166767,,0.8967914,,未满足 MA5>MA10>MA20>MA60; 60日趋势强度不足
2026-08-11,002867.SZ,,rejected_signal,,40.668922,,1.08008444,,未满足 MA5>MA10>MA20>MA60
2026-08-11,002868.SZ,,rejected_signal,,4.334621,,0.87465459,,未满足 MA5>MA10>MA20>MA60; 20日动量低于门槛; 60日趋势强度不足
2026-08-11,002869.SZ,,rejected_signal,,9.849216,,0.94969726,,未满足 MA5>MA10>MA20>MA60; 60日趋势强度不足
2026-08-11,002870.SZ,,rejected_signal,,35.470417,,0.98299569,,未满足 MA5>MA10>MA20>MA60
2026-08-11,002871.SZ,,rejected_signal,,0.0,,0.83137017,,未满足 MA5>MA10>MA20>MA60; 20日动量低于门槛; 60日趋势强度不足
2026-08-11,002872.SZ,,rejected_universe,,29.426962,,1.00541949,,不在当日动态股票池(停牌/未上市/已退市/当前ST代理过滤)
2026-08-11,002873.SZ,,rejected_signal,,10.129842,,0.97392005,,未满足 MA5>MA10>MA20>MA60; 60日趋势强度不足
2026-08-11,002875.SZ,,rejected_signal,,8.79966,,0.79626125,,未满足 MA5>MA10>MA20>MA60; 60日趋势强度不足
2026-08-11,002876.SZ,,rejected_signal,,3.865741,,0.90008885,,未满足 MA5>MA10>MA20>MA60; 20日动量低于门槛; 60日趋势强度不足
2026-08-11,002877.SZ,,rejected_signal,,6.630743,,0.95766425,,未满足 MA5>MA10>MA20>MA60; 60日趋势强度不足
2026-08-11,002878.SZ,,rejected_signal,,22.813713,,0.97125828,,未满足 MA5>MA10>MA20>MA60; 60日趋势强度不足
2026-08-11,002879.SZ,,rejected_signal,,30.486643,,1.21609628,,20日涨幅过热; 60日趋势强度不足
2026-08-11,002880.SZ,,rejected_signal,,0.406078,,0.92159253,,未满足 MA5>MA10>MA20>MA60; 20日动量低于门槛; 60日趋势强度不足
2026-08-11,002881.SZ,,rejected_signal,,16.673702,,0.9099859,,未满足 MA5>MA10>MA20>MA60; 60日趋势强度不足
2026-08-11,002882.SZ,,rejected_signal,,36.377476,,1.12402642,,未满足 MA5>MA10>MA20>MA60; 60日趋势强度不足
2026-08-11,002883.SZ,,rejected_universe,,1.051956,,0.96766353,,不在当日动态股票池(停牌/未上市/已退市/当前ST代理过滤)
2026-08-11,002884.SZ,,rejected_signal,,10.754116,,1.00543761,,未满足 MA5>MA10>MA20>MA60; 收盘价低于MA20; 20日动量低于门槛; 60日趋势强度不足
2026-08-11,002885.SZ,,rejected_signal,,0.0,,0.61408818,,未满足 MA5>MA10>MA20>MA60; 20日动量低于门槛; 60日趋势强度不足
2026-08-11,002886.SZ,,rejected_signal,,1.717925,,0.71659952,,未满足 MA5>MA10>MA20>MA60; 20日动量低于门槛; 60日趋势强度不足
2026-08-11,002887.SZ,,rejected_signal,,7.51011,,0.86550117,,未满足 MA5>MA10>MA20>MA60; 60日趋势强度不足
2026-08-11,002888.SZ,,rejected_signal,,0.0,,0.8711198,,未满足 MA5>MA10>MA20>MA60; 60日趋势强度不足
2026-08-11,002889.SZ,,rejected_signal,,27.771791,,1.0327965,,未满足 MA5>MA10>MA20>MA60; 60日趋势强度不足
2026-08-11,002890.SZ,,rejected_signal,,0.969632,,0.92487097,,未满足 MA5>MA10>MA20>MA60; 20日动量低于门槛; 60日趋势强度不足
2026-08-11,002891.SZ,,rejected_signal,,46.741402,,1.08963466,,未满足 MA5>MA10>MA20>MA60; 60日趋势强度不足
2026-08-11,002892.SZ,,rejected_signal,,11.44836,,0.99469334,,未满足 MA5>MA10>MA20>MA60; 60日趋势强度不足
2026-08-11,002893.SZ,,rejected_signal,,9.535647,,0.95091057,,未满足 MA5>MA10>MA20>MA60; 60日趋势强度不足
2026-08-11,002895.SZ,,rejected_rank,29,52.79821,0.73831773,1.04179823,0.62803733,"信号有效, 但综合排名未进入 Top20"
2026-08-11,002896.SZ,,rejected_signal,,29.34816,,1.00207353,,未满足 MA5>MA10>MA20>MA60; 60日趋势强度不足; 偏离MA20过远，追高风险
2026-08-11,002897.SZ,,rejected_signal,,0.0,,0.67303616,,未满足 MA5>MA10>MA20>MA60; 收盘价低于MA20; 20日动量低于门槛; 60日趋势强度不足
2026-08-11,002898.SZ,,rejected_universe,,0.0,,0.0,,不在当日动态股票池(停牌/未上市/已退市/当前ST代理过滤)
2026-08-11,002899.SZ,,rejected_signal,,0.992676,,0.84281218,,未满足 MA5>MA10>MA20>MA60; 20日动量低于门槛; 60日趋势强度不足
2026-08-11,002900.SZ,,rejected_signal,,41.34766,,1.18524301,,20日涨幅过热; 偏离MA20过远，追高风险; 20日年化波动过高
2026-08-11,002901.SZ,,rejected_signal,,22.905655,,1.01421392,,未满足 MA5>MA10>MA20>MA60; 20日动量低于门槛
2026-08-11,002902.SZ,,rejected_signal,,2.333342,,0.80064815,,未满足 MA5>MA10>MA20>MA60; 20日动量低于门槛; 60日趋势强度不足
2026-08-11,002903.SZ,,rejected_signal,,3.153805,,0.60701889,,未满足 MA5>MA10>MA20>MA60; 20日动量低于门槛; 60日趋势强度不足
2026-08-11,002905.SZ,,rejected_signal,,28.890606,,1.00852942,,未满足 MA5>MA10>MA20>MA60; 60日趋势强度不足
2026-08-11,002906.SZ,,rejected_signal,,19.693569,,0.98042953,,未满足 MA5>MA10>MA20>MA60; 60日趋势强度不足
2026-08-11,002907.SZ,,rejected_signal,,12.329653,,1.0155741,,20日动量低于门槛
2026-08-11,002908.SZ,,rejected_signal,,33.798023,,0.99161816,,未满足 MA5>MA10>MA20>MA60; 60日趋势强度不足
2026-08-11,002909.SZ,,rejected_signal,,12.787271,,0.95098358,,未满足 MA5>MA10>MA20>MA60; 60日趋势强度不足
2026-08-11,002910.SZ,,rejected_signal,,7.235945,,0.88043576,,未满足 MA5>MA10>MA20>MA60; 60日趋势强度不足
2026-08-11,002911.SZ,,rejected_signal,,25.803408,,1.06224346,,未满足 MA5>MA10>MA20>MA60; 60日趋势强度不足
2026-08-11,002912.SZ,,rejected_signal,,37.780617,,1.06801951,,未满足 MA5>MA10>MA20>MA60; 60日趋势强度不足
2026-08-11,002913.SZ,,rejected_signal,,4.217463,,0.79879886,,未满足 MA5>MA10>MA20>MA60; 偏离MA20过远，追高风险; 20日年化波动过高
2026-08-11,002915.SZ,,rejected_signal,,7.946364,,0.85642266,,未满足 MA5>MA10>MA20>MA60; 60日趋势强度不足
2026-08-11,002916.SZ,,rejected_signal,,9.154129,,0.84453982,,未满足 MA5>MA10>MA20>MA60; 20日动量低于门槛
2026-08-11,002917.SZ,,rejected_signal,,8.368652,,0.92077929,,未满足 MA5>MA10>MA20>MA60; 60日趋势强度不足
2026-08-11,002918.SZ,,rejected_signal,,16.583202,,0.88071525,,未满足 MA5>MA10>MA20>MA60; 60日趋势强度不足
2026-08-11,002919.SZ,,rejected_signal,,9.893603,,0.86798179,,未满足 MA5>MA10>MA20>MA60; 60日趋势强度不足
2026-08-11,002920.SZ,,rejected_signal,,39.648438,,1.02740657,,未满足 MA5>MA10>MA20>MA60; 60日趋势强度不足
2026-08-11,002921.SZ,,rejected_signal,,2.352905,,0.90428436,,未满足 MA5>MA10>MA20>MA60; 20日动量低于门槛; 60日趋势强度不足
2026-08-11,002922.SZ,,rejected_signal,,8.461847,,0.76976269,,未满足 MA5>MA10>MA20>MA60; 20日动量低于门槛; 60日趋势强度不足
2026-08-11,002923.SZ,,rejected_signal,,19.715046,,1.02891982,,60日趋势强度不足
2026-08-11,002925.SZ,,rejected_signal,,34.519176,,1.03533697,,未满足 MA5>MA10>MA20>MA60
2026-08-11,002926.SZ,,rejected_signal,,8.512778,,1.02926469,,未满足 MA5>MA10>MA20>MA60; 收盘价低于MA20; 20日动量低于门槛; 60日趋势强度不足
2026-08-11,002927.SZ,,rejected_signal,,7.46742,,0.81811988,,未满足 MA5>MA10>MA20>MA60; 20日动量低于门槛; 60日趋势强度不足
2026-08-11,002928.SZ,,rejected_signal,,17.362019,,0.96374923,,未满足 MA5>MA10>MA20>MA60; 60日趋势强度不足
2026-08-11,002929.SZ,,rejected_signal,,4.042297,,0.8574006,,未满足 MA5>MA10>MA20>MA60; 20日动量低于门槛; 60日趋势强度不足
2026-08-11,002930.SZ,,rejected_signal,,7.828809,,0.91016561,,未满足 MA5>MA10>MA20>MA60; 60日趋势强度不足
2026-08-11,002931.SZ,,rejected_signal,,2.467436,,0.80930835,,未满足 MA5>MA10>MA20>MA60; 20日动量低于门槛; 60日趋势强度不足
2026-08-11,002932.SZ,,rejected_universe,,4.834854,,0.98814487,,不在当日动态股票池(停牌/未上市/已退市/当前ST代理过滤)
2026-08-11,002933.SZ,,rejected_signal,,9.86671,,0.95106471,,未满足 MA5>MA10>MA20>MA60; 60日趋势强度不足
2026-08-11,002935.SZ,,rejected_signal,,3.856766,,0.8262127,,未满足 MA5>MA10>MA20>MA60; 20日动量低于门槛; 60日趋势强度不足
2026-08-11,002936.SZ,,rejected_signal,,10.762435,,1.04152584,,未满足 MA5>MA10>MA20>MA60; 收盘价低于MA20; 20日动量低于门槛; 60日趋势强度不足
2026-08-11,002937.SZ,,rejected_signal,,0.0,,0.73595572,,未满足 MA5>MA10>MA20>MA60; 收盘价低于MA20; 20日动量低于门槛; 60日趋势强度不足
2026-08-11,002938.SZ,,rejected_signal,,5.886528,,0.88056713,,未满足 MA5>MA10>MA20>MA60; 20日动量低于门槛
2026-08-11,002939.SZ,,rejected_signal,,11.186544,,1.0057162,,未满足 MA5>MA10>MA20>MA60; 60日趋势强度不足
2026-08-11,002940.SZ,,rejected_signal,,4.988918,,0.85353422,,未满足 MA5>MA10>MA20>MA60; 20日动量低于门槛; 60日趋势强度不足
2026-08-11,002941.SZ,,rejected_signal,,32.639847,,1.03601539,,未满足 MA5>MA10>MA20>MA60; 60日趋势强度不足
2026-08-11,002942.SZ,,rejected_signal,,8.905637,,0.97131842,,未满足 MA5>MA10>MA20>MA60; 60日趋势强度不足; 20日平均成交额不足
2026-08-11,002943.SZ,,rejected_signal,,2.137956,,0.56051773,,未满足 MA5>MA10>MA20>MA60; 20日动量低于门槛; 60日趋势强度不足
2026-08-11,002945.SZ,,rejected_signal,,36.118858,,1.08277774,,未满足 MA5>MA10>MA20>MA60; 60日趋势强度不足
2026-08-11,002946.SZ,,rejected_signal,,47.738426,,1.07575226,,未满足 MA5>MA10>MA20>MA60; 60日趋势强度不足
2026-08-11,002947.SZ,,rejected_signal,,2.315299,,0.70616192,,未满足 MA5>MA10>MA20>MA60; 20日动量低于门槛; 60日趋势强度不足
2026-08-11,002948.SZ,,rejected_signal,,21.660273,,1.03072786,,未满足 MA5>MA10>MA20>MA60
2026-08-11,002949.SZ,,rejected_signal,,8.168352,,0.95544386,,未满足 MA5>MA10>MA20>MA60; 60日趋势强度不足; 20日平均成交额不足
2026-08-11,002950.SZ,,rejected_signal,,13.264303,,1.00030899,,未满足 MA5>MA10>MA20>MA60; 60日趋势强度不足
2026-08-11,002951.SZ,,rejected_signal,,0.583415,,0.87727123,,未满足 MA5>MA10>MA20>MA60; 60日趋势强度不足; 偏离MA20过远，追高风险
2026-08-11,002952.SZ,,rejected_signal,,1.443915,,0.84262919,,未满足 MA5>MA10>MA20>MA60; 20日动量低于门槛; 60日趋势强度不足
2026-08-11,002953.SZ,,rejected_signal,,27.51993,,1.01181626,,未满足 MA5>MA10>MA20>MA60; 60日趋势强度不足
2026-08-11,002955.SZ,,rejected_rank,63,44.991215,0.42056075,1.0469768,0.37943926,"信号有效, 但综合排名未进入 Top20"
2026-08-11,002956.SZ,,rejected_signal,,1.922387,,0.88042778,,未满足 MA5>MA10>MA20>MA60; 20日动量低于门槛; 60日趋势强度不足
2026-08-11,002957.SZ,,rejected_signal,,0.623658,,0.7052986,,未满足 MA5>MA10>MA20>MA60; 20日动量低于门槛; 60日趋势强度不足; 20日年化波动过高
2026-08-11,002958.SZ,,rejected_signal,,27.475161,,1.09321654,,未满足 MA5>MA10>MA20>MA60; 收盘价低于MA20
2026-08-11,002959.SZ,,rejected_signal,,9.015158,,1.00124621,,未满足 MA5>MA10>MA20>MA60; 60日趋势强度不足
2026-08-11,002960.SZ,,rejected_signal,,5.186723,,0.9633444,,未满足 MA5>MA10>MA20>MA60; 20日动量低于门槛; 60日趋势强度不足
2026-08-11,002961.SZ,,rejected_signal,,4.849628,,0.98449826,,未满足 MA5>MA10>MA20>MA60; 60日趋势强度不足
2026-08-11,002962.SZ,,rejected_signal,,8.867986,,0.76084328,,未满足 MA5>MA10>MA20>MA60; 20日动量低于门槛; 60日趋势强度不足
2026-08-11,002963.SZ,,rejected_signal,,29.484236,,0.87227243,,未满足 MA5>MA10>MA20>MA60; 60日趋势强度不足; 偏离MA20过远，追高风险; 20日年化波动过高
2026-08-11,002965.SZ,,rejected_signal,,0.0,,0.6872353,,未满足 MA5>MA10>MA20>MA60; 收盘价低于MA20; 20日动量低于门槛; 60日趋势强度不足
2026-08-11,002966.SZ,,rejected_signal,,30.028109,,1.05319548,,未满足 MA5>MA10>MA20>MA60; 60日趋势强度不足
2026-08-11,002967.SZ,,rejected_signal,,2.876535,,0.93970495,,未满足 MA5>MA10>MA20>MA60; 20日动量低于门槛; 60日趋势强度不足
2026-08-11,002968.SZ,,rejected_signal,,11.224474,,0.98037547,,未满足 MA5>MA10>MA20>MA60; 60日趋势强度不足
2026-08-11,002969.SZ,,rejected_signal,,18.747845,,0.96136063,,未满足 MA5>MA10>MA20>MA60; 60日趋势强度不足
2026-08-11,002970.SZ,,rejected_signal,,5.224758,,0.84621245,,未满足 MA5>MA10>MA20>MA60; 20日动量低于门槛; 60日趋势强度不足
2026-08-11,002971.SZ,,rejected_signal,,10.944498,,0.62778884,,未满足 MA5>MA10>MA20>MA60; 20日动量低于门槛
2026-08-11,002972.SZ,,rejected_signal,,1.234265,,0.84025562,,未满足 MA5>MA10>MA20>MA60; 20日动量低于门槛; 60日趋势强度不足
2026-08-11,002973.SZ,,rejected_signal,,10.261812,,0.81826496,,未满足 MA5>MA10>MA20>MA60; 60日趋势强度不足; 偏离MA20过远，追高风险
2026-08-11,002975.SZ,,rejected_signal,,4.136434,,0.57047617,,未满足 MA5>MA10>MA20>MA60; 20日动量低于门槛; 60日趋势强度不足; 20日年化波动过高
2026-08-11,002976.SZ,,rejected_signal,,2.71303,,0.82775277,,未满足 MA5>MA10>MA20>MA60; 20日动量低于门槛; 60日趋势强度不足
2026-08-11,002977.SZ,,rejected_universe,,0.0,,0.9070909,,不在当日动态股票池(停牌/未上市/已退市/当前ST代理过滤)
2026-08-11,002978.SZ,,rejected_signal,,18.102381,,1.00431764,,未满足 MA5>MA10>MA20>MA60; 60日趋势强度不足
2026-08-11,002979.SZ,,rejected_signal,,21.097162,,0.9828667,,20日动量低于门槛; 60日趋势强度不足
2026-08-11,002980.SZ,,rejected_signal,,0.0,,0.60709476,,未满足 MA5>MA10>MA20>MA60; 20日动量低于门槛; 60日趋势强度不足; 20日年化波动过高
2026-08-11,002981.SZ,,rejected_signal,,20.0748,,0.99735242,,未满足 MA5>MA10>MA20>MA60; 60日趋势强度不足
2026-08-11,002982.SZ,,rejected_signal,,9.908416,,0.96557271,,未满足 MA5>MA10>MA20>MA60; 60日趋势强度不足
2026-08-11,002983.SZ,,rejected_signal,,0.392632,,0.81763208,,未满足 MA5>MA10>MA20>MA60; 20日动量低于门槛; 60日趋势强度不足
2026-08-11,002984.SZ,,rejected_signal,,11.31587,,1.02032769,,未满足 MA5>MA10>MA20>MA60; 60日趋势强度不足
2026-08-11,002985.SZ,,rejected_signal,,6.673623,,0.93987095,,未满足 MA5>MA10>MA20>MA60; 60日趋势强度不足
2026-08-11,002986.SZ,,rejected_signal,,26.171074,,1.00921261,,未满足 MA5>MA10>MA20>MA60; 60日趋势强度不足
2026-08-11,002987.SZ,,rejected_signal,,35.622128,,1.04688573,,未满足 MA5>MA10>MA20>MA60; 60日趋势强度不足
2026-08-11,002988.SZ,,rejected_signal,,8.073818,,0.86026639,,未满足 MA5>MA10>MA20>MA60; 60日趋势强度不足
2026-08-11,002989.SZ,,rejected_signal,,0.0,,0.76055181,,未满足 MA5>MA10>MA20>MA60; 20日动量低于门槛; 60日趋势强度不足
2026-08-11,002990.SZ,,rejected_signal,,5.90903,,0.78268212,,未满足 MA5>MA10>MA20>MA60; 20日动量低于门槛; 60日趋势强度不足; 20日年化波动过高
2026-08-11,002991.SZ,,rejected_signal,,11.990358,,1.01260793,,未满足 MA5>MA10>MA20>MA60; 60日趋势强度不足
2026-08-11,002992.SZ,,rejected_signal,,0.0,,0.80291945,,未满足 MA5>MA10>MA20>MA60; 20日动量低于门槛; 60日趋势强度不足
2026-08-11,002993.SZ,,rejected_signal,,0.368823,,0.61194855,,未满足 MA5>MA10>MA20>MA60; 收盘价低于MA20; 20日动量低于门槛; 60日趋势强度不足
2026-08-11,002995.SZ,,rejected_signal,,21.129074,,0.96363407,,未满足 MA5>MA10>MA20>MA60; 60日趋势强度不足
2026-08-11,002996.SZ,,rejected_signal,,9.363126,,0.98783129,,未满足 MA5>MA10>MA20>MA60; 20日动量低于门槛; 60日趋势强度不足
2026-08-11,002997.SZ,,rejected_signal,,2.446918,,0.93954808,,未满足 MA5>MA10>MA20>MA60; 20日动量低于门槛; 60日趋势强度不足
2026-08-11,002998.SZ,,rejected_signal,,40.920605,,0.99147958,,未满足 MA5>MA10>MA20>MA60; 60日趋势强度不足
2026-08-11,002999.SZ,,rejected_signal,,11.235961,,0.98503584,,未满足 MA5>MA10>MA20>MA60; 60日趋势强度不足
2026-08-11,003000.SZ,,rejected_signal,,13.58954,,1.03327119,,未满足 MA5>MA10>MA20>MA60; 20日动量低于门槛; 60日趋势强度不足
2026-08-11,003001.SZ,,rejected_signal,,45.028336,,1.20092869,,60日趋势强度不足; 20日年化波动过高
2026-08-11,003002.SZ,,rejected_signal,,2.264019,,0.85104316,,未满足 MA5>MA10>MA20>MA60; 60日趋势强度不足
2026-08-11,003003.SZ,,rejected_signal,,10.276603,,0.97439861,,未满足 MA5>MA10>MA20>MA60; 60日趋势强度不足
2026-08-11,003004.SZ,,rejected_signal,,12.71788,,0.95339251,,未满足 MA5>MA10>MA20>MA60; 20日动量低于门槛
2026-08-11,003005.SZ,,rejected_signal,,19.128313,,0.99331343,,未满足 MA5>MA10>MA20>MA60; 60日趋势强度不足
2026-08-11,003006.SZ,,rejected_signal,,15.847945,,0.99840999,,未满足 MA5>MA10>MA20>MA60; 60日趋势强度不足
2026-08-11,003007.SZ,,rejected_signal,,8.728154,,0.9551037,,未满足 MA5>MA10>MA20>MA60; 60日趋势强度不足
2026-08-11,003008.SZ,,rejected_signal,,21.216843,,0.99752587,,未满足 MA5>MA10>MA20>MA60; 60日趋势强度不足; 20日平均成交额不足
2026-08-11,003009.SZ,,rejected_signal,,6.153886,,0.88059455,,未满足 MA5>MA10>MA20>MA60; 收盘价低于MA20; 20日动量低于门槛; 60日趋势强度不足
2026-08-11,003010.SZ,,rejected_signal,,39.898262,,1.05275738,,60日趋势强度不足
2026-08-11,003011.SZ,,rejected_signal,,21.179907,,0.94960743,,未满足 MA5>MA10>MA20>MA60; 60日趋势强度不足
2026-08-11,003012.SZ,,rejected_signal,,5.220863,,1.0065105,,未满足 MA5>MA10>MA20>MA60; 20日动量低于门槛; 60日趋势强度不足
2026-08-11,003013.SZ,,rejected_rank,34,51.503002,0.69158876,1.15788937,0.72897196,"信号有效, 但综合排名未进入 Top20"
2026-08-11,003015.SZ,,rejected_signal,,4.918687,,0.89977103,,未满足 MA5>MA10>MA20>MA60; 60日趋势强度不足
2026-08-11,003016.SZ,,rejected_signal,,15.845219,,0.99902236,,未满足 MA5>MA10>MA20>MA60; 60日趋势强度不足
2026-08-11,003017.SZ,,rejected_signal,,2.764224,,0.96651733,,未满足 MA5>MA10>MA20>MA60; 20日动量低于门槛; 60日趋势强度不足
2026-08-11,003018.SZ,,rejected_signal,,0.0,,0.69214886,,未满足 MA5>MA10>MA20>MA60; 20日动量低于门槛; 60日趋势强度不足; 20日年化波动过高
2026-08-11,003019.SZ,,rejected_signal,,0.827304,,0.7379511,,未满足 MA5>MA10>MA20>MA60; 20日动量低于门槛; 60日趋势强度不足
2026-08-11,003020.SZ,,rejected_signal,,22.457197,,1.04757094,,20日动量低于门槛
2026-08-11,003021.SZ,,rejected_signal,,11.547698,,0.87916952,,未满足 MA5>MA10>MA20>MA60; 20日动量低于门槛; 60日趋势强度不足
2026-08-11,003022.SZ,,rejected_signal,,3.589582,,0.85572273,,未满足 MA5>MA10>MA20>MA60; 20日动量低于门槛; 60日趋势强度不足
2026-08-11,003023.SZ,,rejected_signal,,26.628119,,0.94005507,,未满足 MA5>MA10>MA20>MA60; 20日涨幅过热; 60日趋势强度不足; 偏离MA20过远，追高风险
2026-08-11,003025.SZ,,rejected_signal,,6.654826,,0.85489374,,未满足 MA5>MA10>MA20>MA60; 20日动量低于门槛; 60日趋势强度不足
2026-08-11,003026.SZ,,rejected_signal,,0.25457,,0.78567356,,未满足 MA5>MA10>MA20>MA60; 20日动量低于门槛; 60日趋势强度不足
2026-08-11,003027.SZ,,rejected_signal,,1.536143,,0.88238215,,未满足 MA5>MA10>MA20>MA60; 60日趋势强度不足
2026-08-11,003028.SZ,,rejected_signal,,3.985618,,0.92719543,,未满足 MA5>MA10>MA20>MA60; 60日趋势强度不足; 20日平均成交额不足
2026-08-11,003029.SZ,,rejected_signal,,23.992575,,0.98797661,,未满足 MA5>MA10>MA20>MA60; 60日趋势强度不足
2026-08-11,003030.SZ,,rejected_signal,,0.25261,,0.9173584,,未满足 MA5>MA10>MA20>MA60; 20日动量低于门槛; 60日趋势强度不足
2026-08-11,003031.SZ,,rejected_signal,,11.305651,,0.66807598,,未满足 MA5>MA10>MA20>MA60; 20日动量低于门槛; 60日趋势强度不足
2026-08-11,003032.SZ,,rejected_signal,,35.52153,,1.66233361,,20日涨幅过热; 偏离MA20过远，追高风险
2026-08-11,003033.SZ,,rejected_signal,,14.141853,,0.95758969,,未满足 MA5>MA10>MA20>MA60; 20日动量低于门槛
2026-08-11,003035.SZ,,rejected_signal,,9.933283,,0.94635624,,未满足 MA5>MA10>MA20>MA60; 60日趋势强度不足
2026-08-11,003036.SZ,,rejected_signal,,11.976374,,0.58043259,,未满足 MA5>MA10>MA20>MA60; 20日动量低于门槛; 20日年化波动过高
2026-08-11,003037.SZ,,rejected_signal,,0.907219,,0.92575622,,未满足 MA5>MA10>MA20>MA60; 20日动量低于门槛; 60日趋势强度不足; 20日平均成交额不足
2026-08-11,003038.SZ,,rejected_signal,,6.341639,,0.93396807,,未满足 MA5>MA10>MA20>MA60; 60日趋势强度不足
2026-08-11,003039.SZ,,rejected_signal,,16.126579,,1.02284169,,未满足 MA5>MA10>MA20>MA60; 60日趋势强度不足
2026-08-11,003040.SZ,,rejected_signal,,39.40897,,0.96029329,,未满足 MA5>MA10>MA20>MA60; 60日趋势强度不足
2026-08-11,003041.SZ,,rejected_signal,,6.780463,,0.93094188,,未满足 MA5>MA10>MA20>MA60; 60日趋势强度不足
2026-08-11,003042.SZ,,rejected_signal,,11.387482,,0.96425635,,未满足 MA5>MA10>MA20>MA60; 60日趋势强度不足
2026-08-11,003043.SZ,,rejected_signal,,9.286083,,0.7997334,,未满足 MA5>MA10>MA20>MA60; 20日动量低于门槛; 20日年化波动过高
2026-08-11,003816.SZ,,rejected_signal,,8.682494,,0.99295563,,未满足 MA5>MA10>MA20>MA60; 收盘价低于MA20; 20日动量低于门槛; 60日趋势强度不足
2026-08-11,300001.SZ,,rejected_signal,,32.161533,,0.99607992,,未满足 MA5>MA10>MA20>MA60; 60日趋势强度不足
2026-08-11,300002.SZ,,rejected_signal,,30.055983,,1.09271049,,60日趋势强度不足
2026-08-11,300003.SZ,,rejected_signal,,20.842415,,1.04175758,,未满足 MA5>MA10>MA20>MA60; 60日趋势强度不足
2026-08-11,300004.SZ,,rejected_signal,,2.031628,,0.75159556,,未满足 MA5>MA10>MA20>MA60; 20日动量低于门槛; 60日趋势强度不足
2026-08-11,300005.SZ,,rejected_signal,,1.069662,,0.57933205,,未满足 MA5>MA10>MA20>MA60; 20日动量低于门槛; 60日趋势强度不足; 20日年化波动过高
2026-08-11,300006.SZ,,rejected_signal,,29.893684,,1.00320125,,未满足 MA5>MA10>MA20>MA60; 60日趋势强度不足
2026-08-11,300007.SZ,,rejected_signal,,9.361308,,0.90572554,,未满足 MA5>MA10>MA20>MA60; 20日动量低于门槛; 60日趋势强度不足
2026-08-11,300008.SZ,,rejected_signal,,16.00456,,0.99715149,,未满足 MA5>MA10>MA20>MA60; 60日趋势强度不足
2026-08-11,300009.SZ,,rejected_signal,,23.108421,,1.03461206,,20日动量低于门槛; 60日趋势强度不足
2026-08-11,300010.SZ,,rejected_universe,,14.963159,,0.99245757,,不在当日动态股票池(停牌/未上市/已退市/当前ST代理过滤)
2026-08-11,300011.SZ,,rejected_signal,,8.853361,,0.98034018,,未满足 MA5>MA10>MA20>MA60; 60日趋势强度不足; 20日平均成交额不足
2026-08-11,300012.SZ,,rejected_signal,,14.569001,,1.00538564,,未满足 MA5>MA10>MA20>MA60; 60日趋势强度不足
2026-08-11,300013.SZ,,rejected_signal,,10.266021,,0.90082157,,未满足 MA5>MA10>MA20>MA60; 60日趋势强度不足
2026-08-11,300014.SZ,,rejected_signal,,21.920792,,0.92705029,,未满足 MA5>MA10>MA20>MA60; 60日趋势强度不足
2026-08-11,300015.SZ,,rejected_signal,,27.011389,,1.03514266,,未满足 MA5>MA10>MA20>MA60; 60日趋势强度不足
2026-08-11,300016.SZ,,rejected_signal,,13.895874,,1.00064325,,未满足 MA5>MA10>MA20>MA60; 60日趋势强度不足
2026-08-11,300017.SZ,,rejected_signal,,14.416799,,1.01887262,,未满足 MA5>MA10>MA20>MA60; 60日趋势强度不足
2026-08-11,300018.SZ,,rejected_signal,,1.196203,,0.94667876,,未满足 MA5>MA10>MA20>MA60; 20日动量低于门槛; 60日趋势强度不足
2026-08-11,300019.SZ,,rejected_signal,,2.21071,,0.89330834,,未满足 MA5>MA10>MA20>MA60; 20日动量低于门槛; 60日趋势强度不足
2026-08-11,300020.SZ,,rejected_universe,,26.329922,,1.03296793,,不在当日动态股票池(停牌/未上市/已退市/当前ST代理过滤)
2026-08-11,300021.SZ,,rejected_signal,,7.226049,,0.9999882,,未满足 MA5>MA10>MA20>MA60; 20日动量低于门槛; 60日趋势强度不足
2026-08-11,300022.SZ,,rejected_signal,,23.421295,,0.98927629,,未满足 MA5>MA10>MA20>MA60; 60日趋势强度不足
2026-08-11,300024.SZ,,rejected_signal,,16.763109,,0.9813512,,未满足 MA5>MA10>MA20>MA60; 60日趋势强度不足
2026-08-11,300025.SZ,,rejected_signal,,35.811962,,1.03057802,,未满足 MA5>MA10>MA20>MA60; 60日趋势强度不足
2026-08-11,300026.SZ,,rejected_rank,94,32.36639,0.13084112,1.07803082,0.18691589,"信号有效, 但综合排名未进入 Top20"
2026-08-11,300027.SZ,,rejected_universe,,24.261637,,1.05139029,,不在当日动态股票池(停牌/未上市/已退市/当前ST代理过滤)
2026-08-11,300029.SZ,,rejected_universe,,0.0,,0.0,,不在当日动态股票池(停牌/未上市/已退市/当前ST代理过滤)
2026-08-11,300030.SZ,,rejected_signal,,19.34782,,1.00700676,,未满足 MA5>MA10>MA20>MA60; 60日趋势强度不足
2026-08-11,300031.SZ,,rejected_signal,,4.384018,,0.88681161,,未满足 MA5>MA10>MA20>MA60; 60日趋势强度不足
2026-08-11,300032.SZ,,rejected_signal,,12.054223,,0.9339416,,未满足 MA5>MA10>MA20>MA60; 60日趋势强度不足
2026-08-11,300033.SZ,,rejected_signal,,26.792404,,1.02177489,,未满足 MA5>MA10>MA20>MA60; 60日趋势强度不足
2026-08-11,300034.SZ,,rejected_signal,,7.135297,,0.94326651,,未满足 MA5>MA10>MA20>MA60; 20日动量低于门槛; 60日趋势强度不足
2026-08-11,300035.SZ,,rejected_signal,,13.874372,,0.92651266,,未满足 MA5>MA10>MA20>MA60; 60日趋势强度不足
2026-08-11,300036.SZ,,rejected_signal,,16.206125,,1.0016073,,未满足 MA5>MA10>MA20>MA60; 60日趋势强度不足
2026-08-11,300037.SZ,,rejected_signal,,4.739453,,0.8650524,,未满足 MA5>MA10>MA20>MA60; 20日动量低于门槛
2026-08-11,300039.SZ,,rejected_rank,42,49.787476,0.61682242,1.11910915,0.64112151,"信号有效, 但综合排名未进入 Top20"
2026-08-11,300040.SZ,,rejected_signal,,25.621,,1.01209092,,未满足 MA5>MA10>MA20>MA60; 60日趋势强度不足; 20日年化波动过高
2026-08-11,300041.SZ,,rejected_signal,,2.98987,,0.8178739,,未满足 MA5>MA10>MA20>MA60; 20日动量低于门槛; 60日趋势强度不足
2026-08-11,300042.SZ,,rejected_signal,,4.713682,,0.7128154,,未满足 MA5>MA10>MA20>MA60; 收盘价低于MA20; 20日动量低于门槛; 60日趋势强度不足; 20日年化波动过高
2026-08-11,300043.SZ,,rejected_signal,,15.439373,,1.06620049,,60日趋势强度不足
2026-08-11,300044.SZ,,rejected_universe,,0.676867,,0.9495244,,不在当日动态股票池(停牌/未上市/已退市/当前ST代理过滤)
2026-08-11,300045.SZ,,rejected_signal,,1.090509,,0.775666,,未满足 MA5>MA10>MA20>MA60; 收盘价低于MA20; 20日动量低于门槛; 60日趋势强度不足
2026-08-11,300046.SZ,,rejected_signal,,1.962384,,0.81789887,,未满足 MA5>MA10>MA20>MA60; 20日动量低于门槛; 60日趋势强度不足
2026-08-11,300047.SZ,,rejected_signal,,24.91704,,1.01425207,,未满足 MA5>MA10>MA20>MA60; 60日趋势强度不足
2026-08-11,300048.SZ,,rejected_signal,,23.33621,,1.07134712,,未满足 MA5>MA10>MA20>MA60; 60日趋势强度不足
2026-08-11,300049.SZ,,rejected_signal,,23.379047,,1.06429684,,未满足 MA5>MA10>MA20>MA60; 60日趋势强度不足
2026-08-11,300050.SZ,,rejected_signal,,10.377071,,0.8972882,,未满足 MA5>MA10>MA20>MA60; 60日趋势强度不足
2026-08-11,300051.SZ,,rejected_signal,,22.303921,,0.81816816,,未满足 MA5>MA10>MA20>MA60; 60日趋势强度不足
2026-08-11,300052.SZ,,rejected_signal,,3.929021,,1.01838398,,未满足 MA5>MA10>MA20>MA60; 60日趋势强度不足
2026-08-11,300053.SZ,,rejected_signal,,4.970313,,0.85159957,,未满足 MA5>MA10>MA20>MA60; 20日动量低于门槛; 60日趋势强度不足
2026-08-11,300054.SZ,,rejected_signal,,3.77629,,0.87291652,,未满足 MA5>MA10>MA20>MA60; 20日动量低于门槛; 20日年化波动过高
2026-08-11,300055.SZ,,rejected_signal,,7.429705,,0.84791911,,未满足 MA5>MA10>MA20>MA60; 60日趋势强度不足
2026-08-11,300056.SZ,,rejected_signal,,33.195599,,1.01691973,,未满足 MA5>MA10>MA20>MA60; 60日趋势强度不足
2026-08-11,300057.SZ,,rejected_signal,,2.959512,,0.79630047,,未满足 MA5>MA10>MA20>MA60; 20日动量低于门槛; 60日趋势强度不足
2026-08-11,300058.SZ,,rejected_signal,,35.851624,,1.08459091,,未满足 MA5>MA10>MA20>MA60; 60日趋势强度不足
2026-08-11,300059.SZ,,rejected_signal,,11.445231,,1.01635289,,收盘价低于MA20; 20日动量低于门槛; 60日趋势强度不足
2026-08-11,300061.SZ,,rejected_signal,,13.15386,,0.89174783,,未满足 MA5>MA10>MA20>MA60; 60日趋势强度不足
2026-08-11,300062.SZ,,rejected_signal,,38.463829,,1.07394516,,60日趋势强度不足; 20日年化波动过高
2026-08-11,300063.SZ,,rejected_signal,,30.347963,,1.03879261,,未满足 MA5>MA10>MA20>MA60; 60日趋势强度不足
2026-08-11,300065.SZ,,rejected_signal,,8.845581,,0.8179366,,未满足 MA5>MA10>MA20>MA60; 20日动量低于门槛; 60日趋势强度不足
2026-08-11,300066.SZ,,rejected_signal,,3.370909,,0.97121185,,未满足 MA5>MA10>MA20>MA60; 60日趋势强度不足
2026-08-11,300067.SZ,,rejected_signal,,29.745691,,1.05432439,,未满足 MA5>MA10>MA20>MA60; 60日趋势强度不足
2026-08-11,300068.SZ,,rejected_universe,,3.681246,,1.00588632,,不在当日动态股票池(停牌/未上市/已退市/当前ST代理过滤)
2026-08-11,300069.SZ,,rejected_signal,,0.0,,0.74735278,,未满足 MA5>MA10>MA20>MA60; 收盘价低于MA20; 20日动量低于门槛; 60日趋势强度不足
2026-08-11,300070.SZ,,rejected_signal,,11.031973,,1.0396843,,未满足 MA5>MA10>MA20>MA60; 收盘价低于MA20; 20日动量低于门槛; 60日趋势强度不足
2026-08-11,300071.SZ,,rejected_signal,,27.346649,,1.11851764,,20日动量低于门槛; 60日趋势强度不足
2026-08-11,300072.SZ,,rejected_signal,,22.132206,,0.98838723,,未满足 MA5>MA10>MA20>MA60; 60日趋势强度不足
2026-08-11,300073.SZ,,rejected_signal,,5.109192,,0.88378376,,未满足 MA5>MA10>MA20>MA60; 20日动量低于门槛; 60日趋势强度不足
2026-08-11,300074.SZ,,rejected_signal,,19.465603,,0.99200857,,未满足 MA5>MA10>MA20>MA60; 60日趋势强度不足
2026-08-11,300075.SZ,,rejected_signal,,18.929766,,1.00492799,,未满足 MA5>MA10>MA20>MA60; 60日趋势强度不足
2026-08-11,300076.SZ,,rejected_universe,,20.081097,,0.95943958,,不在当日动态股票池(停牌/未上市/已退市/当前ST代理过滤)
2026-08-11,300077.SZ,,rejected_signal,,6.190302,,0.76256615,,未满足 MA5>MA10>MA20>MA60; 20日动量低于门槛; 60日趋势强度不足
2026-08-11,300078.SZ,,rejected_signal,,24.197752,,0.97595567,,未满足 MA5>MA10>MA20>MA60; 60日趋势强度不足
2026-08-11,300079.SZ,,rejected_signal,,29.534235,,1.00983858,,未满足 MA5>MA10>MA20>MA60; 60日趋势强度不足
2026-08-11,300080.SZ,,rejected_signal,,15.792348,,1.00713813,,未满足 MA5>MA10>MA20>MA60; 60日趋势强度不足
2026-08-11,300081.SZ,,rejected_universe,,0.0,,0.86009824,,不在当日动态股票池(停牌/未上市/已退市/当前ST代理过滤)
2026-08-11,300082.SZ,,rejected_signal,,6.554578,,0.88919359,,未满足 MA5>MA10>MA20>MA60; 60日趋势强度不足
2026-08-11,300083.SZ,,rejected_signal,,34.481678,,1.01691186,,偏离MA20过远，追高风险; 20日年化波动过高
2026-08-11,300084.SZ,,rejected_signal,,8.396502,,0.94781715,,未满足 MA5>MA10>MA20>MA60; 20日动量低于门槛; 60日趋势强度不足
2026-08-11,300085.SZ,,rejected_signal,,8.788168,,0.93393517,,未满足 MA5>MA10>MA20>MA60; 60日趋势强度不足
2026-08-11,300086.SZ,,rejected_signal,,23.517401,,1.03009212,,未满足 MA5>MA10>MA20>MA60; 60日趋势强度不足
2026-08-11,300087.SZ,,rejected_universe,,9.647799,,0.86001235,,不在当日动态股票池(停牌/未上市/已退市/当前ST代理过滤)
2026-08-11,300088.SZ,,rejected_signal,,4.063147,,0.85256827,,未满足 MA5>MA10>MA20>MA60; 20日动量低于门槛
2026-08-11,300091.SZ,,rejected_universe,,9.311561,,0.93682939,,不在当日动态股票池(停牌/未上市/已退市/当前ST代理过滤)
2026-08-11,300092.SZ,,rejected_signal,,13.597223,,0.93054122,,未满足 MA5>MA10>MA20>MA60; 60日趋势强度不足
2026-08-11,300093.SZ,,rejected_signal,,37.213486,,1.14618289,,20日年化波动过高
2026-08-11,300094.SZ,,rejected_signal,,32.521343,,1.02826011,,未满足 MA5>MA10>MA20>MA60; 60日趋势强度不足
2026-08-11,300095.SZ,,rejected_signal,,6.668945,,0.95676237,,未满足 MA5>MA10>MA20>MA60; 20日动量低于门槛; 60日趋势强度不足
2026-08-11,300096.SZ,,rejected_universe,,6.207349,,0.93449676,,不在当日动态股票池(停牌/未上市/已退市/当前ST代理过滤)
2026-08-11,300097.SZ,,rejected_signal,,18.840508,,0.92440724,,未满足 MA5>MA10>MA20>MA60; 60日趋势强度不足
2026-08-11,300098.SZ,,rejected_signal,,14.686073,,0.9966175,,未满足 MA5>MA10>MA20>MA60; 60日趋势强度不足
2026-08-11,300099.SZ,,rejected_signal,,9.241555,,0.90601444,,未满足 MA5>MA10>MA20>MA60; 60日趋势强度不足
2026-08-11,300100.SZ,,rejected_signal,,11.356162,,0.85369968,,未满足 MA5>MA10>MA20>MA60; 20日动量低于门槛; 60日趋势强度不足
2026-08-11,300101.SZ,,rejected_signal,,2.537494,,0.94354784,,未满足 MA5>MA10>MA20>MA60; 20日动量低于门槛; 60日趋势强度不足
2026-08-11,300102.SZ,,rejected_signal,,6.106703,,0.81739998,,未满足 MA5>MA10>MA20>MA60; 20日动量低于门槛; 60日趋势强度不足
2026-08-11,300103.SZ,,rejected_signal,,12.232304,,0.91549253,,未满足 MA5>MA10>MA20>MA60; 60日趋势强度不足
2026-08-11,300105.SZ,,rejected_signal,,52.301834,,1.07136357,,未满足 MA5>MA10>MA20>MA60; 20日年化波动过高
2026-08-11,300106.SZ,,rejected_signal,,3.84618,,0.85039139,,未满足 MA5>MA10>MA20>MA60; 60日趋势强度不足
2026-08-11,300107.SZ,,rejected_signal,,23.955896,,1.03601468,,60日趋势强度不足
2026-08-11,300108.SZ,,rejected_universe,,0.0,,0.0,,不在当日动态股票池(停牌/未上市/已退市/当前ST代理过滤)
2026-08-11,300109.SZ,,rejected_signal,,3.825878,,0.90681636,,未满足 MA5>MA10>MA20>MA60; 60日趋势强度不足
2026-08-11,300110.SZ,,rejected_signal,,16.187489,,1.01418936,,20日动量低于门槛; 60日趋势强度不足
2026-08-11,300111.SZ,,rejected_signal,,14.164573,,0.97671068,,未满足 MA5>MA10>MA20>MA60; 60日趋势强度不足
2026-08-11,300112.SZ,,rejected_signal,,22.279842,,1.22212112,,20日涨幅过热; 偏离MA20过远，追高风险
2026-08-11,300113.SZ,,rejected_signal,,17.039774,,0.98593855,,未满足 MA5>MA10>MA20>MA60; 60日趋势强度不足
2026-08-11,300115.SZ,,rejected_signal,,11.541137,,0.93054992,,未满足 MA5>MA10>MA20>MA60; 20日动量低于门槛; 60日趋势强度不足
2026-08-11,300116.SZ,,rejected_universe,,0.0,,0.0,,不在当日动态股票池(停牌/未上市/已退市/当前ST代理过滤)
2026-08-11,300117.SZ,,rejected_universe,,0.0,,0.0,,不在当日动态股票池(停牌/未上市/已退市/当前ST代理过滤)
2026-08-11,300118.SZ,,rejected_signal,,10.229926,,0.84591258,,未满足 MA5>MA10>MA20>MA60; 60日趋势强度不足
2026-08-11,300119.SZ,,rejected_rank,62,45.18874,0.42990655,1.10369706,0.46728972,"信号有效, 但综合排名未进入 Top20"
2026-08-11,300120.SZ,,rejected_signal,,3.075911,,0.81060976,,未满足 MA5>MA10>MA20>MA60; 20日动量低于门槛; 60日趋势强度不足
2026-08-11,300121.SZ,,rejected_signal,,2.269157,,0.82906187,,未满足 MA5>MA10>MA20>MA60; 20日动量低于门槛; 60日趋势强度不足
2026-08-11,300122.SZ,,rejected_signal,,34.68491,,1.0396111,,60日趋势强度不足
2026-08-11,300123.SZ,,rejected_universe,,47.694748,,1.11406302,,不在当日动态股票池(停牌/未上市/已退市/当前ST代理过滤)
2026-08-11,300124.SZ,,rejected_signal,,12.350367,,0.94592267,,未满足 MA5>MA10>MA20>MA60; 60日趋势强度不足
2026-08-11,300125.SZ,,rejected_rank,65,44.757626,0.40186915,1.08230186,0.41121495,"信号有效, 但综合排名未进入 Top20"
2026-08-11,300126.SZ,,rejected_signal,,13.051216,,0.96810144,,未满足 MA5>MA10>MA20>MA60; 60日趋势强度不足; 20日平均成交额不足
2026-08-11,300127.SZ,,rejected_signal,,2.996192,,0.88327777,,未满足 MA5>MA10>MA20>MA60; 60日趋势强度不足
2026-08-11,300128.SZ,,rejected_signal,,1.724316,,0.7613005,,未满足 MA5>MA10>MA20>MA60; 20日动量低于门槛; 60日趋势强度不足
2026-08-11,300129.SZ,,rejected_signal,,8.768728,,0.90333205,,未满足 MA5>MA10>MA20>MA60; 60日趋势强度不足
2026-08-11,300130.SZ,,rejected_signal,,20.94591,,0.93072194,,未满足 MA5>MA10>MA20>MA60; 60日趋势强度不足
2026-08-11,300131.SZ,,rejected_signal,,8.908389,,0.85100031,,未满足 MA5>MA10>MA20>MA60; 20日动量低于门槛; 60日趋势强度不足; 20日年化波动过高
2026-08-11,300132.SZ,,rejected_signal,,36.586826,,1.02841163,,未满足 MA5>MA10>MA20>MA60; 60日趋势强度不足
2026-08-11,300133.SZ,,rejected_signal,,3.827421,,1.00893712,,未满足 MA5>MA10>MA20>MA60; 20日动量低于门槛; 60日趋势强度不足
2026-08-11,300134.SZ,,rejected_signal,,15.381183,,0.9101994,,未满足 MA5>MA10>MA20>MA60; 60日趋势强度不足
2026-08-11,300135.SZ,,rejected_signal,,7.873387,,1.00480819,,未满足 MA5>MA10>MA20>MA60; 60日趋势强度不足
2026-08-11,300136.SZ,,rejected_signal,,5.624444,,0.61129498,,未满足 MA5>MA10>MA20>MA60; 20日动量低于门槛; 60日趋势强度不足
2026-08-11,300137.SZ,,rejected_signal,,0.0,,0.71342826,,未满足 MA5>MA10>MA20>MA60; 20日动量低于门槛; 60日趋势强度不足; 20日年化波动过高
2026-08-11,300138.SZ,,rejected_signal,,52.615845,,1.12624812,,未满足 MA5>MA10>MA20>MA60
2026-08-11,300139.SZ,,rejected_signal,,35.183178,,0.9600333,,未满足 MA5>MA10>MA20>MA60; 60日趋势强度不足; 偏离MA20过远，追高风险
2026-08-11,300140.SZ,,rejected_signal,,26.758799,,1.01135063,,未满足 MA5>MA10>MA20>MA60; 60日趋势强度不足
2026-08-11,300141.SZ,,rejected_signal,,29.464453,,1.04169512,,未满足 MA5>MA10>MA20>MA60; 60日趋势强度不足
2026-08-11,300142.SZ,,rejected_signal,,13.788715,,0.97331399,,未满足 MA5>MA10>MA20>MA60; 20日动量低于门槛; 60日趋势强度不足
2026-08-11,300143.SZ,,rejected_signal,,24.901489,,1.03198469,,60日趋势强度不足
2026-08-11,300144.SZ,,rejected_signal,,14.488445,,1.01131773,,未满足 MA5>MA10>MA20>MA60; 60日趋势强度不足
2026-08-11,300145.SZ,,rejected_signal,,1.385521,,0.87974584,,未满足 MA5>MA10>MA20>MA60; 收盘价低于MA20; 20日动量低于门槛; 60日趋势强度不足
2026-08-11,300146.SZ,,rejected_signal,,25.413734,,1.04594076,,未满足 MA5>MA10>MA20>MA60; 收盘价低于MA20; 60日趋势强度不足
2026-08-11,300147.SZ,,rejected_universe,,1.231902,,0.76377976,,不在当日动态股票池(停牌/未上市/已退市/当前ST代理过滤)
2026-08-11,300148.SZ,,rejected_signal,,25.968964,,1.0473789,,未满足 MA5>MA10>MA20>MA60; 60日趋势强度不足
2026-08-11,300149.SZ,,rejected_signal,,42.961239,,1.07040644,,未满足 MA5>MA10>MA20>MA60; 20日年化波动过高
2026-08-11,300150.SZ,,rejected_signal,,14.839239,,0.99883741,,未满足 MA5>MA10>MA20>MA60; 60日趋势强度不足; 20日平均成交额不足
2026-08-11,300151.SZ,,rejected_signal,,0.0,,0.66646165,,未满足 MA5>MA10>MA20>MA60; 20日动量低于门槛; 60日趋势强度不足; 20日年化波动过高
2026-08-11,300152.SZ,,rejected_universe,,17.209997,,0.92054957,,不在当日动态股票池(停牌/未上市/已退市/当前ST代理过滤)
2026-08-11,300153.SZ,,rejected_signal,,7.889341,,0.89354712,,未满足 MA5>MA10>MA20>MA60; 20日动量低于门槛; 60日趋势强度不足
2026-08-11,300154.SZ,,rejected_signal,,19.751987,,0.92124057,,未满足 MA5>MA10>MA20>MA60; 60日趋势强度不足
2026-08-11,300155.SZ,,rejected_signal,,12.936899,,0.98129797,,未满足 MA5>MA10>MA20>MA60; 60日趋势强度不足
2026-08-11,300157.SZ,,rejected_signal,,23.135912,,1.03844631,,未满足 MA5>MA10>MA20>MA60; 60日趋势强度不足
2026-08-11,300158.SZ,,rejected_signal,,22.86725,,1.0031606,,偏离MA20过远，追高风险
2026-08-11,300159.SZ,,rejected_signal,,3.042284,,0.99940878,,未满足 MA5>MA10>MA20>MA60; 60日趋势强度不足
2026-08-11,300160.SZ,,rejected_signal,,0.988865,,0.97261614,,未满足 MA5>MA10>MA20>MA60; 20日动量低于门槛; 60日趋势强度不足; 20日平均成交额不足
2026-08-11,300161.SZ,,rejected_signal,,7.00247,,0.83994234,,未满足 MA5>MA10>MA20>MA60; 60日趋势强度不足; 偏离MA20过远，追高风险
2026-08-11,300162.SZ,,rejected_signal,,1.084014,,0.77902532,,未满足 MA5>MA10>MA20>MA60; 20日动量低于门槛; 60日趋势强度不足
2026-08-11,300163.SZ,,rejected_signal,,37.148277,,1.02559626,,未满足 MA5>MA10>MA20>MA60; 偏离MA20过远，追高风险
2026-08-11,300164.SZ,,rejected_signal,,44.227173,,1.12656415,,未满足 MA5>MA10>MA20>MA60; 20日动量低于门槛; 60日趋势强度不足; 20日年化波动过高
2026-08-11,300165.SZ,,rejected_signal,,10.812339,,0.89350259,,未满足 MA5>MA10>MA20>MA60; 60日趋势强度不足
2026-08-11,300166.SZ,,rejected_signal,,7.147231,,0.90635729,,未满足 MA5>MA10>MA20>MA60; 20日动量低于门槛; 60日趋势强度不足
2026-08-11,300167.SZ,,rejected_universe,,7.441741,,0.90612191,,不在当日动态股票池(停牌/未上市/已退市/当前ST代理过滤)
2026-08-11,300168.SZ,,rejected_signal,,34.139408,,1.05712438,,未满足 MA5>MA10>MA20>MA60; 60日趋势强度不足
2026-08-11,300169.SZ,,rejected_signal,,33.25528,,1.06143034,,未满足 MA5>MA10>MA20>MA60; 60日趋势强度不足
2026-08-11,300170.SZ,,rejected_signal,,38.878551,,1.00076103,,未满足 MA5>MA10>MA20>MA60; 60日趋势强度不足
2026-08-11,300171.SZ,,rejected_rank,38,50.546902,0.65420562,1.08937132,0.62429905,"信号有效, 但综合排名未进入 Top20"
2026-08-11,300172.SZ,,rejected_signal,,26.125738,,1.00415194,,未满足 MA5>MA10>MA20>MA60; 60日趋势强度不足
2026-08-11,300173.SZ,,rejected_universe,,4.784251,,0.93905437,,不在当日动态股票池(停牌/未上市/已退市/当前ST代理过滤)
2026-08-11,300174.SZ,,rejected_signal,,15.933989,,0.75109446,,未满足 MA5>MA10>MA20>MA60; 20日动量低于门槛
2026-08-11,300175.SZ,,rejected_signal,,29.316803,,1.06137896,,未满足 MA5>MA10>MA20>MA60; 60日趋势强度不足
2026-08-11,300176.SZ,,rejected_signal,,15.196792,,0.9776805,,未满足 MA5>MA10>MA20>MA60; 60日趋势强度不足
2026-08-11,300177.SZ,,rejected_signal,,11.268082,,0.95308101,,未满足 MA5>MA10>MA20>MA60; 60日趋势强度不足
2026-08-11,300179.SZ,,rejected_signal,,5.544904,,0.66645324,,未满足 MA5>MA10>MA20>MA60; 20日动量低于门槛; 20日年化波动过高
2026-08-11,300180.SZ,,rejected_signal,,28.063684,,1.02352881,,未满足 MA5>MA10>MA20>MA60; 60日趋势强度不足
2026-08-11,300181.SZ,,rejected_signal,,23.562035,,1.03365982,,未满足 MA5>MA10>MA20>MA60; 20日动量低于门槛; 60日趋势强度不足
2026-08-11,300182.SZ,,rejected_signal,,31.858353,,1.0827384,,未满足 MA5>MA10>MA20>MA60; 60日趋势强度不足
2026-08-11,300183.SZ,,rejected_signal,,11.367452,,0.975972,,未满足 MA5>MA10>MA20>MA60; 60日趋势强度不足
2026-08-11,300184.SZ,,rejected_signal,,6.040181,,0.80517292,,未满足 MA5>MA10>MA20>MA60; 20日动量低于门槛; 60日趋势强度不足
2026-08-11,300185.SZ,,rejected_signal,,8.510509,,1.02962756,,未满足 MA5>MA10>MA20>MA60; 60日趋势强度不足
2026-08-11,300187.SZ,,rejected_signal,,0.786482,,0.90401077,,未满足 MA5>MA10>MA20>MA60; 20日动量低于门槛; 60日趋势强度不足
2026-08-11,300188.SZ,,rejected_signal,,47.569511,,1.10391855,,60日趋势强度不足
2026-08-11,300189.SZ,,rejected_signal,,30.777237,,0.98905635,,未满足 MA5>MA10>MA20>MA60; 60日趋势强度不足
2026-08-11,300190.SZ,,rejected_signal,,6.003863,,0.91415584,,未满足 MA5>MA10>MA20>MA60; 20日动量低于门槛; 60日趋势强度不足
2026-08-11,300191.SZ,,rejected_signal,,43.53194,,0.97181022,,未满足 MA5>MA10>MA20>MA60; 60日趋势强度不足; 20日年化波动过高
2026-08-11,300192.SZ,,rejected_signal,,40.248589,,1.10273218,,未满足 MA5>MA10>MA20>MA60; 60日趋势强度不足
2026-08-11,300193.SZ,,rejected_signal,,9.92733,,0.99177283,,未满足 MA5>MA10>MA20>MA60; 60日趋势强度不足
2026-08-11,300194.SZ,,rejected_signal,,18.650637,,1.01837528,,60日趋势强度不足
2026-08-11,300195.SZ,,rejected_signal,,6.666748,,0.9423092,,未满足 MA5>MA10>MA20>MA60; 60日趋势强度不足
2026-08-11,300196.SZ,,rejected_signal,,1.50062,,0.70997065,,未满足 MA5>MA10>MA20>MA60; 20日动量低于门槛; 60日趋势强度不足
2026-08-11,300197.SZ,,rejected_signal,,20.863796,,0.94871032,,未满足 MA5>MA10>MA20>MA60
2026-08-11,300198.SZ,,rejected_universe,,7.643372,,0.99207008,,不在当日动态股票池(停牌/未上市/已退市/当前ST代理过滤)
2026-08-11,300199.SZ,,rejected_signal,,27.816355,,0.91846955,,未满足 MA5>MA10>MA20>MA60
2026-08-11,300200.SZ,,rejected_signal,,9.486348,,0.88655865,,未满足 MA5>MA10>MA20>MA60; 20日动量低于门槛; 60日趋势强度不足
2026-08-11,300201.SZ,,rejected_signal,,1.244168,,0.87170684,,未满足 MA5>MA10>MA20>MA60; 20日动量低于门槛; 60日趋势强度不足; 20日年化波动过高
2026-08-11,300203.SZ,,rejected_signal,,5.743056,,0.96614099,,未满足 MA5>MA10>MA20>MA60; 60日趋势强度不足
2026-08-11,300204.SZ,,rejected_signal,,10.998147,,0.9504562,,未满足 MA5>MA10>MA20>MA60; 60日趋势强度不足
2026-08-11,300205.SZ,,rejected_universe,,15.133108,,0.95270187,,不在当日动态股票池(停牌/未上市/已退市/当前ST代理过滤)
2026-08-11,300206.SZ,,rejected_signal,,2.38821,,0.95431614,,未满足 MA5>MA10>MA20>MA60; 20日动量低于门槛; 60日趋势强度不足
2026-08-11,300207.SZ,,rejected_signal,,22.920774,,0.94751304,,未满足 MA5>MA10>MA20>MA60; 60日趋势强度不足
2026-08-11,300208.SZ,,rejected_universe,,0.0,,0.0,,不在当日动态股票池(停牌/未上市/已退市/当前ST代理过滤)
2026-08-11,300209.SZ,,rejected_signal,,57.572472,,1.20279276,,20日年化波动过高
2026-08-11,300210.SZ,,rejected_signal,,11.777467,,0.95300859,,未满足 MA5>MA10>MA20>MA60; 60日趋势强度不足
2026-08-11,300211.SZ,,rejected_universe,,3.908922,,0.92949271,,不在当日动态股票池(停牌/未上市/已退市/当前ST代理过滤)
2026-08-11,300212.SZ,,rejected_universe,,16.403755,,0.90790254,,不在当日动态股票池(停牌/未上市/已退市/当前ST代理过滤)
2026-08-11,300213.SZ,,rejected_signal,,12.490448,,0.96229619,,未满足 MA5>MA10>MA20>MA60; 60日趋势强度不足
2026-08-11,300214.SZ,,rejected_signal,,48.908718,,1.58038056,,20日动量低于门槛; 20日年化波动过高
2026-08-11,300215.SZ,,rejected_signal,,4.731885,,0.93033749,,未满足 MA5>MA10>MA20>MA60; 60日趋势强度不足
2026-08-11,300217.SZ,,rejected_signal,,12.746361,,1.00197983,,未满足 MA5>MA10>MA20>MA60; 60日趋势强度不足
2026-08-11,300218.SZ,,rejected_signal,,0.0,,0.94998002,,未满足 MA5>MA10>MA20>MA60; 20日动量低于门槛; 60日趋势强度不足; 20日平均成交额不足
2026-08-11,300219.SZ,,rejected_signal,,7.668339,,0.83699751,,未满足 MA5>MA10>MA20>MA60; 20日动量低于门槛; 60日趋势强度不足
2026-08-11,300220.SZ,,rejected_signal,,10.84473,,0.94754875,,未满足 MA5>MA10>MA20>MA60; 60日趋势强度不足; 20日平均成交额不足
2026-08-11,300221.SZ,,rejected_signal,,0.0,,0.83460867,,未满足 MA5>MA10>MA20>MA60; 20日动量低于门槛
2026-08-11,300222.SZ,,rejected_signal,,2.877129,,0.83942932,,未满足 MA5>MA10>MA20>MA60; 20日动量低于门槛; 60日趋势强度不足
2026-08-11,300223.SZ,,rejected_signal,,0.0,,0.71941996,,未满足 MA5>MA10>MA20>MA60; 收盘价低于MA20; 20日动量低于门槛; 60日趋势强度不足; 20日年化波动过高
2026-08-11,300224.SZ,,rejected_signal,,2.926632,,0.91750652,,未满足 MA5>MA10>MA20>MA60; 20日动量低于门槛; 60日趋势强度不足
2026-08-11,300225.SZ,,rejected_signal,,5.779555,,0.87113672,,未满足 MA5>MA10>MA20>MA60; 60日趋势强度不足
2026-08-11,300226.SZ,,rejected_signal,,14.651373,,1.00874364,,未满足 MA5>MA10>MA20>MA60; 60日趋势强度不足
2026-08-11,300227.SZ,,rejected_signal,,22.659292,,0.94023979,,未满足 MA5>MA10>MA20>MA60; 60日趋势强度不足; 偏离MA20过远，追高风险
2026-08-11,300228.SZ,,rejected_signal,,1.974979,,0.95699048,,未满足 MA5>MA10>MA20>MA60; 20日动量低于门槛; 60日趋势强度不足
2026-08-11,300229.SZ,,rejected_signal,,32.402382,,1.0563823,,未满足 MA5>MA10>MA20>MA60; 60日趋势强度不足
2026-08-11,300230.SZ,,rejected_signal,,1.187368,,0.97262645,,未满足 MA5>MA10>MA20>MA60; 20日动量低于门槛; 60日趋势强度不足
2026-08-11,300231.SZ,,rejected_signal,,21.969284,,0.99651891,,未满足 MA5>MA10>MA20>MA60; 60日趋势强度不足; 20日年化波动过高
2026-08-11,300232.SZ,,rejected_signal,,7.57444,,0.97593284,,未满足 MA5>MA10>MA20>MA60; 60日趋势强度不足
2026-08-11,300233.SZ,,rejected_signal,,17.087898,,1.01352477,,未满足 MA5>MA10>MA20>MA60; 60日趋势强度不足
2026-08-11,300234.SZ,,rejected_signal,,11.479813,,0.97396928,,未满足 MA5>MA10>MA20>MA60; 20日动量低于门槛
2026-08-11,300235.SZ,,rejected_signal,,1.102634,,0.92327565,,未满足 MA5>MA10>MA20>MA60; 20日动量低于门槛; 60日趋势强度不足
2026-08-11,300236.SZ,,rejected_signal,,1.766369,,0.83682561,,未满足 MA5>MA10>MA20>MA60; 20日动量低于门槛; 60日趋势强度不足
2026-08-11,300237.SZ,,rejected_universe,,14.243528,,0.97345078,,不在当日动态股票池(停牌/未上市/已退市/当前ST代理过滤)
2026-08-11,300238.SZ,,rejected_signal,,8.288412,,0.98336381,,未满足 MA5>MA10>MA20>MA60; 20日动量低于门槛; 60日趋势强度不足
2026-08-11,300239.SZ,,rejected_signal,,2.482327,,0.96646339,,未满足 MA5>MA10>MA20>MA60; 20日动量低于门槛; 60日趋势强度不足
2026-08-11,300240.SZ,,rejected_signal,,19.149105,,1.01644123,,未满足 MA5>MA10>MA20>MA60; 60日趋势强度不足
2026-08-11,300241.SZ,,rejected_signal,,2.299236,,0.84626895,,未满足 MA5>MA10>MA20>MA60; 20日动量低于门槛; 60日趋势强度不足
2026-08-11,300242.SZ,,rejected_signal,,4.071848,,1.07047009,,未满足 MA5>MA10>MA20>MA60; 60日趋势强度不足
2026-08-11,300243.SZ,,rejected_signal,,0.702716,,0.75564504,,未满足 MA5>MA10>MA20>MA60; 20日动量低于门槛; 60日趋势强度不足
2026-08-11,300244.SZ,,rejected_rank,102,28.050787,0.05607476,1.00039589,0.04859813,"信号有效, 但综合排名未进入 Top20"
2026-08-11,300245.SZ,,rejected_universe,,8.933105,,0.97602725,,不在当日动态股票池(停牌/未上市/已退市/当前ST代理过滤)
2026-08-11,300246.SZ,,rejected_signal,,22.986036,,1.0,,未满足 MA5>MA10>MA20>MA60; 收盘价低于MA20; 60日趋势强度不足; 20日年化波动过高
2026-08-11,300247.SZ,,rejected_signal,,11.785384,,0.98166108,,未满足 MA5>MA10>MA20>MA60; 60日趋势强度不足
2026-08-11,300248.SZ,,rejected_signal,,35.129066,,1.00374424,,未满足 MA5>MA10>MA20>MA60; 60日趋势强度不足
2026-08-11,300249.SZ,,rejected_signal,,7.422215,,0.84075809,,未满足 MA5>MA10>MA20>MA60; 20日动量低于门槛; 60日趋势强度不足
2026-08-11,300250.SZ,,rejected_signal,,30.857901,,1.01167536,,未满足 MA5>MA10>MA20>MA60; 60日趋势强度不足
2026-08-11,300251.SZ,,rejected_signal,,12.83098,,1.02271986,,未满足 MA5>MA10>MA20>MA60; 60日趋势强度不足
2026-08-11,300252.SZ,,rejected_signal,,2.912389,,0.78579479,,未满足 MA5>MA10>MA20>MA60; 20日动量低于门槛; 60日趋势强度不足
2026-08-11,300253.SZ,,rejected_signal,,43.498264,,1.05259013,,未满足 MA5>MA10>MA20>MA60; 60日趋势强度不足
2026-08-11,300254.SZ,,rejected_signal,,6.625091,,0.89227194,,未满足 MA5>MA10>MA20>MA60; 60日趋势强度不足
2026-08-11,300255.SZ,,rejected_signal,,21.300592,,0.84220511,,未满足 MA5>MA10>MA20>MA60; 60日趋势强度不足
2026-08-11,300256.SZ,,rejected_signal,,13.786069,,0.962102,,未满足 MA5>MA10>MA20>MA60; 60日趋势强度不足
2026-08-11,300257.SZ,,rejected_signal,,0.784282,,0.70672899,,未满足 MA5>MA10>MA20>MA60; 收盘价低于MA20; 20日动量低于门槛; 60日趋势强度不足
2026-08-11,300258.SZ,,rejected_signal,,11.059059,,0.89215076,,未满足 MA5>MA10>MA20>MA60; 20日动量低于门槛; 60日趋势强度不足
2026-08-11,300259.SZ,,rejected_signal,,0.770835,,0.72000498,,未满足 MA5>MA10>MA20>MA60; 收盘价低于MA20; 20日动量低于门槛; 60日趋势强度不足
2026-08-11,300260.SZ,,rejected_signal,,0.0,,0.61711806,,未满足 MA5>MA10>MA20>MA60; 20日动量低于门槛; 60日趋势强度不足; 20日年化波动过高
2026-08-11,300261.SZ,,rejected_signal,,45.916672,,1.06248438,,60日趋势强度不足
2026-08-11,300262.SZ,,rejected_universe,,0.0,,0.0,,不在当日动态股票池(停牌/未上市/已退市/当前ST代理过滤)
2026-08-11,300263.SZ,,rejected_signal,,2.050047,,0.69379479,,未满足 MA5>MA10>MA20>MA60; 20日动量低于门槛; 60日趋势强度不足
2026-08-11,300264.SZ,,rejected_signal,,1.599419,,0.81117517,,未满足 MA5>MA10>MA20>MA60; 20日动量低于门槛; 60日趋势强度不足
2026-08-11,300265.SZ,,rejected_signal,,1.885443,,0.77733791,,未满足 MA5>MA10>MA20>MA60; 20日动量低于门槛; 60日趋势强度不足
2026-08-11,300266.SZ,,rejected_signal,,12.384365,,0.97849464,,未满足 MA5>MA10>MA20>MA60; 60日趋势强度不足
2026-08-11,300267.SZ,,rejected_signal,,3.979394,,0.91088843,,未满足 MA5>MA10>MA20>MA60; 20日动量低于门槛; 60日趋势强度不足
2026-08-11,300268.SZ,,rejected_signal,,7.974236,,0.98066366,,未满足 MA5>MA10>MA20>MA60; 60日趋势强度不足; 20日平均成交额不足
2026-08-11,300269.SZ,,rejected_signal,,5.001917,,0.93188244,,未满足 MA5>MA10>MA20>MA60; 20日动量低于门槛; 60日趋势强度不足
2026-08-11,300270.SZ,,rejected_signal,,21.364393,,1.06140971,,未满足 MA5>MA10>MA20>MA60; 60日趋势强度不足; 偏离MA20过远，追高风险; 20日年化波动过高
2026-08-11,300271.SZ,,rejected_signal,,42.153648,,1.06689727,,60日趋势强度不足
2026-08-11,300272.SZ,,rejected_signal,,13.95989,,0.98342848,,未满足 MA5>MA10>MA20>MA60; 60日趋势强度不足
2026-08-11,300274.SZ,,rejected_signal,,26.884069,,0.74755585,,未满足 MA5>MA10>MA20>MA60; 60日趋势强度不足
2026-08-11,300275.SZ,,rejected_signal,,28.490755,,0.98769355,,未满足 MA5>MA10>MA20>MA60; 60日趋势强度不足
2026-08-11,300276.SZ,,rejected_signal,,11.711559,,0.93078142,,未满足 MA5>MA10>MA20>MA60; 20日动量低于门槛; 60日趋势强度不足
2026-08-11,300277.SZ,,rejected_signal,,3.055668,,0.88245696,,未满足 MA5>MA10>MA20>MA60; 20日动量低于门槛; 60日趋势强度不足
2026-08-11,300278.SZ,,rejected_signal,,14.507132,,0.95276111,,未满足 MA5>MA10>MA20>MA60; 60日趋势强度不足
2026-08-11,300279.SZ,,rejected_signal,,4.234309,,0.88119072,,未满足 MA5>MA10>MA20>MA60; 60日趋势强度不足
2026-08-11,300280.SZ,,rejected_universe,,0.0,,0.0,,不在当日动态股票池(停牌/未上市/已退市/当前ST代理过滤)
2026-08-11,300281.SZ,,rejected_signal,,8.644276,,0.86958355,,未满足 MA5>MA10>MA20>MA60; 60日趋势强度不足
2026-08-11,300282.SZ,,rejected_universe,,0.0,,0.0,,不在当日动态股票池(停牌/未上市/已退市/当前ST代理过滤)
2026-08-11,300283.SZ,,rejected_signal,,1.560444,,0.75909829,,未满足 MA5>MA10>MA20>MA60; 20日动量低于门槛; 60日趋势强度不足
2026-08-11,300284.SZ,,rejected_signal,,21.390871,,1.00535822,,未满足 MA5>MA10>MA20>MA60; 60日趋势强度不足
2026-08-11,300285.SZ,,rejected_signal,,17.766502,,0.85562074,,未满足 MA5>MA10>MA20>MA60; 20日年化波动过高
2026-08-11,300286.SZ,,rejected_signal,,2.627047,,0.85900909,,未满足 MA5>MA10>MA20>MA60; 60日趋势强度不足
2026-08-11,300287.SZ,,rejected_signal,,8.378617,,1.05333686,,未满足 MA5>MA10>MA20>MA60; 20日动量低于门槛; 60日趋势强度不足
2026-08-11,300288.SZ,,rejected_signal,,30.253553,,1.03851593,,未满足 MA5>MA10>MA20>MA60; 60日趋势强度不足
2026-08-11,300289.SZ,,rejected_signal,,17.683556,,0.99105936,,未满足 MA5>MA10>MA20>MA60; 60日趋势强度不足
2026-08-11,300290.SZ,,rejected_universe,,0.775978,,0.80109406,,不在当日动态股票池(停牌/未上市/已退市/当前ST代理过滤)
2026-08-11,300291.SZ,,rejected_signal,,29.851786,,1.03119493,,未满足 MA5>MA10>MA20>MA60; 60日趋势强度不足
2026-08-11,300292.SZ,,rejected_signal,,3.18499,,0.84292513,,未满足 MA5>MA10>MA20>MA60; 20日动量低于门槛; 60日趋势强度不足
2026-08-11,300293.SZ,,rejected_signal,,0.0,,0.90740436,,未满足 MA5>MA10>MA20>MA60; 20日动量低于门槛; 60日趋势强度不足
2026-08-11,300294.SZ,,rejected_signal,,12.275216,,1.01644433,,未满足 MA5>MA10>MA20>MA60; 60日趋势强度不足
2026-08-11,300295.SZ,,rejected_universe,,47.584301,,1.0929507,,不在当日动态股票池(停牌/未上市/已退市/当前ST代理过滤)
2026-08-11,300296.SZ,,rejected_signal,,10.299412,,0.92528987,,未满足 MA5>MA10>MA20>MA60; 60日趋势强度不足
2026-08-11,300298.SZ,,rejected_signal,,34.805824,,1.05874836,,60日趋势强度不足
2026-08-11,300299.SZ,,rejected_signal,,36.914333,,1.05487525,,未满足 MA5>MA10>MA20>MA60; 60日趋势强度不足
2026-08-11,300300.SZ,,rejected_signal,,19.631136,,0.96068561,,未满足 MA5>MA10>MA20>MA60; 60日趋势强度不足
2026-08-11,300301.SZ,,rejected_universe,,3.145184,,0.98707736,,不在当日动态股票池(停牌/未上市/已退市/当前ST代理过滤)
2026-08-11,300302.SZ,,rejected_signal,,0.858068,,0.64013195,,未满足 MA5>MA10>MA20>MA60; 20日动量低于门槛; 60日趋势强度不足
2026-08-11,300303.SZ,,rejected_signal,,3.66597,,0.84255785,,未满足 MA5>MA10>MA20>MA60; 20日动量低于门槛; 60日趋势强度不足
2026-08-11,300304.SZ,,rejected_signal,,5.240746,,0.76406229,,未满足 MA5>MA10>MA20>MA60; 20日动量低于门槛; 60日趋势强度不足
2026-08-11,300305.SZ,,rejected_signal,,13.488044,,1.00005591,,未满足 MA5>MA10>MA20>MA60; 60日趋势强度不足; 偏离MA20过远，追高风险
2026-08-11,300306.SZ,,rejected_signal,,9.817816,,0.95516598,,未满足 MA5>MA10>MA20>MA60; 60日趋势强度不足
2026-08-11,300307.SZ,,rejected_signal,,27.373196,,0.97651649,,未满足 MA5>MA10>MA20>MA60; 60日趋势强度不足
2026-08-11,300308.SZ,,rejected_signal,,0.150578,,0.92664796,,未满足 MA5>MA10>MA20>MA60; 收盘价低于MA20; 20日动量低于门槛; 60日趋势强度不足; 20日年化波动过高
2026-08-11,300310.SZ,,rejected_signal,,19.212894,,0.95749879,,未满足 MA5>MA10>MA20>MA60; 60日趋势强度不足
2026-08-11,300311.SZ,,rejected_signal,,42.073933,,1.0,,偏离MA20过远，追高风险
2026-08-11,300313.SZ,,rejected_signal,,4.028437,,0.98214507,,未满足 MA5>MA10>MA20>MA60; 60日趋势强度不足
2026-08-11,300314.SZ,,rejected_signal,,29.512638,,1.02244353,,未满足 MA5>MA10>MA20>MA60; 60日趋势强度不足
2026-08-11,300315.SZ,,rejected_signal,,27.456104,,1.063802,,未满足 MA5>MA10>MA20>MA60; 60日趋势强度不足
2026-08-11,300316.SZ,,rejected_signal,,13.474862,,0.82774317,,未满足 MA5>MA10>MA20>MA60; 20日动量低于门槛; 60日趋势强度不足
2026-08-11,300317.SZ,,rejected_signal,,24.703646,,1.01315296,,未满足 MA5>MA10>MA20>MA60; 20日涨幅过热; 60日趋势强度不足; 20日年化波动过高
2026-08-11,300318.SZ,,rejected_signal,,27.390919,,1.03601706,,60日趋势强度不足
2026-08-11,300319.SZ,,rejected_signal,,21.054108,,0.72180694,,未满足 MA5>MA10>MA20>MA60; 20日动量低于门槛; 20日年化波动过高
2026-08-11,300320.SZ,,rejected_signal,,0.851749,,0.95968485,,未满足 MA5>MA10>MA20>MA60; 20日动量低于门槛; 60日趋势强度不足
2026-08-11,300321.SZ,,rejected_signal,,0.0,,0.66191924,,未满足 MA5>MA10>MA20>MA60; 20日动量低于门槛; 60日趋势强度不足
2026-08-11,300322.SZ,,rejected_signal,,2.145855,,0.68069166,,未满足 MA5>MA10>MA20>MA60; 20日动量低于门槛; 60日趋势强度不足
2026-08-11,300323.SZ,,rejected_signal,,2.479205,,0.70384276,,未满足 MA5>MA10>MA20>MA60; 20日动量低于门槛; 60日趋势强度不足
2026-08-11,300324.SZ,,rejected_signal,,2.440521,,0.97645986,,未满足 MA5>MA10>MA20>MA60; 20日动量低于门槛; 60日趋势强度不足
2026-08-11,300326.SZ,,rejected_universe,,4.987064,,0.94566166,,不在当日动态股票池(停牌/未上市/已退市/当前ST代理过滤)
2026-08-11,300327.SZ,,rejected_signal,,3.268355,,0.81378365,,未满足 MA5>MA10>MA20>MA60; 20日动量低于门槛; 60日趋势强度不足
2026-08-11,300328.SZ,,rejected_signal,,12.001967,,0.88968414,,未满足 MA5>MA10>MA20>MA60; 60日趋势强度不足
2026-08-11,300329.SZ,,rejected_signal,,19.245188,,0.95861781,,未满足 MA5>MA10>MA20>MA60; 60日趋势强度不足
2026-08-11,300331.SZ,,rejected_signal,,4.241526,,0.64734834,,未满足 MA5>MA10>MA20>MA60; 20日动量低于门槛; 60日趋势强度不足; 20日年化波动过高
2026-08-11,300332.SZ,,rejected_signal,,11.14639,,1.18298411,,未满足 MA5>MA10>MA20>MA60; 20日动量低于门槛; 60日趋势强度不足
2026-08-11,300333.SZ,,rejected_universe,,0.0,,0.0,,不在当日动态股票池(停牌/未上市/已退市/当前ST代理过滤)
2026-08-11,300334.SZ,,rejected_signal,,2.298714,,0.86951941,,未满足 MA5>MA10>MA20>MA60; 20日动量低于门槛; 60日趋势强度不足
2026-08-11,300335.SZ,,rejected_signal,,25.819969,,0.99345553,,未满足 MA5>MA10>MA20>MA60; 60日趋势强度不足
2026-08-11,300337.SZ,,rejected_signal,,11.033168,,0.86971265,,未满足 MA5>MA10>MA20>MA60; 60日趋势强度不足
2026-08-11,300338.SZ,,rejected_universe,,1.027251,,0.99857926,,不在当日动态股票池(停牌/未上市/已退市/当前ST代理过滤)
2026-08-11,300339.SZ,,rejected_signal,,9.503864,,0.98471195,,未满足 MA5>MA10>MA20>MA60; 60日趋势强度不足
2026-08-11,300340.SZ,,rejected_signal,,13.75742,,0.95368183,,未满足 MA5>MA10>MA20>MA60; 60日趋势强度不足
2026-08-11,300341.SZ,,rejected_signal,,13.469225,,0.98204809,,未满足 MA5>MA10>MA20>MA60; 60日趋势强度不足
2026-08-11,300342.SZ,,rejected_signal,,7.452191,,0.78218293,,未满足 MA5>MA10>MA20>MA60; 20日动量低于门槛; 60日趋势强度不足
2026-08-11,300343.SZ,,rejected_signal,,13.278848,,0.96826196,,未满足 MA5>MA10>MA20>MA60; 60日趋势强度不足
2026-08-11,300344.SZ,,rejected_universe,,0.0,,0.0,,不在当日动态股票池(停牌/未上市/已退市/当前ST代理过滤)
2026-08-11,300345.SZ,,rejected_signal,,9.741352,,0.92292368,,未满足 MA5>MA10>MA20>MA60; 60日趋势强度不足; 偏离MA20过远，追高风险
2026-08-11,300346.SZ,,rejected_signal,,3.58462,,0.74696487,,未满足 MA5>MA10>MA20>MA60; 20日动量低于门槛; 60日趋势强度不足
2026-08-11,300347.SZ,,selected_signal,20,55.458588,0.8224299,1.14632165,0.82803738,quality_momentum 横截面排名进入 Top20
2026-08-11,300348.SZ,,rejected_signal,,30.800381,,1.01666427,,未满足 MA5>MA10>MA20>MA60; 60日趋势强度不足
2026-08-11,300349.SZ,,rejected_signal,,6.808826,,0.90343016,,未满足 MA5>MA10>MA20>MA60; 60日趋势强度不足
2026-08-11,300350.SZ,,rejected_signal,,20.451429,,1.00731504,,未满足 MA5>MA10>MA20>MA60; 60日趋势强度不足
2026-08-11,300351.SZ,,rejected_signal,,5.177455,,0.84685463,,未满足 MA5>MA10>MA20>MA60; 60日趋势强度不足
2026-08-11,300352.SZ,,rejected_universe,,3.721516,,0.91451561,,不在当日动态股票池(停牌/未上市/已退市/当前ST代理过滤)
2026-08-11,300353.SZ,,rejected_signal,,4.414607,,0.95777416,,未满足 MA5>MA10>MA20>MA60; 20日动量低于门槛; 60日趋势强度不足
2026-08-11,300354.SZ,,rejected_signal,,2.974311,,0.89986843,,未满足 MA5>MA10>MA20>MA60; 20日动量低于门槛; 60日趋势强度不足
2026-08-11,300355.SZ,,rejected_signal,,14.698637,,1.0099076,,未满足 MA5>MA10>MA20>MA60; 60日趋势强度不足
2026-08-11,300357.SZ,,rejected_signal,,32.200249,,1.0535996,,未满足 MA5>MA10>MA20>MA60
2026-08-11,300358.SZ,,rejected_signal,,41.390507,,1.10413957,,60日趋势强度不足
2026-08-11,300359.SZ,,rejected_signal,,39.845348,,1.14161587,,未满足 MA5>MA10>MA20>MA60; 60日趋势强度不足
2026-08-11,300360.SZ,,rejected_signal,,11.789794,,1.00819659,,未满足 MA5>MA10>MA20>MA60; 60日趋势强度不足
2026-08-11,300363.SZ,,rejected_signal,,42.805172,,1.12651694,,偏离MA20过远，追高风险; 20日年化波动过高
2026-08-11,300364.SZ,,rejected_signal,,32.905621,,1.07054472,,未满足 MA5>MA10>MA20>MA60; 60日趋势强度不足; 20日年化波动过高
2026-08-11,300365.SZ,,rejected_signal,,16.945673,,0.99040574,,未满足 MA5>MA10>MA20>MA60; 60日趋势强度不足
2026-08-11,300366.SZ,,rejected_universe,,18.881351,,0.95041198,,不在当日动态股票池(停牌/未上市/已退市/当前ST代理过滤)
2026-08-11,300368.SZ,,rejected_signal,,29.13801,,1.02903986,,未满足 MA5>MA10>MA20>MA60; 60日趋势强度不足
2026-08-11,300369.SZ,,rejected_signal,,53.877605,,1.1812942,,20日年化波动过高
2026-08-11,300370.SZ,,rejected_signal,,18.365406,,0.97557193,,未满足 MA5>MA10>MA20>MA60; 60日趋势强度不足
2026-08-11,300371.SZ,,rejected_signal,,4.178129,,0.95701349,,未满足 MA5>MA10>MA20>MA60; 60日趋势强度不足; 20日平均成交额不足
2026-08-11,300373.SZ,,rejected_signal,,9.856035,,0.7905302,,未满足 MA5>MA10>MA20>MA60; 20日动量低于门槛
2026-08-11,300374.SZ,,rejected_signal,,19.363811,,0.98938417,,未满足 MA5>MA10>MA20>MA60; 60日趋势强度不足
2026-08-11,300375.SZ,,rejected_signal,,3.952406,,0.94971627,,未满足 MA5>MA10>MA20>MA60; 60日趋势强度不足
2026-08-11,300376.SZ,,rejected_signal,,13.658153,,0.94893265,,未满足 MA5>MA10>MA20>MA60; 20日动量低于门槛; 60日趋势强度不足
2026-08-11,300377.SZ,,rejected_signal,,16.267067,,0.97984248,,未满足 MA5>MA10>MA20>MA60; 60日趋势强度不足
2026-08-11,300378.SZ,,rejected_signal,,24.055391,,1.01331675,,未满足 MA5>MA10>MA20>MA60; 60日趋势强度不足
2026-08-11,300379.SZ,,rejected_universe,,0.0,,0.0,,不在当日动态股票池(停牌/未上市/已退市/当前ST代理过滤)
2026-08-11,300380.SZ,,rejected_signal,,9.71815,,0.99040997,,未满足 MA5>MA10>MA20>MA60; 60日趋势强度不足
2026-08-11,300381.SZ,,rejected_signal,,1.955811,,0.98241109,,未满足 MA5>MA10>MA20>MA60; 20日动量低于门槛; 60日趋势强度不足
2026-08-11,300382.SZ,,rejected_signal,,0.0,,0.79446739,,未满足 MA5>MA10>MA20>MA60; 20日动量低于门槛; 60日趋势强度不足; 20日年化波动过高
2026-08-11,300383.SZ,,rejected_signal,,20.004578,,1.0556283,,未满足 MA5>MA10>MA20>MA60; 60日趋势强度不足
2026-08-11,300384.SZ,,rejected_signal,,11.835476,,1.02177048,,未满足 MA5>MA10>MA20>MA60; 60日趋势强度不足
2026-08-11,300385.SZ,,rejected_universe,,1.765217,,0.91649365,,不在当日动态股票池(停牌/未上市/已退市/当前ST代理过滤)
2026-08-11,300386.SZ,,rejected_signal,,31.566196,,0.96927655,,未满足 MA5>MA10>MA20>MA60; 60日趋势强度不足
2026-08-11,300387.SZ,,rejected_signal,,3.102575,,0.97776824,,未满足 MA5>MA10>MA20>MA60; 60日趋势强度不足
2026-08-11,300388.SZ,,rejected_signal,,2.537553,,0.97932518,,未满足 MA5>MA10>MA20>MA60; 20日动量低于门槛; 60日趋势强度不足
2026-08-11,300389.SZ,,rejected_signal,,7.136485,,0.95435303,,未满足 MA5>MA10>MA20>MA60; 20日动量低于门槛; 60日趋势强度不足
2026-08-11,300390.SZ,,rejected_signal,,7.546335,,0.70584911,,未满足 MA5>MA10>MA20>MA60; 20日动量低于门槛; 60日趋势强度不足
2026-08-11,300391.SZ,,rejected_universe,,0.0,,0.0,,不在当日动态股票池(停牌/未上市/已退市/当前ST代理过滤)
2026-08-11,300393.SZ,,rejected_signal,,4.466028,,0.81668532,,未满足 MA5>MA10>MA20>MA60; 60日趋势强度不足
2026-08-11,300394.SZ,,rejected_signal,,1.900767,,0.78500164,,未满足 MA5>MA10>MA20>MA60; 20日动量低于门槛; 60日趋势强度不足; 20日年化波动过高
2026-08-11,300395.SZ,,rejected_signal,,4.473083,,0.62493366,,未满足 MA5>MA10>MA20>MA60; 20日动量低于门槛; 60日趋势强度不足
2026-08-11,300396.SZ,,rejected_universe,,29.040924,,1.01226866,,不在当日动态股票池(停牌/未上市/已退市/当前ST代理过滤)
2026-08-11,300397.SZ,,rejected_signal,,13.531335,,0.8272627,,未满足 MA5>MA10>MA20>MA60; 20日动量低于门槛; 60日趋势强度不足
2026-08-11,300398.SZ,,rejected_signal,,4.079607,,0.73311949,,未满足 MA5>MA10>MA20>MA60; 20日动量低于门槛; 60日趋势强度不足
2026-08-11,300399.SZ,,rejected_signal,,5.16223,,0.93820554,,未满足 MA5>MA10>MA20>MA60; 60日趋势强度不足
2026-08-11,300400.SZ,,rejected_signal,,0.0,,0.6055426,,未满足 MA5>MA10>MA20>MA60; 20日动量低于门槛; 60日趋势强度不足; 偏离MA20过远，追高风险; 20日年化波动过高
2026-08-11,300401.SZ,,rejected_signal,,13.287908,,0.83700639,,未满足 MA5>MA10>MA20>MA60; 20日动量低于门槛
2026-08-11,300402.SZ,,rejected_signal,,15.042758,,0.95346254,,未满足 MA5>MA10>MA20>MA60; 60日趋势强度不足
2026-08-11,300403.SZ,,rejected_signal,,13.403612,,0.94769889,,未满足 MA5>MA10>MA20>MA60; 20日动量低于门槛; 60日趋势强度不足
2026-08-11,300404.SZ,,rejected_signal,,49.075111,,1.05680227,,偏离MA20过远，追高风险
2026-08-11,300405.SZ,,rejected_signal,,12.021485,,0.97881871,,未满足 MA5>MA10>MA20>MA60; 60日趋势强度不足
2026-08-11,300406.SZ,,rejected_signal,,8.27228,,1.01573837,,未满足 MA5>MA10>MA20>MA60; 20日动量低于门槛; 60日趋势强度不足
2026-08-11,300407.SZ,,rejected_signal,,39.498131,,1.08648801,,未满足 MA5>MA10>MA20>MA60; 60日趋势强度不足
2026-08-11,300408.SZ,,rejected_signal,,21.297905,,0.9417823,,未满足 MA5>MA10>MA20>MA60; 20日年化波动过高
2026-08-11,300409.SZ,,rejected_signal,,9.793644,,0.90578413,,未满足 MA5>MA10>MA20>MA60; 60日趋势强度不足
2026-08-11,300410.SZ,,rejected_signal,,1.054906,,0.71861684,,未满足 MA5>MA10>MA20>MA60; 20日动量低于门槛; 60日趋势强度不足
2026-08-11,300411.SZ,,rejected_signal,,18.598721,,1.05378616,,未满足 MA5>MA10>MA20>MA60; 60日趋势强度不足
2026-08-11,300412.SZ,,rejected_signal,,12.424855,,0.9770512,,未满足 MA5>MA10>MA20>MA60; 60日趋势强度不足
2026-08-11,300413.SZ,,rejected_signal,,24.743534,,1.05100012,,未满足 MA5>MA10>MA20>MA60; 60日趋势强度不足
2026-08-11,300414.SZ,,rejected_signal,,24.532681,,1.00155795,,未满足 MA5>MA10>MA20>MA60; 60日趋势强度不足
2026-08-11,300415.SZ,,rejected_signal,,23.203152,,0.9873333,,未满足 MA5>MA10>MA20>MA60; 60日趋势强度不足
2026-08-11,300416.SZ,,rejected_signal,,7.502416,,0.85950303,,未满足 MA5>MA10>MA20>MA60; 20日动量低于门槛; 60日趋势强度不足
2026-08-11,300417.SZ,,rejected_signal,,8.00785,,0.96206224,,未满足 MA5>MA10>MA20>MA60; 60日趋势强度不足
2026-08-11,300418.SZ,,rejected_signal,,10.397053,,1.02279556,,未满足 MA5>MA10>MA20>MA60; 20日动量低于门槛; 60日趋势强度不足; 20日年化波动过高
2026-08-11,300419.SZ,,rejected_universe,,47.613792,,1.16858244,,不在当日动态股票池(停牌/未上市/已退市/当前ST代理过滤)
2026-08-11,300420.SZ,,rejected_signal,,24.053692,,0.95036077,,20日年化波动过高
2026-08-11,300421.SZ,,rejected_signal,,10.580542,,0.87120599,,未满足 MA5>MA10>MA20>MA60; 60日趋势强度不足
2026-08-11,300422.SZ,,rejected_signal,,10.062065,,0.93474633,,未满足 MA5>MA10>MA20>MA60; 60日趋势强度不足
2026-08-11,300423.SZ,,rejected_signal,,15.251425,,0.98296148,,未满足 MA5>MA10>MA20>MA60; 60日趋势强度不足
2026-08-11,300424.SZ,,rejected_signal,,8.424694,,0.84366602,,未满足 MA5>MA10>MA20>MA60; 60日趋势强度不足
2026-08-11,300425.SZ,,rejected_signal,,5.102199,,0.9866904,,未满足 MA5>MA10>MA20>MA60; 60日趋势强度不足
2026-08-11,300426.SZ,,rejected_signal,,20.746895,,1.04346228,,未满足 MA5>MA10>MA20>MA60; 20日涨幅过热; 偏离MA20过远，追高风险; 20日年化波动过高
2026-08-11,300427.SZ,,rejected_signal,,25.116686,,0.97356665,,未满足 MA5>MA10>MA20>MA60; 60日趋势强度不足
2026-08-11,300428.SZ,,rejected_signal,,26.464104,,1.00278556,,未满足 MA5>MA10>MA20>MA60; 60日趋势强度不足
2026-08-11,300429.SZ,,rejected_signal,,0.686456,,0.69771278,,未满足 MA5>MA10>MA20>MA60; 20日动量低于门槛; 60日趋势强度不足
2026-08-11,300430.SZ,,rejected_universe,,6.364378,,0.97472942,,不在当日动态股票池(停牌/未上市/已退市/当前ST代理过滤)
2026-08-11,300432.SZ,,rejected_signal,,7.168358,,0.81663793,,未满足 MA5>MA10>MA20>MA60; 20日动量低于门槛; 60日趋势强度不足
2026-08-11,300433.SZ,,rejected_signal,,4.768393,,0.77371615,,未满足 MA5>MA10>MA20>MA60; 收盘价低于MA20; 20日动量低于门槛; 60日趋势强度不足
2026-08-11,300434.SZ,,rejected_signal,,24.71052,,1.0053519,,未满足 MA5>MA10>MA20>MA60; 20日动量低于门槛; 60日趋势强度不足
2026-08-11,300435.SZ,,rejected_signal,,2.711173,,0.83328193,,未满足 MA5>MA10>MA20>MA60; 20日动量低于门槛; 60日趋势强度不足
2026-08-11,300436.SZ,,rejected_signal,,15.022394,,0.92063934,,未满足 MA5>MA10>MA20>MA60; 20日动量低于门槛; 60日趋势强度不足
2026-08-11,300437.SZ,,rejected_signal,,13.177551,,0.94239122,,未满足 MA5>MA10>MA20>MA60; 60日趋势强度不足
2026-08-11,300438.SZ,,rejected_signal,,15.223219,,0.82036233,,未满足 MA5>MA10>MA20>MA60; 20日动量低于门槛; 60日趋势强度不足
2026-08-11,300439.SZ,,rejected_signal,,11.193846,,1.01507175,,未满足 MA5>MA10>MA20>MA60; 60日趋势强度不足
2026-08-11,300440.SZ,,rejected_signal,,8.163671,,0.90734589,,未满足 MA5>MA10>MA20>MA60; 20日动量低于门槛; 60日趋势强度不足
2026-08-11,300441.SZ,,rejected_signal,,28.288263,,1.06725252,,未满足 MA5>MA10>MA20>MA60; 60日趋势强度不足
2026-08-11,300442.SZ,,rejected_signal,,5.801186,,0.88227308,,未满足 MA5>MA10>MA20>MA60; 20日动量低于门槛; 60日趋势强度不足
2026-08-11,300443.SZ,,rejected_signal,,18.734247,,0.9663974,,未满足 MA5>MA10>MA20>MA60; 60日趋势强度不足
2026-08-11,300444.SZ,,rejected_signal,,5.298966,,0.899746,,未满足 MA5>MA10>MA20>MA60; 60日趋势强度不足
2026-08-11,300445.SZ,,rejected_signal,,0.402778,,0.87526828,,未满足 MA5>MA10>MA20>MA60; 20日动量低于门槛; 60日趋势强度不足
2026-08-11,300446.SZ,,rejected_signal,,3.660205,,0.90462452,,未满足 MA5>MA10>MA20>MA60; 20日动量低于门槛; 60日趋势强度不足
2026-08-11,300447.SZ,,rejected_signal,,5.604157,,0.92898589,,未满足 MA5>MA10>MA20>MA60; 60日趋势强度不足
2026-08-11,300448.SZ,,rejected_signal,,12.183599,,0.91103178,,未满足 MA5>MA10>MA20>MA60; 60日趋势强度不足
2026-08-11,300449.SZ,,rejected_signal,,12.397919,,0.916049,,未满足 MA5>MA10>MA20>MA60; 60日趋势强度不足; 偏离MA20过远，追高风险
2026-08-11,300450.SZ,,rejected_signal,,8.386458,,0.84574103,,未满足 MA5>MA10>MA20>MA60; 20日动量低于门槛; 60日趋势强度不足
2026-08-11,300451.SZ,,rejected_signal,,24.505041,,1.04363644,,未满足 MA5>MA10>MA20>MA60; 60日趋势强度不足
2026-08-11,300452.SZ,,rejected_signal,,10.872636,,1.00662577,,20日动量低于门槛; 60日趋势强度不足
2026-08-11,300453.SZ,,rejected_signal,,17.586845,,1.02256274,,未满足 MA5>MA10>MA20>MA60; 收盘价低于MA20; 20日动量低于门槛; 60日趋势强度不足
2026-08-11,300454.SZ,,rejected_rank,36,51.049858,0.67289722,1.14162159,0.70093459,"信号有效, 但综合排名未进入 Top20"
2026-08-11,300455.SZ,,rejected_signal,,8.095145,,0.9179126,,未满足 MA5>MA10>MA20>MA60; 20日动量低于门槛; 60日趋势强度不足
2026-08-11,300456.SZ,,rejected_signal,,3.694413,,0.78680402,,未满足 MA5>MA10>MA20>MA60; 20日动量低于门槛; 60日趋势强度不足
2026-08-11,300457.SZ,,rejected_signal,,11.370919,,0.91914248,,未满足 MA5>MA10>MA20>MA60; 60日趋势强度不足
2026-08-11,300458.SZ,,rejected_signal,,7.388157,,0.90998,,未满足 MA5>MA10>MA20>MA60; 收盘价低于MA20; 20日动量低于门槛; 60日趋势强度不足
2026-08-11,300459.SZ,,rejected_signal,,35.913364,,1.07411754,,未满足 MA5>MA10>MA20>MA60; 60日趋势强度不足
2026-08-11,300460.SZ,,rejected_universe,,0.312937,,0.89379323,,不在当日动态股票池(停牌/未上市/已退市/当前ST代理过滤)
2026-08-11,300461.SZ,,rejected_signal,,0.0,,0.73579293,,未满足 MA5>MA10>MA20>MA60; 60日趋势强度不足
2026-08-11,300462.SZ,,rejected_universe,,29.515001,,1.00895083,,不在当日动态股票池(停牌/未上市/已退市/当前ST代理过滤)
2026-08-11,300463.SZ,,rejected_signal,,23.204834,,1.0272758,,60日趋势强度不足
2026-08-11,300464.SZ,,rejected_signal,,11.810305,,0.84382612,,未满足 MA5>MA10>MA20>MA60; 60日趋势强度不足
2026-08-11,300465.SZ,,rejected_signal,,24.281029,,1.01520193,,未满足 MA5>MA10>MA20>MA60; 60日趋势强度不足
2026-08-11,300466.SZ,,rejected_signal,,10.896464,,0.97579098,,未满足 MA5>MA10>MA20>MA60; 60日趋势强度不足
2026-08-11,300467.SZ,,rejected_signal,,5.286739,,0.9639225,,未满足 MA5>MA10>MA20>MA60; 20日动量低于门槛; 60日趋势强度不足
2026-08-11,300468.SZ,,rejected_signal,,28.611582,,0.99401581,,未满足 MA5>MA10>MA20>MA60; 60日趋势强度不足
2026-08-11,300469.SZ,,rejected_signal,,25.977076,,1.04960918,,未满足 MA5>MA10>MA20>MA60; 60日趋势强度不足; 20日年化波动过高
2026-08-11,300470.SZ,,rejected_signal,,5.582862,,1.00711536,,未满足 MA5>MA10>MA20>MA60; 60日趋势强度不足
2026-08-11,300471.SZ,,rejected_signal,,16.797981,,1.02263963,,未满足 MA5>MA10>MA20>MA60; 60日趋势强度不足
2026-08-11,300472.SZ,,rejected_universe,,18.851795,,0.91128933,,不在当日动态股票池(停牌/未上市/已退市/当前ST代理过滤)
2026-08-11,300473.SZ,,rejected_signal,,10.022907,,0.72983748,,未满足 MA5>MA10>MA20>MA60; 20日动量低于门槛; 60日趋势强度不足
2026-08-11,300474.SZ,,rejected_signal,,5.437294,,0.95281112,,未满足 MA5>MA10>MA20>MA60; 20日动量低于门槛; 60日趋势强度不足
2026-08-11,300475.SZ,,rejected_signal,,3.296544,,0.66479349,,未满足 MA5>MA10>MA20>MA60; 收盘价低于MA20; 20日动量低于门槛; 60日趋势强度不足; 20日年化波动过高
2026-08-11,300476.SZ,,rejected_signal,,0.0,,0.54911268,,未满足 MA5>MA10>MA20>MA60; 20日动量低于门槛; 60日趋势强度不足; 20日年化波动过高
2026-08-11,300477.SZ,,rejected_universe,,39.44791,,1.0892092,,不在当日动态股票池(停牌/未上市/已退市/当前ST代理过滤)
2026-08-11,300478.SZ,,rejected_signal,,0.154632,,0.71686041,,未满足 MA5>MA10>MA20>MA60; 20日动量低于门槛; 60日趋势强度不足
2026-08-11,300479.SZ,,rejected_signal,,16.996933,,0.99550271,,未满足 MA5>MA10>MA20>MA60; 60日趋势强度不足
2026-08-11,300480.SZ,,rejected_signal,,0.0,,0.7933653,,未满足 MA5>MA10>MA20>MA60; 20日动量低于门槛; 60日趋势强度不足; 20日年化波动过高
2026-08-11,300481.SZ,,rejected_signal,,2.424053,,0.86624485,,未满足 MA5>MA10>MA20>MA60; 20日动量低于门槛; 60日趋势强度不足
2026-08-11,300482.SZ,,rejected_signal,,9.287921,,0.98725981,,未满足 MA5>MA10>MA20>MA60; 60日趋势强度不足
2026-08-11,300483.SZ,,rejected_signal,,47.336037,,1.12051058,,偏离MA20过远，追高风险
2026-08-11,300484.SZ,,rejected_signal,,7.018454,,0.90950847,,未满足 MA5>MA10>MA20>MA60; 60日趋势强度不足
2026-08-11,300485.SZ,,rejected_signal,,21.66872,,1.00249445,,未满足 MA5>MA10>MA20>MA60; 20日动量低于门槛; 60日趋势强度不足
2026-08-11,300486.SZ,,rejected_signal,,1.18852,,0.85837406,,未满足 MA5>MA10>MA20>MA60; 20日动量低于门槛; 60日趋势强度不足
2026-08-11,300487.SZ,,rejected_signal,,24.22641,,1.02297616,,未满足 MA5>MA10>MA20>MA60; 20日动量低于门槛
2026-08-11,300488.SZ,,rejected_signal,,4.136339,,0.82963473,,未满足 MA5>MA10>MA20>MA60; 20日动量低于门槛; 60日趋势强度不足
2026-08-11,300489.SZ,,rejected_signal,,21.486786,,0.81734622,,未满足 MA5>MA10>MA20>MA60; 20日动量低于门槛; 偏离MA20过远，追高风险; 20日年化波动过高
2026-08-11,300490.SZ,,rejected_signal,,10.989075,,0.88747734,,未满足 MA5>MA10>MA20>MA60; 20日动量低于门槛; 60日趋势强度不足
2026-08-11,300491.SZ,,rejected_signal,,0.0,,0.87358373,,未满足 MA5>MA10>MA20>MA60; 20日动量低于门槛; 60日趋势强度不足; 20日年化波动过高
2026-08-11,300492.SZ,,rejected_signal,,21.259842,,1.01774311,,未满足 MA5>MA10>MA20>MA60; 60日趋势强度不足
2026-08-11,300493.SZ,,rejected_signal,,3.254645,,0.93677545,,未满足 MA5>MA10>MA20>MA60; 20日动量低于门槛; 60日趋势强度不足
2026-08-11,300494.SZ,,rejected_signal,,19.939144,,1.00632536,,未满足 MA5>MA10>MA20>MA60; 60日趋势强度不足
2026-08-11,300495.SZ,,rejected_universe,,0.0,,0.0,,不在当日动态股票池(停牌/未上市/已退市/当前ST代理过滤)
2026-08-11,300496.SZ,,rejected_signal,,24.885902,,0.9940986,,未满足 MA5>MA10>MA20>MA60; 60日趋势强度不足
2026-08-11,300497.SZ,,rejected_signal,,21.893284,,0.91438723,,未满足 MA5>MA10>MA20>MA60
2026-08-11,300498.SZ,,rejected_signal,,19.431261,,1.01388705,,未满足 MA5>MA10>MA20>MA60; 收盘价低于MA20; 60日趋势强度不足
2026-08-11,300499.SZ,,rejected_signal,,1.594036,,0.75680178,,未满足 MA5>MA10>MA20>MA60; 20日动量低于门槛; 60日趋势强度不足
2026-08-11,300500.SZ,,rejected_signal,,10.807987,,0.94987172,,未满足 MA5>MA10>MA20>MA60; 60日趋势强度不足
2026-08-11,300501.SZ,,rejected_signal,,1.822438,,0.81854361,,未满足 MA5>MA10>MA20>MA60; 20日动量低于门槛; 60日趋势强度不足
2026-08-11,300502.SZ,,rejected_signal,,0.344713,,0.89943749,,未满足 MA5>MA10>MA20>MA60; 收盘价低于MA20; 20日动量低于门槛; 60日趋势强度不足; 20日年化波动过高
2026-08-11,300503.SZ,,rejected_signal,,9.897234,,0.84448636,,未满足 MA5>MA10>MA20>MA60; 20日动量低于门槛; 20日年化波动过高
2026-08-11,300504.SZ,,rejected_signal,,2.810659,,0.85731417,,未满足 MA5>MA10>MA20>MA60; 20日动量低于门槛; 60日趋势强度不足
2026-08-11,300505.SZ,,rejected_signal,,3.100671,,0.91283005,,未满足 MA5>MA10>MA20>MA60; 20日动量低于门槛; 60日趋势强度不足
2026-08-11,300506.SZ,,rejected_signal,,31.386656,,1.22525465,,收盘价低于MA20; 20日动量低于门槛; 20日年化波动过高
2026-08-11,300507.SZ,,rejected_signal,,5.586747,,0.91674924,,未满足 MA5>MA10>MA20>MA60; 20日动量低于门槛; 60日趋势强度不足
2026-08-11,300508.SZ,,rejected_signal,,0.935183,,0.90054852,,未满足 MA5>MA10>MA20>MA60; 60日趋势强度不足; 偏离MA20过远，追高风险; 20日年化波动过高
2026-08-11,300509.SZ,,rejected_signal,,10.058536,,0.96410733,,未满足 MA5>MA10>MA20>MA60; 60日趋势强度不足
2026-08-11,300510.SZ,,rejected_signal,,28.737242,,1.02532256,,未满足 MA5>MA10>MA20>MA60; 60日趋势强度不足
2026-08-11,300511.SZ,,rejected_signal,,2.306313,,0.93726856,,未满足 MA5>MA10>MA20>MA60; 20日动量低于门槛; 60日趋势强度不足
2026-08-11,300512.SZ,,rejected_signal,,7.941366,,0.96418422,,未满足 MA5>MA10>MA20>MA60; 60日趋势强度不足
2026-08-11,300513.SZ,,rejected_signal,,5.899901,,0.96652389,,未满足 MA5>MA10>MA20>MA60; 60日趋势强度不足
2026-08-11,300514.SZ,,rejected_signal,,10.958167,,0.96332997,,未满足 MA5>MA10>MA20>MA60; 60日趋势强度不足; 20日平均成交额不足
2026-08-11,300515.SZ,,rejected_signal,,33.465443,,1.0725373,,60日趋势强度不足
2026-08-11,300516.SZ,,rejected_signal,,6.398315,,0.87094778,,未满足 MA5>MA10>MA20>MA60; 60日趋势强度不足
2026-08-11,300517.SZ,,rejected_signal,,18.978676,,0.93273699,,未满足 MA5>MA10>MA20>MA60; 60日趋势强度不足
2026-08-11,300518.SZ,,rejected_signal,,0.0,,0.59273505,,未满足 MA5>MA10>MA20>MA60; 20日动量低于门槛; 60日趋势强度不足; 20日年化波动过高
2026-08-11,300519.SZ,,rejected_signal,,25.397268,,1.02986288,,60日趋势强度不足
2026-08-11,300520.SZ,,rejected_signal,,11.751782,,0.92282605,,未满足 MA5>MA10>MA20>MA60; 60日趋势强度不足
2026-08-11,300521.SZ,,rejected_signal,,1.298727,,0.88667279,,未满足 MA5>MA10>MA20>MA60; 60日趋势强度不足
2026-08-11,300522.SZ,,rejected_signal,,0.0,,0.75718796,,未满足 MA5>MA10>MA20>MA60; 20日动量低于门槛; 60日趋势强度不足
2026-08-11,300523.SZ,,rejected_signal,,11.255523,,0.99340701,,未满足 MA5>MA10>MA20>MA60; 60日趋势强度不足
2026-08-11,300525.SZ,,rejected_signal,,42.567078,,1.06879103,,未满足 MA5>MA10>MA20>MA60; 60日趋势强度不足
2026-08-11,300527.SZ,,rejected_universe,,31.230927,,1.02706528,,不在当日动态股票池(停牌/未上市/已退市/当前ST代理过滤)
2026-08-11,300528.SZ,,rejected_signal,,11.918049,,0.92198908,,未满足 MA5>MA10>MA20>MA60; 60日趋势强度不足; 20日年化波动过高
2026-08-11,300529.SZ,,rejected_signal,,13.080837,,1.07597876,,未满足 MA5>MA10>MA20>MA60; 收盘价低于MA20; 20日动量低于门槛; 60日趋势强度不足
2026-08-11,300530.SZ,,rejected_signal,,30.836212,,1.06605351,,未满足 MA5>MA10>MA20>MA60; 60日趋势强度不足; 20日年化波动过高
2026-08-11,300531.SZ,,rejected_signal,,27.800488,,1.05920422,,60日趋势强度不足
2026-08-11,300532.SZ,,rejected_signal,,16.960257,,1.03608048,,20日动量低于门槛; 60日趋势强度不足
2026-08-11,300533.SZ,,rejected_signal,,11.702571,,0.99335569,,未满足 MA5>MA10>MA20>MA60; 60日趋势强度不足
2026-08-11,300534.SZ,,rejected_signal,,31.524044,,1.43684268,,20日涨幅过热; 偏离MA20过远，追高风险; 20日年化波动过高
2026-08-11,300535.SZ,,rejected_signal,,28.939899,,0.99674094,,未满足 MA5>MA10>MA20>MA60; 60日趋势强度不足
2026-08-11,300536.SZ,,rejected_signal,,5.606967,,0.93439972,,未满足 MA5>MA10>MA20>MA60; 60日趋势强度不足
2026-08-11,300537.SZ,,rejected_signal,,0.447183,,0.68081236,,未满足 MA5>MA10>MA20>MA60; 20日动量低于门槛; 60日趋势强度不足
2026-08-11,300538.SZ,,rejected_signal,,6.543473,,0.8403421,,未满足 MA5>MA10>MA20>MA60; 60日趋势强度不足
2026-08-11,300539.SZ,,rejected_signal,,7.502923,,0.86897016,,未满足 MA5>MA10>MA20>MA60; 20日动量低于门槛; 60日趋势强度不足
2026-08-11,300540.SZ,,rejected_signal,,17.510351,,0.80856824,,未满足 MA5>MA10>MA20>MA60; 20日动量低于门槛; 20日年化波动过高
2026-08-11,300541.SZ,,rejected_signal,,25.107231,,1.02655923,,未满足 MA5>MA10>MA20>MA60; 60日趋势强度不足
2026-08-11,300542.SZ,,rejected_signal,,29.117945,,0.99954134,,未满足 MA5>MA10>MA20>MA60; 60日趋势强度不足
2026-08-11,300543.SZ,,rejected_signal,,19.477734,,0.97551197,,未满足 MA5>MA10>MA20>MA60; 60日趋势强度不足
2026-08-11,300545.SZ,,rejected_signal,,2.212632,,0.81334263,,未满足 MA5>MA10>MA20>MA60; 20日动量低于门槛; 60日趋势强度不足
2026-08-11,300546.SZ,,rejected_signal,,30.151802,,0.97702688,,未满足 MA5>MA10>MA20>MA60; 60日趋势强度不足
2026-08-11,300547.SZ,,rejected_signal,,0.0,,0.75017208,,未满足 MA5>MA10>MA20>MA60; 收盘价低于MA20; 20日动量低于门槛; 60日趋势强度不足
2026-08-11,300548.SZ,,rejected_signal,,0.975503,,0.71490425,,未满足 MA5>MA10>MA20>MA60; 20日动量低于门槛; 60日趋势强度不足; 20日年化波动过高
2026-08-11,300549.SZ,,rejected_signal,,7.308224,,0.95730489,,未满足 MA5>MA10>MA20>MA60; 60日趋势强度不足; 20日平均成交额不足
2026-08-11,300550.SZ,,rejected_signal,,0.0,,1.01164162,,未满足 MA5>MA10>MA20>MA60; 20日动量低于门槛; 60日趋势强度不足
2026-08-11,300551.SZ,,rejected_signal,,20.501493,,0.93221706,,未满足 MA5>MA10>MA20>MA60; 60日趋势强度不足
2026-08-11,300552.SZ,,rejected_signal,,15.036626,,0.84530109,,未满足 MA5>MA10>MA20>MA60; 60日趋势强度不足
2026-08-11,300553.SZ,,rejected_signal,,0.0,,0.65966648,,未满足 MA5>MA10>MA20>MA60; 收盘价低于MA20; 20日动量低于门槛; 60日趋势强度不足; 20日年化波动过高
2026-08-11,300554.SZ,,rejected_signal,,1.098715,,0.77618998,,未满足 MA5>MA10>MA20>MA60; 20日动量低于门槛; 60日趋势强度不足
2026-08-11,300555.SZ,,rejected_universe,,10.969278,,0.96199584,,不在当日动态股票池(停牌/未上市/已退市/当前ST代理过滤)
2026-08-11,300556.SZ,,rejected_signal,,10.671786,,0.915245,,未满足 MA5>MA10>MA20>MA60; 60日趋势强度不足
2026-08-11,300557.SZ,,rejected_signal,,1.975875,,0.86289865,,未满足 MA5>MA10>MA20>MA60; 20日动量低于门槛; 60日趋势强度不足
2026-08-11,300558.SZ,,rejected_signal,,37.128849,,1.00737071,,20日动量低于门槛
2026-08-11,300559.SZ,,rejected_signal,,17.279825,,1.05204022,,未满足 MA5>MA10>MA20>MA60; 60日趋势强度不足
2026-08-11,300560.SZ,,rejected_signal,,0.0,,0.81108069,,未满足 MA5>MA10>MA20>MA60; 20日动量低于门槛; 60日趋势强度不足
2026-08-11,300561.SZ,,rejected_signal,,31.109112,,1.09469497,,未满足 MA5>MA10>MA20>MA60; 收盘价低于MA20; 60日趋势强度不足
2026-08-11,300562.SZ,,rejected_rank,85,37.348518,0.21495327,1.11480224,0.31775701,"信号有效, 但综合排名未进入 Top20"
2026-08-11,300563.SZ,,rejected_signal,,1.418761,,0.87284482,,未满足 MA5>MA10>MA20>MA60; 20日动量低于门槛; 60日趋势强度不足
2026-08-11,300564.SZ,,rejected_signal,,0.0,,0.92275435,,未满足 MA5>MA10>MA20>MA60; 20日动量低于门槛; 60日趋势强度不足
2026-08-11,300565.SZ,,rejected_signal,,6.550347,,0.85157055,,未满足 MA5>MA10>MA20>MA60; 60日趋势强度不足
2026-08-11,300566.SZ,,rejected_signal,,16.092304,,0.83418936,,未满足 MA5>MA10>MA20>MA60; 20日动量低于门槛
2026-08-11,300567.SZ,,rejected_signal,,14.360435,,0.88038725,,未满足 MA5>MA10>MA20>MA60; 20日动量低于门槛; 20日年化波动过高
2026-08-11,300568.SZ,,rejected_signal,,7.623572,,0.8257041,,未满足 MA5>MA10>MA20>MA60; 20日动量低于门槛; 60日趋势强度不足
2026-08-11,300569.SZ,,rejected_signal,,11.407852,,0.99453378,,未满足 MA5>MA10>MA20>MA60; 60日趋势强度不足
2026-08-11,300570.SZ,,rejected_signal,,0.0,,0.72555727,,未满足 MA5>MA10>MA20>MA60; 20日动量低于门槛; 60日趋势强度不足; 20日年化波动过高
2026-08-11,300571.SZ,,rejected_signal,,1.735638,,0.8316527,,未满足 MA5>MA10>MA20>MA60; 20日动量低于门槛; 60日趋势强度不足
2026-08-11,300572.SZ,,rejected_signal,,0.644378,,0.75606257,,未满足 MA5>MA10>MA20>MA60; 60日趋势强度不足
2026-08-11,300573.SZ,,rejected_signal,,25.140228,,1.05198371,,未满足 MA5>MA10>MA20>MA60; 60日趋势强度不足
2026-08-11,300575.SZ,,rejected_signal,,18.667259,,1.01163161,,未满足 MA5>MA10>MA20>MA60; 60日趋势强度不足
2026-08-11,300576.SZ,,rejected_signal,,3.988293,,0.60107553,,未满足 MA5>MA10>MA20>MA60; 20日动量低于门槛; 60日趋势强度不足
2026-08-11,300577.SZ,,rejected_signal,,30.551878,,1.05488801,,60日趋势强度不足; 20日年化波动过高
2026-08-11,300578.SZ,,rejected_signal,,12.47112,,0.92524707,,未满足 MA5>MA10>MA20>MA60; 60日趋势强度不足
2026-08-11,300579.SZ,,rejected_signal,,24.060709,,1.03415167,,未满足 MA5>MA10>MA20>MA60; 60日趋势强度不足
2026-08-11,300580.SZ,,rejected_signal,,14.409717,,0.95006621,,未满足 MA5>MA10>MA20>MA60; 60日趋势强度不足
2026-08-11,300581.SZ,,rejected_signal,,19.962254,,0.94424284,,未满足 MA5>MA10>MA20>MA60; 60日趋势强度不足
2026-08-11,300582.SZ,,rejected_signal,,1.325736,,0.84192896,,未满足 MA5>MA10>MA20>MA60; 20日动量低于门槛; 60日趋势强度不足
2026-08-11,300583.SZ,,rejected_signal,,16.179489,,1.00466466,,未满足 MA5>MA10>MA20>MA60; 60日趋势强度不足
2026-08-11,300584.SZ,,rejected_signal,,8.949796,,0.96468109,,未满足 MA5>MA10>MA20>MA60; 60日趋势强度不足
2026-08-11,300585.SZ,,rejected_signal,,15.986753,,0.8567031,,未满足 MA5>MA10>MA20>MA60; 60日趋势强度不足; 偏离MA20过远，追高风险
2026-08-11,300586.SZ,,rejected_signal,,0.0,,0.68169034,,未满足 MA5>MA10>MA20>MA60; 20日动量低于门槛; 60日趋势强度不足
2026-08-11,300587.SZ,,rejected_signal,,26.517714,,1.04562545,,未满足 MA5>MA10>MA20>MA60; 20日涨幅过热; 60日趋势强度不足; 偏离MA20过远，追高风险
2026-08-11,300588.SZ,,rejected_signal,,13.718329,,1.05154586,,20日动量低于门槛
2026-08-11,300589.SZ,,rejected_signal,,40.975506,,1.0151943,,未满足 MA5>MA10>MA20>MA60; 60日趋势强度不足
2026-08-11,300590.SZ,,rejected_signal,,0.0,,0.78173769,,未满足 MA5>MA10>MA20>MA60; 20日动量低于门槛; 60日趋势强度不足
2026-08-11,300591.SZ,,rejected_signal,,31.926704,,1.04527938,,未满足 MA5>MA10>MA20>MA60; 60日趋势强度不足; 偏离MA20过远，追高风险; 20日年化波动过高
2026-08-11,300592.SZ,,rejected_signal,,28.053778,,1.02629066,,未满足 MA5>MA10>MA20>MA60; 20日动量低于门槛; 20日年化波动过高
2026-08-11,300593.SZ,,rejected_signal,,1.770265,,0.83578748,,未满足 MA5>MA10>MA20>MA60; 60日趋势强度不足; 20日年化波动过高
2026-08-11,300594.SZ,,rejected_universe,,13.03733,,0.96122348,,不在当日动态股票池(停牌/未上市/已退市/当前ST代理过滤)
2026-08-11,300595.SZ,,rejected_signal,,24.300497,,1.0158571,,未满足 MA5>MA10>MA20>MA60; 60日趋势强度不足
2026-08-11,300596.SZ,,rejected_signal,,6.726696,,0.88900554,,未满足 MA5>MA10>MA20>MA60; 20日动量低于门槛; 60日趋势强度不足
2026-08-11,300597.SZ,,rejected_signal,,17.721134,,0.96709484,,未满足 MA5>MA10>MA20>MA60; 60日趋势强度不足
2026-08-11,300598.SZ,,rejected_signal,,9.38012,,0.97781342,,未满足 MA5>MA10>MA20>MA60; 60日趋势强度不足
2026-08-11,300599.SZ,,rejected_signal,,29.115995,,0.97957891,,未满足 MA5>MA10>MA20>MA60; 60日趋势强度不足
2026-08-11,300600.SZ,,rejected_signal,,26.87569,,0.99724692,,未满足 MA5>MA10>MA20>MA60; 60日趋势强度不足
2026-08-11,300601.SZ,,rejected_signal,,24.006813,,1.02439213,,60日趋势强度不足
2026-08-11,300602.SZ,,rejected_signal,,3.796183,,0.80640024,,未满足 MA5>MA10>MA20>MA60; 20日动量低于门槛; 60日趋势强度不足
2026-08-11,300603.SZ,,rejected_signal,,14.970522,,0.97333533,,未满足 MA5>MA10>MA20>MA60; 60日趋势强度不足
2026-08-11,300604.SZ,,rejected_signal,,21.750738,,0.89593929,,未满足 MA5>MA10>MA20>MA60; 20日动量低于门槛; 20日年化波动过高
2026-08-11,300605.SZ,,rejected_signal,,36.436127,,1.10212326,,未满足 MA5>MA10>MA20>MA60; 60日趋势强度不足
2026-08-11,300606.SZ,,rejected_signal,,13.19596,,0.73593491,,未满足 MA5>MA10>MA20>MA60; 60日趋势强度不足
2026-08-11,300607.SZ,,rejected_signal,,7.711437,,0.90605932,,未满足 MA5>MA10>MA20>MA60; 20日动量低于门槛; 60日趋势强度不足
2026-08-11,300608.SZ,,rejected_signal,,22.389299,,0.93057197,,未满足 MA5>MA10>MA20>MA60; 60日趋势强度不足
2026-08-11,300609.SZ,,rejected_signal,,0.377779,,0.80665845,,未满足 MA5>MA10>MA20>MA60; 20日动量低于门槛; 60日趋势强度不足
2026-08-11,300610.SZ,,rejected_signal,,8.299513,,0.96774447,,未满足 MA5>MA10>MA20>MA60; 60日趋势强度不足
2026-08-11,300611.SZ,,rejected_signal,,2.03988,,0.96495295,,未满足 MA5>MA10>MA20>MA60; 收盘价低于MA20; 20日动量低于门槛; 60日趋势强度不足
2026-08-11,300612.SZ,,rejected_signal,,32.96217,,1.03630495,,未满足 MA5>MA10>MA20>MA60; 60日趋势强度不足
2026-08-11,300613.SZ,,rejected_signal,,35.660137,,1.08882594,,未满足 MA5>MA10>MA20>MA60; 偏离MA20过远，追高风险; 20日年化波动过高
2026-08-11,300614.SZ,,rejected_signal,,16.143923,,0.97710407,,未满足 MA5>MA10>MA20>MA60; 60日趋势强度不足
2026-08-11,300615.SZ,,rejected_signal,,29.683283,,1.26323116,,未满足 MA5>MA10>MA20>MA60; 20日涨幅过热; 偏离MA20过远，追高风险; 20日年化波动过高
2026-08-11,300616.SZ,,rejected_signal,,8.038271,,0.84480637,,未满足 MA5>MA10>MA20>MA60; 60日趋势强度不足
2026-08-11,300617.SZ,,rejected_signal,,6.921906,,0.84118468,,未满足 MA5>MA10>MA20>MA60; 收盘价低于MA20; 20日动量低于门槛; 60日趋势强度不足
2026-08-11,300618.SZ,,rejected_signal,,30.770546,,0.93229228,,未满足 MA5>MA10>MA20>MA60; 60日趋势强度不足
2026-08-11,300619.SZ,,rejected_signal,,0.816448,,0.92055088,,未满足 MA5>MA10>MA20>MA60; 20日动量低于门槛; 60日趋势强度不足
2026-08-11,300620.SZ,,rejected_signal,,0.0,,0.85370523,,未满足 MA5>MA10>MA20>MA60; 20日动量低于门槛; 60日趋势强度不足; 20日年化波动过高
2026-08-11,300621.SZ,,rejected_signal,,29.945152,,1.02046824,,未满足 MA5>MA10>MA20>MA60; 60日趋势强度不足
2026-08-11,300622.SZ,,rejected_signal,,29.742264,,1.03978264,,未满足 MA5>MA10>MA20>MA60; 60日趋势强度不足
2026-08-11,300623.SZ,,rejected_signal,,0.780857,,0.717269,,未满足 MA5>MA10>MA20>MA60; 20日动量低于门槛; 60日趋势强度不足
2026-08-11,300624.SZ,,rejected_signal,,30.475363,,1.00419962,,未满足 MA5>MA10>MA20>MA60; 60日趋势强度不足
2026-08-11,300625.SZ,,rejected_signal,,9.09582,,0.9558149,,未满足 MA5>MA10>MA20>MA60; 60日趋势强度不足; 20日平均成交额不足
2026-08-11,300626.SZ,,rejected_signal,,0.0,,0.84577757,,未满足 MA5>MA10>MA20>MA60; 60日趋势强度不足; 20日年化波动过高
2026-08-11,300627.SZ,,rejected_signal,,9.793229,,1.0036118,,未满足 MA5>MA10>MA20>MA60; 20日动量低于门槛; 60日趋势强度不足
2026-08-11,300628.SZ,,rejected_rank,40,50.159496,0.63551402,1.09130859,0.61495328,"信号有效, 但综合排名未进入 Top20"
2026-08-11,300629.SZ,,rejected_signal,,5.586998,,0.86875087,,未满足 MA5>MA10>MA20>MA60; 20日动量低于门槛; 60日趋势强度不足
2026-08-11,300630.SZ,,rejected_universe,,0.0,,0.0,,不在当日动态股票池(停牌/未上市/已退市/当前ST代理过滤)
2026-08-11,300631.SZ,,rejected_signal,,2.400876,,0.89974397,,未满足 MA5>MA10>MA20>MA60; 60日趋势强度不足
2026-08-11,300632.SZ,,rejected_signal,,2.076946,,0.68083525,,未满足 MA5>MA10>MA20>MA60; 20日动量低于门槛; 60日趋势强度不足
2026-08-11,300633.SZ,,rejected_signal,,25.049417,,1.05623186,,未满足 MA5>MA10>MA20>MA60; 60日趋势强度不足
2026-08-11,300634.SZ,,rejected_signal,,26.359278,,0.95329159,,未满足 MA5>MA10>MA20>MA60; 60日趋势强度不足
2026-08-11,300635.SZ,,rejected_signal,,17.381018,,0.96170449,,未满足 MA5>MA10>MA20>MA60; 60日趋势强度不足
2026-08-11,300636.SZ,,rejected_signal,,9.531684,,1.01511872,,60日趋势强度不足
2026-08-11,300637.SZ,,rejected_signal,,4.131509,,0.88119352,,未满足 MA5>MA10>MA20>MA60; 60日趋势强度不足
2026-08-11,300638.SZ,,rejected_signal,,37.750843,,1.03472865,,未满足 MA5>MA10>MA20>MA60; 60日趋势强度不足
2026-08-11,300639.SZ,,rejected_signal,,42.279713,,1.04872346,,60日趋势强度不足
2026-08-11,300640.SZ,,rejected_signal,,27.065559,,1.03802121,,未满足 MA5>MA10>MA20>MA60; 60日趋势强度不足
2026-08-11,300641.SZ,,rejected_signal,,8.001158,,0.95480108,,未满足 MA5>MA10>MA20>MA60; 60日趋势强度不足
2026-08-11,300642.SZ,,rejected_signal,,21.268126,,0.99746788,,未满足 MA5>MA10>MA20>MA60; 60日趋势强度不足
2026-08-11,300643.SZ,,rejected_signal,,3.611232,,0.93511856,,未满足 MA5>MA10>MA20>MA60; 60日趋势强度不足; 20日年化波动过高
2026-08-11,300644.SZ,,rejected_signal,,1.754702,,0.90598476,,未满足 MA5>MA10>MA20>MA60; 60日趋势强度不足
2026-08-11,300645.SZ,,rejected_signal,,23.128748,,1.0041635,,未满足 MA5>MA10>MA20>MA60; 60日趋势强度不足
2026-08-11,300647.SZ,,rejected_signal,,10.936036,,0.90010744,,未满足 MA5>MA10>MA20>MA60; 60日趋势强度不足
2026-08-11,300648.SZ,,rejected_signal,,3.341884,,0.84237808,,未满足 MA5>MA10>MA20>MA60; 60日趋势强度不足
2026-08-11,300649.SZ,,rejected_signal,,0.640774,,0.77779377,,未满足 MA5>MA10>MA20>MA60; 20日动量低于门槛; 20日年化波动过高
2026-08-11,300650.SZ,,rejected_signal,,1.076661,,0.87601238,,未满足 MA5>MA10>MA20>MA60; 20日动量低于门槛; 60日趋势强度不足
2026-08-11,300651.SZ,,rejected_signal,,10.932168,,0.88230979,,未满足 MA5>MA10>MA20>MA60; 60日趋势强度不足
2026-08-11,300652.SZ,,rejected_signal,,11.117414,,0.79741156,,未满足 MA5>MA10>MA20>MA60; 20日动量低于门槛; 60日趋势强度不足
2026-08-11,300653.SZ,,rejected_signal,,2.782036,,0.98443753,,未满足 MA5>MA10>MA20>MA60; 20日动量低于门槛; 60日趋势强度不足
2026-08-11,300654.SZ,,rejected_signal,,30.655262,,1.07734668,,收盘价低于MA20; 20日动量低于门槛; 60日趋势强度不足
2026-08-11,300655.SZ,,rejected_signal,,2.008318,,0.7639001,,未满足 MA5>MA10>MA20>MA60; 20日动量低于门槛; 60日趋势强度不足
2026-08-11,300656.SZ,,rejected_signal,,2.994194,,0.73911828,,未满足 MA5>MA10>MA20>MA60; 20日动量低于门槛; 60日趋势强度不足
2026-08-11,300657.SZ,,rejected_signal,,4.264024,,0.85663825,,未满足 MA5>MA10>MA20>MA60; 20日动量低于门槛; 60日趋势强度不足
2026-08-11,300658.SZ,,rejected_signal,,3.887522,,0.89805329,,未满足 MA5>MA10>MA20>MA60; 60日趋势强度不足
2026-08-11,300659.SZ,,rejected_signal,,27.145845,,0.99749416,,未满足 MA5>MA10>MA20>MA60; 60日趋势强度不足
2026-08-11,300660.SZ,,rejected_signal,,8.42762,,0.94844693,,未满足 MA5>MA10>MA20>MA60; 20日动量低于门槛; 60日趋势强度不足
2026-08-11,300661.SZ,,rejected_signal,,10.248426,,0.85868293,,未满足 MA5>MA10>MA20>MA60; 20日动量低于门槛
2026-08-11,300662.SZ,,rejected_signal,,40.220066,,1.03275418,,未满足 MA5>MA10>MA20>MA60; 60日趋势强度不足
2026-08-11,300663.SZ,,rejected_signal,,29.033699,,1.32223368,,未满足 MA5>MA10>MA20>MA60; 20日涨幅过热; 20日年化波动过高
2026-08-11,300664.SZ,,rejected_signal,,7.523438,,0.99200511,,未满足 MA5>MA10>MA20>MA60; 60日趋势强度不足
2026-08-11,300665.SZ,,rejected_signal,,11.910906,,1.05695534,,未满足 MA5>MA10>MA20>MA60; 60日趋势强度不足
2026-08-11,300666.SZ,,rejected_signal,,9.400836,,0.71066111,,未满足 MA5>MA10>MA20>MA60; 20日动量低于门槛; 20日年化波动过高
2026-08-11,300667.SZ,,rejected_signal,,9.312287,,0.84326535,,未满足 MA5>MA10>MA20>MA60; 20日动量低于门槛; 60日趋势强度不足
2026-08-11,300668.SZ,,rejected_signal,,0.0,,0.72141135,,未满足 MA5>MA10>MA20>MA60; 收盘价低于MA20; 20日动量低于门槛; 60日趋势强度不足; 20日年化波动过高
2026-08-11,300669.SZ,,rejected_signal,,0.0,,0.8132903,,未满足 MA5>MA10>MA20>MA60; 20日动量低于门槛; 60日趋势强度不足
2026-08-11,300670.SZ,,rejected_signal,,2.399755,,0.94771332,,未满足 MA5>MA10>MA20>MA60; 20日动量低于门槛; 60日趋势强度不足
2026-08-11,300671.SZ,,rejected_signal,,4.425054,,0.83906054,,未满足 MA5>MA10>MA20>MA60; 收盘价低于MA20; 20日动量低于门槛; 20日年化波动过高
2026-08-11,300672.SZ,,rejected_signal,,1.328794,,0.44604304,,未满足 MA5>MA10>MA20>MA60; 20日动量低于门槛; 60日趋势强度不足; 20日年化波动过高
2026-08-11,300673.SZ,,rejected_signal,,12.104839,,0.96232873,,未满足 MA5>MA10>MA20>MA60; 60日趋势强度不足
2026-08-11,300674.SZ,,rejected_signal,,27.393059,,1.03426588,,未满足 MA5>MA10>MA20>MA60; 60日趋势强度不足
2026-08-11,300675.SZ,,rejected_signal,,12.030479,,0.96908289,,未满足 MA5>MA10>MA20>MA60; 60日趋势强度不足
2026-08-11,300676.SZ,,rejected_signal,,51.718681,,1.07008886,,60日趋势强度不足
2026-08-11,300677.SZ,,rejected_signal,,52.593613,,1.04539645,,60日趋势强度不足
2026-08-11,300678.SZ,,rejected_signal,,21.702021,,1.03496397,,未满足 MA5>MA10>MA20>MA60; 60日趋势强度不足
2026-08-11,300679.SZ,,rejected_signal,,2.953268,,0.71786135,,未满足 MA5>MA10>MA20>MA60; 20日动量低于门槛; 60日趋势强度不足
2026-08-11,300680.SZ,,rejected_signal,,8.194755,,0.88879222,,未满足 MA5>MA10>MA20>MA60; 20日动量低于门槛; 60日趋势强度不足
2026-08-11,300681.SZ,,rejected_signal,,2.070855,,0.73727345,,未满足 MA5>MA10>MA20>MA60; 20日动量低于门槛; 60日趋势强度不足
2026-08-11,300682.SZ,,rejected_signal,,32.432644,,1.050192,,未满足 MA5>MA10>MA20>MA60; 60日趋势强度不足
2026-08-11,300683.SZ,,rejected_signal,,34.939301,,0.99623835,,未满足 MA5>MA10>MA20>MA60; 60日趋势强度不足; 20日年化波动过高
2026-08-11,300684.SZ,,rejected_signal,,0.0,,0.7634638,,未满足 MA5>MA10>MA20>MA60; 20日动量低于门槛; 60日趋势强度不足; 20日年化波动过高
2026-08-11,300685.SZ,,rejected_signal,,14.295038,,1.07177091,,未满足 MA5>MA10>MA20>MA60; 60日趋势强度不足
2026-08-11,300686.SZ,,rejected_signal,,3.871581,,0.73248029,,未满足 MA5>MA10>MA20>MA60; 60日趋势强度不足; 偏离MA20过远，追高风险; 20日年化波动过高
2026-08-11,300687.SZ,,rejected_signal,,6.356212,,0.93327957,,未满足 MA5>MA10>MA20>MA60; 20日动量低于门槛; 60日趋势强度不足
2026-08-11,300688.SZ,,rejected_signal,,45.384197,,1.19270289,,20日年化波动过高
2026-08-11,300689.SZ,,rejected_signal,,0.0,,0.75938225,,未满足 MA5>MA10>MA20>MA60; 20日动量低于门槛; 60日趋势强度不足; 20日年化波动过高
2026-08-11,300690.SZ,,rejected_signal,,2.509819,,0.95160347,,未满足 MA5>MA10>MA20>MA60; 60日趋势强度不足
2026-08-11,300691.SZ,,rejected_signal,,1.741669,,0.88321447,,未满足 MA5>MA10>MA20>MA60; 60日趋势强度不足
2026-08-11,300692.SZ,,rejected_rank,56,46.597965,0.48598132,1.02617526,0.40560749,"信号有效, 但综合排名未进入 Top20"
2026-08-11,300693.SZ,,rejected_signal,,9.333446,,0.78230661,,未满足 MA5>MA10>MA20>MA60; 60日趋势强度不足; 偏离MA20过远，追高风险
2026-08-11,300694.SZ,,rejected_signal,,4.755162,,0.97314274,,未满足 MA5>MA10>MA20>MA60; 20日动量低于门槛; 60日趋势强度不足
2026-08-11,300695.SZ,,rejected_signal,,2.879277,,0.88327223,,未满足 MA5>MA10>MA20>MA60; 20日动量低于门槛; 60日趋势强度不足
2026-08-11,300696.SZ,,rejected_signal,,8.14923,,0.72763801,,未满足 MA5>MA10>MA20>MA60; 20日动量低于门槛; 60日趋势强度不足
2026-08-11,300697.SZ,,rejected_signal,,5.095451,,0.91092777,,未满足 MA5>MA10>MA20>MA60; 60日趋势强度不足
2026-08-11,300698.SZ,,rejected_signal,,9.897253,,0.86332631,,未满足 MA5>MA10>MA20>MA60; 60日趋势强度不足
2026-08-11,300699.SZ,,rejected_signal,,6.237576,,0.9385069,,未满足 MA5>MA10>MA20>MA60; 20日动量低于门槛; 60日趋势强度不足
2026-08-11,300700.SZ,,rejected_signal,,0.0,,0.85795349,,未满足 MA5>MA10>MA20>MA60; 20日动量低于门槛; 60日趋势强度不足
2026-08-11,300701.SZ,,rejected_signal,,3.869681,,0.94038665,,未满足 MA5>MA10>MA20>MA60; 60日趋势强度不足
2026-08-11,300702.SZ,,rejected_rank,100,28.876844,0.07476635,1.06675208,0.12149532,"信号有效, 但综合排名未进入 Top20"
2026-08-11,300703.SZ,,rejected_signal,,15.920925,,0.95324272,,未满足 MA5>MA10>MA20>MA60; 60日趋势强度不足
2026-08-11,300705.SZ,,rejected_signal,,18.358603,,1.02897894,,60日趋势强度不足
2026-08-11,300706.SZ,,rejected_signal,,0.25445,,0.71901733,,未满足 MA5>MA10>MA20>MA60; 20日动量低于门槛; 20日年化波动过高
2026-08-11,300707.SZ,,rejected_signal,,23.584635,,0.99730229,,未满足 MA5>MA10>MA20>MA60; 60日趋势强度不足
2026-08-11,300708.SZ,,rejected_signal,,3.586903,,0.95949537,,未满足 MA5>MA10>MA20>MA60; 60日趋势强度不足
2026-08-11,300709.SZ,,rejected_signal,,2.063993,,0.74017829,,未满足 MA5>MA10>MA20>MA60; 20日动量低于门槛; 60日趋势强度不足
2026-08-11,300710.SZ,,rejected_signal,,7.06479,,0.8338033,,未满足 MA5>MA10>MA20>MA60; 20日动量低于门槛; 60日趋势强度不足
2026-08-11,300711.SZ,,rejected_signal,,34.549057,,0.91629928,,未满足 MA5>MA10>MA20>MA60; 60日趋势强度不足
2026-08-11,300712.SZ,,rejected_signal,,10.925563,,0.97214782,,未满足 MA5>MA10>MA20>MA60; 20日动量低于门槛; 60日趋势强度不足
2026-08-11,300713.SZ,,rejected_signal,,8.470874,,0.9345274,,未满足 MA5>MA10>MA20>MA60; 60日趋势强度不足
2026-08-11,300715.SZ,,rejected_signal,,0.0,,0.64672518,,未满足 MA5>MA10>MA20>MA60; 20日动量低于门槛; 60日趋势强度不足
2026-08-11,300716.SZ,,rejected_universe,,1.831831,,0.93621135,,不在当日动态股票池(停牌/未上市/已退市/当前ST代理过滤)
2026-08-11,300717.SZ,,rejected_signal,,0.0,,0.91758132,,未满足 MA5>MA10>MA20>MA60; 20日动量低于门槛; 60日趋势强度不足
2026-08-11,300718.SZ,,rejected_signal,,29.255623,,0.99540198,,未满足 MA5>MA10>MA20>MA60; 60日趋势强度不足
2026-08-11,300719.SZ,,rejected_signal,,12.217569,,0.95743114,,未满足 MA5>MA10>MA20>MA60; 60日趋势强度不足
2026-08-11,300720.SZ,,rejected_signal,,0.403555,,0.71318501,,未满足 MA5>MA10>MA20>MA60; 20日动量低于门槛; 偏离MA20过远，追高风险; 20日年化波动过高
2026-08-11,300721.SZ,,rejected_signal,,1.915107,,0.70032698,,未满足 MA5>MA10>MA20>MA60; 20日动量低于门槛; 60日趋势强度不足
2026-08-11,300722.SZ,,rejected_signal,,13.345058,,0.9762547,,未满足 MA5>MA10>MA20>MA60; 60日趋势强度不足
2026-08-11,300723.SZ,,rejected_signal,,6.233594,,0.95301306,,未满足 MA5>MA10>MA20>MA60; 20日动量低于门槛; 60日趋势强度不足
2026-08-11,300724.SZ,,rejected_signal,,7.108173,,0.86946231,,未满足 MA5>MA10>MA20>MA60; 20日动量低于门槛; 60日趋势强度不足
2026-08-11,300725.SZ,,rejected_signal,,52.446114,,1.114465,,偏离MA20过远，追高风险
2026-08-11,300726.SZ,,rejected_signal,,11.858864,,0.74057013,,未满足 MA5>MA10>MA20>MA60; 20日动量低于门槛; 60日趋势强度不足
2026-08-11,300727.SZ,,rejected_signal,,3.969072,,0.85026115,,未满足 MA5>MA10>MA20>MA60; 20日动量低于门槛; 60日趋势强度不足
2026-08-11,300729.SZ,,rejected_signal,,7.853626,,0.98688465,,未满足 MA5>MA10>MA20>MA60; 60日趋势强度不足; 20日平均成交额不足
2026-08-11,300730.SZ,,rejected_signal,,0.795952,,0.89980084,,未满足 MA5>MA10>MA20>MA60; 20日动量低于门槛; 60日趋势强度不足
2026-08-11,300731.SZ,,rejected_signal,,0.0,,0.61733735,,未满足 MA5>MA10>MA20>MA60; 20日动量低于门槛; 60日趋势强度不足
2026-08-11,300732.SZ,,rejected_signal,,12.996348,,0.96155274,,未满足 MA5>MA10>MA20>MA60; 60日趋势强度不足
2026-08-11,300733.SZ,,rejected_signal,,37.252827,,1.07631123,,未满足 MA5>MA10>MA20>MA60; 60日趋势强度不足
2026-08-11,300735.SZ,,rejected_signal,,3.198586,,0.97524047,,未满足 MA5>MA10>MA20>MA60; 20日动量低于门槛; 60日趋势强度不足
2026-08-11,300736.SZ,,rejected_signal,,0.399663,,0.8951779,,未满足 MA5>MA10>MA20>MA60; 20日动量低于门槛; 60日趋势强度不足
2026-08-11,300737.SZ,,rejected_signal,,1.969554,,0.77781224,,未满足 MA5>MA10>MA20>MA60; 20日动量低于门槛; 60日趋势强度不足
2026-08-11,300738.SZ,,rejected_signal,,43.530167,,1.06539404,,60日趋势强度不足
2026-08-11,300739.SZ,,rejected_signal,,0.711985,,0.71855491,,未满足 MA5>MA10>MA20>MA60; 20日动量低于门槛; 60日趋势强度不足
2026-08-11,300740.SZ,,rejected_signal,,25.958426,,0.98352307,,未满足 MA5>MA10>MA20>MA60; 60日趋势强度不足
2026-08-11,300741.SZ,,rejected_signal,,9.617737,,0.99159187,,未满足 MA5>MA10>MA20>MA60; 60日趋势强度不足
2026-08-11,300742.SZ,,rejected_universe,,0.0,,0.0,,不在当日动态股票池(停牌/未上市/已退市/当前ST代理过滤)
2026-08-11,300743.SZ,,rejected_signal,,5.75709,,0.9713037,,未满足 MA5>MA10>MA20>MA60; 60日趋势强度不足
2026-08-11,300745.SZ,,rejected_signal,,0.0,,0.62385315,,未满足 MA5>MA10>MA20>MA60; 收盘价低于MA20; 20日动量低于门槛; 60日趋势强度不足
2026-08-11,300746.SZ,,rejected_signal,,23.98748,,1.22840762,,偏离MA20过远，追高风险
2026-08-11,300747.SZ,,rejected_signal,,2.606191,,0.8092984,,未满足 MA5>MA10>MA20>MA60; 20日动量低于门槛; 60日趋势强度不足
2026-08-11,300748.SZ,,rejected_signal,,6.648757,,0.88533121,,未满足 MA5>MA10>MA20>MA60; 20日动量低于门槛; 60日趋势强度不足
2026-08-11,300749.SZ,,rejected_signal,,13.26789,,0.83118349,,未满足 MA5>MA10>MA20>MA60; 60日趋势强度不足; 偏离MA20过远，追高风险
2026-08-11,300750.SZ,,rejected_signal,,19.729725,,1.00590289,,未满足 MA5>MA10>MA20>MA60; 60日趋势强度不足
2026-08-11,300751.SZ,,rejected_signal,,0.0,,0.67058957,,未满足 MA5>MA10>MA20>MA60; 收盘价低于MA20; 20日动量低于门槛; 60日趋势强度不足; 20日年化波动过高
2026-08-11,300752.SZ,,rejected_signal,,0.486218,,0.78264582,,未满足 MA5>MA10>MA20>MA60; 20日动量低于门槛; 60日趋势强度不足
2026-08-11,300753.SZ,,rejected_signal,,40.846294,,1.10265446,,60日趋势强度不足; 20日年化波动过高
2026-08-11,300755.SZ,,rejected_signal,,9.664497,,0.8854841,,未满足 MA5>MA10>MA20>MA60; 60日趋势强度不足
2026-08-11,300756.SZ,,rejected_signal,,11.795195,,0.8637681,,未满足 MA5>MA10>MA20>MA60; 60日趋势强度不足; 偏离MA20过远，追高风险
2026-08-11,300757.SZ,,rejected_signal,,1.022349,,0.81534886,,未满足 MA5>MA10>MA20>MA60; 20日动量低于门槛; 60日趋势强度不足; 20日年化波动过高
2026-08-11,300758.SZ,,rejected_signal,,8.049899,,0.86093372,,未满足 MA5>MA10>MA20>MA60; 60日趋势强度不足
2026-08-11,300759.SZ,,rejected_signal,,44.782936,,1.36554933,,偏离MA20过远，追高风险
2026-08-11,300760.SZ,,rejected_signal,,33.875031,,1.04946578,,未满足 MA5>MA10>MA20>MA60; 60日趋势强度不足
2026-08-11,300761.SZ,,rejected_signal,,15.562881,,0.99514604,,20日动量低于门槛; 60日趋势强度不足
2026-08-11,300762.SZ,,rejected_signal,,11.418119,,0.8457135,,未满足 MA5>MA10>MA20>MA60; 20日动量低于门槛; 60日趋势强度不足
2026-08-11,300763.SZ,,rejected_signal,,16.052071,,0.74197626,,未满足 MA5>MA10>MA20>MA60; 60日趋势强度不足
2026-08-11,300765.SZ,,rejected_signal,,64.825729,,1.19637311,,未满足 MA5>MA10>MA20>MA60
2026-08-11,300766.SZ,,rejected_signal,,41.463093,,1.04291189,,未满足 MA5>MA10>MA20>MA60; 60日趋势强度不足
2026-08-11,300767.SZ,,rejected_signal,,0.005675,,0.83651817,,未满足 MA5>MA10>MA20>MA60; 20日动量低于门槛; 60日趋势强度不足
2026-08-11,300768.SZ,,rejected_signal,,27.91692,,1.06155145,,60日趋势强度不足
2026-08-11,300769.SZ,,rejected_signal,,3.763113,,0.75269407,,未满足 MA5>MA10>MA20>MA60; 20日动量低于门槛; 60日趋势强度不足
2026-08-11,300770.SZ,,rejected_signal,,13.710334,,1.04432988,,未满足 MA5>MA10>MA20>MA60; 60日趋势强度不足
2026-08-11,300771.SZ,,rejected_signal,,39.444153,,1.00154638,,未满足 MA5>MA10>MA20>MA60; 60日趋势强度不足
2026-08-11,300772.SZ,,rejected_signal,,25.325779,,1.00414193,,未满足 MA5>MA10>MA20>MA60; 60日趋势强度不足
2026-08-11,300773.SZ,,rejected_signal,,19.601307,,0.99108976,,未满足 MA5>MA10>MA20>MA60; 60日趋势强度不足
2026-08-11,300774.SZ,,rejected_signal,,10.8627,,0.87639564,,未满足 MA5>MA10>MA20>MA60; 60日趋势强度不足
2026-08-11,300775.SZ,,rejected_signal,,16.261808,,0.96742791,,未满足 MA5>MA10>MA20>MA60; 60日趋势强度不足
2026-08-11,300776.SZ,,rejected_signal,,0.0,,0.68029118,,未满足 MA5>MA10>MA20>MA60; 20日动量低于门槛; 60日趋势强度不足; 20日年化波动过高
2026-08-11,300777.SZ,,rejected_signal,,6.047299,,0.87841421,,未满足 MA5>MA10>MA20>MA60; 20日动量低于门槛; 60日趋势强度不足
2026-08-11,300778.SZ,,rejected_signal,,21.424133,,0.98525286,,未满足 MA5>MA10>MA20>MA60; 60日趋势强度不足
2026-08-11,300779.SZ,,rejected_signal,,39.65377,,1.32036781,,未满足 MA5>MA10>MA20>MA60; 20日涨幅过热; 20日年化波动过高
2026-08-11,300780.SZ,,rejected_signal,,0.0,,0.64232254,,未满足 MA5>MA10>MA20>MA60; 20日动量低于门槛; 60日趋势强度不足; 20日年化波动过高
2026-08-11,300781.SZ,,rejected_signal,,28.87545,,1.04205632,,未满足 MA5>MA10>MA20>MA60; 60日趋势强度不足
2026-08-11,300782.SZ,,rejected_signal,,7.475612,,0.75080764,,未满足 MA5>MA10>MA20>MA60; 20日动量低于门槛; 60日趋势强度不足
2026-08-11,300783.SZ,,rejected_signal,,26.626778,,1.04458904,,未满足 MA5>MA10>MA20>MA60; 60日趋势强度不足
2026-08-11,300784.SZ,,rejected_signal,,3.769283,,0.92271489,,未满足 MA5>MA10>MA20>MA60; 60日趋势强度不足; 20日平均成交额不足
2026-08-11,300785.SZ,,rejected_signal,,29.543955,,1.03477407,,未满足 MA5>MA10>MA20>MA60; 60日趋势强度不足
2026-08-11,300786.SZ,,rejected_signal,,0.0,,0.75352526,,未满足 MA5>MA10>MA20>MA60; 20日动量低于门槛; 60日趋势强度不足
2026-08-11,300787.SZ,,rejected_signal,,10.910821,,0.94473362,,未满足 MA5>MA10>MA20>MA60; 60日趋势强度不足
2026-08-11,300788.SZ,,rejected_signal,,31.439054,,1.06074822,,未满足 MA5>MA10>MA20>MA60; 60日趋势强度不足
2026-08-11,300789.SZ,,rejected_signal,,23.334185,,0.98020005,,未满足 MA5>MA10>MA20>MA60; 60日趋势强度不足
2026-08-11,300790.SZ,,rejected_signal,,3.203623,,0.78387785,,未满足 MA5>MA10>MA20>MA60; 20日动量低于门槛; 60日趋势强度不足
2026-08-11,300791.SZ,,rejected_signal,,9.242545,,1.01273775,,未满足 MA5>MA10>MA20>MA60; 20日动量低于门槛; 60日趋势强度不足; 20日平均成交额不足
2026-08-11,300792.SZ,,rejected_signal,,11.939404,,0.92370206,,未满足 MA5>MA10>MA20>MA60; 60日趋势强度不足
2026-08-11,300793.SZ,,rejected_signal,,10.638455,,0.93786448,,未满足 MA5>MA10>MA20>MA60; 60日趋势强度不足
2026-08-11,300795.SZ,,rejected_signal,,37.933636,,1.43375385,,20日涨幅过热; 20日年化波动过高
2026-08-11,300796.SZ,,rejected_signal,,11.745962,,0.97105962,,未满足 MA5>MA10>MA20>MA60; 60日趋势强度不足; 20日平均成交额不足
2026-08-11,300797.SZ,,rejected_signal,,13.176492,,0.93488121,,未满足 MA5>MA10>MA20>MA60; 60日趋势强度不足
2026-08-11,300798.SZ,,rejected_signal,,33.436939,,1.09499216,,未满足 MA5>MA10>MA20>MA60; 60日趋势强度不足
2026-08-11,300799.SZ,,rejected_universe,,0.0,,0.0,,不在当日动态股票池(停牌/未上市/已退市/当前ST代理过滤)
2026-08-11,300800.SZ,,rejected_signal,,4.463879,,0.9539454,,未满足 MA5>MA10>MA20>MA60; 60日趋势强度不足
2026-08-11,300801.SZ,,rejected_signal,,2.162556,,0.85049897,,未满足 MA5>MA10>MA20>MA60; 20日动量低于门槛; 60日趋势强度不足
2026-08-11,300802.SZ,,rejected_signal,,10.845919,,0.92137998,,未满足 MA5>MA10>MA20>MA60; 60日趋势强度不足
2026-08-11,300803.SZ,,rejected_signal,,12.467531,,0.94598448,,未满足 MA5>MA10>MA20>MA60; 60日趋势强度不足
2026-08-11,300804.SZ,,rejected_signal,,35.433746,,1.05472183,,60日趋势强度不足
2026-08-11,300805.SZ,,rejected_signal,,30.812311,,1.0453968,,60日趋势强度不足
2026-08-11,300806.SZ,,rejected_signal,,7.855556,,0.68545294,,未满足 MA5>MA10>MA20>MA60; 20日动量低于门槛; 60日趋势强度不足; 20日年化波动过高
2026-08-11,300807.SZ,,rejected_signal,,4.029962,,0.92643631,,未满足 MA5>MA10>MA20>MA60; 60日趋势强度不足
2026-08-11,300808.SZ,,rejected_signal,,8.473875,,0.83275884,,未满足 MA5>MA10>MA20>MA60; 60日趋势强度不足
2026-08-11,300809.SZ,,rejected_signal,,13.162388,,0.80207241,,未满足 MA5>MA10>MA20>MA60; 60日趋势强度不足
2026-08-11,300810.SZ,,rejected_signal,,7.236094,,0.94723618,,未满足 MA5>MA10>MA20>MA60; 60日趋势强度不足
2026-08-11,300811.SZ,,rejected_signal,,5.310005,,0.75345594,,未满足 MA5>MA10>MA20>MA60; 20日动量低于门槛; 60日趋势强度不足
2026-08-11,300812.SZ,,rejected_signal,,0.667034,,0.74225777,,未满足 MA5>MA10>MA20>MA60; 20日动量低于门槛; 60日趋势强度不足
2026-08-11,300813.SZ,,rejected_signal,,0.223481,,0.9497115,,未满足 MA5>MA10>MA20>MA60; 20日动量低于门槛; 60日趋势强度不足
2026-08-11,300814.SZ,,rejected_signal,,0.897277,,0.63295716,,未满足 MA5>MA10>MA20>MA60; 20日动量低于门槛; 20日年化波动过高
2026-08-11,300815.SZ,,rejected_signal,,1.570052,,0.93456364,,未满足 MA5>MA10>MA20>MA60; 20日动量低于门槛; 60日趋势强度不足
2026-08-11,300816.SZ,,rejected_signal,,8.197198,,0.65257788,,未满足 MA5>MA10>MA20>MA60; 20日动量低于门槛; 60日趋势强度不足
2026-08-11,300817.SZ,,rejected_signal,,6.055495,,0.9269098,,未满足 MA5>MA10>MA20>MA60; 20日动量低于门槛; 60日趋势强度不足
2026-08-11,300818.SZ,,rejected_signal,,25.668604,,0.98070818,,未满足 MA5>MA10>MA20>MA60; 60日趋势强度不足
2026-08-11,300819.SZ,,rejected_signal,,0.0,,0.70220196,,未满足 MA5>MA10>MA20>MA60; 20日动量低于门槛; 60日趋势强度不足
2026-08-11,300820.SZ,,rejected_signal,,0.0,,0.66629887,,未满足 MA5>MA10>MA20>MA60; 20日动量低于门槛; 60日趋势强度不足
2026-08-11,300821.SZ,,rejected_signal,,4.437536,,0.81795412,,未满足 MA5>MA10>MA20>MA60; 20日动量低于门槛
2026-08-11,300822.SZ,,rejected_signal,,5.996243,,0.98374403,,未满足 MA5>MA10>MA20>MA60; 60日趋势强度不足
2026-08-11,300823.SZ,,rejected_signal,,3.395871,,0.92851412,,未满足 MA5>MA10>MA20>MA60; 60日趋势强度不足
2026-08-11,300824.SZ,,rejected_signal,,14.052752,,0.99111861,,未满足 MA5>MA10>MA20>MA60; 60日趋势强度不足
2026-08-11,300825.SZ,,rejected_signal,,0.14585,,0.84589922,,未满足 MA5>MA10>MA20>MA60; 20日动量低于门槛; 60日趋势强度不足
2026-08-11,300826.SZ,,rejected_signal,,30.640182,,0.98709822,,未满足 MA5>MA10>MA20>MA60
2026-08-11,300827.SZ,,rejected_signal,,21.139856,,0.9010461,,未满足 MA5>MA10>MA20>MA60; 60日趋势强度不足
2026-08-11,300828.SZ,,rejected_signal,,6.072976,,0.8148883,,未满足 MA5>MA10>MA20>MA60; 60日趋势强度不足; 偏离MA20过远，追高风险
2026-08-11,300829.SZ,,rejected_signal,,9.95449,,0.94257432,,未满足 MA5>MA10>MA20>MA60; 60日趋势强度不足
2026-08-11,300830.SZ,,rejected_signal,,22.864,,0.98224044,,未满足 MA5>MA10>MA20>MA60; 60日趋势强度不足
2026-08-11,300831.SZ,,rejected_universe,,0.690279,,0.88042903,,不在当日动态股票池(停牌/未上市/已退市/当前ST代理过滤)
2026-08-11,300832.SZ,,rejected_signal,,45.729462,,1.04005635,,未满足 MA5>MA10>MA20>MA60; 60日趋势强度不足
2026-08-11,300833.SZ,,rejected_signal,,21.210142,,1.0235635,,20日动量低于门槛; 60日趋势强度不足
2026-08-11,300834.SZ,,rejected_signal,,3.208409,,0.90459311,,未满足 MA5>MA10>MA20>MA60; 60日趋势强度不足
2026-08-11,300835.SZ,,rejected_signal,,13.812135,,0.70007282,,未满足 MA5>MA10>MA20>MA60; 20日动量低于门槛; 20日年化波动过高
2026-08-11,300836.SZ,,rejected_signal,,7.721677,,0.71166486,,未满足 MA5>MA10>MA20>MA60; 收盘价低于MA20; 20日动量低于门槛; 60日趋势强度不足
2026-08-11,300837.SZ,,rejected_signal,,6.61995,,0.88396925,,未满足 MA5>MA10>MA20>MA60; 60日趋势强度不足
2026-08-11,300838.SZ,,rejected_signal,,8.915351,,0.91679096,,未满足 MA5>MA10>MA20>MA60; 60日趋势强度不足
2026-08-11,300839.SZ,,rejected_signal,,1.618205,,0.80673206,,未满足 MA5>MA10>MA20>MA60; 20日动量低于门槛; 60日趋势强度不足
2026-08-11,300840.SZ,,rejected_signal,,5.434487,,0.86951923,,未满足 MA5>MA10>MA20>MA60; 60日趋势强度不足
2026-08-11,300841.SZ,,rejected_signal,,12.576753,,0.99982524,,未满足 MA5>MA10>MA20>MA60; 60日趋势强度不足
2026-08-11,300842.SZ,,rejected_signal,,2.45235,,0.69433624,,未满足 MA5>MA10>MA20>MA60; 20日动量低于门槛; 60日趋势强度不足
2026-08-11,300843.SZ,,rejected_signal,,23.561808,,0.97245437,,未满足 MA5>MA10>MA20>MA60; 20日动量低于门槛; 20日年化波动过高
2026-08-11,300844.SZ,,rejected_signal,,15.949821,,0.94805533,,未满足 MA5>MA10>MA20>MA60; 60日趋势强度不足
2026-08-11,300845.SZ,,rejected_signal,,0.787436,,0.82255858,,未满足 MA5>MA10>MA20>MA60; 20日动量低于门槛; 60日趋势强度不足
2026-08-11,300846.SZ,,rejected_signal,,6.06169,,0.97881502,,未满足 MA5>MA10>MA20>MA60; 60日趋势强度不足
2026-08-11,300847.SZ,,rejected_signal,,36.510353,,1.02874613,,60日趋势强度不足
2026-08-11,300848.SZ,,rejected_signal,,2.198719,,0.92919624,,未满足 MA5>MA10>MA20>MA60; 60日趋势强度不足
2026-08-11,300849.SZ,,rejected_signal,,3.200701,,0.92978191,,未满足 MA5>MA10>MA20>MA60; 60日趋势强度不足
2026-08-11,300850.SZ,,rejected_signal,,30.61887,,1.05381954,,未满足 MA5>MA10>MA20>MA60; 60日趋势强度不足
2026-08-11,300851.SZ,,rejected_signal,,9.72724,,1.06839705,,未满足 MA5>MA10>MA20>MA60; 60日趋势强度不足
2026-08-11,300852.SZ,,rejected_signal,,0.0,,0.75868392,,未满足 MA5>MA10>MA20>MA60; 20日动量低于门槛; 60日趋势强度不足
2026-08-11,300853.SZ,,rejected_signal,,1.761732,,0.8159833,,未满足 MA5>MA10>MA20>MA60; 60日趋势强度不足
2026-08-11,300854.SZ,,rejected_signal,,8.48277,,0.76324898,,未满足 MA5>MA10>MA20>MA60; 60日趋势强度不足
2026-08-11,300855.SZ,,rejected_signal,,1.919317,,0.91499466,,未满足 MA5>MA10>MA20>MA60; 60日趋势强度不足
2026-08-11,300856.SZ,,rejected_signal,,4.581343,,0.98064488,,未满足 MA5>MA10>MA20>MA60; 20日动量低于门槛; 60日趋势强度不足
2026-08-11,300857.SZ,,rejected_signal,,3.0,,0.93293625,,未满足 MA5>MA10>MA20>MA60; 20日动量低于门槛; 60日趋势强度不足; 20日年化波动过高
2026-08-11,300858.SZ,,rejected_signal,,3.148694,,0.94612765,,未满足 MA5>MA10>MA20>MA60; 20日动量低于门槛; 60日趋势强度不足
2026-08-11,300859.SZ,,rejected_signal,,17.574017,,0.98124635,,未满足 MA5>MA10>MA20>MA60; 60日趋势强度不足
2026-08-11,300860.SZ,,rejected_signal,,16.707106,,0.97434527,,未满足 MA5>MA10>MA20>MA60; 60日趋势强度不足
2026-08-11,300861.SZ,,rejected_signal,,2.877031,,0.8351692,,未满足 MA5>MA10>MA20>MA60; 20日动量低于门槛; 60日趋势强度不足
2026-08-11,300862.SZ,,rejected_signal,,0.0,,1.0,,未满足 MA5>MA10>MA20>MA60; 偏离MA20过远，追高风险; 20日年化波动过高; 当日跳空幅度过大
2026-08-11,300863.SZ,,rejected_signal,,0.0,,0.5717051,,未满足 MA5>MA10>MA20>MA60; 20日动量低于门槛; 60日趋势强度不足
2026-08-11,300864.SZ,,rejected_signal,,0.0,,0.91172355,,未满足 MA5>MA10>MA20>MA60; 20日动量低于门槛; 60日趋势强度不足; 20日平均成交额不足
2026-08-11,300865.SZ,,rejected_signal,,16.509697,,0.92637998,,未满足 MA5>MA10>MA20>MA60; 60日趋势强度不足
2026-08-11,300866.SZ,,rejected_signal,,28.484491,,1.03695405,,未满足 MA5>MA10>MA20>MA60; 60日趋势强度不足
2026-08-11,300867.SZ,,rejected_signal,,2.001066,,0.89989525,,未满足 MA5>MA10>MA20>MA60; 20日动量低于门槛; 60日趋势强度不足
2026-08-11,300868.SZ,,rejected_signal,,0.0,,0.56171823,,未满足 MA5>MA10>MA20>MA60; 20日动量低于门槛; 60日趋势强度不足; 20日年化波动过高
2026-08-11,300869.SZ,,rejected_signal,,14.679609,,1.01487923,,未满足 MA5>MA10>MA20>MA60; 60日趋势强度不足
2026-08-11,300870.SZ,,rejected_signal,,1.896466,,0.65235943,,未满足 MA5>MA10>MA20>MA60; 20日动量低于门槛; 60日趋势强度不足; 20日年化波动过高
2026-08-11,300871.SZ,,rejected_signal,,9.627471,,0.9594329,,未满足 MA5>MA10>MA20>MA60; 20日动量低于门槛; 60日趋势强度不足
2026-08-11,300872.SZ,,rejected_signal,,3.21743,,0.95225805,,未满足 MA5>MA10>MA20>MA60; 60日趋势强度不足
2026-08-11,300873.SZ,,rejected_signal,,1.54995,,0.74855918,,未满足 MA5>MA10>MA20>MA60; 20日动量低于门槛; 20日年化波动过高
2026-08-11,300875.SZ,,rejected_signal,,44.520073,,1.06633961,,60日趋势强度不足
2026-08-11,300876.SZ,,rejected_signal,,4.424605,,0.90057862,,未满足 MA5>MA10>MA20>MA60; 60日趋势强度不足
2026-08-11,300877.SZ,,rejected_signal,,0.0,,0.84628749,,未满足 MA5>MA10>MA20>MA60; 20日动量低于门槛; 60日趋势强度不足
2026-08-11,300878.SZ,,rejected_signal,,8.367646,,0.96661448,,未满足 MA5>MA10>MA20>MA60; 20日动量低于门槛; 60日趋势强度不足
2026-08-11,300879.SZ,,rejected_signal,,21.788494,,0.96913755,,未满足 MA5>MA10>MA20>MA60; 60日趋势强度不足
2026-08-11,300880.SZ,,rejected_signal,,0.228274,,0.94437534,,未满足 MA5>MA10>MA20>MA60; 20日动量低于门槛; 60日趋势强度不足
2026-08-11,300881.SZ,,rejected_signal,,0.655011,,0.823452,,未满足 MA5>MA10>MA20>MA60; 20日动量低于门槛; 60日趋势强度不足
2026-08-11,300882.SZ,,rejected_signal,,4.301425,,0.97939312,,未满足 MA5>MA10>MA20>MA60; 60日趋势强度不足
2026-08-11,300883.SZ,,rejected_signal,,8.944335,,0.92109793,,未满足 MA5>MA10>MA20>MA60; 60日趋势强度不足
2026-08-11,300884.SZ,,rejected_signal,,17.619913,,1.03851318,,未满足 MA5>MA10>MA20>MA60; 60日趋势强度不足
2026-08-11,300885.SZ,,rejected_signal,,5.456721,,0.85219151,,未满足 MA5>MA10>MA20>MA60; 20日动量低于门槛; 60日趋势强度不足
2026-08-11,300886.SZ,,rejected_signal,,15.464875,,1.00030029,,未满足 MA5>MA10>MA20>MA60; 60日趋势强度不足; 偏离MA20过远，追高风险
2026-08-11,300887.SZ,,rejected_signal,,22.119833,,0.9492076,,未满足 MA5>MA10>MA20>MA60; 60日趋势强度不足
2026-08-11,300888.SZ,,rejected_signal,,19.131538,,1.03433514,,未满足 MA5>MA10>MA20>MA60; 收盘价低于MA20; 60日趋势强度不足
2026-08-11,300889.SZ,,rejected_signal,,0.0,,0.8446635,,未满足 MA5>MA10>MA20>MA60; 20日动量低于门槛; 60日趋势强度不足
2026-08-11,300890.SZ,,rejected_signal,,3.590359,,0.83335143,,未满足 MA5>MA10>MA20>MA60; 20日动量低于门槛; 60日趋势强度不足
2026-08-11,300891.SZ,,rejected_signal,,35.139008,,1.0013293,,未满足 MA5>MA10>MA20>MA60; 60日趋势强度不足
2026-08-11,300892.SZ,,rejected_signal,,41.397438,,1.01720548,,未满足 MA5>MA10>MA20>MA60; 60日趋势强度不足
2026-08-11,300893.SZ,,rejected_signal,,4.798234,,0.93199372,,未满足 MA5>MA10>MA20>MA60; 60日趋势强度不足
2026-08-11,300894.SZ,,rejected_signal,,28.050131,,1.0862453,,未满足 MA5>MA10>MA20>MA60; 20日年化波动过高
2026-08-11,300895.SZ,,rejected_signal,,26.699469,,0.99621308,,未满足 MA5>MA10>MA20>MA60; 60日趋势强度不足
2026-08-11,300896.SZ,,rejected_signal,,44.700924,,1.07588792,,未满足 MA5>MA10>MA20>MA60; 60日趋势强度不足
2026-08-11,300897.SZ,,rejected_signal,,24.894552,,0.96186179,,未满足 MA5>MA10>MA20>MA60; 60日趋势强度不足; 20日年化波动过高
2026-08-11,300898.SZ,,rejected_signal,,40.131966,,1.01784277,,未满足 MA5>MA10>MA20>MA60; 60日趋势强度不足
2026-08-11,300899.SZ,,rejected_signal,,1.359441,,0.94604427,,未满足 MA5>MA10>MA20>MA60; 60日趋势强度不足; 20日平均成交额不足
2026-08-11,300900.SZ,,rejected_signal,,6.244943,,0.72375894,,未满足 MA5>MA10>MA20>MA60; 20日动量低于门槛; 60日趋势强度不足
2026-08-11,300901.SZ,,rejected_signal,,33.13784,,1.05235314,,未满足 MA5>MA10>MA20>MA60; 60日趋势强度不足
2026-08-11,300902.SZ,,rejected_signal,,22.885656,,1.02118683,,未满足 MA5>MA10>MA20>MA60; 60日趋势强度不足; 偏离MA20过远，追高风险
2026-08-11,300903.SZ,,rejected_signal,,0.059289,,0.37282032,,未满足 MA5>MA10>MA20>MA60; 20日动量低于门槛; 60日趋势强度不足; 偏离MA20过远，追高风险; 20日年化波动过高
2026-08-11,300904.SZ,,rejected_signal,,14.453472,,0.93625581,,未满足 MA5>MA10>MA20>MA60; 60日趋势强度不足
2026-08-11,300905.SZ,,rejected_signal,,2.471612,,0.71496946,,未满足 MA5>MA10>MA20>MA60; 20日动量低于门槛; 60日趋势强度不足
2026-08-11,300906.SZ,,rejected_signal,,24.270906,,0.96221244,,未满足 MA5>MA10>MA20>MA60; 60日趋势强度不足
2026-08-11,300907.SZ,,rejected_signal,,0.0,,0.8235237,,未满足 MA5>MA10>MA20>MA60; 20日动量低于门槛; 20日年化波动过高
2026-08-11,300908.SZ,,rejected_signal,,22.674923,,1.01422822,,未满足 MA5>MA10>MA20>MA60; 60日趋势强度不足
2026-08-11,300909.SZ,,rejected_signal,,5.130546,,0.85561687,,未满足 MA5>MA10>MA20>MA60; 20日动量低于门槛
2026-08-11,300910.SZ,,rejected_signal,,17.133247,,0.97570229,,未满足 MA5>MA10>MA20>MA60; 60日趋势强度不足
2026-08-11,300911.SZ,,rejected_signal,,4.72974,,0.96051496,,未满足 MA5>MA10>MA20>MA60; 60日趋势强度不足
2026-08-11,300912.SZ,,rejected_signal,,2.342026,,0.90510106,,未满足 MA5>MA10>MA20>MA60; 收盘价低于MA20; 20日动量低于门槛; 60日趋势强度不足
2026-08-11,300913.SZ,,rejected_signal,,2.61348,,0.76624262,,未满足 MA5>MA10>MA20>MA60; 20日动量低于门槛; 60日趋势强度不足
2026-08-11,300915.SZ,,rejected_signal,,4.174081,,0.95519042,,未满足 MA5>MA10>MA20>MA60; 60日趋势强度不足
2026-08-11,300916.SZ,,rejected_signal,,5.666675,,0.76091576,,未满足 MA5>MA10>MA20>MA60; 60日趋势强度不足; 偏离MA20过远，追高风险
2026-08-11,300917.SZ,,rejected_signal,,30.907703,,0.99867046,,未满足 MA5>MA10>MA20>MA60; 60日趋势强度不足
2026-08-11,300918.SZ,,rejected_signal,,4.776169,,0.90382904,,未满足 MA5>MA10>MA20>MA60; 20日动量低于门槛; 60日趋势强度不足
2026-08-11,300919.SZ,,rejected_signal,,12.989519,,0.91382086,,未满足 MA5>MA10>MA20>MA60; 60日趋势强度不足
2026-08-11,300920.SZ,,rejected_signal,,0.0,,0.84077829,,未满足 MA5>MA10>MA20>MA60; 20日动量低于门槛; 60日趋势强度不足
2026-08-11,300921.SZ,,rejected_signal,,0.898549,,0.85711491,,未满足 MA5>MA10>MA20>MA60; 20日动量低于门槛; 60日趋势强度不足
2026-08-11,300922.SZ,,rejected_signal,,13.854678,,0.91919672,,未满足 MA5>MA10>MA20>MA60; 60日趋势强度不足
2026-08-11,300923.SZ,,rejected_signal,,27.75042,,0.99680036,,未满足 MA5>MA10>MA20>MA60; 60日趋势强度不足; 20日平均成交额不足
2026-08-11,300925.SZ,,rejected_signal,,17.762562,,0.98135948,,未满足 MA5>MA10>MA20>MA60; 60日趋势强度不足
2026-08-11,300926.SZ,,rejected_signal,,14.464895,,0.98074162,,未满足 MA5>MA10>MA20>MA60; 60日趋势强度不足
2026-08-11,300927.SZ,,rejected_signal,,17.77029,,0.94706035,,未满足 MA5>MA10>MA20>MA60; 60日趋势强度不足
2026-08-11,300928.SZ,,rejected_signal,,0.191774,,0.88371086,,未满足 MA5>MA10>MA20>MA60; 20日动量低于门槛; 60日趋势强度不足
2026-08-11,300929.SZ,,rejected_signal,,22.798592,,1.08170891,,未满足 MA5>MA10>MA20>MA60; 20日动量低于门槛; 60日趋势强度不足
2026-08-11,300930.SZ,,rejected_signal,,3.812621,,0.81941295,,未满足 MA5>MA10>MA20>MA60; 20日动量低于门槛; 60日趋势强度不足
2026-08-11,300931.SZ,,rejected_signal,,0.0,,0.7521469,,未满足 MA5>MA10>MA20>MA60; 20日动量低于门槛; 60日趋势强度不足
2026-08-11,300932.SZ,,rejected_signal,,17.619179,,0.9954828,,未满足 MA5>MA10>MA20>MA60; 60日趋势强度不足
2026-08-11,300933.SZ,,rejected_signal,,21.79373,,0.98535323,,未满足 MA5>MA10>MA20>MA60; 60日趋势强度不足
2026-08-11,300935.SZ,,rejected_signal,,22.562405,,1.03235817,,未满足 MA5>MA10>MA20>MA60; 60日趋势强度不足; 偏离MA20过远，追高风险
2026-08-11,300936.SZ,,rejected_signal,,0.688881,,0.60184062,,未满足 MA5>MA10>MA20>MA60; 20日动量低于门槛; 60日趋势强度不足; 20日年化波动过高
2026-08-11,300937.SZ,,rejected_signal,,54.4659,,1.09119916,,60日趋势强度不足
2026-08-11,300938.SZ,,rejected_signal,,1.292602,,0.60478479,,未满足 MA5>MA10>MA20>MA60; 收盘价低于MA20; 20日动量低于门槛; 60日趋势强度不足
2026-08-11,300939.SZ,,rejected_signal,,9.013709,,0.91942161,,未满足 MA5>MA10>MA20>MA60; 20日动量低于门槛; 偏离MA20过远，追高风险; 20日年化波动过高
2026-08-11,300940.SZ,,rejected_signal,,9.028049,,0.88566178,,未满足 MA5>MA10>MA20>MA60; 60日趋势强度不足
2026-08-11,300941.SZ,,rejected_signal,,31.651711,,0.99097836,,未满足 MA5>MA10>MA20>MA60; 60日趋势强度不足
2026-08-11,300942.SZ,,rejected_signal,,22.783024,,1.03148794,,未满足 MA5>MA10>MA20>MA60; 60日趋势强度不足
2026-08-11,300943.SZ,,rejected_signal,,0.0,,0.68126106,,未满足 MA5>MA10>MA20>MA60; 20日动量低于门槛; 60日趋势强度不足; 20日年化波动过高
2026-08-11,300945.SZ,,rejected_signal,,38.601952,,0.98625469,,未满足 MA5>MA10>MA20>MA60; 60日趋势强度不足
2026-08-11,300946.SZ,,rejected_signal,,9.990626,,0.92655545,,未满足 MA5>MA10>MA20>MA60; 60日趋势强度不足
2026-08-11,300947.SZ,,rejected_signal,,27.231228,,1.01672101,,未满足 MA5>MA10>MA20>MA60; 60日趋势强度不足
2026-08-11,300948.SZ,,rejected_signal,,0.0,,0.68722826,,未满足 MA5>MA10>MA20>MA60; 20日动量低于门槛; 60日趋势强度不足; 20日年化波动过高
2026-08-11,300949.SZ,,rejected_signal,,11.176025,,0.99808741,,未满足 MA5>MA10>MA20>MA60; 60日趋势强度不足; 20日平均成交额不足
2026-08-11,300950.SZ,,rejected_signal,,6.347128,,0.97055334,,未满足 MA5>MA10>MA20>MA60; 60日趋势强度不足
2026-08-11,300951.SZ,,rejected_signal,,22.065567,,1.29920983,,20日涨幅过热; 偏离MA20过远，追高风险; 20日年化波动过高
2026-08-11,300952.SZ,,rejected_signal,,8.301396,,0.88153571,,未满足 MA5>MA10>MA20>MA60; 60日趋势强度不足
2026-08-11,300953.SZ,,rejected_signal,,11.721646,,0.70463383,,未满足 MA5>MA10>MA20>MA60; 20日动量低于门槛; 60日趋势强度不足
2026-08-11,300955.SZ,,rejected_signal,,3.264998,,0.85943693,,未满足 MA5>MA10>MA20>MA60; 收盘价低于MA20; 20日动量低于门槛; 60日趋势强度不足
2026-08-11,300956.SZ,,rejected_signal,,8.137794,,0.87846863,,未满足 MA5>MA10>MA20>MA60; 60日趋势强度不足
2026-08-11,300957.SZ,,rejected_signal,,17.131187,,1.00467086,,未满足 MA5>MA10>MA20>MA60; 60日趋势强度不足
2026-08-11,300958.SZ,,rejected_signal,,7.38008,,0.97663403,,未满足 MA5>MA10>MA20>MA60; 60日趋势强度不足
2026-08-11,300959.SZ,,rejected_signal,,0.0,,0.6189487,,未满足 MA5>MA10>MA20>MA60; 20日动量低于门槛; 60日趋势强度不足; 20日年化波动过高
2026-08-11,300960.SZ,,rejected_signal,,8.119275,,0.95097971,,未满足 MA5>MA10>MA20>MA60; 60日趋势强度不足; 20日平均成交额不足
2026-08-11,300961.SZ,,rejected_signal,,0.0,,0.87556237,,未满足 MA5>MA10>MA20>MA60; 20日动量低于门槛; 60日趋势强度不足
2026-08-11,300962.SZ,,rejected_signal,,6.443511,,1.01114511,,未满足 MA5>MA10>MA20>MA60; 20日动量低于门槛; 60日趋势强度不足
2026-08-11,300963.SZ,,rejected_signal,,7.51313,,0.97447371,,未满足 MA5>MA10>MA20>MA60; 60日趋势强度不足
2026-08-11,300964.SZ,,rejected_signal,,0.810494,,0.70890415,,未满足 MA5>MA10>MA20>MA60; 20日动量低于门槛; 60日趋势强度不足; 20日年化波动过高
2026-08-11,300965.SZ,,rejected_signal,,21.961351,,0.9100576,,未满足 MA5>MA10>MA20>MA60; 60日趋势强度不足
2026-08-11,300966.SZ,,rejected_signal,,0.0,,0.9333899,,未满足 MA5>MA10>MA20>MA60; 20日动量低于门槛; 60日趋势强度不足
2026-08-11,300967.SZ,,rejected_signal,,17.302921,,0.91966558,,未满足 MA5>MA10>MA20>MA60; 60日趋势强度不足
2026-08-11,300968.SZ,,rejected_signal,,21.055302,,0.98343414,,未满足 MA5>MA10>MA20>MA60; 60日趋势强度不足; 20日年化波动过高
2026-08-11,300969.SZ,,rejected_signal,,5.192394,,0.74691319,,未满足 MA5>MA10>MA20>MA60; 20日动量低于门槛; 60日趋势强度不足
2026-08-11,300970.SZ,,rejected_signal,,2.725797,,0.87099963,,未满足 MA5>MA10>MA20>MA60; 20日动量低于门槛; 60日趋势强度不足
2026-08-11,300971.SZ,,rejected_signal,,2.425648,,0.93312931,,未满足 MA5>MA10>MA20>MA60; 60日趋势强度不足
2026-08-11,300972.SZ,,rejected_signal,,21.763405,,1.062464,,未满足 MA5>MA10>MA20>MA60; 60日趋势强度不足
2026-08-11,300973.SZ,,rejected_signal,,22.250074,,0.99677497,,未满足 MA5>MA10>MA20>MA60; 60日趋势强度不足
2026-08-11,300975.SZ,,rejected_signal,,11.504094,,0.64148313,,未满足 MA5>MA10>MA20>MA60; 20日动量低于门槛; 20日年化波动过高
2026-08-11,300976.SZ,,rejected_signal,,1.079987,,0.71408153,,未满足 MA5>MA10>MA20>MA60; 20日动量低于门槛; 60日趋势强度不足; 20日年化波动过高
2026-08-11,300977.SZ,,rejected_signal,,11.777386,,0.94621581,,未满足 MA5>MA10>MA20>MA60; 60日趋势强度不足; 20日平均成交额不足
2026-08-11,300978.SZ,,rejected_signal,,12.750575,,0.96224606,,未满足 MA5>MA10>MA20>MA60; 60日趋势强度不足
2026-08-11,300979.SZ,,rejected_signal,,44.05584,,1.03331935,,未满足 MA5>MA10>MA20>MA60; 60日趋势强度不足
2026-08-11,300980.SZ,,rejected_signal,,1.209565,,0.80121398,,未满足 MA5>MA10>MA20>MA60; 20日动量低于门槛; 60日趋势强度不足
2026-08-11,300981.SZ,,rejected_signal,,22.118702,,1.32658565,,20日涨幅过热; 偏离MA20过远，追高风险
2026-08-11,300982.SZ,,rejected_signal,,17.39436,,0.88495225,,未满足 MA5>MA10>MA20>MA60; 60日趋势强度不足
2026-08-11,300983.SZ,,rejected_signal,,27.23752,,1.04254138,,未满足 MA5>MA10>MA20>MA60; 60日趋势强度不足; 偏离MA20过远，追高风险
2026-08-11,300984.SZ,,rejected_signal,,7.557452,,0.80118471,,未满足 MA5>MA10>MA20>MA60; 20日动量低于门槛; 60日趋势强度不足
2026-08-11,300985.SZ,,rejected_signal,,10.342626,,0.8462469,,未满足 MA5>MA10>MA20>MA60; 20日动量低于门槛
2026-08-11,300986.SZ,,rejected_signal,,30.834669,,0.93218356,,未满足 MA5>MA10>MA20>MA60; 60日趋势强度不足; 偏离MA20过远，追高风险; 20日年化波动过高
2026-08-11,300987.SZ,,rejected_signal,,21.922163,,1.02711916,,未满足 MA5>MA10>MA20>MA60; 60日趋势强度不足
2026-08-11,300988.SZ,,rejected_signal,,6.093291,,0.89620161,,未满足 MA5>MA10>MA20>MA60; 60日趋势强度不足
2026-08-11,300989.SZ,,rejected_signal,,10.909195,,1.10633433,,未满足 MA5>MA10>MA20>MA60; 60日趋势强度不足
2026-08-11,300990.SZ,,rejected_signal,,0.394163,,0.72229975,,未满足 MA5>MA10>MA20>MA60; 收盘价低于MA20; 20日动量低于门槛; 60日趋势强度不足; 20日年化波动过高
2026-08-11,300991.SZ,,rejected_signal,,0.0,,0.74270636,,未满足 MA5>MA10>MA20>MA60; 20日动量低于门槛; 60日趋势强度不足
2026-08-11,300992.SZ,,rejected_signal,,3.320044,,0.86978704,,未满足 MA5>MA10>MA20>MA60; 60日趋势强度不足
2026-08-11,300993.SZ,,rejected_signal,,9.138075,,0.98720962,,未满足 MA5>MA10>MA20>MA60; 60日趋势强度不足; 20日平均成交额不足
2026-08-11,300994.SZ,,rejected_signal,,12.303589,,0.98161179,,未满足 MA5>MA10>MA20>MA60; 60日趋势强度不足; 20日平均成交额不足
2026-08-11,300995.SZ,,rejected_signal,,7.280251,,0.88355172,,未满足 MA5>MA10>MA20>MA60; 60日趋势强度不足
2026-08-11,300996.SZ,,rejected_signal,,33.288406,,1.55890298,,20日涨幅过热; 偏离MA20过远，追高风险; 20日年化波动过高
2026-08-11,300997.SZ,,rejected_signal,,38.87455,,1.08132446,,未满足 MA5>MA10>MA20>MA60; 60日趋势强度不足
2026-08-11,300998.SZ,,rejected_signal,,0.0,,0.89803058,,未满足 MA5>MA10>MA20>MA60; 20日动量低于门槛; 60日趋势强度不足; 20日年化波动过高
2026-08-11,300999.SZ,,rejected_signal,,21.528023,,1.03627622,,未满足 MA5>MA10>MA20>MA60; 60日趋势强度不足
2026-08-11,301000.SZ,,rejected_signal,,6.871365,,0.85135657,,未满足 MA5>MA10>MA20>MA60; 20日动量低于门槛; 60日趋势强度不足
2026-08-11,301001.SZ,,rejected_signal,,15.754761,,0.99587977,,未满足 MA5>MA10>MA20>MA60; 60日趋势强度不足
2026-08-11,301002.SZ,,rejected_signal,,4.391932,,0.70432645,,未满足 MA5>MA10>MA20>MA60; 收盘价低于MA20; 20日动量低于门槛; 60日趋势强度不足
2026-08-11,301003.SZ,,rejected_signal,,1.825046,,0.90377861,,未满足 MA5>MA10>MA20>MA60; 60日趋势强度不足
2026-08-11,301004.SZ,,rejected_signal,,29.622211,,1.03054094,,未满足 MA5>MA10>MA20>MA60; 60日趋势强度不足
2026-08-11,301005.SZ,,rejected_signal,,10.196284,,0.74216419,,未满足 MA5>MA10>MA20>MA60; 20日动量低于门槛; 60日趋势强度不足; 当日跳空幅度过大
2026-08-11,301006.SZ,,rejected_signal,,14.749362,,0.96922052,,未满足 MA5>MA10>MA20>MA60; 60日趋势强度不足; 20日平均成交额不足
2026-08-11,301007.SZ,,rejected_signal,,0.0,,0.84394103,,未满足 MA5>MA10>MA20>MA60; 20日动量低于门槛; 60日趋势强度不足; 20日年化波动过高
2026-08-11,301008.SZ,,rejected_signal,,29.508984,,1.19305122,,20日涨幅过热; 偏离MA20过远，追高风险; 20日年化波动过高
2026-08-11,301009.SZ,,rejected_signal,,20.227318,,1.01691651,,未满足 MA5>MA10>MA20>MA60; 60日趋势强度不足
2026-08-11,301010.SZ,,rejected_signal,,24.460796,,0.94649017,,未满足 MA5>MA10>MA20>MA60; 60日趋势强度不足
2026-08-11,301011.SZ,,rejected_signal,,11.577501,,0.98955262,,未满足 MA5>MA10>MA20>MA60; 60日趋势强度不足
2026-08-11,301012.SZ,,rejected_signal,,22.74452,,0.96660441,,未满足 MA5>MA10>MA20>MA60; 60日趋势强度不足; 20日年化波动过高
2026-08-11,301013.SZ,,rejected_signal,,9.729455,,0.81854641,,未满足 MA5>MA10>MA20>MA60; 20日动量低于门槛; 20日年化波动过高
2026-08-11,301015.SZ,,rejected_rank,72,43.049416,0.33644861,1.08898246,0.36635515,"信号有效, 但综合排名未进入 Top20"
2026-08-11,301016.SZ,,rejected_signal,,0.0,,0.86635876,,未满足 MA5>MA10>MA20>MA60; 60日趋势强度不足
2026-08-11,301017.SZ,,rejected_signal,,27.261156,,1.03781188,,未满足 MA5>MA10>MA20>MA60; 60日趋势强度不足
2026-08-11,301018.SZ,,rejected_signal,,10.610143,,0.73109716,,未满足 MA5>MA10>MA20>MA60; 20日动量低于门槛; 60日趋势强度不足; 20日年化波动过高
2026-08-11,301019.SZ,,rejected_signal,,0.447616,,0.91904283,,未满足 MA5>MA10>MA20>MA60; 20日动量低于门槛; 60日趋势强度不足
2026-08-11,301020.SZ,,rejected_signal,,8.168859,,0.90297717,,未满足 MA5>MA10>MA20>MA60; 60日趋势强度不足
2026-08-11,301021.SZ,,rejected_signal,,0.0,,0.56272542,,未满足 MA5>MA10>MA20>MA60; 20日动量低于门槛; 60日趋势强度不足; 20日年化波动过高
2026-08-11,301022.SZ,,rejected_signal,,7.994126,,0.94119239,,未满足 MA5>MA10>MA20>MA60; 60日趋势强度不足
2026-08-11,301023.SZ,,rejected_signal,,4.172503,,0.92605788,,未满足 MA5>MA10>MA20>MA60; 20日动量低于门槛; 60日趋势强度不足
2026-08-11,301024.SZ,,rejected_signal,,0.0,,0.86478508,,未满足 MA5>MA10>MA20>MA60; 20日动量低于门槛; 60日趋势强度不足
2026-08-11,301025.SZ,,rejected_signal,,27.450335,,1.02509344,,未满足 MA5>MA10>MA20>MA60; 60日趋势强度不足
2026-08-11,301026.SZ,,rejected_signal,,23.833469,,0.83071518,,未满足 MA5>MA10>MA20>MA60; 60日趋势强度不足
2026-08-11,301027.SZ,,rejected_signal,,4.722329,,0.95255893,,未满足 MA5>MA10>MA20>MA60; 20日动量低于门槛; 60日趋势强度不足
2026-08-11,301028.SZ,,rejected_signal,,0.303656,,0.76894718,,未满足 MA5>MA10>MA20>MA60; 20日动量低于门槛; 60日趋势强度不足
2026-08-11,301029.SZ,,rejected_signal,,3.054869,,0.90252215,,未满足 MA5>MA10>MA20>MA60; 20日动量低于门槛; 60日趋势强度不足
2026-08-11,301030.SZ,,rejected_universe,,0.641527,,0.86299777,,不在当日动态股票池(停牌/未上市/已退市/当前ST代理过滤)
2026-08-11,301031.SZ,,rejected_signal,,9.535178,,0.79934531,,未满足 MA5>MA10>MA20>MA60; 20日动量低于门槛; 60日趋势强度不足
2026-08-11,301032.SZ,,rejected_signal,,4.602617,,0.9493196,,未满足 MA5>MA10>MA20>MA60; 60日趋势强度不足
2026-08-11,301033.SZ,,rejected_signal,,46.714336,,1.09621012,,未满足 MA5>MA10>MA20>MA60
2026-08-11,301035.SZ,,rejected_signal,,30.942484,,1.06938815,,未满足 MA5>MA10>MA20>MA60; 收盘价低于MA20; 60日趋势强度不足
2026-08-11,301036.SZ,,rejected_signal,,11.876989,,0.93371922,,未满足 MA5>MA10>MA20>MA60; 60日趋势强度不足; 20日平均成交额不足
2026-08-11,301037.SZ,,rejected_signal,,13.832342,,0.97521591,,未满足 MA5>MA10>MA20>MA60; 60日趋势强度不足; 20日平均成交额不足
2026-08-11,301038.SZ,,rejected_signal,,11.387599,,0.95281971,,未满足 MA5>MA10>MA20>MA60; 60日趋势强度不足
2026-08-11,301039.SZ,,rejected_signal,,48.36034,,1.10551763,,未满足 MA5>MA10>MA20>MA60; 60日趋势强度不足
2026-08-11,301040.SZ,,rejected_signal,,0.0,,0.9571622,,未满足 MA5>MA10>MA20>MA60; 20日动量低于门槛; 60日趋势强度不足
2026-08-11,301041.SZ,,rejected_signal,,0.0,,0.7567814,,未满足 MA5>MA10>MA20>MA60; 20日动量低于门槛; 60日趋势强度不足
2026-08-11,301042.SZ,,rejected_signal,,0.0,,0.38071907,,未满足 MA5>MA10>MA20>MA60; 20日动量低于门槛; 60日趋势强度不足; 20日年化波动过高
2026-08-11,301043.SZ,,rejected_signal,,0.681104,,0.89892024,,未满足 MA5>MA10>MA20>MA60; 20日动量低于门槛; 60日趋势强度不足
2026-08-11,301045.SZ,,rejected_signal,,5.523485,,0.74921113,,未满足 MA5>MA10>MA20>MA60; 20日动量低于门槛; 20日年化波动过高
2026-08-11,301046.SZ,,rejected_signal,,0.0,,0.72349888,,未满足 MA5>MA10>MA20>MA60; 20日动量低于门槛; 60日趋势强度不足
2026-08-11,301047.SZ,,rejected_signal,,31.446075,,1.29130137,,20日涨幅过热; 偏离MA20过远，追高风险; 20日年化波动过高
2026-08-11,301048.SZ,,rejected_signal,,14.248629,,0.99721473,,未满足 MA5>MA10>MA20>MA60; 60日趋势强度不足
2026-08-11,301049.SZ,,rejected_signal,,12.094231,,0.98227769,,未满足 MA5>MA10>MA20>MA60; 60日趋势强度不足; 20日平均成交额不足
2026-08-11,301050.SZ,,rejected_signal,,4.752831,,0.93178535,,未满足 MA5>MA10>MA20>MA60; 20日动量低于门槛; 60日趋势强度不足
2026-08-11,301051.SZ,,rejected_signal,,28.798437,,0.70237041,,未满足 MA5>MA10>MA20>MA60; 偏离MA20过远，追高风险; 20日年化波动过高
2026-08-11,301052.SZ,,rejected_signal,,25.051249,,0.9952873,,未满足 MA5>MA10>MA20>MA60; 60日趋势强度不足
2026-08-11,301053.SZ,,rejected_signal,,5.226639,,0.9694199,,未满足 MA5>MA10>MA20>MA60; 20日动量低于门槛; 60日趋势强度不足
2026-08-11,301055.SZ,,rejected_signal,,0.0,,0.77672517,,未满足 MA5>MA10>MA20>MA60; 20日动量低于门槛; 60日趋势强度不足
2026-08-11,301056.SZ,,rejected_signal,,11.523998,,0.85771066,,未满足 MA5>MA10>MA20>MA60; 60日趋势强度不足
2026-08-11,301057.SZ,,rejected_signal,,2.370966,,0.85208631,,未满足 MA5>MA10>MA20>MA60; 60日趋势强度不足
2026-08-11,301058.SZ,,rejected_signal,,12.293269,,0.99612397,,未满足 MA5>MA10>MA20>MA60; 60日趋势强度不足
2026-08-11,301059.SZ,,rejected_signal,,1.9573,,0.89579421,,未满足 MA5>MA10>MA20>MA60; 20日动量低于门槛; 60日趋势强度不足
2026-08-11,301060.SZ,,rejected_signal,,29.745159,,1.00732529,,未满足 MA5>MA10>MA20>MA60; 60日趋势强度不足
2026-08-11,301061.SZ,,rejected_signal,,18.682579,,0.96701545,,未满足 MA5>MA10>MA20>MA60; 60日趋势强度不足
2026-08-11,301062.SZ,,rejected_signal,,29.488459,,1.00775051,,未满足 MA5>MA10>MA20>MA60; 60日趋势强度不足
2026-08-11,301063.SZ,,rejected_signal,,12.343319,,0.96371686,,未满足 MA5>MA10>MA20>MA60; 60日趋势强度不足
2026-08-11,301065.SZ,,rejected_signal,,9.888003,,0.97933644,,未满足 MA5>MA10>MA20>MA60; 60日趋势强度不足; 20日平均成交额不足
2026-08-11,301066.SZ,,rejected_signal,,14.489922,,0.97766078,,未满足 MA5>MA10>MA20>MA60; 60日趋势强度不足
2026-08-11,301067.SZ,,rejected_signal,,3.613652,,0.79636896,,未满足 MA5>MA10>MA20>MA60; 60日趋势强度不足; 偏离MA20过远，追高风险; 20日年化波动过高
2026-08-11,301068.SZ,,rejected_signal,,10.297555,,1.0164485,,未满足 MA5>MA10>MA20>MA60; 60日趋势强度不足
2026-08-11,301069.SZ,,rejected_signal,,2.734737,,0.84512478,,未满足 MA5>MA10>MA20>MA60; 20日动量低于门槛; 60日趋势强度不足
2026-08-11,301070.SZ,,rejected_signal,,0.0,,0.78951102,,未满足 MA5>MA10>MA20>MA60; 20日动量低于门槛; 60日趋势强度不足; 20日年化波动过高
2026-08-11,301071.SZ,,rejected_signal,,0.45143,,0.68610448,,未满足 MA5>MA10>MA20>MA60; 20日动量低于门槛; 60日趋势强度不足
2026-08-11,301072.SZ,,rejected_signal,,19.838318,,0.96388543,,未满足 MA5>MA10>MA20>MA60; 20日动量低于门槛
2026-08-11,301073.SZ,,rejected_signal,,16.663103,,0.90526992,,未满足 MA5>MA10>MA20>MA60; 60日趋势强度不足
2026-08-11,301075.SZ,,rejected_signal,,1.214978,,0.84195745,,未满足 MA5>MA10>MA20>MA60; 20日动量低于门槛; 60日趋势强度不足
2026-08-11,301076.SZ,,rejected_signal,,0.200368,,0.83614004,,未满足 MA5>MA10>MA20>MA60; 20日动量低于门槛; 60日趋势强度不足
2026-08-11,301077.SZ,,rejected_signal,,0.127716,,0.84523654,,未满足 MA5>MA10>MA20>MA60; 20日动量低于门槛; 60日趋势强度不足
2026-08-11,301078.SZ,,rejected_signal,,26.521536,,0.99634784,,未满足 MA5>MA10>MA20>MA60; 60日趋势强度不足
2026-08-11,301079.SZ,,rejected_signal,,3.519444,,0.8655206,,未满足 MA5>MA10>MA20>MA60; 20日动量低于门槛; 60日趋势强度不足
2026-08-11,301080.SZ,,rejected_signal,,25.603502,,1.18530631,,20日涨幅过热; 偏离MA20过远，追高风险; 20日年化波动过高
2026-08-11,301081.SZ,,rejected_signal,,0.0,,0.76893097,,未满足 MA5>MA10>MA20>MA60; 20日动量低于门槛; 60日趋势强度不足
2026-08-11,301082.SZ,,rejected_signal,,29.792202,,1.15931821,,未满足 MA5>MA10>MA20>MA60; 60日趋势强度不足
2026-08-11,301083.SZ,,rejected_signal,,8.494069,,0.96613401,,未满足 MA5>MA10>MA20>MA60; 60日趋势强度不足; 20日平均成交额不足
2026-08-11,301085.SZ,,rejected_signal,,7.422579,,1.01264977,,未满足 MA5>MA10>MA20>MA60; 60日趋势强度不足
2026-08-11,301086.SZ,,rejected_signal,,0.0,,0.58502078,,未满足 MA5>MA10>MA20>MA60; 20日动量低于门槛; 60日趋势强度不足; 20日年化波动过高
2026-08-11,301087.SZ,,rejected_signal,,18.871843,,1.10799587,,未满足 MA5>MA10>MA20>MA60; 收盘价低于MA20; 20日动量低于门槛; 60日趋势强度不足
2026-08-11,301088.SZ,,rejected_signal,,7.597379,,0.93675071,,未满足 MA5>MA10>MA20>MA60; 60日趋势强度不足; 20日平均成交额不足
2026-08-11,301089.SZ,,rejected_signal,,21.48773,,1.03306258,,60日趋势强度不足
2026-08-11,301090.SZ,,rejected_signal,,2.774466,,0.97621191,,未满足 MA5>MA10>MA20>MA60; 20日动量低于门槛; 60日趋势强度不足
2026-08-11,301091.SZ,,rejected_signal,,37.408184,,1.02893579,,未满足 MA5>MA10>MA20>MA60; 60日趋势强度不足
2026-08-11,301092.SZ,,rejected_signal,,0.0,,0.84551191,,未满足 MA5>MA10>MA20>MA60; 20日动量低于门槛; 20日年化波动过高
2026-08-11,301093.SZ,,rejected_signal,,0.0,,0.61496335,,未满足 MA5>MA10>MA20>MA60; 20日动量低于门槛; 60日趋势强度不足; 偏离MA20过远，追高风险; 20日年化波动过高
2026-08-11,301095.SZ,,rejected_signal,,0.0,,0.70793498,,未满足 MA5>MA10>MA20>MA60; 20日动量低于门槛; 60日趋势强度不足
2026-08-11,301096.SZ,,rejected_signal,,7.519553,,0.85742182,,未满足 MA5>MA10>MA20>MA60; 20日动量低于门槛; 60日趋势强度不足
2026-08-11,301097.SZ,,rejected_signal,,0.0,,0.90657276,,未满足 MA5>MA10>MA20>MA60; 20日动量低于门槛; 60日趋势强度不足; 20日平均成交额不足
2026-08-11,301098.SZ,,rejected_signal,,11.950371,,0.93047351,,未满足 MA5>MA10>MA20>MA60; 60日趋势强度不足
2026-08-11,301099.SZ,,rejected_signal,,1.397051,,0.73656029,,未满足 MA5>MA10>MA20>MA60; 20日动量低于门槛; 60日趋势强度不足; 20日年化波动过高
2026-08-11,301100.SZ,,rejected_signal,,12.552778,,1.00458169,,未满足 MA5>MA10>MA20>MA60; 20日动量低于门槛; 60日趋势强度不足
2026-08-11,301101.SZ,,rejected_signal,,10.285643,,1.00637865,,未满足 MA5>MA10>MA20>MA60; 60日趋势强度不足
2026-08-11,301102.SZ,,rejected_signal,,30.112076,,1.01157129,,未满足 MA5>MA10>MA20>MA60; 60日趋势强度不足; 20日平均成交额不足
2026-08-11,301103.SZ,,rejected_signal,,24.822006,,1.00188327,,未满足 MA5>MA10>MA20>MA60; 60日趋势强度不足
2026-08-11,301105.SZ,,rejected_signal,,23.915089,,1.0052315,,未满足 MA5>MA10>MA20>MA60; 60日趋势强度不足; 20日平均成交额不足
2026-08-11,301106.SZ,,rejected_signal,,1.2368,,0.81090987,,未满足 MA5>MA10>MA20>MA60; 20日动量低于门槛; 60日趋势强度不足
2026-08-11,301107.SZ,,rejected_signal,,0.0,,0.8588044,,未满足 MA5>MA10>MA20>MA60; 20日动量低于门槛; 60日趋势强度不足
2026-08-11,301108.SZ,,rejected_rank,61,45.539986,0.43925235,1.29799795,0.55140185,"信号有效, 但综合排名未进入 Top20"
2026-08-11,301109.SZ,,rejected_signal,,7.821249,,1.00140667,,未满足 MA5>MA10>MA20>MA60; 20日动量低于门槛; 60日趋势强度不足
2026-08-11,301110.SZ,,rejected_signal,,11.13402,,0.96530503,,未满足 MA5>MA10>MA20>MA60; 60日趋势强度不足
2026-08-11,301111.SZ,,rejected_signal,,0.0,,0.7621488,,未满足 MA5>MA10>MA20>MA60; 20日动量低于门槛; 60日趋势强度不足
2026-08-11,301112.SZ,,rejected_signal,,2.18512,,1.00296032,,未满足 MA5>MA10>MA20>MA60; 20日动量低于门槛; 60日趋势强度不足
2026-08-11,301113.SZ,,rejected_signal,,7.868439,,0.96123177,,未满足 MA5>MA10>MA20>MA60; 60日趋势强度不足; 20日平均成交额不足
2026-08-11,301115.SZ,,rejected_signal,,12.013046,,0.78040928,,未满足 MA5>MA10>MA20>MA60; 偏离MA20过远，追高风险; 20日年化波动过高
2026-08-11,301116.SZ,,rejected_signal,,2.225193,,0.96679825,,未满足 MA5>MA10>MA20>MA60; 20日动量低于门槛; 60日趋势强度不足
2026-08-11,301117.SZ,,rejected_signal,,17.061481,,0.79789549,,未满足 MA5>MA10>MA20>MA60; 60日趋势强度不足
2026-08-11,301118.SZ,,rejected_signal,,0.0,,0.78624898,,未满足 MA5>MA10>MA20>MA60; 20日动量低于门槛; 60日趋势强度不足
2026-08-11,301119.SZ,,rejected_signal,,4.591938,,0.8626309,,未满足 MA5>MA10>MA20>MA60; 60日趋势强度不足; 偏离MA20过远，追高风险
2026-08-11,301120.SZ,,rejected_signal,,6.055459,,0.90016371,,未满足 MA5>MA10>MA20>MA60; 60日趋势强度不足
2026-08-11,301121.SZ,,rejected_signal,,0.0,,0.9497177,,未满足 MA5>MA10>MA20>MA60; 20日动量低于门槛; 60日趋势强度不足
2026-08-11,301122.SZ,,rejected_rank,86,37.345795,0.20560747,1.09079742,0.26915887,"信号有效, 但综合排名未进入 Top20"
2026-08-11,301123.SZ,,rejected_signal,,0.0,,0.64746028,,未满足 MA5>MA10>MA20>MA60; 20日动量低于门槛; 60日趋势强度不足; 20日年化波动过高
2026-08-11,301125.SZ,,rejected_signal,,9.748049,,0.94727218,,未满足 MA5>MA10>MA20>MA60; 60日趋势强度不足
2026-08-11,301126.SZ,,rejected_signal,,11.561677,,0.97938824,,未满足 MA5>MA10>MA20>MA60; 60日趋势强度不足
2026-08-11,301127.SZ,,rejected_signal,,2.713917,,0.88636011,,未满足 MA5>MA10>MA20>MA60; 收盘价低于MA20; 20日动量低于门槛; 20日年化波动过高
2026-08-11,301128.SZ,,rejected_signal,,0.885685,,0.66485113,,未满足 MA5>MA10>MA20>MA60; 20日动量低于门槛; 60日趋势强度不足; 20日年化波动过高
2026-08-11,301129.SZ,,rejected_signal,,11.109079,,0.94317675,,未满足 MA5>MA10>MA20>MA60; 60日趋势强度不足
2026-08-11,301130.SZ,,rejected_signal,,0.757338,,0.94337773,,未满足 MA5>MA10>MA20>MA60; 20日动量低于门槛; 60日趋势强度不足
2026-08-11,301131.SZ,,rejected_signal,,8.07779,,0.96174532,,未满足 MA5>MA10>MA20>MA60; 60日趋势强度不足
2026-08-11,301132.SZ,,rejected_signal,,0.0,,0.77065724,,未满足 MA5>MA10>MA20>MA60; 20日动量低于门槛; 60日趋势强度不足
2026-08-11,301133.SZ,,rejected_signal,,1.112607,,0.69112235,,未满足 MA5>MA10>MA20>MA60; 20日动量低于门槛; 60日趋势强度不足
2026-08-11,301135.SZ,,rejected_signal,,7.67589,,0.9690721,,未满足 MA5>MA10>MA20>MA60; 60日趋势强度不足
2026-08-11,301136.SZ,,rejected_signal,,10.746998,,0.96467328,,未满足 MA5>MA10>MA20>MA60; 60日趋势强度不足
2026-08-11,301137.SZ,,rejected_signal,,25.534626,,1.08462143,,未满足 MA5>MA10>MA20>MA60; 60日趋势强度不足
2026-08-11,301138.SZ,,rejected_signal,,3.615767,,0.90465206,,未满足 MA5>MA10>MA20>MA60; 20日动量低于门槛; 60日趋势强度不足; 20日平均成交额不足
2026-08-11,301139.SZ,,rejected_universe,,0.0,,0.96414077,,不在当日动态股票池(停牌/未上市/已退市/当前ST代理过滤)
2026-08-11,301141.SZ,,rejected_signal,,17.637815,,0.83629376,,未满足 MA5>MA10>MA20>MA60; 60日趋势强度不足; 偏离MA20过远，追高风险
2026-08-11,301148.SZ,,rejected_signal,,17.481358,,0.79647881,,未满足 MA5>MA10>MA20>MA60; 60日趋势强度不足; 偏离MA20过远，追高风险
2026-08-11,301149.SZ,,rejected_signal,,1.444357,,0.91887903,,未满足 MA5>MA10>MA20>MA60; 20日动量低于门槛; 60日趋势强度不足
2026-08-11,301150.SZ,,rejected_signal,,0.066749,,0.69487399,,未满足 MA5>MA10>MA20>MA60; 20日动量低于门槛; 60日趋势强度不足; 20日年化波动过高
2026-08-11,301151.SZ,,rejected_signal,,0.0,,0.86331987,,未满足 MA5>MA10>MA20>MA60; 20日动量低于门槛; 60日趋势强度不足
2026-08-11,301152.SZ,,rejected_signal,,1.046449,,0.8220796,,未满足 MA5>MA10>MA20>MA60; 20日动量低于门槛; 60日趋势强度不足
2026-08-11,301153.SZ,,rejected_signal,,29.004803,,1.05191934,,未满足 MA5>MA10>MA20>MA60; 60日趋势强度不足
2026-08-11,301155.SZ,,rejected_signal,,30.674532,,0.93565696,,未满足 MA5>MA10>MA20>MA60; 60日趋势强度不足
2026-08-11,301156.SZ,,rejected_signal,,4.094341,,0.926332,,未满足 MA5>MA10>MA20>MA60; 60日趋势强度不足
2026-08-11,301157.SZ,,rejected_signal,,0.0,,0.88385737,,未满足 MA5>MA10>MA20>MA60; 20日动量低于门槛; 60日趋势强度不足
2026-08-11,301158.SZ,,rejected_signal,,22.577793,,0.9776597,,未满足 MA5>MA10>MA20>MA60; 60日趋势强度不足
2026-08-11,301159.SZ,,rejected_signal,,27.556128,,1.00546455,,未满足 MA5>MA10>MA20>MA60; 60日趋势强度不足; 偏离MA20过远，追高风险
2026-08-11,301160.SZ,,rejected_signal,,4.533486,,0.87113017,,未满足 MA5>MA10>MA20>MA60; 20日动量低于门槛; 60日趋势强度不足
2026-08-11,301161.SZ,,rejected_signal,,1.166165,,0.79569352,,未满足 MA5>MA10>MA20>MA60; 20日动量低于门槛; 60日趋势强度不足
2026-08-11,301162.SZ,,rejected_signal,,11.42082,,1.00194263,,未满足 MA5>MA10>MA20>MA60; 60日趋势强度不足
2026-08-11,301163.SZ,,rejected_signal,,5.41472,,0.9526993,,未满足 MA5>MA10>MA20>MA60; 60日趋势强度不足
2026-08-11,301165.SZ,,rejected_signal,,42.308792,,1.27751112,,未满足 MA5>MA10>MA20>MA60; 20日年化波动过高
2026-08-11,301166.SZ,,rejected_signal,,12.711949,,0.98978019,,未满足 MA5>MA10>MA20>MA60; 60日趋势强度不足
2026-08-11,301167.SZ,,rejected_signal,,21.083536,,0.98733914,,未满足 MA5>MA10>MA20>MA60; 60日趋势强度不足
2026-08-11,301168.SZ,,rejected_signal,,19.21633,,0.95607901,,未满足 MA5>MA10>MA20>MA60; 60日趋势强度不足
2026-08-11,301169.SZ,,rejected_signal,,0.0,,0.74878234,,未满足 MA5>MA10>MA20>MA60; 20日动量低于门槛; 60日趋势强度不足
2026-08-11,301170.SZ,,rejected_signal,,4.153362,,0.950993,,未满足 MA5>MA10>MA20>MA60; 60日趋势强度不足; 20日平均成交额不足
2026-08-11,301171.SZ,,rejected_signal,,24.949764,,1.07374716,,未满足 MA5>MA10>MA20>MA60; 60日趋势强度不足; 偏离MA20过远，追高风险; 20日年化波动过高
2026-08-11,301172.SZ,,rejected_signal,,0.517039,,0.80440342,,未满足 MA5>MA10>MA20>MA60; 20日动量低于门槛; 60日趋势强度不足
2026-08-11,301173.SZ,,rejected_signal,,0.0,,0.9415341,,未满足 MA5>MA10>MA20>MA60; 20日动量低于门槛; 60日趋势强度不足; 20日平均成交额不足
2026-08-11,301175.SZ,,rejected_signal,,20.627445,,1.03223336,,未满足 MA5>MA10>MA20>MA60; 60日趋势强度不足
2026-08-11,301176.SZ,,rejected_signal,,6.067441,,0.77899778,,未满足 MA5>MA10>MA20>MA60; 20日动量低于门槛; 20日年化波动过高
2026-08-11,301177.SZ,,rejected_signal,,10.736473,,0.92585909,,未满足 MA5>MA10>MA20>MA60; 60日趋势强度不足; 20日平均成交额不足
2026-08-11,301178.SZ,,rejected_signal,,5.411948,,0.95265025,,未满足 MA5>MA10>MA20>MA60; 60日趋势强度不足
2026-08-11,301179.SZ,,rejected_signal,,1.506857,,0.9419505,,未满足 MA5>MA10>MA20>MA60; 20日动量低于门槛; 60日趋势强度不足
2026-08-11,301180.SZ,,rejected_signal,,4.035028,,0.87516856,,未满足 MA5>MA10>MA20>MA60; 60日趋势强度不足
2026-08-11,301181.SZ,,rejected_signal,,9.388625,,0.84888166,,未满足 MA5>MA10>MA20>MA60; 60日趋势强度不足
2026-08-11,301182.SZ,,rejected_signal,,0.0,,0.76305509,,未满足 MA5>MA10>MA20>MA60; 20日动量低于门槛; 60日趋势强度不足; 20日年化波动过高
2026-08-11,301183.SZ,,rejected_signal,,7.883297,,0.70421273,,未满足 MA5>MA10>MA20>MA60; 20日动量低于门槛; 60日趋势强度不足; 20日年化波动过高
2026-08-11,301185.SZ,,rejected_signal,,35.693886,,1.05232143,,60日趋势强度不足
2026-08-11,301186.SZ,,rejected_signal,,6.317426,,0.83351439,,未满足 MA5>MA10>MA20>MA60; 60日趋势强度不足
2026-08-11,301187.SZ,,rejected_signal,,18.243767,,0.98909903,,未满足 MA5>MA10>MA20>MA60; 60日趋势强度不足
2026-08-11,301188.SZ,,rejected_signal,,2.597998,,0.68834162,,未满足 MA5>MA10>MA20>MA60; 20日动量低于门槛; 60日趋势强度不足; 20日年化波动过高
2026-08-11,301189.SZ,,rejected_signal,,0.0,,0.74050051,,未满足 MA5>MA10>MA20>MA60; 20日动量低于门槛; 60日趋势强度不足
2026-08-11,301190.SZ,,rejected_signal,,19.604132,,0.98404896,,未满足 MA5>MA10>MA20>MA60; 60日趋势强度不足
2026-08-11,301191.SZ,,rejected_signal,,0.0,,0.78118163,,未满足 MA5>MA10>MA20>MA60; 收盘价低于MA20; 20日动量低于门槛; 60日趋势强度不足; 20日年化波动过高
2026-08-11,301192.SZ,,rejected_signal,,3.368651,,0.93357146,,未满足 MA5>MA10>MA20>MA60; 60日趋势强度不足; 20日平均成交额不足
2026-08-11,301193.SZ,,rejected_signal,,3.695212,,0.85190827,,未满足 MA5>MA10>MA20>MA60; 60日趋势强度不足
2026-08-11,301195.SZ,,rejected_signal,,10.867972,,0.91632402,,未满足 MA5>MA10>MA20>MA60; 60日趋势强度不足
2026-08-11,301196.SZ,,rejected_signal,,0.0,,0.57193786,,未满足 MA5>MA10>MA20>MA60; 20日动量低于门槛; 60日趋势强度不足; 20日年化波动过高
2026-08-11,301197.SZ,,rejected_signal,,17.245983,,0.84980023,,未满足 MA5>MA10>MA20>MA60; 60日趋势强度不足
2026-08-11,301198.SZ,,rejected_signal,,5.188394,,0.83354521,,未满足 MA5>MA10>MA20>MA60; 60日趋势强度不足
2026-08-11,301199.SZ,,rejected_signal,,1.605532,,0.96757066,,未满足 MA5>MA10>MA20>MA60; 20日动量低于门槛; 60日趋势强度不足
2026-08-11,301200.SZ,,rejected_signal,,8.218018,,0.83439147,,未满足 MA5>MA10>MA20>MA60; 20日动量低于门槛; 20日年化波动过高
2026-08-11,301201.SZ,,rejected_signal,,5.946561,,0.81572902,,未满足 MA5>MA10>MA20>MA60; 60日趋势强度不足; 偏离MA20过远，追高风险
2026-08-11,301202.SZ,,rejected_signal,,0.135472,,0.92094475,,未满足 MA5>MA10>MA20>MA60; 20日动量低于门槛; 60日趋势强度不足
2026-08-11,301203.SZ,,rejected_signal,,0.0,,0.81056315,,未满足 MA5>MA10>MA20>MA60; 20日动量低于门槛; 60日趋势强度不足; 20日平均成交额不足
2026-08-11,301205.SZ,,rejected_signal,,6.633219,,0.93810874,,未满足 MA5>MA10>MA20>MA60; 60日趋势强度不足; 偏离MA20过远，追高风险; 20日年化波动过高
2026-08-11,301206.SZ,,rejected_signal,,7.989013,,1.00782228,,未满足 MA5>MA10>MA20>MA60; 20日动量低于门槛; 60日趋势强度不足
2026-08-11,301207.SZ,,rejected_signal,,16.811426,,1.04316783,,20日动量低于门槛; 60日趋势强度不足
2026-08-11,301208.SZ,,rejected_signal,,12.05576,,1.01219416,,未满足 MA5>MA10>MA20>MA60; 60日趋势强度不足
2026-08-11,301209.SZ,,rejected_signal,,4.132691,,0.80531073,,未满足 MA5>MA10>MA20>MA60; 60日趋势强度不足; 偏离MA20过远，追高风险; 20日年化波动过高
2026-08-11,301210.SZ,,rejected_signal,,1.021334,,0.86244905,,未满足 MA5>MA10>MA20>MA60; 20日动量低于门槛; 60日趋势强度不足
2026-08-11,301211.SZ,,rejected_signal,,18.23649,,1.00691533,,未满足 MA5>MA10>MA20>MA60; 20日动量低于门槛
2026-08-11,301212.SZ,,rejected_signal,,4.890262,,0.83128685,,未满足 MA5>MA10>MA20>MA60; 20日动量低于门槛; 60日趋势强度不足; 20日平均成交额不足
2026-08-11,301213.SZ,,rejected_signal,,7.56313,,0.99109274,,未满足 MA5>MA10>MA20>MA60; 60日趋势强度不足
2026-08-11,301215.SZ,,rejected_signal,,4.28041,,0.98754036,,未满足 MA5>MA10>MA20>MA60; 60日趋势强度不足
2026-08-11,301216.SZ,,rejected_signal,,9.858582,,0.76331532,,未满足 MA5>MA10>MA20>MA60; 20日动量低于门槛; 60日趋势强度不足
2026-08-11,301217.SZ,,rejected_signal,,12.271163,,0.56878906,,未满足 MA5>MA10>MA20>MA60; 20日动量低于门槛; 偏离MA20过远，追高风险; 20日年化波动过高
2026-08-11,301218.SZ,,rejected_signal,,46.340649,,0.93281364,,20日年化波动过高
2026-08-11,301219.SZ,,rejected_signal,,12.476585,,0.85755426,,未满足 MA5>MA10>MA20>MA60; 60日趋势强度不足
2026-08-11,301220.SZ,,rejected_signal,,0.128714,,0.86380816,,未满足 MA5>MA10>MA20>MA60; 20日动量低于门槛; 60日趋势强度不足
2026-08-11,301221.SZ,,rejected_signal,,10.3423,,0.94273692,,未满足 MA5>MA10>MA20>MA60; 60日趋势强度不足
2026-08-11,301222.SZ,,rejected_signal,,0.0,,0.79861486,,未满足 MA5>MA10>MA20>MA60; 20日动量低于门槛; 60日趋势强度不足
2026-08-11,301223.SZ,,rejected_signal,,11.011198,,1.00221145,,未满足 MA5>MA10>MA20>MA60; 20日动量低于门槛; 60日趋势强度不足; 20日平均成交额不足
2026-08-11,301225.SZ,,rejected_signal,,10.309466,,0.82557935,,未满足 MA5>MA10>MA20>MA60; 20日动量低于门槛; 60日趋势强度不足
2026-08-11,301226.SZ,,rejected_signal,,0.632731,,0.8829186,,未满足 MA5>MA10>MA20>MA60; 20日动量低于门槛; 60日趋势强度不足
2026-08-11,301227.SZ,,rejected_signal,,18.352642,,0.90896326,,未满足 MA5>MA10>MA20>MA60; 偏离MA20过远，追高风险
2026-08-11,301228.SZ,,rejected_signal,,3.856787,,0.90477729,,未满足 MA5>MA10>MA20>MA60; 20日年化波动过高
2026-08-11,301229.SZ,,rejected_signal,,1.111518,,0.91234922,,未满足 MA5>MA10>MA20>MA60; 60日趋势强度不足
2026-08-11,301230.SZ,,rejected_signal,,39.257248,,0.94337046,,偏离MA20过远，追高风险; 20日年化波动过高
2026-08-11,301231.SZ,,rejected_signal,,14.971614,,0.96800762,,未满足 MA5>MA10>MA20>MA60; 60日趋势强度不足
2026-08-11,301232.SZ,,rejected_signal,,3.717237,,0.78543001,,未满足 MA5>MA10>MA20>MA60; 收盘价低于MA20; 20日动量低于门槛; 60日趋势强度不足; 20日年化波动过高
2026-08-11,301233.SZ,,rejected_signal,,6.946336,,0.86463273,,未满足 MA5>MA10>MA20>MA60; 60日趋势强度不足; 20日平均成交额不足
2026-08-11,301234.SZ,,rejected_signal,,22.623678,,1.95300782,,20日涨幅过热; 偏离MA20过远，追高风险; 20日年化波动过高
2026-08-11,301235.SZ,,rejected_signal,,2.92878,,0.56335562,,未满足 MA5>MA10>MA20>MA60; 20日动量低于门槛; 60日趋势强度不足; 偏离MA20过远，追高风险; 20日年化波动过高
2026-08-11,301236.SZ,,rejected_signal,,16.097651,,0.96832025,,未满足 MA5>MA10>MA20>MA60; 60日趋势强度不足
2026-08-11,301237.SZ,,rejected_signal,,0.351384,,0.72164619,,未满足 MA5>MA10>MA20>MA60; 20日动量低于门槛; 60日趋势强度不足
2026-08-11,301238.SZ,,rejected_signal,,2.93701,,0.81319416,,未满足 MA5>MA10>MA20>MA60; 20日动量低于门槛; 60日趋势强度不足
2026-08-11,301239.SZ,,rejected_signal,,31.200937,,0.96967655,,未满足 MA5>MA10>MA20>MA60; 60日趋势强度不足
2026-08-11,301246.SZ,,rejected_signal,,4.121629,,0.75234228,,未满足 MA5>MA10>MA20>MA60; 20日动量低于门槛; 60日趋势强度不足
2026-08-11,301248.SZ,,rejected_signal,,0.0,,0.78989518,,未满足 MA5>MA10>MA20>MA60; 20日动量低于门槛; 60日趋势强度不足; 20日年化波动过高
2026-08-11,301251.SZ,,rejected_signal,,0.0,,0.55821407,,未满足 MA5>MA10>MA20>MA60; 20日动量低于门槛; 60日趋势强度不足; 偏离MA20过远，追高风险; 20日年化波动过高
2026-08-11,301252.SZ,,rejected_signal,,4.693357,,0.84010005,,未满足 MA5>MA10>MA20>MA60; 20日动量低于门槛; 60日趋势强度不足
2026-08-11,301255.SZ,,rejected_signal,,10.340758,,0.89540595,,未满足 MA5>MA10>MA20>MA60; 60日趋势强度不足; 20日平均成交额不足
2026-08-11,301256.SZ,,rejected_signal,,8.745016,,0.86182183,,未满足 MA5>MA10>MA20>MA60; 60日趋势强度不足
2026-08-11,301257.SZ,,rejected_signal,,13.649185,,0.87610483,,未满足 MA5>MA10>MA20>MA60; 20日动量低于门槛; 20日年化波动过高
2026-08-11,301258.SZ,,rejected_signal,,14.907387,,0.99874663,,未满足 MA5>MA10>MA20>MA60; 60日趋势强度不足
2026-08-11,301259.SZ,,rejected_signal,,7.15345,,0.90168965,,未满足 MA5>MA10>MA20>MA60; 20日动量低于门槛; 60日趋势强度不足
2026-08-11,301260.SZ,,rejected_signal,,9.847002,,0.96455163,,未满足 MA5>MA10>MA20>MA60; 60日趋势强度不足
2026-08-11,301261.SZ,,rejected_signal,,12.008243,,0.84315199,,未满足 MA5>MA10>MA20>MA60; 20日动量低于门槛; 60日趋势强度不足
2026-08-11,301262.SZ,,rejected_signal,,18.672054,,1.06390154,,未满足 MA5>MA10>MA20>MA60; 60日趋势强度不足
2026-08-11,301263.SZ,,rejected_signal,,16.908133,,1.01251316,,未满足 MA5>MA10>MA20>MA60; 60日趋势强度不足
2026-08-11,301265.SZ,,rejected_signal,,4.155787,,0.69197226,,未满足 MA5>MA10>MA20>MA60; 20日动量低于门槛; 60日趋势强度不足
2026-08-11,301266.SZ,,rejected_signal,,13.584828,,0.92514002,,未满足 MA5>MA10>MA20>MA60; 60日趋势强度不足
2026-08-11,301267.SZ,,rejected_signal,,23.487152,,1.02903926,,未满足 MA5>MA10>MA20>MA60; 60日趋势强度不足
2026-08-11,301268.SZ,,rejected_signal,,6.642694,,0.88377857,,未满足 MA5>MA10>MA20>MA60; 60日趋势强度不足
2026-08-11,301269.SZ,,rejected_signal,,16.031626,,0.84901047,,未满足 MA5>MA10>MA20>MA60; 20日动量低于门槛; 60日趋势强度不足
2026-08-11,301270.SZ,,rejected_rank,89,35.211296,0.17757009,1.19689715,0.32897195,"信号有效, 但综合排名未进入 Top20"
2026-08-11,301272.SZ,,rejected_signal,,4.109903,,0.94013882,,未满足 MA5>MA10>MA20>MA60; 60日趋势强度不足; 20日平均成交额不足
2026-08-11,301273.SZ,,rejected_signal,,50.186504,,1.07797313,,20日年化波动过高
2026-08-11,301275.SZ,,rejected_signal,,33.620373,,1.05565,,未满足 MA5>MA10>MA20>MA60; 60日趋势强度不足
2026-08-11,301276.SZ,,rejected_signal,,0.0,,0.85945469,,未满足 MA5>MA10>MA20>MA60; 20日动量低于门槛; 60日趋势强度不足
2026-08-11,301277.SZ,,rejected_signal,,18.759342,,1.05811286,,未满足 MA5>MA10>MA20>MA60; 20日动量低于门槛; 60日趋势强度不足
2026-08-11,301278.SZ,,rejected_signal,,4.371516,,0.90653354,,未满足 MA5>MA10>MA20>MA60; 60日趋势强度不足
2026-08-11,301279.SZ,,rejected_signal,,1.603408,,0.79515702,,未满足 MA5>MA10>MA20>MA60; 60日趋势强度不足
2026-08-11,301280.SZ,,rejected_signal,,0.458074,,0.84735316,,未满足 MA5>MA10>MA20>MA60; 20日动量低于门槛; 60日趋势强度不足
2026-08-11,301281.SZ,,rejected_signal,,8.2689,,0.793028,,未满足 MA5>MA10>MA20>MA60; 20日动量低于门槛; 20日年化波动过高
2026-08-11,301282.SZ,,rejected_signal,,2.729269,,0.82543862,,未满足 MA5>MA10>MA20>MA60; 60日趋势强度不足; 20日年化波动过高
2026-08-11,301283.SZ,,rejected_signal,,10.379646,,0.979101,,未满足 MA5>MA10>MA20>MA60; 60日趋势强度不足
2026-08-11,301285.SZ,,rejected_signal,,2.702951,,0.59970284,,未满足 MA5>MA10>MA20>MA60; 20日动量低于门槛; 60日趋势强度不足; 20日年化波动过高
2026-08-11,301286.SZ,,rejected_signal,,0.0,,0.72880083,,未满足 MA5>MA10>MA20>MA60; 20日动量低于门槛; 60日趋势强度不足
2026-08-11,301287.SZ,,rejected_signal,,9.757148,,0.99433905,,未满足 MA5>MA10>MA20>MA60; 60日趋势强度不足; 20日平均成交额不足
2026-08-11,301288.SZ,,rejected_signal,,6.353509,,0.95392442,,未满足 MA5>MA10>MA20>MA60; 60日趋势强度不足; 20日平均成交额不足
2026-08-11,301289.SZ,,rejected_signal,,3.520379,,0.9407168,,未满足 MA5>MA10>MA20>MA60; 20日动量低于门槛; 60日趋势强度不足; 20日平均成交额不足
2026-08-11,301290.SZ,,rejected_signal,,14.516893,,0.9316991,,未满足 MA5>MA10>MA20>MA60; 60日趋势强度不足
2026-08-11,301291.SZ,,rejected_signal,,22.211979,,0.96369612,,未满足 MA5>MA10>MA20>MA60; 60日趋势强度不足
2026-08-11,301292.SZ,,rejected_signal,,20.469406,,0.97507989,,未满足 MA5>MA10>MA20>MA60; 60日趋势强度不足
2026-08-11,301293.SZ,,rejected_signal,,32.214737,,1.02158439,,未满足 MA5>MA10>MA20>MA60; 60日趋势强度不足
2026-08-11,301295.SZ,,rejected_signal,,24.298397,,0.94020194,,未满足 MA5>MA10>MA20>MA60; 60日趋势强度不足; 偏离MA20过远，追高风险
2026-08-11,301296.SZ,,rejected_signal,,2.121274,,0.98261344,,未满足 MA5>MA10>MA20>MA60; 20日动量低于门槛; 60日趋势强度不足; 20日平均成交额不足
2026-08-11,301297.SZ,,rejected_signal,,0.164643,,0.74605811,,未满足 MA5>MA10>MA20>MA60; 20日动量低于门槛; 60日趋势强度不足
2026-08-11,301298.SZ,,rejected_signal,,10.180843,,0.96724278,,未满足 MA5>MA10>MA20>MA60; 60日趋势强度不足; 20日平均成交额不足
2026-08-11,301299.SZ,,rejected_signal,,2.692719,,0.93718046,,未满足 MA5>MA10>MA20>MA60; 60日趋势强度不足
2026-08-11,301300.SZ,,rejected_signal,,4.514464,,0.92562902,,未满足 MA5>MA10>MA20>MA60; 60日趋势强度不足; 20日平均成交额不足
2026-08-11,301301.SZ,,rejected_signal,,19.401093,,1.02657044,,60日趋势强度不足
2026-08-11,301302.SZ,,rejected_signal,,9.133135,,0.93135619,,未满足 MA5>MA10>MA20>MA60; 60日趋势强度不足
2026-08-11,301303.SZ,,rejected_signal,,11.392538,,0.92504251,,未满足 MA5>MA10>MA20>MA60; 20日动量低于门槛
2026-08-11,301305.SZ,,rejected_signal,,2.426323,,0.84232402,,未满足 MA5>MA10>MA20>MA60; 20日动量低于门槛; 60日趋势强度不足
2026-08-11,301306.SZ,,rejected_signal,,0.0,,0.64088696,,未满足 MA5>MA10>MA20>MA60; 20日动量低于门槛; 60日趋势强度不足
2026-08-11,301307.SZ,,rejected_signal,,0.0,,0.66538817,,未满足 MA5>MA10>MA20>MA60; 收盘价低于MA20; 20日动量低于门槛; 60日趋势强度不足; 20日年化波动过高
2026-08-11,301308.SZ,,rejected_signal,,8.928245,,0.57509345,,未满足 MA5>MA10>MA20>MA60; 20日动量低于门槛; 60日趋势强度不足; 20日年化波动过高
2026-08-11,301309.SZ,,rejected_signal,,13.205263,,0.97516191,,未满足 MA5>MA10>MA20>MA60; 60日趋势强度不足; 20日平均成交额不足
2026-08-11,301310.SZ,,rejected_signal,,23.569624,,1.08362615,,未满足 MA5>MA10>MA20>MA60; 收盘价低于MA20; 20日动量低于门槛; 20日年化波动过高
2026-08-11,301311.SZ,,rejected_signal,,11.073161,,0.97210944,,未满足 MA5>MA10>MA20>MA60; 60日趋势强度不足
2026-08-11,301312.SZ,,rejected_signal,,6.018956,,0.59614867,,未满足 MA5>MA10>MA20>MA60; 20日动量低于门槛; 60日趋势强度不足; 20日年化波动过高
2026-08-11,301313.SZ,,rejected_signal,,0.0,,0.77627301,,未满足 MA5>MA10>MA20>MA60; 20日动量低于门槛; 60日趋势强度不足
2026-08-11,301314.SZ,,rejected_signal,,1.76936,,0.86145788,,未满足 MA5>MA10>MA20>MA60; 60日趋势强度不足
2026-08-11,301315.SZ,,rejected_signal,,3.951327,,0.95302784,,未满足 MA5>MA10>MA20>MA60; 60日趋势强度不足
2026-08-11,301316.SZ,,rejected_signal,,3.207057,,0.94537717,,未满足 MA5>MA10>MA20>MA60; 20日动量低于门槛; 60日趋势强度不足
2026-08-11,301317.SZ,,rejected_signal,,0.0,,0.71765584,,未满足 MA5>MA10>MA20>MA60; 收盘价低于MA20; 20日动量低于门槛; 60日趋势强度不足
2026-08-11,301318.SZ,,rejected_signal,,8.36542,,0.98505789,,未满足 MA5>MA10>MA20>MA60; 60日趋势强度不足; 20日平均成交额不足
2026-08-11,301319.SZ,,rejected_signal,,9.637102,,0.69705832,,未满足 MA5>MA10>MA20>MA60; 20日动量低于门槛; 20日年化波动过高
2026-08-11,301320.SZ,,rejected_signal,,9.568815,,0.92705917,,未满足 MA5>MA10>MA20>MA60; 60日趋势强度不足; 20日平均成交额不足
2026-08-11,301321.SZ,,rejected_signal,,15.840462,,0.89935404,,未满足 MA5>MA10>MA20>MA60; 20日动量低于门槛
2026-08-11,301322.SZ,,rejected_signal,,6.717411,,0.70531172,,未满足 MA5>MA10>MA20>MA60; 20日动量低于门槛; 60日趋势强度不足
2026-08-11,301323.SZ,,rejected_signal,,0.0,,0.86317259,,未满足 MA5>MA10>MA20>MA60; 20日动量低于门槛; 60日趋势强度不足
2026-08-11,301325.SZ,,rejected_signal,,6.694474,,0.85822427,,未满足 MA5>MA10>MA20>MA60; 60日趋势强度不足
2026-08-11,301326.SZ,,rejected_signal,,0.0,,0.5644539,,未满足 MA5>MA10>MA20>MA60; 20日动量低于门槛; 60日趋势强度不足; 20日年化波动过高
2026-08-11,301327.SZ,,rejected_signal,,6.334278,,0.93494767,,未满足 MA5>MA10>MA20>MA60; 60日趋势强度不足
2026-08-11,301328.SZ,,rejected_signal,,10.728891,,0.69684279,,未满足 MA5>MA10>MA20>MA60; 20日动量低于门槛; 20日年化波动过高
2026-08-11,301329.SZ,,rejected_signal,,7.470207,,0.83117163,,未满足 MA5>MA10>MA20>MA60; 20日动量低于门槛; 60日趋势强度不足
2026-08-11,301330.SZ,,rejected_signal,,7.3447,,0.95089251,,未满足 MA5>MA10>MA20>MA60; 60日趋势强度不足
2026-08-11,301331.SZ,,rejected_signal,,9.029819,,0.92969078,,未满足 MA5>MA10>MA20>MA60; 60日趋势强度不足
2026-08-11,301332.SZ,,rejected_signal,,8.663754,,1.03334284,,未满足 MA5>MA10>MA20>MA60; 20日动量低于门槛; 60日趋势强度不足
2026-08-11,301333.SZ,,rejected_signal,,34.246075,,1.0052073,,未满足 MA5>MA10>MA20>MA60; 偏离MA20过远，追高风险
2026-08-11,301335.SZ,,rejected_signal,,31.390512,,1.01332378,,未满足 MA5>MA10>MA20>MA60; 60日趋势强度不足
2026-08-11,301336.SZ,,rejected_signal,,30.024952,,1.02451694,,未满足 MA5>MA10>MA20>MA60; 60日趋势强度不足; 偏离MA20过远，追高风险
2026-08-11,301337.SZ,,rejected_signal,,8.168058,,0.97456443,,未满足 MA5>MA10>MA20>MA60; 60日趋势强度不足
2026-08-11,301338.SZ,,rejected_signal,,0.0,,0.58187366,,未满足 MA5>MA10>MA20>MA60; 20日动量低于门槛; 60日趋势强度不足; 20日年化波动过高
2026-08-11,301339.SZ,,rejected_signal,,36.213215,,1.04227579,,未满足 MA5>MA10>MA20>MA60; 60日趋势强度不足
2026-08-11,301345.SZ,,rejected_signal,,23.668148,,1.06803155,,未满足 MA5>MA10>MA20>MA60; 20日动量低于门槛
2026-08-11,301348.SZ,,rejected_signal,,0.531988,,0.75151116,,未满足 MA5>MA10>MA20>MA60; 20日动量低于门槛; 60日趋势强度不足
2026-08-11,301349.SZ,,rejected_signal,,0.0,,0.70144957,,未满足 MA5>MA10>MA20>MA60; 20日动量低于门槛; 60日趋势强度不足
2026-08-11,301353.SZ,,rejected_signal,,31.031973,,0.93721014,,未满足 MA5>MA10>MA20>MA60; 60日趋势强度不足
2026-08-11,301355.SZ,,rejected_signal,,6.363475,,0.95034212,,未满足 MA5>MA10>MA20>MA60; 60日趋势强度不足
2026-08-11,301356.SZ,,rejected_signal,,1.124759,,0.81047857,,未满足 MA5>MA10>MA20>MA60; 20日动量低于门槛; 60日趋势强度不足
2026-08-11,301357.SZ,,rejected_signal,,34.630733,,1.08219671,,20日涨幅过热; 60日趋势强度不足; 偏离MA20过远，追高风险; 20日年化波动过高
2026-08-11,301358.SZ,,rejected_signal,,17.963091,,0.86022449,,未满足 MA5>MA10>MA20>MA60; 60日趋势强度不足
2026-08-11,301359.SZ,,rejected_signal,,10.599998,,0.90281409,,未满足 MA5>MA10>MA20>MA60; 60日趋势强度不足; 20日平均成交额不足
2026-08-11,301360.SZ,,rejected_signal,,4.007865,,0.7315833,,未满足 MA5>MA10>MA20>MA60; 20日动量低于门槛; 60日趋势强度不足
2026-08-11,301361.SZ,,rejected_signal,,0.435781,,0.92353487,,未满足 MA5>MA10>MA20>MA60; 20日动量低于门槛; 60日趋势强度不足
2026-08-11,301362.SZ,,rejected_signal,,0.915159,,0.68936276,,未满足 MA5>MA10>MA20>MA60; 20日动量低于门槛; 60日趋势强度不足; 20日年化波动过高
2026-08-11,301363.SZ,,rejected_signal,,2.630872,,0.9096182,,未满足 MA5>MA10>MA20>MA60; 20日动量低于门槛; 60日趋势强度不足
2026-08-11,301365.SZ,,rejected_rank,101,28.622753,0.06542056,1.01189709,0.06168224,"信号有效, 但综合排名未进入 Top20"
2026-08-11,301366.SZ,,rejected_signal,,28.039499,,0.91059011,,未满足 MA5>MA10>MA20>MA60; 偏离MA20过远，追高风险; 20日年化波动过高
2026-08-11,301367.SZ,,rejected_signal,,25.645077,,1.01997745,,未满足 MA5>MA10>MA20>MA60; 收盘价低于MA20; 60日趋势强度不足
2026-08-11,301368.SZ,,rejected_signal,,17.403646,,0.97025836,,未满足 MA5>MA10>MA20>MA60; 60日趋势强度不足
2026-08-11,301369.SZ,,rejected_signal,,0.0,,0.62303114,,未满足 MA5>MA10>MA20>MA60; 收盘价低于MA20; 20日动量低于门槛; 60日趋势强度不足; 20日年化波动过高
2026-08-11,301370.SZ,,rejected_signal,,14.758472,,1.00108588,,未满足 MA5>MA10>MA20>MA60; 20日动量低于门槛; 60日趋势强度不足
2026-08-11,301371.SZ,,rejected_signal,,4.22056,,0.96621358,,未满足 MA5>MA10>MA20>MA60; 20日动量低于门槛; 60日趋势强度不足
2026-08-11,301372.SZ,,rejected_signal,,0.522126,,0.88283557,,未满足 MA5>MA10>MA20>MA60; 20日动量低于门槛; 60日趋势强度不足
2026-08-11,301373.SZ,,rejected_signal,,0.19884,,0.57716489,,未满足 MA5>MA10>MA20>MA60; 20日动量低于门槛; 60日趋势强度不足; 20日年化波动过高
2026-08-11,301376.SZ,,rejected_rank,76,41.76236,0.29906541,1.07353258,0.3140187,"信号有效, 但综合排名未进入 Top20"
2026-08-11,301377.SZ,,rejected_signal,,6.40103,,0.8347885,,未满足 MA5>MA10>MA20>MA60; 20日动量低于门槛; 20日年化波动过高
2026-08-11,301378.SZ,,rejected_signal,,23.574734,,1.00519764,,未满足 MA5>MA10>MA20>MA60; 60日趋势强度不足
2026-08-11,301379.SZ,,rejected_signal,,0.0,,0.74883187,,未满足 MA5>MA10>MA20>MA60; 收盘价低于MA20; 20日动量低于门槛; 60日趋势强度不足; 20日年化波动过高
2026-08-11,301380.SZ,,rejected_signal,,35.641171,,1.04797482,,未满足 MA5>MA10>MA20>MA60; 60日趋势强度不足
2026-08-11,301381.SZ,,rejected_rank,28,52.902073,0.74766356,1.17923236,0.77757007,"信号有效, 但综合排名未进入 Top20"
2026-08-11,301382.SZ,,rejected_signal,,11.722619,,1.01774967,,未满足 MA5>MA10>MA20>MA60; 60日趋势强度不足
2026-08-11,301383.SZ,,rejected_signal,,4.663705,,0.87003386,,未满足 MA5>MA10>MA20>MA60; 60日趋势强度不足
2026-08-11,301386.SZ,,rejected_signal,,2.216243,,0.95799768,,未满足 MA5>MA10>MA20>MA60; 20日动量低于门槛; 60日趋势强度不足; 20日平均成交额不足
2026-08-11,301387.SZ,,rejected_signal,,0.0,,0.57642329,,未满足 MA5>MA10>MA20>MA60; 20日动量低于门槛; 60日趋势强度不足
2026-08-11,301388.SZ,,rejected_signal,,7.46998,,0.94495118,,未满足 MA5>MA10>MA20>MA60; 60日趋势强度不足
2026-08-11,301389.SZ,,rejected_signal,,0.0,,0.57707042,,未满足 MA5>MA10>MA20>MA60; 20日动量低于门槛; 60日趋势强度不足; 20日年化波动过高
2026-08-11,301390.SZ,,rejected_signal,,10.791747,,0.97693998,,未满足 MA5>MA10>MA20>MA60; 60日趋势强度不足; 20日平均成交额不足
2026-08-11,301391.SZ,,rejected_signal,,1.149569,,0.83179384,,未满足 MA5>MA10>MA20>MA60; 20日动量低于门槛; 60日趋势强度不足
2026-08-11,301392.SZ,,rejected_signal,,0.0,,0.5916025,,未满足 MA5>MA10>MA20>MA60; 20日动量低于门槛; 60日趋势强度不足; 20日年化波动过高
2026-08-11,301393.SZ,,rejected_signal,,19.911236,,0.94484198,,未满足 MA5>MA10>MA20>MA60; 20日动量低于门槛
2026-08-11,301395.SZ,,rejected_signal,,22.88345,,1.05237603,,未满足 MA5>MA10>MA20>MA60; 60日趋势强度不足; 偏离MA20过远，追高风险
2026-08-11,301396.SZ,,rejected_signal,,2.109602,,0.81234223,,未满足 MA5>MA10>MA20>MA60; 20日动量低于门槛; 60日趋势强度不足; 20日年化波动过高
2026-08-11,301397.SZ,,rejected_signal,,12.467948,,0.9639169,,未满足 MA5>MA10>MA20>MA60; 20日动量低于门槛; 60日趋势强度不足
2026-08-11,301398.SZ,,rejected_signal,,0.215815,,0.87463862,,未满足 MA5>MA10>MA20>MA60; 20日动量低于门槛; 60日趋势强度不足
2026-08-11,301399.SZ,,rejected_signal,,11.989064,,0.89890254,,未满足 MA5>MA10>MA20>MA60; 60日趋势强度不足
2026-08-11,301408.SZ,,rejected_signal,,14.826682,,0.94258302,,未满足 MA5>MA10>MA20>MA60; 60日趋势强度不足
2026-08-11,301413.SZ,,rejected_signal,,17.705833,,0.78423792,,未满足 MA5>MA10>MA20>MA60; 60日趋势强度不足
2026-08-11,301418.SZ,,rejected_signal,,2.34481,,0.81413895,,未满足 MA5>MA10>MA20>MA60; 20日动量低于门槛; 60日趋势强度不足
2026-08-11,301419.SZ,,rejected_signal,,0.0,,0.76470095,,未满足 MA5>MA10>MA20>MA60; 20日动量低于门槛; 60日趋势强度不足
2026-08-11,301421.SZ,,rejected_signal,,0.0,,0.71314549,,未满足 MA5>MA10>MA20>MA60; 20日动量低于门槛; 60日趋势强度不足; 20日年化波动过高
2026-08-11,301428.SZ,,rejected_signal,,4.483218,,0.91113979,,未满足 MA5>MA10>MA20>MA60; 20日动量低于门槛; 60日趋势强度不足
2026-08-11,301429.SZ,,rejected_signal,,9.511076,,0.95581704,,未满足 MA5>MA10>MA20>MA60; 60日趋势强度不足; 20日平均成交额不足
2026-08-11,301439.SZ,,rejected_signal,,10.69965,,0.93131441,,未满足 MA5>MA10>MA20>MA60; 60日趋势强度不足
2026-08-11,301446.SZ,,rejected_signal,,15.570805,,0.90665632,,未满足 MA5>MA10>MA20>MA60; 60日趋势强度不足
2026-08-11,301448.SZ,,rejected_rank,97,31.33922,0.10280374,1.0689919,0.14766355,"信号有效, 但综合排名未进入 Top20"
2026-08-11,301449.SZ,,rejected_signal,,20.486206,,0.9843238,,未满足 MA5>MA10>MA20>MA60; 60日趋势强度不足
2026-08-11,301456.SZ,,rejected_signal,,4.897537,,0.9422971,,未满足 MA5>MA10>MA20>MA60; 60日趋势强度不足
2026-08-11,301458.SZ,,rejected_signal,,11.96284,,0.72308177,,未满足 MA5>MA10>MA20>MA60; 20日动量低于门槛; 60日趋势强度不足
2026-08-11,301459.SZ,,rejected_signal,,24.053013,,1.00586975,,未满足 MA5>MA10>MA20>MA60; 60日趋势强度不足
2026-08-11,301468.SZ,,rejected_signal,,0.0,,0.76386076,,未满足 MA5>MA10>MA20>MA60; 20日动量低于门槛; 60日趋势强度不足
2026-08-11,301469.SZ,,rejected_signal,,4.125402,,0.91908312,,未满足 MA5>MA10>MA20>MA60; 60日趋势强度不足
2026-08-11,301479.SZ,,rejected_signal,,3.897425,,0.79398453,,未满足 MA5>MA10>MA20>MA60; 20日动量低于门槛; 60日趋势强度不足
2026-08-11,301486.SZ,,rejected_signal,,1.092379,,0.64110494,,未满足 MA5>MA10>MA20>MA60; 20日动量低于门槛; 60日趋势强度不足
2026-08-11,301487.SZ,,rejected_signal,,4.564603,,0.81321883,,未满足 MA5>MA10>MA20>MA60; 20日动量低于门槛; 60日趋势强度不足
2026-08-11,301488.SZ,,rejected_signal,,1.462102,,0.80420691,,未满足 MA5>MA10>MA20>MA60; 20日动量低于门槛; 60日趋势强度不足
2026-08-11,301489.SZ,,rejected_signal,,0.0,,0.58003396,,未满足 MA5>MA10>MA20>MA60; 收盘价低于MA20; 20日动量低于门槛; 60日趋势强度不足
2026-08-11,301491.SZ,,rejected_signal,,17.03211,,0.95593011,,未满足 MA5>MA10>MA20>MA60; 60日趋势强度不足
2026-08-11,301498.SZ,,rejected_signal,,34.235828,,1.03613865,,未满足 MA5>MA10>MA20>MA60; 60日趋势强度不足
2026-08-11,301499.SZ,,rejected_signal,,9.735894,,0.78775674,,未满足 MA5>MA10>MA20>MA60; 20日动量低于门槛; 60日趋势强度不足
2026-08-11,301500.SZ,,rejected_signal,,2.820608,,0.86464447,,未满足 MA5>MA10>MA20>MA60; 20日动量低于门槛; 60日趋势强度不足
2026-08-11,301501.SZ,,rejected_signal,,7.398575,,1.02129376,,20日动量低于门槛; 60日趋势强度不足
2026-08-11,301502.SZ,,rejected_signal,,0.0,,0.66903579,,未满足 MA5>MA10>MA20>MA60; 20日动量低于门槛; 60日趋势强度不足
2026-08-11,301503.SZ,,rejected_signal,,12.851554,,0.97714454,,未满足 MA5>MA10>MA20>MA60; 60日趋势强度不足; 20日平均成交额不足
2026-08-11,301505.SZ,,rejected_signal,,6.133842,,0.92865449,,未满足 MA5>MA10>MA20>MA60; 60日趋势强度不足
2026-08-11,301507.SZ,,rejected_signal,,7.083975,,0.98486686,,未满足 MA5>MA10>MA20>MA60; 20日动量低于门槛; 60日趋势强度不足
2026-08-11,301508.SZ,,rejected_signal,,7.762962,,0.9705022,,未满足 MA5>MA10>MA20>MA60; 60日趋势强度不足
2026-08-11,301509.SZ,,rejected_signal,,22.578131,,0.99325615,,未满足 MA5>MA10>MA20>MA60; 60日趋势强度不足
2026-08-11,301510.SZ,,rejected_signal,,4.05478,,0.83261585,,未满足 MA5>MA10>MA20>MA60; 20日动量低于门槛; 60日趋势强度不足
2026-08-11,301511.SZ,,rejected_signal,,1.725455,,0.49956176,,未满足 MA5>MA10>MA20>MA60; 20日动量低于门槛; 60日趋势强度不足; 20日年化波动过高
2026-08-11,301512.SZ,,rejected_signal,,8.926747,,0.87233812,,未满足 MA5>MA10>MA20>MA60; 60日趋势强度不足
2026-08-11,301513.SZ,,rejected_signal,,5.629321,,0.814762,,未满足 MA5>MA10>MA20>MA60; 20日动量低于门槛; 60日趋势强度不足
2026-08-11,301515.SZ,,rejected_signal,,5.563862,,0.95532203,,未满足 MA5>MA10>MA20>MA60; 60日趋势强度不足
2026-08-11,301516.SZ,,rejected_signal,,2.628335,,0.91272306,,未满足 MA5>MA10>MA20>MA60; 收盘价低于MA20; 20日动量低于门槛; 60日趋势强度不足
2026-08-11,301517.SZ,,rejected_signal,,5.53032,,0.78648728,,未满足 MA5>MA10>MA20>MA60; 20日动量低于门槛; 60日趋势强度不足
2026-08-11,301518.SZ,,rejected_signal,,9.021773,,0.9046247,,未满足 MA5>MA10>MA20>MA60; 60日趋势强度不足
2026-08-11,301519.SZ,,rejected_signal,,9.476585,,0.9600746,,未满足 MA5>MA10>MA20>MA60; 60日趋势强度不足
2026-08-11,301520.SZ,,rejected_signal,,34.428291,,1.31851888,,未满足 MA5>MA10>MA20>MA60; 20日涨幅过热; 偏离MA20过远，追高风险; 20日年化波动过高
2026-08-11,301522.SZ,,rejected_signal,,11.856833,,0.90722424,,未满足 MA5>MA10>MA20>MA60; 60日趋势强度不足
2026-08-11,301525.SZ,,rejected_signal,,13.890368,,0.85074687,,未满足 MA5>MA10>MA20>MA60; 60日趋势强度不足
2026-08-11,301526.SZ,,rejected_signal,,18.453629,,0.9009183,,未满足 MA5>MA10>MA20>MA60; 20日动量低于门槛; 偏离MA20过远，追高风险; 20日年化波动过高
2026-08-11,301528.SZ,,rejected_signal,,0.0,,0.77070242,,未满足 MA5>MA10>MA20>MA60; 20日动量低于门槛
2026-08-11,301529.SZ,,rejected_signal,,0.0,,0.68170339,,未满足 MA5>MA10>MA20>MA60; 20日动量低于门槛; 60日趋势强度不足; 20日年化波动过高
2026-08-11,301531.SZ,,rejected_signal,,0.604164,,0.7386688,,未满足 MA5>MA10>MA20>MA60; 20日动量低于门槛; 60日趋势强度不足
2026-08-11,301533.SZ,,rejected_signal,,16.496952,,0.98504728,,未满足 MA5>MA10>MA20>MA60; 60日趋势强度不足; 20日平均成交额不足
2026-08-11,301535.SZ,,rejected_signal,,30.45134,,1.10732675,,未满足 MA5>MA10>MA20>MA60; 60日趋势强度不足
2026-08-11,301536.SZ,,rejected_signal,,49.300316,,1.0179317,,未满足 MA5>MA10>MA20>MA60; 20日年化波动过高
2026-08-11,301538.SZ,,rejected_signal,,1.947787,,0.71512759,,未满足 MA5>MA10>MA20>MA60; 20日动量低于门槛; 60日趋势强度不足
2026-08-11,301539.SZ,,rejected_signal,,13.56456,,0.98368728,,未满足 MA5>MA10>MA20>MA60; 60日趋势强度不足; 20日平均成交额不足
2026-08-11,301548.SZ,,rejected_signal,,0.0,,0.81073773,,未满足 MA5>MA10>MA20>MA60; 20日动量低于门槛; 60日趋势强度不足
2026-08-11,301550.SZ,,rejected_signal,,0.0,,0.67587239,,未满足 MA5>MA10>MA20>MA60; 20日动量低于门槛; 60日趋势强度不足; 偏离MA20过远，追高风险; 20日年化波动过高
2026-08-11,301551.SZ,,rejected_signal,,27.540409,,1.00978458,,未满足 MA5>MA10>MA20>MA60; 60日趋势强度不足
2026-08-11,301552.SZ,,rejected_signal,,28.046967,,0.96762055,,未满足 MA5>MA10>MA20>MA60; 60日趋势强度不足
2026-08-11,301555.SZ,,rejected_signal,,0.265097,,0.79357916,,未满足 MA5>MA10>MA20>MA60; 20日动量低于门槛; 60日趋势强度不足
2026-08-11,301556.SZ,,rejected_signal,,17.332825,,0.96429396,,未满足 MA5>MA10>MA20>MA60; 60日趋势强度不足
2026-08-11,301557.SZ,,rejected_signal,,0.0,,0.91732293,,未满足 MA5>MA10>MA20>MA60; 20日动量低于门槛; 60日趋势强度不足
2026-08-11,301558.SZ,,rejected_signal,,10.039046,,1.0171771,,未满足 MA5>MA10>MA20>MA60; 60日趋势强度不足
2026-08-11,301559.SZ,,rejected_signal,,10.370398,,1.04779756,,未满足 MA5>MA10>MA20>MA60; 60日趋势强度不足
2026-08-11,301560.SZ,,rejected_signal,,3.162094,,0.82842934,,未满足 MA5>MA10>MA20>MA60; 20日动量低于门槛; 60日趋势强度不足
2026-08-11,301563.SZ,,rejected_signal,,1.454974,,0.74504429,,未满足 MA5>MA10>MA20>MA60; 20日动量低于门槛; 60日趋势强度不足
2026-08-11,301565.SZ,,rejected_signal,,1.757503,,0.91151899,,未满足 MA5>MA10>MA20>MA60; 20日动量低于门槛; 60日趋势强度不足
2026-08-11,301566.SZ,,rejected_signal,,4.446113,,0.67205083,,未满足 MA5>MA10>MA20>MA60; 60日趋势强度不足; 偏离MA20过远，追高风险; 20日年化波动过高
2026-08-11,301567.SZ,,rejected_signal,,13.822624,,0.87538171,,未满足 MA5>MA10>MA20>MA60; 60日趋势强度不足
2026-08-11,301568.SZ,,rejected_signal,,0.361426,,0.67921466,,未满足 MA5>MA10>MA20>MA60; 20日动量低于门槛; 20日年化波动过高
2026-08-11,301571.SZ,,rejected_signal,,11.982651,,0.87747252,,未满足 MA5>MA10>MA20>MA60; 60日趋势强度不足
2026-08-11,301575.SZ,,rejected_signal,,2.142018,,0.96001869,,未满足 MA5>MA10>MA20>MA60; 60日趋势强度不足; 20日平均成交额不足
2026-08-11,301577.SZ,,rejected_signal,,1.140177,,0.6908471,,未满足 MA5>MA10>MA20>MA60; 20日动量低于门槛; 60日趋势强度不足
2026-08-11,301578.SZ,,rejected_signal,,21.313492,,0.98628366,,未满足 MA5>MA10>MA20>MA60; 60日趋势强度不足
2026-08-11,301580.SZ,,rejected_signal,,18.68495,,0.96834332,,未满足 MA5>MA10>MA20>MA60; 20日动量低于门槛
2026-08-11,301581.SZ,,rejected_signal,,0.601731,,0.82852924,,未满足 MA5>MA10>MA20>MA60; 20日动量低于门槛; 60日趋势强度不足; 20日平均成交额不足
2026-08-11,301583.SZ,,rejected_signal,,0.0,,2.61604524,,历史数据不足或指标非有限值; 未满足 MA5>MA10>MA20>MA60; 20日动量低于门槛; 60日趋势强度不足; 20日年化波动过高
2026-08-11,301584.SZ,,rejected_signal,,19.889824,,1.00717974,,20日动量低于门槛; 60日趋势强度不足
2026-08-11,301585.SZ,,rejected_signal,,18.453295,,0.98809052,,未满足 MA5>MA10>MA20>MA60; 60日趋势强度不足; 20日平均成交额不足
2026-08-11,301586.SZ,,rejected_signal,,4.14978,,0.930103,,未满足 MA5>MA10>MA20>MA60; 60日趋势强度不足; 20日平均成交额不足
2026-08-11,301587.SZ,,rejected_signal,,6.833462,,0.92721713,,未满足 MA5>MA10>MA20>MA60; 60日趋势强度不足
2026-08-11,301588.SZ,,rejected_signal,,0.0,,0.77130735,,未满足 MA5>MA10>MA20>MA60; 收盘价低于MA20; 20日动量低于门槛; 60日趋势强度不足; 20日年化波动过高
2026-08-11,301589.SZ,,rejected_signal,,5.88465,,0.95201164,,未满足 MA5>MA10>MA20>MA60; 60日趋势强度不足
2026-08-11,301590.SZ,,rejected_signal,,0.0,,0.71510541,,未满足 MA5>MA10>MA20>MA60; 20日动量低于门槛; 60日趋势强度不足
2026-08-11,301591.SZ,,rejected_signal,,0.0,,0.67491359,,未满足 MA5>MA10>MA20>MA60; 20日动量低于门槛; 60日趋势强度不足
2026-08-11,301592.SZ,,rejected_signal,,9.037714,,0.87730479,,未满足 MA5>MA10>MA20>MA60; 20日动量低于门槛; 60日趋势强度不足
2026-08-11,301595.SZ,,rejected_signal,,9.006846,,0.92799854,,未满足 MA5>MA10>MA20>MA60; 60日趋势强度不足
2026-08-11,301596.SZ,,rejected_signal,,0.81585,,0.9344666,,未满足 MA5>MA10>MA20>MA60; 60日趋势强度不足; 偏离MA20过远，追高风险; 20日年化波动过高
2026-08-11,301598.SZ,,rejected_signal,,1.61324,,0.92386276,,未满足 MA5>MA10>MA20>MA60; 20日动量低于门槛; 60日趋势强度不足; 20日平均成交额不足
2026-08-11,301599.SZ,,rejected_signal,,2.65695,,0.7590816,,未满足 MA5>MA10>MA20>MA60; 20日动量低于门槛; 60日趋势强度不足
2026-08-11,301600.SZ,,rejected_signal,,21.958084,,0.99439961,,未满足 MA5>MA10>MA20>MA60; 60日趋势强度不足
2026-08-11,301601.SZ,,rejected_signal,,7.367571,,0.94690907,,未满足 MA5>MA10>MA20>MA60; 60日趋势强度不足
2026-08-11,301602.SZ,,rejected_signal,,14.289585,,1.01150966,,未满足 MA5>MA10>MA20>MA60; 60日趋势强度不足
2026-08-11,301603.SZ,,rejected_signal,,0.0,,0.88140762,,未满足 MA5>MA10>MA20>MA60; 20日动量低于门槛; 60日趋势强度不足; 20日年化波动过高
2026-08-11,301606.SZ,,rejected_signal,,2.741809,,0.85608369,,未满足 MA5>MA10>MA20>MA60; 收盘价低于MA20; 20日动量低于门槛; 60日趋势强度不足
2026-08-11,301607.SZ,,rejected_signal,,3.87332,,0.7772193,,未满足 MA5>MA10>MA20>MA60; 20日动量低于门槛
2026-08-11,301608.SZ,,rejected_signal,,2.285396,,0.94376087,,未满足 MA5>MA10>MA20>MA60; 20日动量低于门槛; 60日趋势强度不足
2026-08-11,301609.SZ,,rejected_signal,,24.730358,,0.96793789,,未满足 MA5>MA10>MA20>MA60; 收盘价低于MA20; 60日趋势强度不足
2026-08-11,301611.SZ,,rejected_signal,,0.02356,,0.67318434,,未满足 MA5>MA10>MA20>MA60; 20日动量低于门槛; 60日趋势强度不足; 20日年化波动过高
2026-08-11,301613.SZ,,rejected_signal,,0.44174,,0.96918499,,未满足 MA5>MA10>MA20>MA60; 20日动量低于门槛; 60日趋势强度不足
2026-08-11,301616.SZ,,rejected_signal,,1.342507,,0.95022076,,未满足 MA5>MA10>MA20>MA60; 20日动量低于门槛; 60日趋势强度不足; 20日平均成交额不足
2026-08-11,301617.SZ,,rejected_signal,,0.700395,,0.89441592,,未满足 MA5>MA10>MA20>MA60; 20日动量低于门槛; 60日趋势强度不足
2026-08-11,301618.SZ,,rejected_signal,,0.0,,0.85228556,,未满足 MA5>MA10>MA20>MA60; 收盘价低于MA20; 20日动量低于门槛; 60日趋势强度不足
2026-08-11,301622.SZ,,rejected_signal,,11.304394,,0.87144333,,未满足 MA5>MA10>MA20>MA60; 60日趋势强度不足
2026-08-11,301626.SZ,,rejected_signal,,1.73367,,0.71631205,,未满足 MA5>MA10>MA20>MA60; 20日动量低于门槛; 60日趋势强度不足; 20日年化波动过高
2026-08-11,301628.SZ,,rejected_signal,,3.516096,,0.75757301,,未满足 MA5>MA10>MA20>MA60; 20日动量低于门槛; 60日趋势强度不足
2026-08-11,301629.SZ,,rejected_signal,,0.0,,0.61623847,,未满足 MA5>MA10>MA20>MA60; 20日动量低于门槛; 60日趋势强度不足
2026-08-11,301630.SZ,,rejected_signal,,0.0,,0.74109453,,未满足 MA5>MA10>MA20>MA60; 20日动量低于门槛; 60日趋势强度不足; 20日年化波动过高
2026-08-11,301631.SZ,,rejected_signal,,2.45904,,0.81847227,,未满足 MA5>MA10>MA20>MA60; 20日动量低于门槛; 60日趋势强度不足
2026-08-11,301632.SZ,,rejected_signal,,3.832557,,0.97291929,,未满足 MA5>MA10>MA20>MA60; 20日动量低于门槛; 60日趋势强度不足
2026-08-11,301633.SZ,,rejected_signal,,34.361084,,1.15700018,,60日趋势强度不足
2026-08-11,301636.SZ,,rejected_signal,,9.45746,,0.90663517,,未满足 MA5>MA10>MA20>MA60; 60日趋势强度不足
2026-08-11,301638.SZ,,rejected_signal,,15.730855,,1.00353312,,未满足 MA5>MA10>MA20>MA60; 60日趋势强度不足
2026-08-11,301656.SZ,,rejected_signal,,3.958354,,0.96704179,,未满足 MA5>MA10>MA20>MA60; 20日动量低于门槛; 60日趋势强度不足
2026-08-11,301658.SZ,,rejected_signal,,10.75271,,0.87374371,,未满足 MA5>MA10>MA20>MA60; 60日趋势强度不足
2026-08-11,301662.SZ,,rejected_signal,,7.93248,,0.81116152,,未满足 MA5>MA10>MA20>MA60; 20日动量低于门槛; 60日趋势强度不足
2026-08-11,301665.SZ,,rejected_signal,,7.540685,,0.98551834,,未满足 MA5>MA10>MA20>MA60; 收盘价低于MA20; 20日动量低于门槛; 60日趋势强度不足
2026-08-11,301666.SZ,,rejected_signal,,1.13907,,0.70165187,,未满足 MA5>MA10>MA20>MA60; 收盘价低于MA20; 20日动量低于门槛; 60日趋势强度不足
2026-08-11,301667.SZ,,rejected_signal,,14.69459,,0.94830042,,未满足 MA5>MA10>MA20>MA60; 60日趋势强度不足
2026-08-11,301668.SZ,,rejected_signal,,34.129696,,1.09901476,,未满足 MA5>MA10>MA20>MA60; 60日趋势强度不足
2026-08-11,301669.SZ,,rejected_signal,,0.0,,1.15530193,,历史数据不足或指标非有限值; 未满足 MA5>MA10>MA20>MA60; 20日动量低于门槛; 60日趋势强度不足
2026-08-11,301677.SZ,,rejected_signal,,0.0,,6.01301908,,历史数据不足或指标非有限值; 未满足 MA5>MA10>MA20>MA60; 收盘价低于MA20; 20日动量低于门槛; 20日涨幅过热; 60日趋势强度不足; 偏离MA20过远，追高风险; 20日年化波动过高; 20日平均成交额不足
2026-08-11,301678.SZ,,rejected_signal,,4.246139,,0.76976734,,未满足 MA5>MA10>MA20>MA60; 20日动量低于门槛; 60日趋势强度不足
2026-08-11,301680.SZ,,rejected_signal,,0.696159,,0.86988497,,未满足 MA5>MA10>MA20>MA60; 20日动量低于门槛; 60日趋势强度不足
2026-08-11,301682.SZ,,rejected_signal,,12.795401,,0.81478173,,未满足 MA5>MA10>MA20>MA60; 20日动量低于门槛; 60日趋势强度不足
2026-08-11,301683.SZ,,rejected_signal,,7.620935,,0.82469648,,未满足 MA5>MA10>MA20>MA60; 20日动量低于门槛; 60日趋势强度不足
2026-08-11,301687.SZ,,rejected_signal,,1.510949,,0.76920027,,未满足 MA5>MA10>MA20>MA60; 20日动量低于门槛; 60日趋势强度不足
2026-08-11,301696.SZ,,rejected_signal,,4.676214,,0.87800819,,未满足 MA5>MA10>MA20>MA60; 20日动量低于门槛; 60日趋势强度不足
2026-08-11,301707.SZ,,rejected_signal,,0.0,,1.0,,历史数据不足或指标非有限值; 未满足 MA5>MA10>MA20>MA60; 收盘价低于MA20; 20日动量低于门槛; 20日涨幅过热; 60日趋势强度不足; 偏离MA20过远，追高风险; 20日年化波动过高; 20日平均成交额不足
2026-08-11,301717.SZ,,rejected_signal,,0.0,,1.0,,历史数据不足或指标非有限值; 未满足 MA5>MA10>MA20>MA60; 收盘价低于MA20; 20日动量低于门槛; 20日涨幅过热; 60日趋势强度不足; 偏离MA20过远，追高风险; 20日年化波动过高; 当日跳空幅度过大; 20日平均成交额不足
2026-08-11,302132.SZ,,rejected_signal,,25.515688,,0.99144024,,未满足 MA5>MA10>MA20>MA60; 60日趋势强度不足
2026-08-11,600000.SH,,rejected_signal,,25.502989,,1.05845046,,未满足 MA5>MA10>MA20>MA60
2026-08-11,600004.SH,,rejected_signal,,9.20914,,1.02347529,,未满足 MA5>MA10>MA20>MA60; 收盘价低于MA20; 60日趋势强度不足
2026-08-11,600006.SH,,rejected_signal,,11.131661,,0.99481332,,未满足 MA5>MA10>MA20>MA60; 收盘价低于MA20; 60日趋势强度不足
2026-08-11,600007.SH,,rejected_signal,,1.697685,,0.96442121,,未满足 MA5>MA10>MA20>MA60; 收盘价低于MA20; 20日动量低于门槛; 60日趋势强度不足
2026-08-11,600008.SH,,rejected_signal,,6.670333,,0.99963862,,未满足 MA5>MA10>MA20>MA60; 收盘价低于MA20; 20日动量低于门槛; 60日趋势强度不足
2026-08-11,600009.SH,,rejected_signal,,21.380661,,1.02135813,,未满足 MA5>MA10>MA20>MA60; 收盘价低于MA20; 60日趋势强度不足
2026-08-11,600010.SH,,rejected_signal,,10.467643,,0.96935898,,未满足 MA5>MA10>MA20>MA60; 20日动量低于门槛; 60日趋势强度不足
2026-08-11,600011.SH,,rejected_signal,,9.785904,,0.9852826,,未满足 MA5>MA10>MA20>MA60; 收盘价低于MA20; 20日动量低于门槛; 60日趋势强度不足
2026-08-11,600012.SH,,rejected_signal,,9.930905,,1.02916694,,未满足 MA5>MA10>MA20>MA60; 收盘价低于MA20; 20日动量低于门槛
2026-08-11,600015.SH,,rejected_signal,,17.169071,,1.0515492,,未满足 MA5>MA10>MA20>MA60; 收盘价低于MA20; 20日动量低于门槛
2026-08-11,600016.SH,,rejected_signal,,14.833507,,1.02910459,,未满足 MA5>MA10>MA20>MA60; 收盘价低于MA20; 20日动量低于门槛; 60日趋势强度不足
2026-08-11,600017.SH,,rejected_signal,,8.732658,,1.02680504,,未满足 MA5>MA10>MA20>MA60; 收盘价低于MA20; 20日动量低于门槛; 60日趋势强度不足
2026-08-11,600018.SH,,rejected_signal,,19.22234,,1.04618621,,未满足 MA5>MA10>MA20>MA60; 收盘价低于MA20; 20日动量低于门槛; 60日趋势强度不足
2026-08-11,600019.SH,,rejected_signal,,17.385025,,1.0373956,,未满足 MA5>MA10>MA20>MA60; 收盘价低于MA20; 20日动量低于门槛; 60日趋势强度不足
2026-08-11,600020.SH,,rejected_signal,,7.528784,,1.02479756,,未满足 MA5>MA10>MA20>MA60; 收盘价低于MA20; 20日动量低于门槛; 60日趋势强度不足
2026-08-11,600021.SH,,rejected_signal,,16.10347,,0.92493051,,未满足 MA5>MA10>MA20>MA60; 收盘价低于MA20; 60日趋势强度不足
2026-08-11,600022.SH,,rejected_signal,,14.342356,,1.05047834,,未满足 MA5>MA10>MA20>MA60; 收盘价低于MA20; 20日动量低于门槛; 60日趋势强度不足
2026-08-11,600023.SH,,rejected_signal,,5.503899,,0.92940563,,未满足 MA5>MA10>MA20>MA60; 收盘价低于MA20; 20日动量低于门槛; 60日趋势强度不足
2026-08-11,600025.SH,,rejected_signal,,13.498696,,1.03987765,,未满足 MA5>MA10>MA20>MA60; 收盘价低于MA20; 20日动量低于门槛; 60日趋势强度不足
2026-08-11,600026.SH,,rejected_signal,,30.34564,,0.96176314,,未满足 MA5>MA10>MA20>MA60; 60日趋势强度不足
2026-08-11,600027.SH,,rejected_signal,,10.01059,,0.99472398,,未满足 MA5>MA10>MA20>MA60; 收盘价低于MA20; 20日动量低于门槛; 60日趋势强度不足
2026-08-11,600028.SH,,rejected_signal,,22.229589,,1.04430389,,未满足 MA5>MA10>MA20>MA60; 收盘价低于MA20; 20日动量低于门槛; 60日趋势强度不足
2026-08-11,600029.SH,,rejected_signal,,14.513166,,0.99151039,,未满足 MA5>MA10>MA20>MA60; 收盘价低于MA20; 20日动量低于门槛; 60日趋势强度不足
2026-08-11,600030.SH,,rejected_signal,,17.861475,,1.0240314,,未满足 MA5>MA10>MA20>MA60; 收盘价低于MA20; 20日动量低于门槛
2026-08-11,600031.SH,,rejected_signal,,26.88942,,1.0382539,,未满足 MA5>MA10>MA20>MA60; 收盘价低于MA20; 60日趋势强度不足
2026-08-11,600032.SH,,rejected_signal,,31.425837,,0.91810608,,未满足 MA5>MA10>MA20>MA60; 60日趋势强度不足
2026-08-11,600033.SH,,rejected_signal,,15.875259,,1.03442895,,未满足 MA5>MA10>MA20>MA60; 收盘价低于MA20; 20日动量低于门槛; 60日趋势强度不足
2026-08-11,600035.SH,,rejected_signal,,2.002762,,0.98618281,,未满足 MA5>MA10>MA20>MA60; 收盘价低于MA20; 20日动量低于门槛; 60日趋势强度不足
2026-08-11,600036.SH,,rejected_signal,,25.104502,,1.04980421,,未满足 MA5>MA10>MA20>MA60; 收盘价低于MA20
2026-08-11,600037.SH,,rejected_signal,,29.860901,,1.06137657,,未满足 MA5>MA10>MA20>MA60; 60日趋势强度不足
2026-08-11,600038.SH,,rejected_signal,,18.130287,,1.00949097,,未满足 MA5>MA10>MA20>MA60; 60日趋势强度不足
2026-08-11,600039.SH,,rejected_signal,,30.865652,,1.06764638,,未满足 MA5>MA10>MA20>MA60; 收盘价低于MA20
2026-08-11,600048.SH,,rejected_signal,,32.640083,,0.9932586,,未满足 MA5>MA10>MA20>MA60; 60日趋势强度不足
2026-08-11,600050.SH,,rejected_signal,,12.454645,,1.03788781,,未满足 MA5>MA10>MA20>MA60; 收盘价低于MA20; 20日动量低于门槛; 60日趋势强度不足
2026-08-11,600051.SH,,rejected_signal,,5.242265,,0.983271,,未满足 MA5>MA10>MA20>MA60; 60日趋势强度不足
2026-08-11,600052.SH,,rejected_signal,,19.414585,,0.98669779,,未满足 MA5>MA10>MA20>MA60; 60日趋势强度不足
2026-08-11,600053.SH,,rejected_universe,,2.875759,,0.93376189,,不在当日动态股票池(停牌/未上市/已退市/当前ST代理过滤)
2026-08-11,600054.SH,,rejected_signal,,11.228545,,1.02635157,,20日动量低于门槛; 60日趋势强度不足
2026-08-11,600055.SH,,rejected_signal,,15.924218,,1.05310535,,未满足 MA5>MA10>MA20>MA60; 60日趋势强度不足
2026-08-11,600056.SH,,rejected_signal,,16.68199,,1.01460266,,未满足 MA5>MA10>MA20>MA60; 20日动量低于门槛; 60日趋势强度不足
2026-08-11,600057.SH,,rejected_signal,,28.085808,,1.065817,,未满足 MA5>MA10>MA20>MA60; 收盘价低于MA20; 60日趋势强度不足
2026-08-11,600058.SH,,rejected_signal,,31.762358,,0.97680432,,未满足 MA5>MA10>MA20>MA60; 60日趋势强度不足
2026-08-11,600059.SH,,rejected_signal,,12.892596,,1.03569198,,未满足 MA5>MA10>MA20>MA60; 收盘价低于MA20; 20日动量低于门槛; 60日趋势强度不足
2026-08-11,600060.SH,,rejected_signal,,11.119883,,1.03120601,,未满足 MA5>MA10>MA20>MA60; 20日动量低于门槛
2026-08-11,600061.SH,,rejected_signal,,4.887973,,1.02094817,,未满足 MA5>MA10>MA20>MA60; 收盘价低于MA20; 20日动量低于门槛; 60日趋势强度不足
2026-08-11,600062.SH,,rejected_signal,,14.005569,,0.99347514,,未满足 MA5>MA10>MA20>MA60; 收盘价低于MA20; 20日动量低于门槛; 60日趋势强度不足
2026-08-11,600063.SH,,rejected_signal,,12.709451,,0.85533214,,未满足 MA5>MA10>MA20>MA60; 60日趋势强度不足
2026-08-11,600064.SH,,rejected_signal,,27.038769,,1.07187068,,未满足 MA5>MA10>MA20>MA60; 收盘价低于MA20; 60日趋势强度不足
2026-08-11,600066.SH,,rejected_signal,,28.681356,,1.04966176,,未满足 MA5>MA10>MA20>MA60; 收盘价低于MA20; 60日趋势强度不足
2026-08-11,600067.SH,,rejected_signal,,3.773799,,0.94200289,,未满足 MA5>MA10>MA20>MA60; 20日动量低于门槛; 60日趋势强度不足
2026-08-11,600070.SH,,rejected_universe,,0.0,,0.0,,不在当日动态股票池(停牌/未上市/已退市/当前ST代理过滤)
2026-08-11,600071.SH,,rejected_signal,,0.195427,,0.93243057,,未满足 MA5>MA10>MA20>MA60; 20日动量低于门槛; 60日趋势强度不足
2026-08-11,600072.SH,,rejected_signal,,17.627077,,0.95327109,,未满足 MA5>MA10>MA20>MA60; 60日趋势强度不足
2026-08-11,600073.SH,,rejected_signal,,6.592303,,1.01768374,,未满足 MA5>MA10>MA20>MA60; 20日动量低于门槛; 60日趋势强度不足
2026-08-11,600075.SH,,rejected_signal,,17.524233,,1.00107729,,未满足 MA5>MA10>MA20>MA60; 60日趋势强度不足
2026-08-11,600076.SH,,rejected_signal,,2.50574,,0.90300363,,未满足 MA5>MA10>MA20>MA60; 20日动量低于门槛; 60日趋势强度不足
2026-08-11,600078.SH,,rejected_signal,,9.036515,,0.81490266,,未满足 MA5>MA10>MA20>MA60; 60日趋势强度不足
2026-08-11,600079.SH,,rejected_universe,,31.214312,,1.03326356,,不在当日动态股票池(停牌/未上市/已退市/当前ST代理过滤)
2026-08-11,600080.SH,,rejected_universe,,2.779717,,0.99387169,,不在当日动态股票池(停牌/未上市/已退市/当前ST代理过滤)
2026-08-11,600081.SH,,rejected_signal,,17.102463,,0.98720253,,未满足 MA5>MA10>MA20>MA60; 60日趋势强度不足; 20日平均成交额不足
2026-08-11,600082.SH,,rejected_universe,,5.427087,,0.95826322,,不在当日动态股票池(停牌/未上市/已退市/当前ST代理过滤)
2026-08-11,600083.SH,,rejected_universe,,0.0,,0.0,,不在当日动态股票池(停牌/未上市/已退市/当前ST代理过滤)
2026-08-11,600084.SH,,rejected_universe,,0.937688,,0.98077029,,不在当日动态股票池(停牌/未上市/已退市/当前ST代理过滤)
2026-08-11,600085.SH,,rejected_signal,,15.813729,,1.04921424,,未满足 MA5>MA10>MA20>MA60; 收盘价低于MA20; 20日动量低于门槛; 60日趋势强度不足
2026-08-11,600088.SH,,rejected_signal,,9.733762,,0.9459694,,未满足 MA5>MA10>MA20>MA60; 60日趋势强度不足
2026-08-11,600089.SH,,rejected_signal,,20.762068,,0.95517284,,未满足 MA5>MA10>MA20>MA60; 60日趋势强度不足
2026-08-11,600094.SH,,rejected_signal,,46.848499,,1.08760142,,未满足 MA5>MA10>MA20>MA60; 60日趋势强度不足
2026-08-11,600095.SH,,rejected_signal,,15.227321,,1.01692474,,未满足 MA5>MA10>MA20>MA60; 收盘价低于MA20; 60日趋势强度不足
2026-08-11,600096.SH,,rejected_signal,,22.927006,,0.97569287,,未满足 MA5>MA10>MA20>MA60; 60日趋势强度不足
2026-08-11,600097.SH,,rejected_signal,,7.799389,,0.9823786,,未满足 MA5>MA10>MA20>MA60; 60日趋势强度不足; 20日平均成交额不足
2026-08-11,600098.SH,,rejected_signal,,8.111304,,0.98351967,,未满足 MA5>MA10>MA20>MA60; 收盘价低于MA20; 20日动量低于门槛; 60日趋势强度不足
2026-08-11,600099.SH,,rejected_signal,,13.807554,,0.97267169,,未满足 MA5>MA10>MA20>MA60; 60日趋势强度不足
2026-08-11,600100.SH,,rejected_signal,,8.119739,,1.00612235,,未满足 MA5>MA10>MA20>MA60; 60日趋势强度不足
2026-08-11,600101.SH,,rejected_signal,,7.505087,,0.95860791,,未满足 MA5>MA10>MA20>MA60; 收盘价低于MA20; 20日动量低于门槛; 60日趋势强度不足
2026-08-11,600103.SH,,rejected_signal,,8.503797,,0.94486254,,未满足 MA5>MA10>MA20>MA60; 60日趋势强度不足
2026-08-11,600104.SH,,rejected_signal,,17.572523,,1.00752866,,未满足 MA5>MA10>MA20>MA60; 收盘价低于MA20; 60日趋势强度不足
2026-08-11,600105.SH,,rejected_signal,,1.795992,,0.68323189,,未满足 MA5>MA10>MA20>MA60; 20日动量低于门槛; 60日趋势强度不足
2026-08-11,600106.SH,,rejected_signal,,2.953429,,0.96053553,,未满足 MA5>MA10>MA20>MA60; 60日趋势强度不足
2026-08-11,600107.SH,,rejected_universe,,6.176534,,0.87434477,,不在当日动态股票池(停牌/未上市/已退市/当前ST代理过滤)
2026-08-11,600108.SH,,rejected_signal,,16.495861,,0.96272308,,未满足 MA5>MA10>MA20>MA60; 60日趋势强度不足
2026-08-11,600109.SH,,rejected_signal,,11.813814,,1.02605283,,未满足 MA5>MA10>MA20>MA60; 60日趋势强度不足
2026-08-11,600110.SH,,rejected_signal,,2.502691,,0.69959736,,未满足 MA5>MA10>MA20>MA60; 20日动量低于门槛; 60日趋势强度不足
2026-08-11,600111.SH,,rejected_signal,,14.029876,,0.88318652,,未满足 MA5>MA10>MA20>MA60; 60日趋势强度不足
2026-08-11,600112.SH,,rejected_universe,,0.0,,0.0,,不在当日动态股票池(停牌/未上市/已退市/当前ST代理过滤)
2026-08-11,600113.SH,,rejected_signal,,9.626153,,0.92814356,,未满足 MA5>MA10>MA20>MA60; 60日趋势强度不足
2026-08-11,600114.SH,,rejected_signal,,6.547953,,0.80410826,,未满足 MA5>MA10>MA20>MA60; 20日动量低于门槛; 60日趋势强度不足
2026-08-11,600115.SH,,rejected_signal,,11.050286,,0.95643008,,未满足 MA5>MA10>MA20>MA60; 收盘价低于MA20; 20日动量低于门槛; 60日趋势强度不足
2026-08-11,600116.SH,,rejected_signal,,38.372276,,1.06392717,,未满足 MA5>MA10>MA20>MA60; 60日趋势强度不足
2026-08-11,600117.SH,,rejected_signal,,13.658585,,1.02368104,,60日趋势强度不足
2026-08-11,600118.SH,,rejected_signal,,13.637363,,0.82559329,,未满足 MA5>MA10>MA20>MA60; 20日动量低于门槛; 60日趋势强度不足
2026-08-11,600119.SH,,rejected_universe,,4.771291,,0.93456513,,不在当日动态股票池(停牌/未上市/已退市/当前ST代理过滤)
2026-08-11,600120.SH,,rejected_signal,,24.28137,,1.07755637,,未满足 MA5>MA10>MA20>MA60; 60日趋势强度不足
2026-08-11,600121.SH,,rejected_signal,,28.983711,,0.95427078,,未满足 MA5>MA10>MA20>MA60; 60日趋势强度不足
2026-08-11,600123.SH,,rejected_rank,45,49.458179,0.58878505,1.07024705,0.54018694,"信号有效, 但综合排名未进入 Top20"
2026-08-11,600125.SH,,rejected_signal,,4.84168,,1.01406407,,未满足 MA5>MA10>MA20>MA60; 收盘价低于MA20; 20日动量低于门槛; 60日趋势强度不足
2026-08-11,600126.SH,,rejected_signal,,22.849575,,0.98748136,,未满足 MA5>MA10>MA20>MA60; 60日趋势强度不足
2026-08-11,600127.SH,,rejected_signal,,31.345633,,0.98337293,,未满足 MA5>MA10>MA20>MA60; 60日趋势强度不足
2026-08-11,600128.SH,,rejected_signal,,5.116174,,0.98493779,,未满足 MA5>MA10>MA20>MA60; 60日趋势强度不足
2026-08-11,600129.SH,,rejected_signal,,26.48465,,1.09358764,,20日动量低于门槛
2026-08-11,600130.SH,,rejected_signal,,11.386188,,0.87042928,,未满足 MA5>MA10>MA20>MA60; 60日趋势强度不足
2026-08-11,600131.SH,,rejected_signal,,22.204796,,1.03328872,,未满足 MA5>MA10>MA20>MA60; 60日趋势强度不足
2026-08-11,600132.SH,,rejected_signal,,11.174415,,1.00154674,,未满足 MA5>MA10>MA20>MA60; 收盘价低于MA20; 60日趋势强度不足
2026-08-11,600133.SH,,rejected_signal,,38.668644,,1.04408181,,未满足 MA5>MA10>MA20>MA60; 60日趋势强度不足
2026-08-11,600135.SH,,rejected_signal,,11.490737,,0.88419926,,未满足 MA5>MA10>MA20>MA60; 60日趋势强度不足
2026-08-11,600136.SH,,rejected_universe,,10.586961,,0.97556782,,不在当日动态股票池(停牌/未上市/已退市/当前ST代理过滤)
2026-08-11,600137.SH,,rejected_signal,,11.494897,,0.98748022,,未满足 MA5>MA10>MA20>MA60; 60日趋势强度不足
2026-08-11,600138.SH,,rejected_signal,,5.220434,,0.99225503,,未满足 MA5>MA10>MA20>MA60; 20日动量低于门槛; 60日趋势强度不足
2026-08-11,600141.SH,,rejected_signal,,8.019309,,0.89343524,,未满足 MA5>MA10>MA20>MA60; 20日动量低于门槛; 60日趋势强度不足
2026-08-11,600143.SH,,rejected_signal,,22.035873,,1.00059426,,未满足 MA5>MA10>MA20>MA60; 60日趋势强度不足
2026-08-11,600148.SH,,rejected_signal,,7.422833,,0.96843356,,未满足 MA5>MA10>MA20>MA60; 60日趋势强度不足; 20日平均成交额不足
2026-08-11,600149.SH,,rejected_signal,,10.401197,,0.96763325,,未满足 MA5>MA10>MA20>MA60; 60日趋势强度不足
2026-08-11,600150.SH,,rejected_signal,,15.363085,,0.98028725,,未满足 MA5>MA10>MA20>MA60; 20日动量低于门槛; 60日趋势强度不足
2026-08-11,600151.SH,,rejected_signal,,21.156178,,0.9037466,,未满足 MA5>MA10>MA20>MA60; 60日趋势强度不足
2026-08-11,600152.SH,,rejected_signal,,3.710206,,0.79860258,,未满足 MA5>MA10>MA20>MA60; 20日动量低于门槛; 60日趋势强度不足
2026-08-11,600153.SH,,rejected_signal,,6.88766,,1.013237,,未满足 MA5>MA10>MA20>MA60; 收盘价低于MA20; 20日动量低于门槛; 60日趋势强度不足
2026-08-11,600155.SH,,rejected_signal,,42.344223,,1.06410122,,未满足 MA5>MA10>MA20>MA60; 60日趋势强度不足
2026-08-11,600156.SH,,rejected_signal,,6.253395,,0.86623341,,未满足 MA5>MA10>MA20>MA60; 60日趋势强度不足
2026-08-11,600157.SH,,rejected_signal,,11.510969,,0.97343165,,未满足 MA5>MA10>MA20>MA60; 60日趋势强度不足
2026-08-11,600158.SH,,rejected_signal,,24.03227,,0.88922173,,未满足 MA5>MA10>MA20>MA60; 60日趋势强度不足
2026-08-11,600159.SH,,rejected_signal,,18.999968,,0.95994014,,未满足 MA5>MA10>MA20>MA60; 60日趋势强度不足
2026-08-11,600160.SH,,rejected_signal,,23.810247,,0.9835698,,未满足 MA5>MA10>MA20>MA60; 20日动量低于门槛
2026-08-11,600161.SH,,rejected_signal,,9.492798,,1.01993406,,未满足 MA5>MA10>MA20>MA60; 60日趋势强度不足
2026-08-11,600162.SH,,rejected_signal,,23.424126,,1.1435976,,20日涨幅过热; 偏离MA20过远，追高风险
2026-08-11,600163.SH,,rejected_signal,,18.754799,,0.95733678,,未满足 MA5>MA10>MA20>MA60; 60日趋势强度不足
2026-08-11,600165.SH,,rejected_universe,,11.907985,,1.02377272,,不在当日动态股票池(停牌/未上市/已退市/当前ST代理过滤)
2026-08-11,600166.SH,,rejected_signal,,5.724221,,1.00349581,,未满足 MA5>MA10>MA20>MA60; 收盘价低于MA20; 20日动量低于门槛; 60日趋势强度不足
2026-08-11,600167.SH,,rejected_signal,,6.006298,,1.01664197,,未满足 MA5>MA10>MA20>MA60; 收盘价低于MA20; 20日动量低于门槛; 60日趋势强度不足
2026-08-11,600168.SH,,rejected_signal,,3.915106,,0.99509674,,未满足 MA5>MA10>MA20>MA60; 20日动量低于门槛; 60日趋势强度不足; 20日平均成交额不足
2026-08-11,600169.SH,,rejected_universe,,5.04757,,0.97957075,,不在当日动态股票池(停牌/未上市/已退市/当前ST代理过滤)
2026-08-11,600170.SH,,rejected_signal,,7.138292,,1.00968421,,未满足 MA5>MA10>MA20>MA60; 收盘价低于MA20; 20日动量低于门槛; 60日趋势强度不足
2026-08-11,600171.SH,,rejected_signal,,5.398381,,0.87086135,,未满足 MA5>MA10>MA20>MA60; 20日动量低于门槛; 60日趋势强度不足
2026-08-11,600172.SH,,rejected_signal,,4.226727,,0.70422411,,未满足 MA5>MA10>MA20>MA60; 20日动量低于门槛
2026-08-11,600173.SH,,rejected_signal,,21.289135,,0.98587632,,未满足 MA5>MA10>MA20>MA60; 60日趋势强度不足
2026-08-11,600176.SH,,rejected_signal,,9.947778,,0.72492898,,未满足 MA5>MA10>MA20>MA60; 20日动量低于门槛; 20日年化波动过高
2026-08-11,600177.SH,,rejected_signal,,6.658754,,1.01685977,,未满足 MA5>MA10>MA20>MA60; 收盘价低于MA20; 20日动量低于门槛
2026-08-11,600178.SH,,rejected_signal,,37.543652,,1.03143477,,未满足 MA5>MA10>MA20>MA60; 60日趋势强度不足
2026-08-11,600179.SH,,rejected_signal,,7.051942,,0.97729927,,未满足 MA5>MA10>MA20>MA60; 收盘价低于MA20; 20日动量低于门槛; 60日趋势强度不足
2026-08-11,600180.SH,,rejected_universe,,23.088152,,1.10663891,,不在当日动态股票池(停牌/未上市/已退市/当前ST代理过滤)
2026-08-11,600182.SH,,rejected_signal,,7.35922,,0.97944456,,未满足 MA5>MA10>MA20>MA60; 20日动量低于门槛; 60日趋势强度不足; 20日平均成交额不足
2026-08-11,600183.SH,,rejected_signal,,13.34694,,0.75643975,,未满足 MA5>MA10>MA20>MA60; 20日动量低于门槛; 20日年化波动过高
2026-08-11,600184.SH,,rejected_signal,,3.86676,,0.72220355,,未满足 MA5>MA10>MA20>MA60; 20日动量低于门槛; 60日趋势强度不足
2026-08-11,600185.SH,,rejected_signal,,13.395247,,0.99597359,,未满足 MA5>MA10>MA20>MA60; 60日趋势强度不足
2026-08-11,600186.SH,,rejected_signal,,11.920388,,0.81109482,,未满足 MA5>MA10>MA20>MA60; 60日趋势强度不足
2026-08-11,600187.SH,,rejected_universe,,0.0,,0.98540395,,不在当日动态股票池(停牌/未上市/已退市/当前ST代理过滤)
2026-08-11,600188.SH,,rejected_signal,,42.936043,,0.91872072,,未满足 MA5>MA10>MA20>MA60; 60日趋势强度不足
2026-08-11,600189.SH,,rejected_signal,,5.522828,,0.96488345,,未满足 MA5>MA10>MA20>MA60; 20日动量低于门槛; 60日趋势强度不足
2026-08-11,600190.SH,,rejected_universe,,0.0,,0.0,,不在当日动态股票池(停牌/未上市/已退市/当前ST代理过滤)
2026-08-11,600191.SH,,rejected_signal,,50.21537,,1.0240469,,未满足 MA5>MA10>MA20>MA60; 60日趋势强度不足
2026-08-11,600192.SH,,rejected_signal,,38.001652,,1.09638393,,未满足 MA5>MA10>MA20>MA60; 60日趋势强度不足
2026-08-11,600193.SH,,rejected_universe,,0.0,,0.0,,不在当日动态股票池(停牌/未上市/已退市/当前ST代理过滤)
2026-08-11,600195.SH,,rejected_signal,,15.750435,,1.01562595,,60日趋势强度不足
2026-08-11,600196.SH,,rejected_signal,,26.65576,,1.02383804,,20日动量低于门槛; 60日趋势强度不足
2026-08-11,600197.SH,,rejected_signal,,10.50666,,0.97734135,,未满足 MA5>MA10>MA20>MA60; 60日趋势强度不足
2026-08-11,600198.SH,,rejected_signal,,2.526233,,0.86778647,,未满足 MA5>MA10>MA20>MA60; 20日动量低于门槛; 60日趋势强度不足
2026-08-11,600199.SH,,rejected_signal,,42.541473,,1.08047736,,60日趋势强度不足
2026-08-11,600200.SH,,rejected_universe,,0.0,,0.0,,不在当日动态股票池(停牌/未上市/已退市/当前ST代理过滤)
2026-08-11,600201.SH,,rejected_signal,,43.318741,,1.09928191,,60日趋势强度不足
2026-08-11,600202.SH,,rejected_signal,,15.495438,,0.98203176,,未满足 MA5>MA10>MA20>MA60; 60日趋势强度不足
2026-08-11,600203.SH,,rejected_signal,,0.0,,0.85358226,,未满足 MA5>MA10>MA20>MA60; 20日动量低于门槛; 60日趋势强度不足
2026-08-11,600206.SH,,rejected_signal,,29.031771,,0.79981542,,未满足 MA5>MA10>MA20>MA60; 20日动量低于门槛; 偏离MA20过远，追高风险; 20日年化波动过高
2026-08-11,600207.SH,,rejected_signal,,5.303516,,0.78743219,,未满足 MA5>MA10>MA20>MA60; 60日趋势强度不足
2026-08-11,600208.SH,,rejected_signal,,16.200056,,0.98508328,,未满足 MA5>MA10>MA20>MA60; 60日趋势强度不足
2026-08-11,600210.SH,,rejected_signal,,6.061718,,1.01841438,,未满足 MA5>MA10>MA20>MA60; 收盘价低于MA20; 20日动量低于门槛; 60日趋势强度不足
2026-08-11,600211.SH,,rejected_signal,,11.650231,,1.02387035,,20日动量低于门槛; 60日趋势强度不足
2026-08-11,600212.SH,,rejected_signal,,15.399131,,0.98387569,,未满足 MA5>MA10>MA20>MA60; 60日趋势强度不足
2026-08-11,600213.SH,,rejected_universe,,0.0,,0.0,,不在当日动态股票池(停牌/未上市/已退市/当前ST代理过滤)
2026-08-11,600215.SH,,rejected_signal,,20.99111,,0.99667317,,未满足 MA5>MA10>MA20>MA60; 60日趋势强度不足
2026-08-11,600216.SH,,rejected_signal,,16.619795,,1.01037025,,20日动量低于门槛; 60日趋势强度不足
2026-08-11,600217.SH,,rejected_signal,,14.529571,,1.02543271,,未满足 MA5>MA10>MA20>MA60; 60日趋势强度不足
2026-08-11,600218.SH,,rejected_signal,,5.519804,,0.97868717,,未满足 MA5>MA10>MA20>MA60; 60日趋势强度不足
2026-08-11,600219.SH,,rejected_signal,,54.447166,,1.02570403,,未满足 MA5>MA10>MA20>MA60; 60日趋势强度不足
2026-08-11,600220.SH,,rejected_universe,,0.0,,0.0,,不在当日动态股票池(停牌/未上市/已退市/当前ST代理过滤)
2026-08-11,600221.SH,,rejected_signal,,6.216682,,0.96800357,,未满足 MA5>MA10>MA20>MA60; 收盘价低于MA20; 20日动量低于门槛; 60日趋势强度不足
2026-08-11,600222.SH,,rejected_signal,,7.974561,,0.98562622,,未满足 MA5>MA10>MA20>MA60; 20日动量低于门槛; 60日趋势强度不足
2026-08-11,600223.SH,,rejected_signal,,13.698961,,1.015975,,未满足 MA5>MA10>MA20>MA60; 60日趋势强度不足
2026-08-11,600225.SH,,rejected_universe,,0.0,,0.0,,不在当日动态股票池(停牌/未上市/已退市/当前ST代理过滤)
2026-08-11,600226.SH,,rejected_signal,,0.61772,,0.70290875,,未满足 MA5>MA10>MA20>MA60; 20日动量低于门槛; 60日趋势强度不足
2026-08-11,600227.SH,,rejected_signal,,42.177696,,1.12274671,,20日涨幅过热; 60日趋势强度不足
2026-08-11,600228.SH,,rejected_signal,,39.524876,,1.24425149,,未满足 MA5>MA10>MA20>MA60; 偏离MA20过远，追高风险
2026-08-11,600229.SH,,rejected_signal,,9.540434,,0.98813915,,未满足 MA5>MA10>MA20>MA60; 60日趋势强度不足; 20日平均成交额不足
2026-08-11,600230.SH,,rejected_signal,,32.73951,,0.98263437,,未满足 MA5>MA10>MA20>MA60; 60日趋势强度不足
2026-08-11,600231.SH,,rejected_signal,,8.788549,,0.96260804,,未满足 MA5>MA10>MA20>MA60; 60日趋势强度不足; 20日平均成交额不足
2026-08-11,600232.SH,,rejected_signal,,16.378832,,0.90549815,,未满足 MA5>MA10>MA20>MA60; 60日趋势强度不足
2026-08-11,600233.SH,,rejected_signal,,40.179104,,1.0643729,,60日趋势强度不足
2026-08-11,600234.SH,,rejected_signal,,0.0,,0.73829252,,未满足 MA5>MA10>MA20>MA60; 20日动量低于门槛; 60日趋势强度不足
2026-08-11,600235.SH,,rejected_signal,,17.720406,,1.00091362,,未满足 MA5>MA10>MA20>MA60; 60日趋势强度不足; 20日平均成交额不足
2026-08-11,600236.SH,,rejected_signal,,32.002144,,1.07769787,,未满足 MA5>MA10>MA20>MA60; 收盘价低于MA20; 60日趋势强度不足
2026-08-11,600237.SH,,rejected_signal,,3.055409,,0.7906996,,未满足 MA5>MA10>MA20>MA60; 20日动量低于门槛; 60日趋势强度不足
2026-08-11,600238.SH,,rejected_universe,,0.0,,0.9836303,,不在当日动态股票池(停牌/未上市/已退市/当前ST代理过滤)
2026-08-11,600239.SH,,rejected_universe,,9.11893,,0.99197334,,不在当日动态股票池(停牌/未上市/已退市/当前ST代理过滤)
2026-08-11,600241.SH,,rejected_signal,,12.530494,,0.98813254,,未满足 MA5>MA10>MA20>MA60; 60日趋势强度不足
2026-08-11,600243.SH,,rejected_universe,,13.95132,,0.98133034,,不在当日动态股票池(停牌/未上市/已退市/当前ST代理过滤)
2026-08-11,600246.SH,,rejected_signal,,0.199772,,0.64776772,,未满足 MA5>MA10>MA20>MA60; 收盘价低于MA20; 20日动量低于门槛; 60日趋势强度不足
2026-08-11,600248.SH,,rejected_signal,,5.432917,,1.00728667,,未满足 MA5>MA10>MA20>MA60; 收盘价低于MA20; 20日动量低于门槛; 60日趋势强度不足
2026-08-11,600249.SH,,rejected_signal,,27.164286,,1.01335347,,未满足 MA5>MA10>MA20>MA60; 60日趋势强度不足
2026-08-11,600250.SH,,rejected_signal,,20.2617,,0.99465674,,未满足 MA5>MA10>MA20>MA60; 60日趋势强度不足
2026-08-11,600251.SH,,rejected_signal,,20.911348,,1.00028133,,未满足 MA5>MA10>MA20>MA60; 60日趋势强度不足
2026-08-11,600252.SH,,rejected_signal,,36.267574,,1.06702793,,60日趋势强度不足
2026-08-11,600255.SH,,rejected_signal,,19.238041,,0.9112395,,未满足 MA5>MA10>MA20>MA60; 60日趋势强度不足
2026-08-11,600256.SH,,rejected_signal,,26.194603,,0.95252323,,未满足 MA5>MA10>MA20>MA60; 60日趋势强度不足
2026-08-11,600257.SH,,rejected_signal,,38.524021,,1.03814495,,60日趋势强度不足
2026-08-11,600258.SH,,rejected_signal,,23.703091,,1.01323497,,未满足 MA5>MA10>MA20>MA60; 60日趋势强度不足
2026-08-11,600259.SH,,rejected_signal,,4.047982,,0.88372797,,未满足 MA5>MA10>MA20>MA60; 20日动量低于门槛; 60日趋势强度不足
2026-08-11,600261.SH,,rejected_signal,,1.622754,,0.98243046,,未满足 MA5>MA10>MA20>MA60; 20日动量低于门槛; 60日趋势强度不足; 20日平均成交额不足
2026-08-11,600262.SH,,rejected_signal,,27.3188,,0.95025283,,未满足 MA5>MA10>MA20>MA60; 60日趋势强度不足
2026-08-11,600265.SH,,rejected_universe,,23.26181,,0.97882438,,不在当日动态股票池(停牌/未上市/已退市/当前ST代理过滤)
2026-08-11,600266.SH,,rejected_signal,,20.395855,,0.96756464,,未满足 MA5>MA10>MA20>MA60; 60日趋势强度不足
2026-08-11,600267.SH,,selected_signal,5,63.248943,0.9626168,1.13936651,0.92897195,quality_momentum 横截面排名进入 Top20
2026-08-11,600268.SH,,rejected_signal,,9.333621,,0.97692531,,未满足 MA5>MA10>MA20>MA60; 60日趋势强度不足
2026-08-11,600269.SH,,rejected_signal,,12.01485,,1.00998461,,未满足 MA5>MA10>MA20>MA60; 收盘价低于MA20; 20日动量低于门槛; 60日趋势强度不足
2026-08-11,600271.SH,,rejected_signal,,14.327417,,1.01016366,,未满足 MA5>MA10>MA20>MA60; 60日趋势强度不足
2026-08-11,600272.SH,,rejected_signal,,26.127439,,0.9580394,,20日涨幅过热; 偏离MA20过远，追高风险
2026-08-11,600273.SH,,rejected_signal,,12.570137,,1.00229454,,未满足 MA5>MA10>MA20>MA60; 60日趋势强度不足
2026-08-11,600276.SH,,rejected_signal,,24.899403,,1.03400457,,未满足 MA5>MA10>MA20>MA60; 20日动量低于门槛
2026-08-11,600277.SH,,rejected_universe,,0.0,,0.0,,不在当日动态股票池(停牌/未上市/已退市/当前ST代理过滤)
2026-08-11,600278.SH,,rejected_signal,,7.791373,,0.99755532,,未满足 MA5>MA10>MA20>MA60; 60日趋势强度不足; 20日平均成交额不足
2026-08-11,600279.SH,,rejected_signal,,10.261128,,0.99161041,,未满足 MA5>MA10>MA20>MA60; 60日趋势强度不足
2026-08-11,600280.SH,,rejected_signal,,29.28997,,0.99133462,,未满足 MA5>MA10>MA20>MA60; 60日趋势强度不足
2026-08-11,600281.SH,,rejected_signal,,17.522062,,0.95478553,,未满足 MA5>MA10>MA20>MA60; 60日趋势强度不足
2026-08-11,600282.SH,,rejected_signal,,9.234346,,1.00869858,,未满足 MA5>MA10>MA20>MA60; 收盘价低于MA20; 20日动量低于门槛; 60日趋势强度不足
2026-08-11,600283.SH,,rejected_signal,,7.80801,,0.98795438,,未满足 MA5>MA10>MA20>MA60; 60日趋势强度不足; 20日平均成交额不足
2026-08-11,600284.SH,,rejected_signal,,16.200802,,0.97626698,,未满足 MA5>MA10>MA20>MA60; 60日趋势强度不足
2026-08-11,600285.SH,,rejected_signal,,30.170816,,1.07031095,,未满足 MA5>MA10>MA20>MA60; 收盘价低于MA20; 20日动量低于门槛
2026-08-11,600287.SH,,rejected_signal,,13.949235,,0.97433305,,未满足 MA5>MA10>MA20>MA60; 60日趋势强度不足; 20日平均成交额不足
2026-08-11,600288.SH,,rejected_signal,,0.0,,0.81714964,,未满足 MA5>MA10>MA20>MA60; 20日动量低于门槛; 60日趋势强度不足
2026-08-11,600289.SH,,rejected_universe,,0.0,,0.86341327,,不在当日动态股票池(停牌/未上市/已退市/当前ST代理过滤)
2026-08-11,600292.SH,,rejected_signal,,16.45363,,0.97367334,,未满足 MA5>MA10>MA20>MA60; 20日动量低于门槛; 60日趋势强度不足
2026-08-11,600293.SH,,rejected_signal,,5.101549,,0.8995809,,未满足 MA5>MA10>MA20>MA60; 20日动量低于门槛; 60日趋势强度不足
2026-08-11,600295.SH,,rejected_signal,,15.065032,,0.99993616,,未满足 MA5>MA10>MA20>MA60; 60日趋势强度不足
2026-08-11,600297.SH,,rejected_universe,,0.0,,0.0,,不在当日动态股票池(停牌/未上市/已退市/当前ST代理过滤)
2026-08-11,600298.SH,,selected_signal,8,60.059631,0.93457943,1.14210773,0.91401869,quality_momentum 横截面排名进入 Top20
2026-08-11,600299.SH,,rejected_signal,,16.245619,,0.92137742,,未满足 MA5>MA10>MA20>MA60; 60日趋势强度不足
2026-08-11,600300.SH,,rejected_signal,,17.274496,,1.03138816,,未满足 MA5>MA10>MA20>MA60; 60日趋势强度不足
2026-08-11,600301.SH,,rejected_signal,,4.470634,,0.82916296,,未满足 MA5>MA10>MA20>MA60; 60日趋势强度不足
2026-08-11,600302.SH,,rejected_universe,,0.0,,0.71915847,,不在当日动态股票池(停牌/未上市/已退市/当前ST代理过滤)
2026-08-11,600303.SH,,rejected_signal,,23.648922,,0.97112775,,未满足 MA5>MA10>MA20>MA60; 60日趋势强度不足
2026-08-11,600305.SH,,rejected_signal,,10.173233,,1.03373265,,未满足 MA5>MA10>MA20>MA60; 20日动量低于门槛; 60日趋势强度不足
2026-08-11,600306.SH,,rejected_universe,,0.0,,0.0,,不在当日动态股票池(停牌/未上市/已退市/当前ST代理过滤)
2026-08-11,600307.SH,,rejected_signal,,8.532601,,1.00355828,,未满足 MA5>MA10>MA20>MA60; 60日趋势强度不足
2026-08-11,600308.SH,,rejected_signal,,2.284153,,0.9905318,,未满足 MA5>MA10>MA20>MA60; 20日动量低于门槛; 60日趋势强度不足; 20日平均成交额不足
2026-08-11,600309.SH,,rejected_signal,,36.28067,,1.01397562,,60日趋势强度不足
2026-08-11,600310.SH,,rejected_signal,,30.585459,,0.9565016,,未满足 MA5>MA10>MA20>MA60; 60日趋势强度不足
2026-08-11,600312.SH,,rejected_signal,,46.015514,,1.10079539,,60日趋势强度不足
2026-08-11,600313.SH,,rejected_signal,,19.554934,,1.00027978,,未满足 MA5>MA10>MA20>MA60; 60日趋势强度不足
2026-08-11,600315.SH,,rejected_signal,,6.82884,,1.00848842,,未满足 MA5>MA10>MA20>MA60; 20日动量低于门槛; 60日趋势强度不足
2026-08-11,600316.SH,,rejected_signal,,18.996101,,0.92849994,,未满足 MA5>MA10>MA20>MA60; 60日趋势强度不足
2026-08-11,600318.SH,,rejected_signal,,29.546541,,1.01144731,,未满足 MA5>MA10>MA20>MA60; 60日趋势强度不足
2026-08-11,600319.SH,,rejected_signal,,4.795338,,0.89365208,,未满足 MA5>MA10>MA20>MA60; 60日趋势强度不足
2026-08-11,600320.SH,,rejected_signal,,8.510454,,0.99132884,,未满足 MA5>MA10>MA20>MA60; 收盘价低于MA20; 20日动量低于门槛; 60日趋势强度不足
2026-08-11,600321.SH,,rejected_universe,,0.0,,0.0,,不在当日动态股票池(停牌/未上市/已退市/当前ST代理过滤)
2026-08-11,600322.SH,,rejected_signal,,4.670975,,0.98130852,,未满足 MA5>MA10>MA20>MA60; 20日动量低于门槛; 60日趋势强度不足
2026-08-11,600323.SH,,rejected_signal,,15.559263,,1.05226481,,未满足 MA5>MA10>MA20>MA60; 收盘价低于MA20; 20日动量低于门槛; 60日趋势强度不足
2026-08-11,600325.SH,,rejected_signal,,16.28002,,0.99749815,,未满足 MA5>MA10>MA20>MA60; 60日趋势强度不足
2026-08-11,600326.SH,,rejected_signal,,43.446846,,0.96442932,,未满足 MA5>MA10>MA20>MA60; 60日趋势强度不足
2026-08-11,600327.SH,,rejected_signal,,33.076683,,1.03761816,,60日趋势强度不足
2026-08-11,600328.SH,,rejected_signal,,12.104033,,0.99439031,,未满足 MA5>MA10>MA20>MA60; 60日趋势强度不足
2026-08-11,600329.SH,,rejected_signal,,7.964043,,1.01698732,,未满足 MA5>MA10>MA20>MA60; 收盘价低于MA20; 20日动量低于门槛; 60日趋势强度不足
2026-08-11,600330.SH,,rejected_signal,,0.0,,0.60443318,,未满足 MA5>MA10>MA20>MA60; 20日动量低于门槛; 60日趋势强度不足; 偏离MA20过远，追高风险; 20日年化波动过高
2026-08-11,600331.SH,,rejected_signal,,41.448242,,1.02862954,,未满足 MA5>MA10>MA20>MA60; 60日趋势强度不足
2026-08-11,600332.SH,,rejected_signal,,10.149514,,1.02569461,,未满足 MA5>MA10>MA20>MA60; 收盘价低于MA20; 20日动量低于门槛; 60日趋势强度不足
2026-08-11,600333.SH,,rejected_signal,,42.497616,,1.06638908,,60日趋势强度不足
2026-08-11,600335.SH,,rejected_signal,,7.908988,,1.01799893,,未满足 MA5>MA10>MA20>MA60; 60日趋势强度不足
2026-08-11,600336.SH,,rejected_signal,,8.83542,,0.92716831,,未满足 MA5>MA10>MA20>MA60; 60日趋势强度不足
2026-08-11,600337.SH,,rejected_universe,,8.549109,,0.83258194,,不在当日动态股票池(停牌/未上市/已退市/当前ST代理过滤)
2026-08-11,600338.SH,,rejected_signal,,16.336218,,0.85009742,,未满足 MA5>MA10>MA20>MA60; 60日趋势强度不足
2026-08-11,600339.SH,,rejected_signal,,17.391527,,1.01073515,,未满足 MA5>MA10>MA20>MA60; 收盘价低于MA20; 20日动量低于门槛; 60日趋势强度不足
2026-08-11,600340.SH,,rejected_universe,,1.508835,,0.97335958,,不在当日动态股票池(停牌/未上市/已退市/当前ST代理过滤)
2026-08-11,600343.SH,,rejected_signal,,10.011082,,0.76818323,,未满足 MA5>MA10>MA20>MA60; 20日动量低于门槛; 60日趋势强度不足
2026-08-11,600345.SH,,rejected_signal,,0.937271,,0.79015988,,未满足 MA5>MA10>MA20>MA60; 20日动量低于门槛; 60日趋势强度不足
2026-08-11,600346.SH,,rejected_signal,,32.110031,,0.9763602,,未满足 MA5>MA10>MA20>MA60; 60日趋势强度不足
2026-08-11,600348.SH,,rejected_signal,,12.843048,,0.98688167,,60日趋势强度不足
2026-08-11,600350.SH,,rejected_signal,,9.738917,,0.96479821,,未满足 MA5>MA10>MA20>MA60; 收盘价低于MA20; 20日动量低于门槛; 60日趋势强度不足
2026-08-11,600351.SH,,rejected_rank,91,33.786072,0.15887851,1.09280717,0.23738317,"信号有效, 但综合排名未进入 Top20"
2026-08-11,600352.SH,,rejected_rank,23,55.024902,0.79439253,1.09269202,0.74392521,"信号有效, 但综合排名未进入 Top20"
2026-08-11,600353.SH,,rejected_signal,,19.582754,,0.65872741,,未满足 MA5>MA10>MA20>MA60; 20日动量低于门槛; 20日年化波动过高
2026-08-11,600354.SH,,rejected_signal,,46.739449,,1.09843218,,60日趋势强度不足
2026-08-11,600355.SH,,rejected_universe,,0.0,,0.0,,不在当日动态股票池(停牌/未上市/已退市/当前ST代理过滤)
2026-08-11,600356.SH,,rejected_signal,,30.218336,,1.01943922,,未满足 MA5>MA10>MA20>MA60; 60日趋势强度不足
2026-08-11,600358.SH,,rejected_signal,,6.195504,,0.92060935,,未满足 MA5>MA10>MA20>MA60; 20日动量低于门槛; 60日趋势强度不足
2026-08-11,600359.SH,,rejected_signal,,9.169458,,1.0009228,,未满足 MA5>MA10>MA20>MA60; 60日趋势强度不足
2026-08-11,600360.SH,,rejected_signal,,0.0,,0.77792895,,未满足 MA5>MA10>MA20>MA60; 20日动量低于门槛; 60日趋势强度不足
2026-08-11,600361.SH,,rejected_signal,,17.223736,,0.98124725,,未满足 MA5>MA10>MA20>MA60; 60日趋势强度不足
2026-08-11,600362.SH,,rejected_signal,,43.447952,,1.00735784,,未满足 MA5>MA10>MA20>MA60; 60日趋势强度不足
2026-08-11,600363.SH,,rejected_signal,,3.55567,,0.89489561,,未满足 MA5>MA10>MA20>MA60; 收盘价低于MA20; 20日动量低于门槛; 60日趋势强度不足
2026-08-11,600365.SH,,rejected_universe,,21.258862,,1.04114652,,不在当日动态股票池(停牌/未上市/已退市/当前ST代理过滤)
2026-08-11,600366.SH,,rejected_signal,,3.03165,,0.86408842,,未满足 MA5>MA10>MA20>MA60; 20日动量低于门槛; 60日趋势强度不足
2026-08-11,600367.SH,,rejected_signal,,20.525635,,0.58545613,,未满足 MA5>MA10>MA20>MA60; 20日动量低于门槛
2026-08-11,600368.SH,,rejected_rank,95,32.035072,0.12149533,1.05623806,0.15140188,"信号有效, 但综合排名未进入 Top20"
2026-08-11,600369.SH,,rejected_signal,,12.811653,,1.04559577,,未满足 MA5>MA10>MA20>MA60; 收盘价低于MA20; 20日动量低于门槛; 60日趋势强度不足
2026-08-11,600370.SH,,rejected_universe,,0.0,,0.95774102,,不在当日动态股票池(停牌/未上市/已退市/当前ST代理过滤)
2026-08-11,600371.SH,,rejected_signal,,18.087149,,0.99622083,,未满足 MA5>MA10>MA20>MA60; 60日趋势强度不足
2026-08-11,600372.SH,,rejected_signal,,12.283824,,1.02097797,,20日动量低于门槛; 60日趋势强度不足
2026-08-11,600373.SH,,rejected_signal,,15.849055,,1.04818988,,未满足 MA5>MA10>MA20>MA60; 收盘价低于MA20; 60日趋势强度不足
2026-08-11,600375.SH,,rejected_signal,,10.581266,,1.01476502,,未满足 MA5>MA10>MA20>MA60; 60日趋势强度不足
2026-08-11,600376.SH,,rejected_signal,,44.015839,,1.12169254,,未满足 MA5>MA10>MA20>MA60; 60日趋势强度不足
2026-08-11,600377.SH,,rejected_signal,,4.766501,,1.00548542,,未满足 MA5>MA10>MA20>MA60; 收盘价低于MA20; 20日动量低于门槛; 60日趋势强度不足
2026-08-11,600378.SH,,rejected_signal,,15.103687,,0.76721102,,未满足 MA5>MA10>MA20>MA60; 20日动量低于门槛
2026-08-11,600379.SH,,rejected_signal,,7.560792,,0.93528348,,未满足 MA5>MA10>MA20>MA60; 20日动量低于门槛; 60日趋势强度不足
2026-08-11,600380.SH,,rejected_signal,,21.647526,,1.02384293,,未满足 MA5>MA10>MA20>MA60; 20日动量低于门槛; 60日趋势强度不足
2026-08-11,600381.SH,,rejected_universe,,0.0,,0.84603298,,不在当日动态股票池(停牌/未上市/已退市/当前ST代理过滤)
2026-08-11,600382.SH,,rejected_signal,,3.111728,,0.88309574,,未满足 MA5>MA10>MA20>MA60; 20日动量低于门槛; 60日趋势强度不足
2026-08-11,600383.SH,,rejected_signal,,14.378706,,0.96212858,,未满足 MA5>MA10>MA20>MA60; 收盘价低于MA20; 60日趋势强度不足
2026-08-11,600386.SH,,rejected_signal,,6.179969,,0.98175389,,未满足 MA5>MA10>MA20>MA60; 60日趋势强度不足; 20日平均成交额不足
2026-08-11,600387.SH,,rejected_universe,,0.0,,0.0,,不在当日动态股票池(停牌/未上市/已退市/当前ST代理过滤)
2026-08-11,600388.SH,,rejected_signal,,38.655029,,1.02191138,,未满足 MA5>MA10>MA20>MA60; 60日趋势强度不足
2026-08-11,600389.SH,,rejected_signal,,27.251152,,0.96674281,,未满足 MA5>MA10>MA20>MA60; 60日趋势强度不足
2026-08-11,600390.SH,,rejected_signal,,12.909921,,1.0377351,,未满足 MA5>MA10>MA20>MA60; 收盘价低于MA20; 60日趋势强度不足
2026-08-11,600391.SH,,rejected_signal,,9.789345,,0.91509873,,未满足 MA5>MA10>MA20>MA60; 60日趋势强度不足
2026-08-11,600392.SH,,rejected_signal,,8.588931,,0.86793077,,未满足 MA5>MA10>MA20>MA60; 20日动量低于门槛; 60日趋势强度不足
2026-08-11,600395.SH,,rejected_signal,,17.854027,,0.95556945,,未满足 MA5>MA10>MA20>MA60; 60日趋势强度不足
2026-08-11,600396.SH,,rejected_signal,,33.532532,,1.02556181,,未满足 MA5>MA10>MA20>MA60; 20日涨幅过热; 20日年化波动过高
2026-08-11,600397.SH,,rejected_signal,,11.259802,,0.76907676,,未满足 MA5>MA10>MA20>MA60; 20日动量低于门槛; 20日年化波动过高
2026-08-11,600398.SH,,rejected_signal,,23.594727,,1.05426359,,未满足 MA5>MA10>MA20>MA60; 60日趋势强度不足
2026-08-11,600399.SH,,rejected_signal,,20.208036,,0.99192536,,未满足 MA5>MA10>MA20>MA60; 60日趋势强度不足
2026-08-11,600400.SH,,rejected_signal,,26.604765,,0.99864602,,未满足 MA5>MA10>MA20>MA60; 60日趋势强度不足
2026-08-11,600403.SH,,rejected_signal,,47.748009,,0.96855628,,未满足 MA5>MA10>MA20>MA60
2026-08-11,600405.SH,,rejected_signal,,1.763333,,1.06326473,,未满足 MA5>MA10>MA20>MA60; 20日动量低于门槛; 60日趋势强度不足
2026-08-11,600406.SH,,rejected_signal,,27.593357,,1.0599575,,未满足 MA5>MA10>MA20>MA60; 60日趋势强度不足
2026-08-11,600408.SH,,rejected_signal,,30.758539,,1.00309765,,未满足 MA5>MA10>MA20>MA60; 60日趋势强度不足
2026-08-11,600409.SH,,rejected_signal,,37.430767,,1.04832339,,60日趋势强度不足
2026-08-11,600410.SH,,rejected_signal,,5.818869,,0.941163,,未满足 MA5>MA10>MA20>MA60; 60日趋势强度不足
2026-08-11,600415.SH,,rejected_signal,,48.495682,,1.09004092,,未满足 MA5>MA10>MA20>MA60; 60日趋势强度不足
2026-08-11,600416.SH,,rejected_signal,,6.134698,,0.93666148,,未满足 MA5>MA10>MA20>MA60; 60日趋势强度不足
2026-08-11,600418.SH,,rejected_signal,,12.783064,,0.86955774,,未满足 MA5>MA10>MA20>MA60; 60日趋势强度不足
2026-08-11,600419.SH,,rejected_signal,,47.073307,,1.06930614,,60日趋势强度不足
2026-08-11,600420.SH,,rejected_signal,,5.884013,,1.00763655,,未满足 MA5>MA10>MA20>MA60; 收盘价低于MA20; 20日动量低于门槛; 60日趋势强度不足
2026-08-11,600421.SH,,rejected_universe,,0.0,,0.0,,不在当日动态股票池(停牌/未上市/已退市/当前ST代理过滤)
2026-08-11,600422.SH,,rejected_signal,,27.701303,,1.06968713,,未满足 MA5>MA10>MA20>MA60
2026-08-11,600423.SH,,rejected_universe,,48.134689,,1.08475077,,不在当日动态股票池(停牌/未上市/已退市/当前ST代理过滤)
2026-08-11,600425.SH,,rejected_signal,,19.517773,,1.01142168,,未满足 MA5>MA10>MA20>MA60; 60日趋势强度不足
2026-08-11,600426.SH,,rejected_signal,,40.728344,,1.01087344,,未满足 MA5>MA10>MA20>MA60; 60日趋势强度不足
2026-08-11,600428.SH,,selected_signal,15,57.842285,0.86915886,1.29212856,0.89345795,quality_momentum 横截面排名进入 Top20
2026-08-11,600429.SH,,rejected_signal,,29.412539,,1.02941799,,未满足 MA5>MA10>MA20>MA60; 60日趋势强度不足
2026-08-11,600433.SH,,rejected_signal,,16.333351,,0.97516418,,未满足 MA5>MA10>MA20>MA60; 60日趋势强度不足
2026-08-11,600435.SH,,rejected_signal,,11.327529,,0.95322621,,未满足 MA5>MA10>MA20>MA60; 60日趋势强度不足
2026-08-11,600436.SH,,selected_signal,19,56.295967,0.83177572,1.11261725,0.8056075,quality_momentum 横截面排名进入 Top20
2026-08-11,600438.SH,,rejected_signal,,23.656122,,1.00644469,,未满足 MA5>MA10>MA20>MA60; 60日趋势强度不足
2026-08-11,600439.SH,,rejected_universe,,0.0,,0.87410247,,不在当日动态股票池(停牌/未上市/已退市/当前ST代理过滤)
2026-08-11,600444.SH,,rejected_signal,,20.1047,,0.97764313,,未满足 MA5>MA10>MA20>MA60; 60日趋势强度不足
2026-08-11,600446.SH,,rejected_signal,,23.679756,,0.98906761,,未满足 MA5>MA10>MA20>MA60; 60日趋势强度不足
2026-08-11,600448.SH,,rejected_signal,,20.368876,,1.00000036,,未满足 MA5>MA10>MA20>MA60; 60日趋势强度不足
2026-08-11,600449.SH,,rejected_signal,,17.08461,,1.0472734,,未满足 MA5>MA10>MA20>MA60; 60日趋势强度不足
2026-08-11,600452.SH,,rejected_signal,,12.516813,,0.95247233,,未满足 MA5>MA10>MA20>MA60; 收盘价低于MA20; 60日趋势强度不足
2026-08-11,600455.SH,,rejected_signal,,10.354479,,1.000772,,未满足 MA5>MA10>MA20>MA60; 60日趋势强度不足
2026-08-11,600456.SH,,rejected_signal,,11.584822,,0.9902674,,未满足 MA5>MA10>MA20>MA60; 20日动量低于门槛; 60日趋势强度不足
2026-08-11,600458.SH,,rejected_signal,,5.576814,,0.86497277,,未满足 MA5>MA10>MA20>MA60; 20日动量低于门槛; 60日趋势强度不足
2026-08-11,600459.SH,,rejected_signal,,6.213385,,0.84775752,,未满足 MA5>MA10>MA20>MA60; 20日动量低于门槛; 60日趋势强度不足
2026-08-11,600460.SH,,rejected_signal,,3.546847,,0.75760359,,未满足 MA5>MA10>MA20>MA60; 20日动量低于门槛; 60日趋势强度不足
2026-08-11,600461.SH,,rejected_signal,,3.153686,,0.98791707,,未满足 MA5>MA10>MA20>MA60; 收盘价低于MA20; 20日动量低于门槛; 60日趋势强度不足
2026-08-11,600462.SH,,rejected_universe,,0.0,,0.0,,不在当日动态股票池(停牌/未上市/已退市/当前ST代理过滤)
2026-08-11,600463.SH,,rejected_signal,,12.150206,,0.92632139,,未满足 MA5>MA10>MA20>MA60; 60日趋势强度不足
2026-08-11,600467.SH,,rejected_signal,,26.277845,,1.04180598,,60日趋势强度不足
2026-08-11,600468.SH,,rejected_signal,,40.220634,,1.12826657,,未满足 MA5>MA10>MA20>MA60; 60日趋势强度不足
2026-08-11,600469.SH,,rejected_signal,,3.225581,,0.97021747,,未满足 MA5>MA10>MA20>MA60; 20日动量低于门槛; 60日趋势强度不足
2026-08-11,600470.SH,,rejected_signal,,3.220954,,0.96963614,,未满足 MA5>MA10>MA20>MA60; 20日动量低于门槛; 60日趋势强度不足
2026-08-11,600475.SH,,rejected_signal,,12.274893,,1.04541516,,未满足 MA5>MA10>MA20>MA60; 60日趋势强度不足
2026-08-11,600476.SH,,rejected_universe,,14.454481,,0.92021877,,不在当日动态股票池(停牌/未上市/已退市/当前ST代理过滤)
2026-08-11,600477.SH,,rejected_signal,,8.91843,,0.98470384,,未满足 MA5>MA10>MA20>MA60; 60日趋势强度不足
2026-08-11,600478.SH,,rejected_signal,,11.919466,,0.96296984,,未满足 MA5>MA10>MA20>MA60; 60日趋势强度不足
2026-08-11,600479.SH,,rejected_signal,,12.850317,,1.0171634,,20日动量低于门槛; 60日趋势强度不足
2026-08-11,600480.SH,,rejected_signal,,6.708554,,0.94976014,,未满足 MA5>MA10>MA20>MA60; 60日趋势强度不足
2026-08-11,600481.SH,,rejected_signal,,6.194693,,0.8900246,,未满足 MA5>MA10>MA20>MA60; 60日趋势强度不足
2026-08-11,600482.SH,,rejected_signal,,13.582409,,0.83909547,,未满足 MA5>MA10>MA20>MA60; 60日趋势强度不足
2026-08-11,600483.SH,,rejected_signal,,8.638221,,1.00788438,,未满足 MA5>MA10>MA20>MA60; 收盘价低于MA20; 20日动量低于门槛; 60日趋势强度不足
2026-08-11,600486.SH,,rejected_signal,,30.460707,,1.01036322,,未满足 MA5>MA10>MA20>MA60; 收盘价低于MA20; 60日趋势强度不足
2026-08-11,600487.SH,,rejected_signal,,2.43827,,0.57808155,,未满足 MA5>MA10>MA20>MA60; 20日动量低于门槛; 60日趋势强度不足
2026-08-11,600488.SH,,rejected_signal,,26.901442,,1.03320038,,20日动量低于门槛; 60日趋势强度不足
2026-08-11,600489.SH,,rejected_signal,,56.215912,,1.03237188,,60日趋势强度不足
2026-08-11,600490.SH,,rejected_signal,,39.757099,,0.99290317,,未满足 MA5>MA10>MA20>MA60; 60日趋势强度不足
2026-08-11,600491.SH,,rejected_universe,,9.816935,,1.09002626,,不在当日动态股票池(停牌/未上市/已退市/当前ST代理过滤)
2026-08-11,600493.SH,,rejected_signal,,8.609583,,0.97875035,,未满足 MA5>MA10>MA20>MA60; 60日趋势强度不足
2026-08-11,600495.SH,,rejected_signal,,18.584589,,1.01535428,,未满足 MA5>MA10>MA20>MA60; 60日趋势强度不足
2026-08-11,600496.SH,,rejected_signal,,8.836659,,0.96751571,,未满足 MA5>MA10>MA20>MA60; 60日趋势强度不足
2026-08-11,600497.SH,,rejected_signal,,22.371988,,0.96509552,,未满足 MA5>MA10>MA20>MA60; 60日趋势强度不足
2026-08-11,600498.SH,,rejected_signal,,4.183306,,0.60540879,,未满足 MA5>MA10>MA20>MA60; 20日动量低于门槛; 60日趋势强度不足
2026-08-11,600499.SH,,rejected_signal,,11.821861,,1.02710223,,未满足 MA5>MA10>MA20>MA60; 收盘价低于MA20; 20日动量低于门槛; 60日趋势强度不足
2026-08-11,600500.SH,,rejected_signal,,13.615831,,0.72346526,,未满足 MA5>MA10>MA20>MA60; 20日动量低于门槛; 60日趋势强度不足
2026-08-11,600501.SH,,rejected_signal,,7.825428,,0.89680028,,未满足 MA5>MA10>MA20>MA60; 60日趋势强度不足
2026-08-11,600502.SH,,rejected_signal,,6.819803,,1.01060987,,未满足 MA5>MA10>MA20>MA60; 收盘价低于MA20; 20日动量低于门槛; 60日趋势强度不足
2026-08-11,600503.SH,,rejected_signal,,11.036063,,0.92929679,,未满足 MA5>MA10>MA20>MA60; 60日趋势强度不足
2026-08-11,600505.SH,,rejected_signal,,13.763271,,0.94837737,,未满足 MA5>MA10>MA20>MA60; 60日趋势强度不足
2026-08-11,600506.SH,,rejected_signal,,7.19157,,0.93269879,,未满足 MA5>MA10>MA20>MA60; 60日趋势强度不足
2026-08-11,600507.SH,,rejected_signal,,14.754774,,1.02846456,,未满足 MA5>MA10>MA20>MA60; 收盘价低于MA20; 20日动量低于门槛; 60日趋势强度不足
2026-08-11,600508.SH,,rejected_signal,,12.970757,,0.97820073,,未满足 MA5>MA10>MA20>MA60; 60日趋势强度不足
2026-08-11,600509.SH,,rejected_signal,,11.334925,,0.93739218,,未满足 MA5>MA10>MA20>MA60; 60日趋势强度不足
2026-08-11,600510.SH,,rejected_signal,,9.412791,,0.88441247,,未满足 MA5>MA10>MA20>MA60; 60日趋势强度不足
2026-08-11,600511.SH,,rejected_signal,,19.01145,,1.03689182,,未满足 MA5>MA10>MA20>MA60; 收盘价低于MA20; 20日动量低于门槛; 60日趋势强度不足
2026-08-11,600512.SH,,rejected_signal,,4.961015,,1.00272334,,未满足 MA5>MA10>MA20>MA60; 20日动量低于门槛; 60日趋势强度不足
2026-08-11,600513.SH,,rejected_signal,,23.055529,,1.04214144,,20日动量低于门槛; 60日趋势强度不足
2026-08-11,600515.SH,,rejected_signal,,14.178077,,1.01864755,,未满足 MA5>MA10>MA20>MA60; 60日趋势强度不足
2026-08-11,600516.SH,,rejected_signal,,4.892992,,0.96299195,,未满足 MA5>MA10>MA20>MA60; 20日动量低于门槛; 60日趋势强度不足
2026-08-11,600517.SH,,rejected_signal,,15.74675,,1.03605568,,未满足 MA5>MA10>MA20>MA60; 收盘价低于MA20; 60日趋势强度不足
2026-08-11,600518.SH,,rejected_signal,,16.009434,,1.0100702,,未满足 MA5>MA10>MA20>MA60; 60日趋势强度不足
2026-08-11,600519.SH,,rejected_signal,,37.675728,,1.05824006,,未满足 MA5>MA10>MA20>MA60; 60日趋势强度不足
2026-08-11,600520.SH,,rejected_signal,,0.0,,0.71525484,,未满足 MA5>MA10>MA20>MA60; 20日动量低于门槛; 60日趋势强度不足
2026-08-11,600521.SH,,rejected_rank,58,46.346638,0.46728972,1.08094203,0.45981309,"信号有效, 但综合排名未进入 Top20"
2026-08-11,600522.SH,,rejected_signal,,2.820014,,0.66351032,,未满足 MA5>MA10>MA20>MA60; 20日动量低于门槛; 60日趋势强度不足
2026-08-11,600523.SH,,rejected_signal,,3.232149,,0.99582571,,未满足 MA5>MA10>MA20>MA60; 20日动量低于门槛; 60日趋势强度不足
2026-08-11,600525.SH,,rejected_universe,,0.679401,,0.9883768,,不在当日动态股票池(停牌/未上市/已退市/当前ST代理过滤)
2026-08-11,600526.SH,,rejected_signal,,7.369013,,0.99762195,,未满足 MA5>MA10>MA20>MA60; 60日趋势强度不足
2026-08-11,600527.SH,,rejected_signal,,6.687894,,0.97709936,,未满足 MA5>MA10>MA20>MA60; 60日趋势强度不足
2026-08-11,600528.SH,,rejected_signal,,8.625336,,1.03110826,,未满足 MA5>MA10>MA20>MA60; 收盘价低于MA20; 60日趋势强度不足
2026-08-11,600529.SH,,rejected_signal,,16.84901,,1.04336441,,未满足 MA5>MA10>MA20>MA60; 收盘价低于MA20; 20日动量低于门槛
2026-08-11,600530.SH,,rejected_universe,,0.0,,0.83772498,,不在当日动态股票池(停牌/未上市/已退市/当前ST代理过滤)
2026-08-11,600531.SH,,rejected_signal,,23.972475,,0.92119336,,未满足 MA5>MA10>MA20>MA60; 60日趋势强度不足
2026-08-11,600533.SH,,rejected_signal,,21.690777,,0.99278855,,未满足 MA5>MA10>MA20>MA60; 60日趋势强度不足; 20日平均成交额不足
2026-08-11,600535.SH,,rejected_signal,,38.037689,,1.08212984,,未满足 MA5>MA10>MA20>MA60; 收盘价低于MA20
2026-08-11,600536.SH,,rejected_signal,,13.389805,,1.01350534,,未满足 MA5>MA10>MA20>MA60; 收盘价低于MA20; 20日动量低于门槛; 60日趋势强度不足
2026-08-11,600537.SH,,rejected_universe,,9.896217,,0.90868926,,不在当日动态股票池(停牌/未上市/已退市/当前ST代理过滤)
2026-08-11,600538.SH,,rejected_signal,,12.412758,,0.86066633,,未满足 MA5>MA10>MA20>MA60; 60日趋势强度不足
2026-08-11,600539.SH,,rejected_signal,,0.0,,0.8992092,,未满足 MA5>MA10>MA20>MA60; 收盘价低于MA20; 20日动量低于门槛; 60日趋势强度不足
2026-08-11,600540.SH,,rejected_signal,,23.361292,,0.9736923,,未满足 MA5>MA10>MA20>MA60; 60日趋势强度不足
2026-08-11,600543.SH,,rejected_universe,,6.692945,,0.95054895,,不在当日动态股票池(停牌/未上市/已退市/当前ST代理过滤)
2026-08-11,600545.SH,,rejected_signal,,0.965837,,0.68933213,,未满足 MA5>MA10>MA20>MA60; 20日动量低于门槛; 60日趋势强度不足
2026-08-11,600546.SH,,rejected_signal,,20.012447,,0.98140264,,60日趋势强度不足
2026-08-11,600547.SH,,rejected_signal,,60.401279,,1.00362206,,60日趋势强度不足
2026-08-11,600548.SH,,rejected_signal,,4.043126,,1.01431644,,未满足 MA5>MA10>MA20>MA60; 收盘价低于MA20; 20日动量低于门槛; 60日趋势强度不足
2026-08-11,600549.SH,,rejected_signal,,4.261103,,0.76849824,,未满足 MA5>MA10>MA20>MA60; 20日动量低于门槛
2026-08-11,600550.SH,,rejected_signal,,25.04167,,1.01037371,,未满足 MA5>MA10>MA20>MA60; 60日趋势强度不足
2026-08-11,600551.SH,,rejected_signal,,3.837953,,1.00873017,,未满足 MA5>MA10>MA20>MA60; 60日趋势强度不足
2026-08-11,600552.SH,,rejected_signal,,5.068382,,0.75690353,,未满足 MA5>MA10>MA20>MA60; 20日动量低于门槛; 60日趋势强度不足
2026-08-11,600556.SH,,rejected_signal,,44.046093,,1.0559001,,未满足 MA5>MA10>MA20>MA60; 60日趋势强度不足
2026-08-11,600557.SH,,rejected_signal,,8.820413,,1.03219879,,未满足 MA5>MA10>MA20>MA60; 收盘价低于MA20; 20日动量低于门槛; 60日趋势强度不足
2026-08-11,600558.SH,,rejected_signal,,2.136971,,0.96096873,,未满足 MA5>MA10>MA20>MA60; 60日趋势强度不足
2026-08-11,600559.SH,,rejected_signal,,16.819426,,1.02431583,,未满足 MA5>MA10>MA20>MA60; 60日趋势强度不足
2026-08-11,600560.SH,,rejected_signal,,10.08296,,0.9535352,,未满足 MA5>MA10>MA20>MA60; 60日趋势强度不足; 20日平均成交额不足
2026-08-11,600561.SH,,rejected_signal,,23.2892,,0.99637479,,未满足 MA5>MA10>MA20>MA60; 60日趋势强度不足
2026-08-11,600562.SH,,rejected_rank,64,44.977585,0.41121495,1.0891521,0.42803738,"信号有效, 但综合排名未进入 Top20"
2026-08-11,600563.SH,,rejected_signal,,5.134027,,0.91662782,,未满足 MA5>MA10>MA20>MA60; 20日动量低于门槛; 60日趋势强度不足
2026-08-11,600565.SH,,rejected_universe,,0.0,,0.0,,不在当日动态股票池(停牌/未上市/已退市/当前ST代理过滤)
2026-08-11,600566.SH,,rejected_signal,,17.244976,,1.03521466,,未满足 MA5>MA10>MA20>MA60; 收盘价低于MA20; 20日动量低于门槛; 60日趋势强度不足
2026-08-11,600567.SH,,rejected_signal,,5.288879,,0.99888831,,未满足 MA5>MA10>MA20>MA60; 20日动量低于门槛; 60日趋势强度不足
2026-08-11,600568.SH,,rejected_universe,,10.648264,,0.95807898,,不在当日动态股票池(停牌/未上市/已退市/当前ST代理过滤)
2026-08-11,600569.SH,,rejected_signal,,16.52363,,1.021819,,未满足 MA5>MA10>MA20>MA60; 60日趋势强度不足
2026-08-11,600570.SH,,rejected_signal,,28.08042,,1.02464259,,未满足 MA5>MA10>MA20>MA60; 60日趋势强度不足
2026-08-11,600571.SH,,rejected_signal,,25.445007,,1.0165813,,未满足 MA5>MA10>MA20>MA60; 60日趋势强度不足
2026-08-11,600572.SH,,rejected_signal,,18.31867,,1.05749166,,未满足 MA5>MA10>MA20>MA60; 20日动量低于门槛
2026-08-11,600573.SH,,rejected_signal,,14.980884,,0.92845023,,未满足 MA5>MA10>MA20>MA60; 60日趋势强度不足
2026-08-11,600575.SH,,rejected_signal,,18.31312,,1.014112,,未满足 MA5>MA10>MA20>MA60; 60日趋势强度不足
2026-08-11,600576.SH,,rejected_signal,,3.342672,,0.9754442,,未满足 MA5>MA10>MA20>MA60; 收盘价低于MA20; 20日动量低于门槛; 60日趋势强度不足
2026-08-11,600577.SH,,rejected_signal,,4.627648,,0.80456173,,未满足 MA5>MA10>MA20>MA60; 20日动量低于门槛; 60日趋势强度不足
2026-08-11,600578.SH,,rejected_signal,,25.448462,,0.86951137,,未满足 MA5>MA10>MA20>MA60; 60日趋势强度不足
2026-08-11,600579.SH,,rejected_signal,,3.98461,,0.99370164,,未满足 MA5>MA10>MA20>MA60; 20日动量低于门槛; 60日趋势强度不足
2026-08-11,600580.SH,,rejected_signal,,29.988361,,1.01396561,,未满足 MA5>MA10>MA20>MA60; 60日趋势强度不足
2026-08-11,600581.SH,,rejected_universe,,5.245752,,0.9713766,,不在当日动态股票池(停牌/未上市/已退市/当前ST代理过滤)
2026-08-11,600582.SH,,rejected_signal,,14.396381,,0.99898058,,未满足 MA5>MA10>MA20>MA60; 60日趋势强度不足
2026-08-11,600583.SH,,rejected_signal,,36.095707,,1.054654,,未满足 MA5>MA10>MA20>MA60; 60日趋势强度不足
2026-08-11,600584.SH,,rejected_signal,,12.502178,,0.7517277,,未满足 MA5>MA10>MA20>MA60; 20日动量低于门槛; 20日年化波动过高
2026-08-11,600585.SH,,rejected_signal,,11.485036,,0.9957335,,未满足 MA5>MA10>MA20>MA60; 收盘价低于MA20; 60日趋势强度不足
2026-08-11,600586.SH,,rejected_signal,,3.405582,,0.93570536,,未满足 MA5>MA10>MA20>MA60; 20日动量低于门槛; 60日趋势强度不足
2026-08-11,600587.SH,,rejected_signal,,14.577189,,1.02485943,,未满足 MA5>MA10>MA20>MA60; 收盘价低于MA20; 60日趋势强度不足
2026-08-11,600588.SH,,rejected_signal,,37.230007,,1.12855256,,60日趋势强度不足
2026-08-11,600589.SH,,rejected_signal,,11.138353,,0.8962127,,未满足 MA5>MA10>MA20>MA60; 60日趋势强度不足
2026-08-11,600590.SH,,rejected_signal,,14.554614,,0.79958266,,未满足 MA5>MA10>MA20>MA60; 60日趋势强度不足
2026-08-11,600592.SH,,rejected_signal,,14.61166,,0.90494108,,未满足 MA5>MA10>MA20>MA60; 60日趋势强度不足
2026-08-11,600593.SH,,rejected_rank,93,33.109535,0.14018692,1.0375855,0.14579439,"信号有效, 但综合排名未进入 Top20"
2026-08-11,600594.SH,,rejected_signal,,46.428978,,1.06019461,,60日趋势强度不足
2026-08-11,600595.SH,,rejected_signal,,31.646261,,1.03965378,,未满足 MA5>MA10>MA20>MA60; 60日趋势强度不足
2026-08-11,600596.SH,,rejected_signal,,6.24017,,0.82114965,,未满足 MA5>MA10>MA20>MA60; 20日动量低于门槛; 60日趋势强度不足
2026-08-11,600597.SH,,rejected_signal,,13.94626,,1.04536736,,未满足 MA5>MA10>MA20>MA60; 收盘价低于MA20; 60日趋势强度不足
2026-08-11,600598.SH,,rejected_signal,,12.821472,,0.96255934,,未满足 MA5>MA10>MA20>MA60; 60日趋势强度不足
2026-08-11,600599.SH,,rejected_universe,,0.0,,0.0,,不在当日动态股票池(停牌/未上市/已退市/当前ST代理过滤)
2026-08-11,600600.SH,,rejected_signal,,10.310533,,1.00450683,,未满足 MA5>MA10>MA20>MA60; 收盘价低于MA20; 60日趋势强度不足
2026-08-11,600601.SH,,rejected_signal,,0.52286,,0.73967159,,未满足 MA5>MA10>MA20>MA60; 20日动量低于门槛; 60日趋势强度不足; 偏离MA20过远，追高风险; 20日年化波动过高
2026-08-11,600602.SH,,rejected_signal,,32.362083,,1.0340451,,未满足 MA5>MA10>MA20>MA60; 60日趋势强度不足
2026-08-11,600603.SH,,rejected_signal,,7.881932,,0.99268067,,未满足 MA5>MA10>MA20>MA60; 60日趋势强度不足
2026-08-11,600604.SH,,rejected_signal,,29.363901,,1.03913057,,未满足 MA5>MA10>MA20>MA60; 60日趋势强度不足
2026-08-11,600605.SH,,rejected_signal,,6.05014,,0.77045232,,未满足 MA5>MA10>MA20>MA60; 20日动量低于门槛; 60日趋势强度不足
2026-08-11,600606.SH,,rejected_signal,,11.263509,,0.99061906,,未满足 MA5>MA10>MA20>MA60; 60日趋势强度不足
2026-08-11,600608.SH,,rejected_universe,,0.0,,0.0,,不在当日动态股票池(停牌/未上市/已退市/当前ST代理过滤)
2026-08-11,600609.SH,,rejected_signal,,6.472628,,1.00349343,,未满足 MA5>MA10>MA20>MA60; 60日趋势强度不足
2026-08-11,600610.SH,,rejected_signal,,22.570904,,0.98005897,,未满足 MA5>MA10>MA20>MA60; 60日趋势强度不足
2026-08-11,600611.SH,,rejected_signal,,39.998653,,0.99214512,,未满足 MA5>MA10>MA20>MA60; 20日涨幅过热; 偏离MA20过远，追高风险
2026-08-11,600612.SH,,rejected_signal,,22.730368,,1.02050018,,未满足 MA5>MA10>MA20>MA60; 60日趋势强度不足
2026-08-11,600613.SH,,rejected_signal,,19.67795,,1.02375424,,60日趋势强度不足
2026-08-11,600615.SH,,rejected_signal,,9.807575,,0.95066148,,未满足 MA5>MA10>MA20>MA60; 60日趋势强度不足; 20日平均成交额不足
2026-08-11,600616.SH,,rejected_signal,,12.257036,,1.01263821,,未满足 MA5>MA10>MA20>MA60; 60日趋势强度不足
2026-08-11,600617.SH,,rejected_signal,,42.138138,,1.08047593,,60日趋势强度不足
2026-08-11,600618.SH,,rejected_signal,,22.533689,,1.02313316,,未满足 MA5>MA10>MA20>MA60; 60日趋势强度不足
2026-08-11,600619.SH,,rejected_signal,,21.801311,,0.95877361,,未满足 MA5>MA10>MA20>MA60; 60日趋势强度不足
2026-08-11,600620.SH,,rejected_signal,,9.02986,,0.98172605,,未满足 MA5>MA10>MA20>MA60; 60日趋势强度不足; 20日平均成交额不足
2026-08-11,600621.SH,,rejected_signal,,7.115866,,1.02207422,,未满足 MA5>MA10>MA20>MA60; 收盘价低于MA20; 20日动量低于门槛; 60日趋势强度不足
2026-08-11,600622.SH,,rejected_signal,,20.773417,,0.98978096,,未满足 MA5>MA10>MA20>MA60; 60日趋势强度不足
2026-08-11,600623.SH,,rejected_signal,,12.177145,,0.97847539,,未满足 MA5>MA10>MA20>MA60; 60日趋势强度不足
2026-08-11,600624.SH,,rejected_universe,,30.032045,,1.00780511,,不在当日动态股票池(停牌/未上市/已退市/当前ST代理过滤)
2026-08-11,600626.SH,,rejected_signal,,29.698622,,1.00195646,,未满足 MA5>MA10>MA20>MA60; 60日趋势强度不足
2026-08-11,600628.SH,,rejected_signal,,15.884807,,1.00524938,,未满足 MA5>MA10>MA20>MA60; 60日趋势强度不足
2026-08-11,600629.SH,,rejected_signal,,49.663937,,1.04028392,,60日趋势强度不足; 偏离MA20过远，追高风险
2026-08-11,600630.SH,,rejected_signal,,1.895088,,0.85035098,,未满足 MA5>MA10>MA20>MA60; 20日动量低于门槛; 60日趋势强度不足
2026-08-11,600633.SH,,rejected_signal,,24.757498,,1.02777338,,未满足 MA5>MA10>MA20>MA60; 60日趋势强度不足
2026-08-11,600635.SH,,rejected_signal,,23.685873,,1.01535523,,未满足 MA5>MA10>MA20>MA60; 60日趋势强度不足
2026-08-11,600636.SH,,rejected_universe,,0.0,,0.0,,不在当日动态股票池(停牌/未上市/已退市/当前ST代理过滤)
2026-08-11,600637.SH,,rejected_signal,,14.624208,,0.98389894,,未满足 MA5>MA10>MA20>MA60; 60日趋势强度不足
2026-08-11,600638.SH,,rejected_signal,,20.62097,,0.993119,,未满足 MA5>MA10>MA20>MA60; 60日趋势强度不足
2026-08-11,600639.SH,,rejected_signal,,10.383866,,1.04025495,,未满足 MA5>MA10>MA20>MA60; 60日趋势强度不足
2026-08-11,600640.SH,,rejected_signal,,16.210581,,1.03182602,,未满足 MA5>MA10>MA20>MA60; 60日趋势强度不足
2026-08-11,600641.SH,,rejected_signal,,8.896121,,0.67211574,,未满足 MA5>MA10>MA20>MA60; 20日动量低于门槛; 60日趋势强度不足; 20日年化波动过高
2026-08-11,600642.SH,,rejected_signal,,11.951638,,0.9476698,,未满足 MA5>MA10>MA20>MA60; 收盘价低于MA20; 20日动量低于门槛; 60日趋势强度不足
2026-08-11,600643.SH,,rejected_signal,,4.839736,,1.01291633,,未满足 MA5>MA10>MA20>MA60; 20日动量低于门槛; 60日趋势强度不足
2026-08-11,600644.SH,,rejected_signal,,30.776394,,1.07204318,,未满足 MA5>MA10>MA20>MA60; 60日趋势强度不足
2026-08-11,600645.SH,,rejected_signal,,22.304749,,1.00686204,,未满足 MA5>MA10>MA20>MA60; 60日趋势强度不足
2026-08-11,600647.SH,,rejected_universe,,0.0,,0.0,,不在当日动态股票池(停牌/未上市/已退市/当前ST代理过滤)
2026-08-11,600648.SH,,rejected_signal,,26.321857,,1.03281116,,60日趋势强度不足; 20日平均成交额不足
2026-08-11,600649.SH,,rejected_signal,,22.486959,,1.02005804,,未满足 MA5>MA10>MA20>MA60; 60日趋势强度不足
2026-08-11,600650.SH,,rejected_signal,,39.028591,,0.99174291,,未满足 MA5>MA10>MA20>MA60; 60日趋势强度不足
2026-08-11,600651.SH,,rejected_signal,,33.41177,,0.97861195,,未满足 MA5>MA10>MA20>MA60; 60日趋势强度不足
2026-08-11,600653.SH,,rejected_signal,,18.296539,,1.0220238,,60日趋势强度不足
2026-08-11,600654.SH,,rejected_signal,,32.728447,,1.00540924,,未满足 MA5>MA10>MA20>MA60; 60日趋势强度不足
2026-08-11,600655.SH,,rejected_signal,,18.978733,,1.03792226,,未满足 MA5>MA10>MA20>MA60; 60日趋势强度不足
2026-08-11,600657.SH,,rejected_signal,,24.697784,,1.01674712,,未满足 MA5>MA10>MA20>MA60; 60日趋势强度不足
2026-08-11,600658.SH,,rejected_signal,,2.742097,,0.94197267,,未满足 MA5>MA10>MA20>MA60; 60日趋势强度不足
2026-08-11,600660.SH,,rejected_signal,,34.189648,,1.06505823,,未满足 MA5>MA10>MA20>MA60; 收盘价低于MA20; 60日趋势强度不足
2026-08-11,600661.SH,,rejected_signal,,36.834709,,1.16064107,,60日趋势强度不足
2026-08-11,600662.SH,,rejected_signal,,22.923897,,1.04508948,,未满足 MA5>MA10>MA20>MA60; 60日趋势强度不足
2026-08-11,600663.SH,,rejected_signal,,34.177231,,1.26403213,,20日涨幅过热; 偏离MA20过远，追高风险
2026-08-11,600664.SH,,rejected_signal,,35.309666,,1.71396887,,20日涨幅过热; 偏离MA20过远，追高风险
2026-08-11,600665.SH,,rejected_signal,,17.158207,,0.9131465,,未满足 MA5>MA10>MA20>MA60; 60日趋势强度不足
2026-08-11,600666.SH,,rejected_signal,,15.605044,,0.92152399,,未满足 MA5>MA10>MA20>MA60; 60日趋势强度不足
2026-08-11,600667.SH,,rejected_signal,,9.473024,,0.87302852,,未满足 MA5>MA10>MA20>MA60; 20日动量低于门槛; 偏离MA20过远，追高风险; 20日年化波动过高
2026-08-11,600668.SH,,rejected_signal,,17.269276,,0.99057573,,未满足 MA5>MA10>MA20>MA60; 60日趋势强度不足
2026-08-11,600671.SH,,rejected_rank,69,43.589821,0.36448598,1.1769619,0.46915889,"信号有效, 但综合排名未进入 Top20"
2026-08-11,600673.SH,,rejected_signal,,1.989073,,0.94125134,,未满足 MA5>MA10>MA20>MA60; 20日动量低于门槛; 60日趋势强度不足
2026-08-11,600674.SH,,rejected_signal,,17.173225,,1.04159808,,未满足 MA5>MA10>MA20>MA60; 收盘价低于MA20; 20日动量低于门槛; 60日趋势强度不足
2026-08-11,600675.SH,,rejected_signal,,17.726978,,1.00857997,,未满足 MA5>MA10>MA20>MA60; 60日趋势强度不足
2026-08-11,600676.SH,,rejected_signal,,11.11904,,1.07253814,,20日动量低于门槛; 60日趋势强度不足
2026-08-11,600678.SH,,rejected_universe,,0.102986,,0.90560079,,不在当日动态股票池(停牌/未上市/已退市/当前ST代理过滤)
2026-08-11,600679.SH,,rejected_signal,,10.448784,,1.0177145,,未满足 MA5>MA10>MA20>MA60; 60日趋势强度不足; 20日平均成交额不足
2026-08-11,600681.SH,,rejected_signal,,3.134865,,0.99073106,,未满足 MA5>MA10>MA20>MA60; 20日动量低于门槛; 60日趋势强度不足
2026-08-11,600682.SH,,rejected_signal,,15.116993,,1.00190938,,未满足 MA5>MA10>MA20>MA60; 60日趋势强度不足
2026-08-11,600683.SH,,rejected_signal,,1.534469,,0.62722152,,未满足 MA5>MA10>MA20>MA60; 60日趋势强度不足; 偏离MA20过远，追高风险
2026-08-11,600684.SH,,rejected_signal,,38.12912,,1.0424931,,未满足 MA5>MA10>MA20>MA60; 60日趋势强度不足
2026-08-11,600685.SH,,rejected_signal,,15.226838,,0.99202591,,未满足 MA5>MA10>MA20>MA60; 60日趋势强度不足
2026-08-11,600686.SH,,rejected_signal,,25.951969,,0.97782511,,未满足 MA5>MA10>MA20>MA60; 60日趋势强度不足
2026-08-11,600688.SH,,rejected_signal,,8.665119,,0.97911829,,未满足 MA5>MA10>MA20>MA60; 20日动量低于门槛; 60日趋势强度不足
2026-08-11,600689.SH,,rejected_signal,,12.406211,,0.95567936,,未满足 MA5>MA10>MA20>MA60; 60日趋势强度不足; 20日平均成交额不足
2026-08-11,600690.SH,,rejected_signal,,34.596642,,1.07187247,,未满足 MA5>MA10>MA20>MA60; 收盘价低于MA20; 60日趋势强度不足
2026-08-11,600691.SH,,rejected_signal,,22.182112,,0.99558032,,未满足 MA5>MA10>MA20>MA60; 60日趋势强度不足
2026-08-11,600692.SH,,rejected_signal,,15.153705,,0.98289055,,未满足 MA5>MA10>MA20>MA60; 60日趋势强度不足
2026-08-11,600693.SH,,rejected_signal,,43.613361,,1.09674394,,未满足 MA5>MA10>MA20>MA60; 60日趋势强度不足
2026-08-11,600694.SH,,rejected_signal,,5.728837,,1.01696587,,未满足 MA5>MA10>MA20>MA60; 收盘价低于MA20; 20日动量低于门槛; 60日趋势强度不足
2026-08-11,600696.SH,,rejected_universe,,0.0,,0.0,,不在当日动态股票池(停牌/未上市/已退市/当前ST代理过滤)
2026-08-11,600697.SH,,rejected_signal,,16.217388,,1.00321996,,未满足 MA5>MA10>MA20>MA60; 60日趋势强度不足
2026-08-11,600698.SH,,rejected_signal,,27.259319,,1.04380345,,未满足 MA5>MA10>MA20>MA60; 60日趋势强度不足
2026-08-11,600699.SH,,rejected_signal,,11.670001,,0.90217966,,未满足 MA5>MA10>MA20>MA60; 60日趋势强度不足
2026-08-11,600702.SH,,rejected_signal,,29.095095,,0.99651355,,未满足 MA5>MA10>MA20>MA60; 60日趋势强度不足
2026-08-11,600703.SH,,rejected_signal,,5.55632,,0.79237878,,未满足 MA5>MA10>MA20>MA60; 20日动量低于门槛; 60日趋势强度不足
2026-08-11,600704.SH,,rejected_signal,,23.049883,,1.03529835,,未满足 MA5>MA10>MA20>MA60; 收盘价低于MA20; 20日动量低于门槛; 60日趋势强度不足
2026-08-11,600705.SH,,rejected_universe,,0.0,,0.0,,不在当日动态股票池(停牌/未上市/已退市/当前ST代理过滤)
2026-08-11,600706.SH,,rejected_signal,,34.464359,,1.0236448,,未满足 MA5>MA10>MA20>MA60; 60日趋势强度不足
2026-08-11,600707.SH,,rejected_signal,,2.533685,,0.72051519,,未满足 MA5>MA10>MA20>MA60; 20日动量低于门槛; 60日趋势强度不足
2026-08-11,600708.SH,,rejected_signal,,4.15482,,1.0356586,,未满足 MA5>MA10>MA20>MA60; 20日动量低于门槛; 60日趋势强度不足
2026-08-11,600710.SH,,rejected_signal,,14.236334,,1.01796174,,未满足 MA5>MA10>MA20>MA60; 收盘价低于MA20; 60日趋势强度不足
2026-08-11,600711.SH,,rejected_signal,,38.847099,,0.93559772,,未满足 MA5>MA10>MA20>MA60; 60日趋势强度不足
2026-08-11,600712.SH,,rejected_signal,,35.340992,,1.06208408,,未满足 MA5>MA10>MA20>MA60; 60日趋势强度不足
2026-08-11,600713.SH,,rejected_signal,,20.494232,,1.0237149,,20日动量低于门槛; 60日趋势强度不足
2026-08-11,600714.SH,,rejected_signal,,1.608443,,0.62781018,,未满足 MA5>MA10>MA20>MA60; 20日动量低于门槛; 60日趋势强度不足
2026-08-11,600715.SH,,rejected_signal,,16.076368,,1.00010395,,未满足 MA5>MA10>MA20>MA60; 60日趋势强度不足
2026-08-11,600716.SH,,rejected_signal,,8.602116,,0.98086941,,未满足 MA5>MA10>MA20>MA60; 60日趋势强度不足; 20日平均成交额不足
2026-08-11,600717.SH,,rejected_signal,,8.805188,,1.20975721,,未满足 MA5>MA10>MA20>MA60; 收盘价低于MA20; 20日动量低于门槛; 60日趋势强度不足
2026-08-11,600718.SH,,rejected_signal,,28.122986,,1.07203662,,未满足 MA5>MA10>MA20>MA60; 60日趋势强度不足
2026-08-11,600719.SH,,rejected_signal,,7.297659,,0.9219045,,未满足 MA5>MA10>MA20>MA60; 60日趋势强度不足
2026-08-11,600720.SH,,rejected_signal,,9.75708,,1.00916994,,未满足 MA5>MA10>MA20>MA60; 收盘价低于MA20; 60日趋势强度不足
2026-08-11,600721.SH,,rejected_signal,,36.188877,,1.09162664,,20日涨幅过热; 偏离MA20过远，追高风险; 20日年化波动过高; 当日跳空幅度过大
2026-08-11,600722.SH,,rejected_signal,,34.223419,,1.15540433,,20日涨幅过热; 60日趋势强度不足; 20日年化波动过高
2026-08-11,600724.SH,,rejected_signal,,2.047968,,0.88064963,,未满足 MA5>MA10>MA20>MA60; 20日动量低于门槛; 60日趋势强度不足
2026-08-11,600725.SH,,rejected_signal,,5.241031,,0.91433358,,未满足 MA5>MA10>MA20>MA60; 60日趋势强度不足
2026-08-11,600726.SH,,rejected_signal,,10.057832,,0.82777029,,未满足 MA5>MA10>MA20>MA60; 60日趋势强度不足
2026-08-11,600727.SH,,rejected_signal,,18.564938,,0.99420172,,未满足 MA5>MA10>MA20>MA60; 60日趋势强度不足
2026-08-11,600728.SH,,rejected_signal,,36.367088,,1.08564615,,未满足 MA5>MA10>MA20>MA60; 60日趋势强度不足
2026-08-11,600729.SH,,rejected_signal,,21.064772,,1.04337108,,未满足 MA5>MA10>MA20>MA60; 收盘价低于MA20; 60日趋势强度不足
2026-08-11,600730.SH,,rejected_universe,,9.464298,,0.90561807,,不在当日动态股票池(停牌/未上市/已退市/当前ST代理过滤)
2026-08-11,600731.SH,,rejected_signal,,29.203627,,1.04972732,,60日趋势强度不足
2026-08-11,600732.SH,,rejected_signal,,13.277327,,1.00523496,,未满足 MA5>MA10>MA20>MA60; 60日趋势强度不足
2026-08-11,600733.SH,,rejected_signal,,33.615009,,1.07339442,,未满足 MA5>MA10>MA20>MA60; 60日趋势强度不足
2026-08-11,600734.SH,,rejected_universe,,3.542524,,0.94751638,,不在当日动态股票池(停牌/未上市/已退市/当前ST代理过滤)
2026-08-11,600735.SH,,rejected_universe,,7.16394,,1.00045431,,不在当日动态股票池(停牌/未上市/已退市/当前ST代理过滤)
2026-08-11,600736.SH,,rejected_signal,,2.825687,,0.95603144,,未满足 MA5>MA10>MA20>MA60; 20日动量低于门槛; 60日趋势强度不足
2026-08-11,600737.SH,,rejected_signal,,46.318188,,1.03000963,,未满足 MA5>MA10>MA20>MA60; 60日趋势强度不足
2026-08-11,600738.SH,,rejected_signal,,9.29136,,1.02035034,,未满足 MA5>MA10>MA20>MA60; 60日趋势强度不足
2026-08-11,600739.SH,,rejected_signal,,22.418131,,1.0300324,,未满足 MA5>MA10>MA20>MA60; 60日趋势强度不足
2026-08-11,600740.SH,,rejected_signal,,17.110811,,0.99734032,,未满足 MA5>MA10>MA20>MA60; 60日趋势强度不足
2026-08-11,600741.SH,,rejected_signal,,16.56604,,1.02667844,,未满足 MA5>MA10>MA20>MA60; 收盘价低于MA20; 60日趋势强度不足
2026-08-11,600742.SH,,rejected_signal,,14.159221,,0.99659306,,未满足 MA5>MA10>MA20>MA60; 60日趋势强度不足
2026-08-11,600743.SH,,rejected_signal,,22.156641,,0.97013199,,未满足 MA5>MA10>MA20>MA60; 60日趋势强度不足
2026-08-11,600744.SH,,rejected_signal,,27.042406,,1.01612937,,未满足 MA5>MA10>MA20>MA60; 20日涨幅过热; 60日趋势强度不足
2026-08-11,600745.SH,,rejected_universe,,14.364013,,0.94751817,,不在当日动态股票池(停牌/未上市/已退市/当前ST代理过滤)
2026-08-11,600746.SH,,rejected_signal,,48.950966,,1.08176935,,60日趋势强度不足
2026-08-11,600748.SH,,rejected_signal,,23.912647,,0.94803232,,未满足 MA5>MA10>MA20>MA60; 60日趋势强度不足
2026-08-11,600749.SH,,rejected_signal,,8.552497,,0.95566201,,未满足 MA5>MA10>MA20>MA60; 60日趋势强度不足
2026-08-11,600750.SH,,rejected_signal,,23.087444,,1.07129145,,未满足 MA5>MA10>MA20>MA60; 收盘价低于MA20; 20日动量低于门槛
2026-08-11,600751.SH,,rejected_signal,,43.323601,,1.0580411,,未满足 MA5>MA10>MA20>MA60; 60日趋势强度不足
2026-08-11,600753.SH,,rejected_universe,,3.579567,,0.85336292,,不在当日动态股票池(停牌/未上市/已退市/当前ST代理过滤)
2026-08-11,600754.SH,,rejected_signal,,27.61861,,1.00383818,,未满足 MA5>MA10>MA20>MA60; 60日趋势强度不足
2026-08-11,600755.SH,,rejected_signal,,3.069754,,1.01329386,,未满足 MA5>MA10>MA20>MA60; 收盘价低于MA20; 20日动量低于门槛; 60日趋势强度不足
2026-08-11,600756.SH,,rejected_signal,,42.892723,,1.13299441,,未满足 MA5>MA10>MA20>MA60; 60日趋势强度不足
2026-08-11,600757.SH,,rejected_signal,,11.529751,,1.06006038,,未满足 MA5>MA10>MA20>MA60; 收盘价低于MA20; 60日趋势强度不足
2026-08-11,600758.SH,,rejected_signal,,27.260145,,0.89042681,,未满足 MA5>MA10>MA20>MA60; 60日趋势强度不足
2026-08-11,600759.SH,,rejected_universe,,5.036092,,0.95494121,,不在当日动态股票池(停牌/未上市/已退市/当前ST代理过滤)
2026-08-11,600760.SH,,rejected_signal,,43.648842,,1.02119982,,未满足 MA5>MA10>MA20>MA60; 60日趋势强度不足
2026-08-11,600761.SH,,rejected_signal,,22.357536,,1.04338551,,未满足 MA5>MA10>MA20>MA60; 收盘价低于MA20; 60日趋势强度不足
2026-08-11,600763.SH,,rejected_signal,,23.931595,,1.02942729,,60日趋势强度不足
2026-08-11,600764.SH,,rejected_signal,,10.999582,,0.98874795,,未满足 MA5>MA10>MA20>MA60; 60日趋势强度不足
2026-08-11,600765.SH,,rejected_signal,,14.31436,,1.00644243,,未满足 MA5>MA10>MA20>MA60; 60日趋势强度不足
2026-08-11,600766.SH,,rejected_universe,,0.0,,0.0,,不在当日动态股票池(停牌/未上市/已退市/当前ST代理过滤)
2026-08-11,600768.SH,,rejected_signal,,9.637111,,0.93082005,,未满足 MA5>MA10>MA20>MA60; 60日趋势强度不足
2026-08-11,600769.SH,,rejected_signal,,0.704766,,0.83469206,,未满足 MA5>MA10>MA20>MA60; 20日动量低于门槛; 60日趋势强度不足
2026-08-11,600770.SH,,rejected_signal,,0.604334,,0.87891227,,未满足 MA5>MA10>MA20>MA60; 20日动量低于门槛; 60日趋势强度不足
2026-08-11,600771.SH,,rejected_signal,,12.325624,,1.01320386,,未满足 MA5>MA10>MA20>MA60; 收盘价低于MA20; 20日动量低于门槛; 60日趋势强度不足
2026-08-11,600773.SH,,rejected_signal,,5.247143,,0.7777487,,未满足 MA5>MA10>MA20>MA60; 20日动量低于门槛; 60日趋势强度不足
2026-08-11,600774.SH,,rejected_signal,,18.634302,,0.98813999,,未满足 MA5>MA10>MA20>MA60; 60日趋势强度不足
2026-08-11,600775.SH,,rejected_signal,,21.978228,,0.99049383,,未满足 MA5>MA10>MA20>MA60; 60日趋势强度不足
2026-08-11,600776.SH,,rejected_signal,,8.61776,,0.93490666,,未满足 MA5>MA10>MA20>MA60; 60日趋势强度不足
2026-08-11,600777.SH,,rejected_signal,,8.299777,,0.90394366,,未满足 MA5>MA10>MA20>MA60; 20日动量低于门槛; 60日趋势强度不足
2026-08-11,600778.SH,,rejected_signal,,14.200099,,0.98532522,,未满足 MA5>MA10>MA20>MA60; 60日趋势强度不足
2026-08-11,600779.SH,,rejected_signal,,9.043453,,0.97569674,,未满足 MA5>MA10>MA20>MA60; 60日趋势强度不足
2026-08-11,600780.SH,,rejected_signal,,10.952289,,0.98290992,,未满足 MA5>MA10>MA20>MA60; 收盘价低于MA20; 60日趋势强度不足
2026-08-11,600782.SH,,rejected_signal,,19.95484,,1.06901789,,未满足 MA5>MA10>MA20>MA60; 收盘价低于MA20; 20日动量低于门槛; 60日趋势强度不足
2026-08-11,600783.SH,,rejected_signal,,9.365962,,0.87561971,,未满足 MA5>MA10>MA20>MA60; 60日趋势强度不足
2026-08-11,600784.SH,,rejected_signal,,36.353596,,1.01017535,,未满足 MA5>MA10>MA20>MA60; 60日趋势强度不足
2026-08-11,600785.SH,,rejected_signal,,18.373568,,0.86758721,,未满足 MA5>MA10>MA20>MA60; 60日趋势强度不足
2026-08-11,600787.SH,,rejected_signal,,10.836782,,1.03951538,,未满足 MA5>MA10>MA20>MA60; 收盘价低于MA20; 20日动量低于门槛; 60日趋势强度不足
2026-08-11,600789.SH,,rejected_signal,,26.255108,,1.02101183,,60日趋势强度不足
2026-08-11,600790.SH,,rejected_signal,,4.90518,,0.95130813,,未满足 MA5>MA10>MA20>MA60; 20日动量低于门槛; 60日趋势强度不足
2026-08-11,600791.SH,,rejected_signal,,5.048546,,0.60942256,,未满足 MA5>MA10>MA20>MA60; 20日动量低于门槛; 60日趋势强度不足
2026-08-11,600792.SH,,rejected_signal,,22.526434,,0.96803677,,未满足 MA5>MA10>MA20>MA60; 60日趋势强度不足
2026-08-11,600793.SH,,rejected_signal,,14.506499,,1.04976833,,未满足 MA5>MA10>MA20>MA60; 60日趋势强度不足
2026-08-11,600794.SH,,rejected_signal,,7.54891,,1.01914668,,未满足 MA5>MA10>MA20>MA60; 60日趋势强度不足
2026-08-11,600795.SH,,rejected_signal,,29.444685,,1.04831612,,未满足 MA5>MA10>MA20>MA60
2026-08-11,600796.SH,,rejected_signal,,10.648514,,1.00769496,,未满足 MA5>MA10>MA20>MA60; 60日趋势强度不足
2026-08-11,600797.SH,,rejected_signal,,38.949043,,1.02813458,,未满足 MA5>MA10>MA20>MA60; 60日趋势强度不足
2026-08-11,600798.SH,,rejected_signal,,6.808081,,0.9741475,,未满足 MA5>MA10>MA20>MA60; 60日趋势强度不足
2026-08-11,600800.SH,,rejected_signal,,16.430042,,0.97104919,,未满足 MA5>MA10>MA20>MA60; 60日趋势强度不足
2026-08-11,600801.SH,,rejected_rank,43,49.669415,0.60747665,1.12723207,0.63738316,"信号有效, 但综合排名未进入 Top20"
2026-08-11,600802.SH,,rejected_signal,,13.552978,,0.96656424,,未满足 MA5>MA10>MA20>MA60; 60日趋势强度不足; 20日平均成交额不足
2026-08-11,600803.SH,,rejected_signal,,25.098843,,1.03841555,,未满足 MA5>MA10>MA20>MA60; 60日趋势强度不足
2026-08-11,600804.SH,,rejected_universe,,0.0,,0.0,,不在当日动态股票池(停牌/未上市/已退市/当前ST代理过滤)
2026-08-11,600805.SH,,rejected_signal,,3.402161,,1.00279534,,未满足 MA5>MA10>MA20>MA60; 20日动量低于门槛; 60日趋势强度不足
2026-08-11,600807.SH,,rejected_signal,,10.215195,,0.98689371,,未满足 MA5>MA10>MA20>MA60; 60日趋势强度不足
2026-08-11,600808.SH,,rejected_signal,,11.584868,,0.97963172,,未满足 MA5>MA10>MA20>MA60; 收盘价低于MA20; 20日动量低于门槛; 60日趋势强度不足
2026-08-11,600809.SH,,rejected_signal,,47.452644,,1.06571841,,未满足 MA5>MA10>MA20>MA60; 60日趋势强度不足
2026-08-11,600810.SH,,rejected_signal,,18.584892,,1.01123512,,未满足 MA5>MA10>MA20>MA60; 60日趋势强度不足
2026-08-11,600811.SH,,rejected_universe,,0.0,,0.0,,不在当日动态股票池(停牌/未上市/已退市/当前ST代理过滤)
2026-08-11,600812.SH,,rejected_signal,,27.531961,,1.05699074,,60日趋势强度不足
2026-08-11,600814.SH,,rejected_signal,,11.390117,,1.00832045,,未满足 MA5>MA10>MA20>MA60; 60日趋势强度不足
2026-08-11,600815.SH,,rejected_signal,,27.845741,,1.16250861,,未满足 MA5>MA10>MA20>MA60; 20日涨幅过热; 60日趋势强度不足; 偏离MA20过远，追高风险
2026-08-11,600816.SH,,rejected_signal,,14.866124,,0.97393543,,未满足 MA5>MA10>MA20>MA60; 60日趋势强度不足
2026-08-11,600817.SH,,rejected_signal,,3.508573,,1.0030272,,未满足 MA5>MA10>MA20>MA60; 20日动量低于门槛; 60日趋势强度不足; 20日平均成交额不足
2026-08-11,600818.SH,,rejected_universe,,39.615273,,1.19178021,,不在当日动态股票池(停牌/未上市/已退市/当前ST代理过滤)
2026-08-11,600819.SH,,rejected_signal,,8.090691,,0.92559397,,未满足 MA5>MA10>MA20>MA60; 60日趋势强度不足
2026-08-11,600820.SH,,rejected_signal,,7.116072,,1.03344536,,未满足 MA5>MA10>MA20>MA60; 收盘价低于MA20; 20日动量低于门槛; 60日趋势强度不足
2026-08-11,600821.SH,,rejected_signal,,16.517292,,0.98551595,,未满足 MA5>MA10>MA20>MA60; 60日趋势强度不足
2026-08-11,600822.SH,,rejected_signal,,18.444855,,0.98618346,,未满足 MA5>MA10>MA20>MA60; 60日趋势强度不足; 20日平均成交额不足
2026-08-11,600823.SH,,rejected_universe,,0.0,,0.0,,不在当日动态股票池(停牌/未上市/已退市/当前ST代理过滤)
2026-08-11,600824.SH,,rejected_signal,,6.505109,,0.99353105,,未满足 MA5>MA10>MA20>MA60; 20日动量低于门槛; 60日趋势强度不足
2026-08-11,600825.SH,,rejected_signal,,15.110458,,1.03447032,,未满足 MA5>MA10>MA20>MA60; 60日趋势强度不足
2026-08-11,600826.SH,,rejected_signal,,0.721658,,0.94265032,,未满足 MA5>MA10>MA20>MA60; 20日动量低于门槛; 60日趋势强度不足
2026-08-11,600827.SH,,rejected_signal,,7.662268,,1.02102172,,未满足 MA5>MA10>MA20>MA60; 20日动量低于门槛; 60日趋势强度不足
2026-08-11,600828.SH,,rejected_signal,,21.671444,,0.99748629,,未满足 MA5>MA10>MA20>MA60; 60日趋势强度不足
2026-08-11,600829.SH,,rejected_rank,21,55.338436,0.81308413,1.10673904,0.78504676,"信号有效, 但综合排名未进入 Top20"
2026-08-11,600830.SH,,rejected_signal,,0.255796,,0.97801936,,未满足 MA5>MA10>MA20>MA60; 20日动量低于门槛; 60日趋势强度不足
2026-08-11,600831.SH,,rejected_signal,,22.112232,,1.01426506,,未满足 MA5>MA10>MA20>MA60; 60日趋势强度不足
2026-08-11,600833.SH,,rejected_signal,,20.535326,,0.98495257,,未满足 MA5>MA10>MA20>MA60; 偏离MA20过远，追高风险
2026-08-11,600834.SH,,rejected_signal,,26.938101,,1.02816606,,未满足 MA5>MA10>MA20>MA60; 60日趋势强度不足; 20日平均成交额不足
2026-08-11,600835.SH,,rejected_signal,,4.176978,,0.9278847,,未满足 MA5>MA10>MA20>MA60; 20日动量低于门槛; 60日趋势强度不足
2026-08-11,600836.SH,,rejected_universe,,0.0,,0.0,,不在当日动态股票池(停牌/未上市/已退市/当前ST代理过滤)
2026-08-11,600837.SH,,rejected_universe,,0.0,,0.0,,不在当日动态股票池(停牌/未上市/已退市/当前ST代理过滤)
2026-08-11,600838.SH,,rejected_signal,,12.064418,,0.97512394,,未满足 MA5>MA10>MA20>MA60; 60日趋势强度不足
2026-08-11,600839.SH,,rejected_signal,,5.931176,,0.99365312,,未满足 MA5>MA10>MA20>MA60; 收盘价低于MA20; 20日动量低于门槛; 60日趋势强度不足
2026-08-11,600841.SH,,rejected_signal,,7.212211,,0.91413462,,未满足 MA5>MA10>MA20>MA60; 20日动量低于门槛; 60日趋势强度不足
2026-08-11,600843.SH,,rejected_signal,,5.325308,,0.91986328,,未满足 MA5>MA10>MA20>MA60; 60日趋势强度不足
2026-08-11,600844.SH,,rejected_signal,,40.275131,,1.19198799,,60日趋势强度不足
2026-08-11,600845.SH,,rejected_signal,,4.369678,,0.99999124,,未满足 MA5>MA10>MA20>MA60; 收盘价低于MA20; 20日动量低于门槛; 60日趋势强度不足
2026-08-11,600846.SH,,rejected_signal,,40.256546,,1.09081113,,60日趋势强度不足
2026-08-11,600847.SH,,rejected_signal,,1.768683,,0.89410043,,未满足 MA5>MA10>MA20>MA60; 60日趋势强度不足
2026-08-11,600848.SH,,rejected_signal,,43.978207,,1.08780384,,未满足 MA5>MA10>MA20>MA60; 60日趋势强度不足
2026-08-11,600850.SH,,rejected_signal,,11.56179,,0.99633825,,未满足 MA5>MA10>MA20>MA60; 60日趋势强度不足
2026-08-11,600851.SH,,rejected_signal,,11.739191,,0.98776829,,未满足 MA5>MA10>MA20>MA60; 20日动量低于门槛
2026-08-11,600853.SH,,rejected_signal,,4.095434,,0.99801546,,未满足 MA5>MA10>MA20>MA60; 60日趋势强度不足
2026-08-11,600854.SH,,rejected_signal,,10.453412,,0.99473411,,未满足 MA5>MA10>MA20>MA60; 60日趋势强度不足; 20日平均成交额不足
2026-08-11,600855.SH,,rejected_signal,,11.545477,,0.89415401,,未满足 MA5>MA10>MA20>MA60; 60日趋势强度不足
2026-08-11,600857.SH,,rejected_signal,,17.008554,,0.99217802,,未满足 MA5>MA10>MA20>MA60; 20日动量低于门槛
2026-08-11,600858.SH,,rejected_signal,,9.166608,,0.99709135,,未满足 MA5>MA10>MA20>MA60; 60日趋势强度不足
2026-08-11,600859.SH,,rejected_signal,,16.897669,,1.02206671,,未满足 MA5>MA10>MA20>MA60; 60日趋势强度不足
2026-08-11,600860.SH,,rejected_signal,,6.253857,,0.9586727,,未满足 MA5>MA10>MA20>MA60; 60日趋势强度不足
2026-08-11,600861.SH,,rejected_signal,,10.571185,,1.04545987,,未满足 MA5>MA10>MA20>MA60; 收盘价低于MA20; 60日趋势强度不足
2026-08-11,600862.SH,,rejected_signal,,8.863356,,1.00878501,,未满足 MA5>MA10>MA20>MA60; 收盘价低于MA20; 20日动量低于门槛; 60日趋势强度不足
2026-08-11,600863.SH,,rejected_signal,,34.638752,,0.94001532,,未满足 MA5>MA10>MA20>MA60
2026-08-11,600864.SH,,rejected_signal,,15.928165,,1.02746928,,未满足 MA5>MA10>MA20>MA60; 60日趋势强度不足
2026-08-11,600865.SH,,rejected_signal,,12.060936,,0.9658426,,未满足 MA5>MA10>MA20>MA60; 60日趋势强度不足
2026-08-11,600866.SH,,rejected_signal,,7.428344,,1.00426018,,未满足 MA5>MA10>MA20>MA60; 收盘价低于MA20; 20日动量低于门槛; 60日趋势强度不足
2026-08-11,600867.SH,,rejected_signal,,23.233341,,1.04062986,,未满足 MA5>MA10>MA20>MA60; 20日动量低于门槛; 60日趋势强度不足
2026-08-11,600868.SH,,rejected_signal,,26.670057,,0.9640401,,未满足 MA5>MA10>MA20>MA60; 60日趋势强度不足
2026-08-11,600869.SH,,rejected_signal,,1.536823,,0.5541417,,未满足 MA5>MA10>MA20>MA60; 20日动量低于门槛; 60日趋势强度不足
2026-08-11,600871.SH,,rejected_signal,,23.067238,,1.01267326,,未满足 MA5>MA10>MA20>MA60; 60日趋势强度不足
2026-08-11,600872.SH,,rejected_signal,,28.90184,,1.07826221,,未满足 MA5>MA10>MA20>MA60; 60日趋势强度不足
2026-08-11,600873.SH,,rejected_signal,,10.033847,,0.97207689,,未满足 MA5>MA10>MA20>MA60; 收盘价低于MA20; 20日动量低于门槛; 60日趋势强度不足
2026-08-11,600874.SH,,rejected_signal,,6.548187,,1.01560187,,未满足 MA5>MA10>MA20>MA60; 20日动量低于门槛; 60日趋势强度不足
2026-08-11,600875.SH,,rejected_signal,,5.959175,,0.93925065,,未满足 MA5>MA10>MA20>MA60; 20日动量低于门槛; 60日趋势强度不足
2026-08-11,600876.SH,,rejected_signal,,5.001746,,0.91267562,,未满足 MA5>MA10>MA20>MA60; 60日趋势强度不足; 20日平均成交额不足
2026-08-11,600877.SH,,rejected_signal,,8.645974,,0.87978679,,未满足 MA5>MA10>MA20>MA60; 20日动量低于门槛; 60日趋势强度不足
2026-08-11,600879.SH,,rejected_signal,,11.852283,,0.82034731,,未满足 MA5>MA10>MA20>MA60; 20日动量低于门槛; 60日趋势强度不足
2026-08-11,600880.SH,,rejected_signal,,12.448709,,1.01430464,,未满足 MA5>MA10>MA20>MA60; 60日趋势强度不足
2026-08-11,600881.SH,,rejected_signal,,52.169956,,1.09415317,,未满足 MA5>MA10>MA20>MA60
2026-08-11,600882.SH,,rejected_signal,,45.972816,,1.14193082,,未满足 MA5>MA10>MA20>MA60
2026-08-11,600883.SH,,rejected_signal,,7.045444,,0.9887293,,未满足 MA5>MA10>MA20>MA60; 60日趋势强度不足
2026-08-11,600884.SH,,rejected_signal,,9.158595,,0.95542949,,未满足 MA5>MA10>MA20>MA60; 收盘价低于MA20; 20日动量低于门槛; 60日趋势强度不足
2026-08-11,600885.SH,,rejected_signal,,14.744571,,1.05344319,,未满足 MA5>MA10>MA20>MA60; 20日动量低于门槛
2026-08-11,600886.SH,,rejected_signal,,28.392076,,1.06728065,,未满足 MA5>MA10>MA20>MA60; 收盘价低于MA20
2026-08-11,600887.SH,,rejected_signal,,19.861639,,1.02696407,,未满足 MA5>MA10>MA20>MA60; 收盘价低于MA20; 60日趋势强度不足
2026-08-11,600888.SH,,rejected_signal,,13.696361,,0.81863874,,未满足 MA5>MA10>MA20>MA60; 20日动量低于门槛
2026-08-11,600889.SH,,rejected_universe,,4.097622,,0.88909012,,不在当日动态股票池(停牌/未上市/已退市/当前ST代理过滤)
2026-08-11,600892.SH,,rejected_signal,,45.98447,,1.06890094,,未满足 MA5>MA10>MA20>MA60; 60日趋势强度不足
2026-08-11,600893.SH,,rejected_signal,,19.534761,,0.93109965,,未满足 MA5>MA10>MA20>MA60; 60日趋势强度不足
2026-08-11,600894.SH,,rejected_signal,,2.250183,,0.99789131,,未满足 MA5>MA10>MA20>MA60; 20日动量低于门槛; 60日趋势强度不足
2026-08-11,600895.SH,,rejected_signal,,6.424981,,0.93209714,,未满足 MA5>MA10>MA20>MA60; 20日动量低于门槛; 60日趋势强度不足
2026-08-11,600897.SH,,rejected_signal,,4.621273,,1.01780188,,未满足 MA5>MA10>MA20>MA60; 20日动量低于门槛; 60日趋势强度不足; 20日平均成交额不足
2026-08-11,600898.SH,,rejected_universe,,0.0,,0.0,,不在当日动态股票池(停牌/未上市/已退市/当前ST代理过滤)
2026-08-11,600900.SH,,rejected_signal,,21.41503,,1.04077506,,未满足 MA5>MA10>MA20>MA60; 收盘价低于MA20; 20日动量低于门槛
2026-08-11,600901.SH,,rejected_signal,,14.33736,,1.00199258,,未满足 MA5>MA10>MA20>MA60; 收盘价低于MA20; 60日趋势强度不足
2026-08-11,600903.SH,,rejected_signal,,7.794168,,0.85436422,,未满足 MA5>MA10>MA20>MA60; 60日趋势强度不足
2026-08-11,600905.SH,,rejected_signal,,7.098977,,0.98879659,,未满足 MA5>MA10>MA20>MA60; 收盘价低于MA20; 20日动量低于门槛; 60日趋势强度不足
2026-08-11,600906.SH,,rejected_signal,,4.547919,,0.9506551,,未满足 MA5>MA10>MA20>MA60; 收盘价低于MA20; 20日动量低于门槛
2026-08-11,600908.SH,,rejected_signal,,10.466462,,1.04479039,,未满足 MA5>MA10>MA20>MA60; 收盘价低于MA20; 20日动量低于门槛; 60日趋势强度不足
2026-08-11,600909.SH,,rejected_signal,,14.072371,,0.90458292,,未满足 MA5>MA10>MA20>MA60; 收盘价低于MA20; 20日动量低于门槛
2026-08-11,600916.SH,,rejected_signal,,39.337963,,1.02867389,,60日趋势强度不足
2026-08-11,600917.SH,,rejected_signal,,2.692765,,0.99443567,,未满足 MA5>MA10>MA20>MA60; 20日动量低于门槛; 60日趋势强度不足; 20日平均成交额不足
2026-08-11,600918.SH,,rejected_signal,,11.238046,,1.03724098,,未满足 MA5>MA10>MA20>MA60; 收盘价低于MA20; 20日动量低于门槛; 60日趋势强度不足
2026-08-11,600919.SH,,rejected_rank,108,20.504536,0.0,1.01837575,0.01308411,"信号有效, 但综合排名未进入 Top20"
2026-08-11,600925.SH,,rejected_signal,,3.741158,,0.98510033,,未满足 MA5>MA10>MA20>MA60; 20日动量低于门槛; 60日趋势强度不足
2026-08-11,600926.SH,,rejected_signal,,15.646667,,1.02634525,,未满足 MA5>MA10>MA20>MA60; 20日动量低于门槛; 60日趋势强度不足
2026-08-11,600927.SH,,rejected_signal,,9.116423,,1.02603352,,未满足 MA5>MA10>MA20>MA60; 收盘价低于MA20; 20日动量低于门槛; 60日趋势强度不足
2026-08-11,600928.SH,,rejected_signal,,11.877825,,1.0388571,,未满足 MA5>MA10>MA20>MA60; 收盘价低于MA20; 20日动量低于门槛; 60日趋势强度不足
2026-08-11,600929.SH,,rejected_signal,,39.117825,,1.04935849,,60日趋势强度不足
2026-08-11,600930.SH,,rejected_signal,,7.078496,,0.85731554,,未满足 MA5>MA10>MA20>MA60; 收盘价低于MA20; 20日动量低于门槛; 60日趋势强度不足
2026-08-11,600933.SH,,rejected_signal,,3.17721,,0.95373595,,未满足 MA5>MA10>MA20>MA60; 20日动量低于门槛; 60日趋势强度不足
2026-08-11,600935.SH,,rejected_signal,,3.954088,,0.99549311,,未满足 MA5>MA10>MA20>MA60; 20日动量低于门槛; 60日趋势强度不足
2026-08-11,600936.SH,,rejected_rank,73,42.918041,0.32710281,1.14748716,0.43364486,"信号有效, 但综合排名未进入 Top20"
2026-08-11,600938.SH,,rejected_signal,,44.655785,,1.00568581,,未满足 MA5>MA10>MA20>MA60; 60日趋势强度不足
2026-08-11,600939.SH,,rejected_signal,,10.29822,,1.02782989,,未满足 MA5>MA10>MA20>MA60; 20日动量低于门槛; 60日趋势强度不足; 20日平均成交额不足
2026-08-11,600941.SH,,rejected_signal,,20.7829,,1.02815723,,未满足 MA5>MA10>MA20>MA60; 60日趋势强度不足
2026-08-11,600955.SH,,rejected_signal,,3.3195,,0.85834259,,未满足 MA5>MA10>MA20>MA60; 20日动量低于门槛; 60日趋势强度不足
2026-08-11,600956.SH,,rejected_signal,,8.176914,,0.97474772,,未满足 MA5>MA10>MA20>MA60; 收盘价低于MA20; 20日动量低于门槛; 60日趋势强度不足
2026-08-11,600958.SH,,rejected_signal,,7.909095,,1.00833094,,未满足 MA5>MA10>MA20>MA60; 20日动量低于门槛; 60日趋势强度不足
2026-08-11,600959.SH,,rejected_signal,,7.429652,,0.99012715,,未满足 MA5>MA10>MA20>MA60; 60日趋势强度不足
2026-08-11,600960.SH,,rejected_signal,,10.205674,,0.98328233,,未满足 MA5>MA10>MA20>MA60; 60日趋势强度不足
2026-08-11,600961.SH,,rejected_signal,,27.352074,,0.89418209,,未满足 MA5>MA10>MA20>MA60; 60日趋势强度不足
2026-08-11,600962.SH,,rejected_signal,,38.951527,,1.09241402,,未满足 MA5>MA10>MA20>MA60
2026-08-11,600963.SH,,rejected_signal,,22.830053,,0.99398708,,未满足 MA5>MA10>MA20>MA60; 60日趋势强度不足
2026-08-11,600965.SH,,rejected_universe,,0.796623,,0.95049965,,不在当日动态股票池(停牌/未上市/已退市/当前ST代理过滤)
2026-08-11,600966.SH,,rejected_signal,,13.577098,,0.95332664,,未满足 MA5>MA10>MA20>MA60; 60日趋势强度不足
2026-08-11,600967.SH,,rejected_signal,,38.437145,,1.00239456,,未满足 MA5>MA10>MA20>MA60; 60日趋势强度不足
2026-08-11,600968.SH,,rejected_signal,,28.695032,,1.05333006,,未满足 MA5>MA10>MA20>MA60; 60日趋势强度不足
2026-08-11,600969.SH,,rejected_signal,,30.826696,,0.9349528,,未满足 MA5>MA10>MA20>MA60; 60日趋势强度不足
2026-08-11,600970.SH,,rejected_signal,,19.597916,,1.00090766,,未满足 MA5>MA10>MA20>MA60; 60日趋势强度不足
2026-08-11,600971.SH,,rejected_rank,50,47.990585,0.54205608,1.04109049,0.46915889,"信号有效, 但综合排名未进入 Top20"
2026-08-11,600973.SH,,rejected_signal,,13.433914,,0.95480752,,未满足 MA5>MA10>MA20>MA60; 60日趋势强度不足
2026-08-11,600975.SH,,rejected_signal,,9.913371,,1.00744557,,20日动量低于门槛; 60日趋势强度不足
2026-08-11,600976.SH,,rejected_signal,,18.001007,,1.00490403,,60日趋势强度不足
2026-08-11,600977.SH,,rejected_signal,,21.755186,,0.95166081,,未满足 MA5>MA10>MA20>MA60; 60日趋势强度不足
2026-08-11,600979.SH,,rejected_signal,,12.698105,,0.94307119,,未满足 MA5>MA10>MA20>MA60; 60日趋势强度不足
2026-08-11,600980.SH,,rejected_signal,,18.364685,,0.93168199,,未满足 MA5>MA10>MA20>MA60; 60日趋势强度不足
2026-08-11,600981.SH,,rejected_signal,,14.47186,,0.99489844,,未满足 MA5>MA10>MA20>MA60; 60日趋势强度不足
2026-08-11,600982.SH,,rejected_signal,,21.378641,,0.95695418,,未满足 MA5>MA10>MA20>MA60; 60日趋势强度不足
2026-08-11,600983.SH,,rejected_signal,,14.446512,,1.03166735,,未满足 MA5>MA10>MA20>MA60; 60日趋势强度不足; 20日平均成交额不足
2026-08-11,600984.SH,,rejected_universe,,0.0,,0.0,,不在当日动态股票池(停牌/未上市/已退市/当前ST代理过滤)
2026-08-11,600985.SH,,rejected_rank,26,53.433113,0.76635516,0.98157877,0.61308414,"信号有效, 但综合排名未进入 Top20"
2026-08-11,600986.SH,,rejected_signal,,34.490459,,1.04987752,,未满足 MA5>MA10>MA20>MA60; 60日趋势强度不足
2026-08-11,600987.SH,,rejected_signal,,10.781108,,1.01153016,,60日趋势强度不足
2026-08-11,600988.SH,,selected_signal,2,67.006706,0.99065423,1.13315153,0.9457944,quality_momentum 横截面排名进入 Top20
2026-08-11,600989.SH,,rejected_signal,,37.292988,,1.00782382,,60日趋势强度不足
2026-08-11,600990.SH,,rejected_signal,,8.781996,,0.96675032,,未满足 MA5>MA10>MA20>MA60; 60日趋势强度不足
2026-08-11,600992.SH,,rejected_signal,,11.419041,,0.9427312,,未满足 MA5>MA10>MA20>MA60; 20日动量低于门槛; 60日趋势强度不足
2026-08-11,600993.SH,,rejected_signal,,13.630466,,1.04226661,,未满足 MA5>MA10>MA20>MA60; 20日动量低于门槛; 60日趋势强度不足
2026-08-11,600995.SH,,rejected_signal,,18.763437,,0.98965764,,未满足 MA5>MA10>MA20>MA60; 60日趋势强度不足
2026-08-11,600996.SH,,rejected_signal,,20.565075,,0.91921872,,未满足 MA5>MA10>MA20>MA60; 60日趋势强度不足
2026-08-11,600997.SH,,rejected_signal,,23.429689,,1.07844412,,未满足 MA5>MA10>MA20>MA60; 60日趋势强度不足
2026-08-11,600998.SH,,rejected_signal,,15.461537,,1.03691721,,未满足 MA5>MA10>MA20>MA60; 收盘价低于MA20; 20日动量低于门槛
2026-08-11,600999.SH,,rejected_signal,,9.759302,,0.95946771,,未满足 MA5>MA10>MA20>MA60; 收盘价低于MA20; 20日动量低于门槛
2026-08-11,601000.SH,,rejected_signal,,34.92836,,1.08552873,,未满足 MA5>MA10>MA20>MA60; 收盘价低于MA20
2026-08-11,601001.SH,,rejected_signal,,7.01932,,0.8974148,,未满足 MA5>MA10>MA20>MA60; 60日趋势强度不足
2026-08-11,601002.SH,,rejected_signal,,38.810772,,1.05728841,,60日趋势强度不足
2026-08-11,601003.SH,,rejected_signal,,31.160397,,1.08962572,,未满足 MA5>MA10>MA20>MA60; 60日趋势强度不足
2026-08-11,601005.SH,,rejected_signal,,4.223696,,0.99412519,,未满足 MA5>MA10>MA20>MA60; 收盘价低于MA20; 20日动量低于门槛; 60日趋势强度不足
2026-08-11,601006.SH,,rejected_signal,,11.232114,,1.00722766,,未满足 MA5>MA10>MA20>MA60; 收盘价低于MA20; 20日动量低于门槛; 60日趋势强度不足
2026-08-11,601007.SH,,rejected_signal,,17.107544,,1.01864195,,未满足 MA5>MA10>MA20>MA60; 60日趋势强度不足
2026-08-11,601008.SH,,rejected_signal,,4.209051,,1.00779128,,未满足 MA5>MA10>MA20>MA60; 60日趋势强度不足
2026-08-11,601009.SH,,rejected_signal,,15.685771,,1.03721702,,未满足 MA5>MA10>MA20>MA60; 收盘价低于MA20; 20日动量低于门槛; 60日趋势强度不足
2026-08-11,601010.SH,,rejected_universe,,1.981588,,0.9620229,,不在当日动态股票池(停牌/未上市/已退市/当前ST代理过滤)
2026-08-11,601011.SH,,rejected_signal,,2.235806,,0.95890254,,未满足 MA5>MA10>MA20>MA60; 60日趋势强度不足
2026-08-11,601012.SH,,rejected_signal,,19.682301,,1.00215042,,未满足 MA5>MA10>MA20>MA60; 60日趋势强度不足
2026-08-11,601015.SH,,rejected_signal,,36.364204,,1.0065254,,未满足 MA5>MA10>MA20>MA60; 60日趋势强度不足
2026-08-11,601016.SH,,rejected_signal,,26.341549,,0.93045551,,未满足 MA5>MA10>MA20>MA60; 60日趋势强度不足
2026-08-11,601018.SH,,rejected_signal,,6.26499,,1.01661646,,未满足 MA5>MA10>MA20>MA60; 收盘价低于MA20; 20日动量低于门槛; 60日趋势强度不足
2026-08-11,601019.SH,,rejected_signal,,10.331023,,1.06564879,,未满足 MA5>MA10>MA20>MA60; 收盘价低于MA20; 20日动量低于门槛; 60日趋势强度不足
2026-08-11,601020.SH,,rejected_signal,,22.697399,,0.88941646,,未满足 MA5>MA10>MA20>MA60; 60日趋势强度不足
2026-08-11,601021.SH,,rejected_signal,,10.094676,,0.99692619,,未满足 MA5>MA10>MA20>MA60; 收盘价低于MA20; 20日动量低于门槛; 60日趋势强度不足
2026-08-11,601022.SH,,rejected_signal,,9.195825,,1.01874352,,未满足 MA5>MA10>MA20>MA60; 收盘价低于MA20; 20日动量低于门槛; 60日趋势强度不足
2026-08-11,601026.SH,,rejected_signal,,23.85467,,0.99221265,,未满足 MA5>MA10>MA20>MA60; 60日趋势强度不足
2026-08-11,601028.SH,,rejected_universe,,0.0,,0.0,,不在当日动态股票池(停牌/未上市/已退市/当前ST代理过滤)
2026-08-11,601033.SH,,rejected_signal,,9.140727,,1.03172398,,未满足 MA5>MA10>MA20>MA60; 20日动量低于门槛; 60日趋势强度不足
2026-08-11,601038.SH,,rejected_signal,,45.691769,,1.1053592,,未满足 MA5>MA10>MA20>MA60; 收盘价低于MA20; 60日趋势强度不足
2026-08-11,601058.SH,,rejected_signal,,31.790745,,1.06725872,,未满足 MA5>MA10>MA20>MA60; 收盘价低于MA20
2026-08-11,601059.SH,,rejected_signal,,9.160054,,1.01815712,,20日动量低于门槛; 60日趋势强度不足
2026-08-11,601061.SH,,rejected_signal,,44.466885,,0.99367189,,未满足 MA5>MA10>MA20>MA60; 60日趋势强度不足
2026-08-11,601065.SH,,rejected_signal,,4.879426,,0.97463846,,未满足 MA5>MA10>MA20>MA60; 20日动量低于门槛; 60日趋势强度不足
2026-08-11,601066.SH,,rejected_signal,,18.147938,,0.98978215,,未满足 MA5>MA10>MA20>MA60; 收盘价低于MA20; 20日动量低于门槛
2026-08-11,601068.SH,,rejected_signal,,13.605115,,0.95819062,,未满足 MA5>MA10>MA20>MA60; 60日趋势强度不足
2026-08-11,601069.SH,,rejected_signal,,49.519085,,0.99721152,,未满足 MA5>MA10>MA20>MA60; 60日趋势强度不足
2026-08-11,601077.SH,,rejected_signal,,7.294926,,0.98985356,,未满足 MA5>MA10>MA20>MA60; 收盘价低于MA20; 20日动量低于门槛; 60日趋势强度不足
2026-08-11,601083.SH,,rejected_signal,,28.278917,,1.05616164,,未满足 MA5>MA10>MA20>MA60; 60日趋势强度不足
2026-08-11,601086.SH,,rejected_signal,,48.966373,,1.08431208,,60日趋势强度不足
2026-08-11,601088.SH,,rejected_signal,,16.205368,,0.99040926,,未满足 MA5>MA10>MA20>MA60; 20日动量低于门槛; 60日趋势强度不足
2026-08-11,601089.SH,,rejected_signal,,18.22724,,1.02060747,,20日动量低于门槛; 60日趋势强度不足
2026-08-11,601096.SH,,rejected_signal,,9.008577,,0.98958659,,未满足 MA5>MA10>MA20>MA60; 60日趋势强度不足
2026-08-11,601098.SH,,rejected_signal,,17.66663,,1.06536269,,未满足 MA5>MA10>MA20>MA60; 收盘价低于MA20; 60日趋势强度不足
2026-08-11,601099.SH,,rejected_signal,,7.788697,,1.02859056,,未满足 MA5>MA10>MA20>MA60; 收盘价低于MA20; 20日动量低于门槛; 60日趋势强度不足
2026-08-11,601100.SH,,rejected_signal,,16.321732,,0.96260971,,未满足 MA5>MA10>MA20>MA60; 20日动量低于门槛; 60日趋势强度不足
2026-08-11,601101.SH,,rejected_signal,,42.521606,,0.95616257,,未满足 MA5>MA10>MA20>MA60
2026-08-11,601106.SH,,rejected_signal,,15.285018,,0.97032726,,未满足 MA5>MA10>MA20>MA60; 60日趋势强度不足
2026-08-11,601107.SH,,rejected_signal,,11.496948,,1.04005802,,未满足 MA5>MA10>MA20>MA60; 收盘价低于MA20; 60日趋势强度不足
2026-08-11,601108.SH,,rejected_signal,,11.977092,,1.03206503,,未满足 MA5>MA10>MA20>MA60; 收盘价低于MA20; 20日动量低于门槛; 60日趋势强度不足
2026-08-11,601111.SH,,rejected_signal,,16.014872,,0.97651613,,未满足 MA5>MA10>MA20>MA60; 收盘价低于MA20; 20日动量低于门槛; 60日趋势强度不足
2026-08-11,601112.SH,,rejected_signal,,2.192605,,0.92598736,,未满足 MA5>MA10>MA20>MA60; 20日动量低于门槛; 60日趋势强度不足
2026-08-11,601113.SH,,rejected_signal,,5.411754,,0.95249426,,未满足 MA5>MA10>MA20>MA60; 60日趋势强度不足
2026-08-11,601116.SH,,rejected_signal,,32.998703,,0.9830544,,未满足 MA5>MA10>MA20>MA60; 60日趋势强度不足
2026-08-11,601117.SH,,rejected_signal,,13.824183,,1.00585055,,未满足 MA5>MA10>MA20>MA60; 20日动量低于门槛; 60日趋势强度不足
2026-08-11,601118.SH,,rejected_signal,,20.338717,,0.9569512,,未满足 MA5>MA10>MA20>MA60; 60日趋势强度不足
2026-08-11,601121.SH,,rejected_signal,,43.463947,,1.07272959,,60日趋势强度不足
2026-08-11,601126.SH,,rejected_signal,,2.493932,,0.67513043,,未满足 MA5>MA10>MA20>MA60; 20日动量低于门槛; 60日趋势强度不足
2026-08-11,601127.SH,,rejected_signal,,7.039095,,0.9063648,,未满足 MA5>MA10>MA20>MA60; 收盘价低于MA20; 60日趋势强度不足
2026-08-11,601128.SH,,rejected_signal,,10.089361,,1.0090251,,未满足 MA5>MA10>MA20>MA60; 收盘价低于MA20; 20日动量低于门槛; 60日趋势强度不足
2026-08-11,601133.SH,,rejected_signal,,0.0,,0.72144091,,未满足 MA5>MA10>MA20>MA60; 收盘价低于MA20; 20日动量低于门槛; 60日趋势强度不足
2026-08-11,601136.SH,,rejected_signal,,9.943398,,1.0372107,,未满足 MA5>MA10>MA20>MA60; 60日趋势强度不足
2026-08-11,601137.SH,,rejected_signal,,3.249494,,0.83720338,,未满足 MA5>MA10>MA20>MA60; 20日动量低于门槛; 60日趋势强度不足
2026-08-11,601138.SH,,rejected_signal,,7.977742,,0.88150418,,未满足 MA5>MA10>MA20>MA60; 20日动量低于门槛; 60日趋势强度不足
2026-08-11,601139.SH,,rejected_signal,,17.02014,,1.0471437,,未满足 MA5>MA10>MA20>MA60; 收盘价低于MA20; 60日趋势强度不足
2026-08-11,601155.SH,,rejected_signal,,10.676042,,0.93924659,,未满足 MA5>MA10>MA20>MA60; 收盘价低于MA20; 60日趋势强度不足
2026-08-11,601156.SH,,rejected_rank,44,49.63755,0.59813082,1.05354679,0.52897197,"信号有效, 但综合排名未进入 Top20"
2026-08-11,601158.SH,,rejected_signal,,4.507509,,1.01924765,,未满足 MA5>MA10>MA20>MA60; 收盘价低于MA20; 20日动量低于门槛; 60日趋势强度不足
2026-08-11,601162.SH,,rejected_signal,,13.152164,,1.06045187,,未满足 MA5>MA10>MA20>MA60; 收盘价低于MA20; 20日动量低于门槛; 60日趋势强度不足
2026-08-11,601163.SH,,rejected_signal,,8.48473,,1.01691282,,未满足 MA5>MA10>MA20>MA60; 60日趋势强度不足
2026-08-11,601166.SH,,rejected_signal,,24.645592,,1.04341316,,未满足 MA5>MA10>MA20>MA60; 收盘价低于MA20
2026-08-11,601168.SH,,selected_signal,1,72.230049,1.0,1.17969489,0.9813084,quality_momentum 横截面排名进入 Top20
2026-08-11,601169.SH,,rejected_signal,,13.921256,,1.03779089,,未满足 MA5>MA10>MA20>MA60; 收盘价低于MA20; 20日动量低于门槛; 60日趋势强度不足
2026-08-11,601177.SH,,rejected_signal,,11.740249,,0.94546854,,未满足 MA5>MA10>MA20>MA60; 60日趋势强度不足
2026-08-11,601179.SH,,rejected_signal,,19.682072,,0.98983985,,未满足 MA5>MA10>MA20>MA60; 60日趋势强度不足
2026-08-11,601186.SH,,rejected_signal,,13.451619,,1.03056645,,未满足 MA5>MA10>MA20>MA60; 收盘价低于MA20; 20日动量低于门槛; 60日趋势强度不足
2026-08-11,601187.SH,,rejected_signal,,15.873991,,1.03642619,,未满足 MA5>MA10>MA20>MA60; 收盘价低于MA20; 20日动量低于门槛; 60日趋势强度不足
2026-08-11,601188.SH,,rejected_signal,,2.968971,,0.99057531,,未满足 MA5>MA10>MA20>MA60; 收盘价低于MA20; 20日动量低于门槛; 60日趋势强度不足
2026-08-11,601198.SH,,rejected_signal,,13.653109,,1.0413034,,20日动量低于门槛
2026-08-11,601199.SH,,rejected_signal,,17.448067,,0.97576284,,未满足 MA5>MA10>MA20>MA60
2026-08-11,601200.SH,,rejected_signal,,4.866247,,1.01440203,,未满足 MA5>MA10>MA20>MA60; 60日趋势强度不足
2026-08-11,601208.SH,,rejected_signal,,6.282967,,0.54713392,,未满足 MA5>MA10>MA20>MA60; 20日动量低于门槛; 60日趋势强度不足; 20日年化波动过高
2026-08-11,601211.SH,,rejected_signal,,18.834717,,1.02647507,,未满足 MA5>MA10>MA20>MA60; 收盘价低于MA20; 20日动量低于门槛
2026-08-11,601212.SH,,rejected_signal,,30.122543,,0.92934316,,未满足 MA5>MA10>MA20>MA60; 60日趋势强度不足
2026-08-11,601216.SH,,rejected_signal,,12.549661,,1.02139819,,未满足 MA5>MA10>MA20>MA60; 收盘价低于MA20; 20日动量低于门槛; 60日趋势强度不足
2026-08-11,601218.SH,,rejected_signal,,27.871439,,0.99575138,,未满足 MA5>MA10>MA20>MA60; 60日趋势强度不足
2026-08-11,601222.SH,,rejected_signal,,9.144001,,0.99642199,,未满足 MA5>MA10>MA20>MA60; 60日趋势强度不足
2026-08-11,601225.SH,,rejected_rank,92,33.732449,0.14953271,1.00458944,0.12523364,"信号有效, 但综合排名未进入 Top20"
2026-08-11,601226.SH,,rejected_signal,,5.811663,,0.94331223,,未满足 MA5>MA10>MA20>MA60; 60日趋势强度不足
2026-08-11,601228.SH,,rejected_signal,,10.006397,,1.03166211,,未满足 MA5>MA10>MA20>MA60; 收盘价低于MA20; 20日动量低于门槛; 60日趋势强度不足
2026-08-11,601229.SH,,rejected_signal,,12.735385,,1.03797174,,未满足 MA5>MA10>MA20>MA60; 收盘价低于MA20; 20日动量低于门槛; 60日趋势强度不足
2026-08-11,601231.SH,,rejected_signal,,1.937194,,0.6884616,,未满足 MA5>MA10>MA20>MA60; 20日动量低于门槛; 60日趋势强度不足
2026-08-11,601233.SH,,selected_signal,11,58.519344,0.90654206,1.03111589,0.74579442,quality_momentum 横截面排名进入 Top20
2026-08-11,601236.SH,,rejected_signal,,6.817597,,1.02703536,,未满足 MA5>MA10>MA20>MA60; 收盘价低于MA20; 20日动量低于门槛; 60日趋势强度不足
2026-08-11,601238.SH,,rejected_signal,,13.625097,,0.97518408,,未满足 MA5>MA10>MA20>MA60; 收盘价低于MA20; 60日趋势强度不足
2026-08-11,601279.SH,,rejected_signal,,9.860732,,0.98365784,,未满足 MA5>MA10>MA20>MA60; 60日趋势强度不足
2026-08-11,601288.SH,,rejected_signal,,16.254753,,1.02460241,,未满足 MA5>MA10>MA20>MA60; 收盘价低于MA20; 20日动量低于门槛; 60日趋势强度不足
2026-08-11,601298.SH,,rejected_signal,,21.278631,,1.02713013,,未满足 MA5>MA10>MA20>MA60; 60日趋势强度不足
2026-08-11,601311.SH,,rejected_signal,,7.235747,,1.00756919,,未满足 MA5>MA10>MA20>MA60; 收盘价低于MA20; 20日动量低于门槛; 60日趋势强度不足
2026-08-11,601318.SH,,rejected_signal,,28.467178,,1.03965771,,未满足 MA5>MA10>MA20>MA60; 收盘价低于MA20; 60日趋势强度不足
2026-08-11,601319.SH,,rejected_signal,,12.64787,,1.02570462,,未满足 MA5>MA10>MA20>MA60; 收盘价低于MA20; 20日动量低于门槛; 60日趋势强度不足
2026-08-11,601326.SH,,rejected_signal,,18.601557,,1.05894387,,未满足 MA5>MA10>MA20>MA60; 收盘价低于MA20; 60日趋势强度不足
2026-08-11,601328.SH,,rejected_signal,,22.174683,,1.04996407,,未满足 MA5>MA10>MA20>MA60; 收盘价低于MA20; 20日动量低于门槛
2026-08-11,601330.SH,,rejected_signal,,5.205662,,0.95878321,,未满足 MA5>MA10>MA20>MA60; 20日动量低于门槛; 60日趋势强度不足
2026-08-11,601333.SH,,rejected_signal,,8.540485,,1.02526522,,未满足 MA5>MA10>MA20>MA60; 收盘价低于MA20; 20日动量低于门槛; 60日趋势强度不足
2026-08-11,601336.SH,,rejected_signal,,18.197371,,1.01288986,,未满足 MA5>MA10>MA20>MA60; 收盘价低于MA20; 20日动量低于门槛; 60日趋势强度不足
2026-08-11,601339.SH,,rejected_signal,,32.047077,,1.09249115,,未满足 MA5>MA10>MA20>MA60; 收盘价低于MA20; 20日动量低于门槛; 60日趋势强度不足
2026-08-11,601360.SH,,rejected_signal,,30.445089,,1.03710604,,未满足 MA5>MA10>MA20>MA60; 60日趋势强度不足
2026-08-11,601366.SH,,rejected_signal,,7.484566,,1.0166465,,未满足 MA5>MA10>MA20>MA60; 20日动量低于门槛; 60日趋势强度不足
2026-08-11,601368.SH,,rejected_signal,,13.387784,,0.99827647,,未满足 MA5>MA10>MA20>MA60; 60日趋势强度不足; 20日平均成交额不足
2026-08-11,601369.SH,,rejected_signal,,17.97822,,1.25139821,,未满足 MA5>MA10>MA20>MA60; 收盘价低于MA20; 20日动量低于门槛; 60日趋势强度不足
2026-08-11,601375.SH,,rejected_signal,,9.606544,,1.03670979,,未满足 MA5>MA10>MA20>MA60; 收盘价低于MA20; 20日动量低于门槛; 60日趋势强度不足
2026-08-11,601377.SH,,rejected_signal,,4.795261,,1.01417279,,未满足 MA5>MA10>MA20>MA60; 收盘价低于MA20; 20日动量低于门槛; 60日趋势强度不足
2026-08-11,601388.SH,,rejected_signal,,43.830811,,1.00661695,,未满足 MA5>MA10>MA20>MA60; 60日趋势强度不足
2026-08-11,601390.SH,,rejected_signal,,16.586859,,1.0158577,,未满足 MA5>MA10>MA20>MA60; 收盘价低于MA20; 60日趋势强度不足
2026-08-11,601398.SH,,rejected_signal,,16.778439,,1.03130996,,未满足 MA5>MA10>MA20>MA60; 收盘价低于MA20; 20日动量低于门槛
2026-08-11,601399.SH,,rejected_signal,,11.65865,,0.96613276,,未满足 MA5>MA10>MA20>MA60; 60日趋势强度不足
2026-08-11,601456.SH,,rejected_signal,,9.668385,,1.00812781,,未满足 MA5>MA10>MA20>MA60; 20日动量低于门槛; 60日趋势强度不足
2026-08-11,601500.SH,,rejected_signal,,10.013294,,1.00667942,,未满足 MA5>MA10>MA20>MA60; 20日动量低于门槛; 60日趋势强度不足
2026-08-11,601512.SH,,rejected_signal,,1.095774,,0.98527104,,未满足 MA5>MA10>MA20>MA60; 20日动量低于门槛; 60日趋势强度不足; 20日平均成交额不足
2026-08-11,601515.SH,,rejected_signal,,19.655857,,0.93357038,,未满足 MA5>MA10>MA20>MA60; 60日趋势强度不足
2026-08-11,601518.SH,,rejected_signal,,3.29182,,0.99577987,,未满足 MA5>MA10>MA20>MA60; 收盘价低于MA20; 20日动量低于门槛; 60日趋势强度不足
2026-08-11,601519.SH,,rejected_signal,,12.864572,,0.9583919,,未满足 MA5>MA10>MA20>MA60; 60日趋势强度不足
2026-08-11,601528.SH,,rejected_signal,,17.502094,,1.06002676,,未满足 MA5>MA10>MA20>MA60; 收盘价低于MA20; 60日趋势强度不足
2026-08-11,601555.SH,,rejected_signal,,13.126415,,1.02962172,,20日动量低于门槛; 60日趋势强度不足
2026-08-11,601566.SH,,rejected_signal,,2.542732,,0.91563201,,未满足 MA5>MA10>MA20>MA60; 60日趋势强度不足
2026-08-11,601567.SH,,rejected_signal,,38.75993,,1.04943907,,未满足 MA5>MA10>MA20>MA60; 60日趋势强度不足
2026-08-11,601568.SH,,rejected_signal,,19.206501,,1.02613699,,60日趋势强度不足
2026-08-11,601577.SH,,rejected_signal,,11.518955,,1.03417158,,未满足 MA5>MA10>MA20>MA60; 收盘价低于MA20; 20日动量低于门槛; 60日趋势强度不足
2026-08-11,601579.SH,,rejected_signal,,12.506874,,0.99374324,,未满足 MA5>MA10>MA20>MA60; 60日趋势强度不足
2026-08-11,601588.SH,,rejected_signal,,10.73665,,0.96334946,,未满足 MA5>MA10>MA20>MA60; 60日趋势强度不足
2026-08-11,601595.SH,,rejected_signal,,27.279806,,1.00330126,,未满足 MA5>MA10>MA20>MA60; 60日趋势强度不足
2026-08-11,601598.SH,,rejected_rank,48,49.305241,0.56074768,1.10658026,0.58130842,"信号有效, 但综合排名未进入 Top20"
2026-08-11,601599.SH,,rejected_signal,,9.891713,,1.02525592,,未满足 MA5>MA10>MA20>MA60; 60日趋势强度不足
2026-08-11,601600.SH,,rejected_signal,,43.368347,,0.98529136,,未满足 MA5>MA10>MA20>MA60; 60日趋势强度不足
2026-08-11,601601.SH,,rejected_signal,,27.412933,,1.03874862,,未满足 MA5>MA10>MA20>MA60; 收盘价低于MA20; 60日趋势强度不足
2026-08-11,601606.SH,,rejected_signal,,41.931473,,1.07476807,,20日涨幅过热; 60日趋势强度不足
2026-08-11,601607.SH,,rejected_signal,,16.19401,,1.03260636,,未满足 MA5>MA10>MA20>MA60; 20日动量低于门槛; 60日趋势强度不足
2026-08-11,601608.SH,,rejected_signal,,3.807167,,0.96374989,,未满足 MA5>MA10>MA20>MA60; 20日动量低于门槛; 60日趋势强度不足
2026-08-11,601609.SH,,rejected_signal,,5.066239,,0.89943177,,未满足 MA5>MA10>MA20>MA60; 20日动量低于门槛; 60日趋势强度不足
2026-08-11,601611.SH,,rejected_signal,,43.546249,,1.09787691,,未满足 MA5>MA10>MA20>MA60; 60日趋势强度不足
2026-08-11,601615.SH,,rejected_signal,,28.997084,,0.93346596,,未满足 MA5>MA10>MA20>MA60; 60日趋势强度不足
2026-08-11,601616.SH,,rejected_signal,,21.745766,,1.04135454,,未满足 MA5>MA10>MA20>MA60; 60日趋势强度不足
2026-08-11,601618.SH,,rejected_signal,,7.435689,,1.00353622,,未满足 MA5>MA10>MA20>MA60; 收盘价低于MA20; 20日动量低于门槛; 60日趋势强度不足
2026-08-11,601619.SH,,rejected_signal,,24.583092,,1.01191807,,未满足 MA5>MA10>MA20>MA60; 60日趋势强度不足
2026-08-11,601628.SH,,rejected_signal,,20.679148,,1.03532171,,未满足 MA5>MA10>MA20>MA60; 收盘价低于MA20; 20日动量低于门槛
2026-08-11,601633.SH,,rejected_signal,,10.367058,,0.99574047,,未满足 MA5>MA10>MA20>MA60; 收盘价低于MA20; 60日趋势强度不足
2026-08-11,601636.SH,,rejected_signal,,7.999417,,0.8599236,,未满足 MA5>MA10>MA20>MA60; 20日动量低于门槛; 60日趋势强度不足
2026-08-11,601658.SH,,rejected_signal,,7.907003,,1.01296687,,未满足 MA5>MA10>MA20>MA60; 收盘价低于MA20; 20日动量低于门槛; 60日趋势强度不足
2026-08-11,601665.SH,,rejected_signal,,13.828919,,1.0199784,,未满足 MA5>MA10>MA20>MA60; 20日动量低于门槛; 60日趋势强度不足
2026-08-11,601666.SH,,rejected_signal,,47.032978,,0.98218417,,未满足 MA5>MA10>MA20>MA60
2026-08-11,601668.SH,,rejected_signal,,15.809306,,1.03856432,,未满足 MA5>MA10>MA20>MA60; 收盘价低于MA20; 20日动量低于门槛; 60日趋势强度不足
2026-08-11,601669.SH,,rejected_signal,,11.6603,,1.00139022,,未满足 MA5>MA10>MA20>MA60; 收盘价低于MA20; 20日动量低于门槛; 60日趋势强度不足
2026-08-11,601677.SH,,rejected_signal,,22.975651,,1.00473106,,未满足 MA5>MA10>MA20>MA60; 60日趋势强度不足
2026-08-11,601678.SH,,rejected_signal,,31.739458,,1.07278419,,20日涨幅过热
2026-08-11,601686.SH,,rejected_signal,,11.026375,,1.0231837,,未满足 MA5>MA10>MA20>MA60; 收盘价低于MA20; 20日动量低于门槛; 60日趋势强度不足
2026-08-11,601688.SH,,rejected_signal,,7.910511,,0.98839772,,未满足 MA5>MA10>MA20>MA60; 收盘价低于MA20; 20日动量低于门槛; 60日趋势强度不足
2026-08-11,601689.SH,,rejected_signal,,13.904468,,0.85993844,,未满足 MA5>MA10>MA20>MA60; 20日动量低于门槛; 60日趋势强度不足
2026-08-11,601696.SH,,rejected_signal,,6.398721,,1.01047719,,未满足 MA5>MA10>MA20>MA60; 20日动量低于门槛; 60日趋势强度不足
2026-08-11,601698.SH,,rejected_signal,,13.402504,,0.90947425,,未满足 MA5>MA10>MA20>MA60; 20日动量低于门槛; 60日趋势强度不足
2026-08-11,601699.SH,,rejected_signal,,23.8841,,0.92892438,,未满足 MA5>MA10>MA20>MA60
2026-08-11,601700.SH,,rejected_signal,,37.51889,,1.20345998,,20日涨幅过热; 偏离MA20过远，追高风险
2026-08-11,601702.SH,,rejected_signal,,19.398563,,0.96287626,,未满足 MA5>MA10>MA20>MA60; 60日趋势强度不足
2026-08-11,601717.SH,,rejected_signal,,25.605593,,1.00830543,,未满足 MA5>MA10>MA20>MA60; 60日趋势强度不足
2026-08-11,601718.SH,,rejected_universe,,13.447274,,0.98705715,,不在当日动态股票池(停牌/未上市/已退市/当前ST代理过滤)
2026-08-11,601727.SH,,rejected_signal,,6.846363,,0.96005577,,未满足 MA5>MA10>MA20>MA60; 60日趋势强度不足
2026-08-11,601728.SH,,rejected_signal,,35.645367,,1.05737245,,未满足 MA5>MA10>MA20>MA60; 60日趋势强度不足
2026-08-11,601766.SH,,rejected_signal,,33.216999,,1.05622232,,未满足 MA5>MA10>MA20>MA60; 60日趋势强度不足
2026-08-11,601777.SH,,rejected_signal,,24.214449,,0.96074975,,未满足 MA5>MA10>MA20>MA60; 60日趋势强度不足
2026-08-11,601778.SH,,rejected_signal,,5.403708,,0.85147488,,未满足 MA5>MA10>MA20>MA60; 60日趋势强度不足
2026-08-11,601788.SH,,rejected_signal,,5.321839,,1.01727819,,未满足 MA5>MA10>MA20>MA60; 收盘价低于MA20; 20日动量低于门槛; 60日趋势强度不足
2026-08-11,601789.SH,,rejected_signal,,28.133976,,1.00929403,,未满足 MA5>MA10>MA20>MA60; 60日趋势强度不足
2026-08-11,601798.SH,,rejected_signal,,17.163914,,1.01018548,,未满足 MA5>MA10>MA20>MA60; 60日趋势强度不足
2026-08-11,601799.SH,,rejected_signal,,8.281674,,0.87669992,,未满足 MA5>MA10>MA20>MA60; 60日趋势强度不足
2026-08-11,601800.SH,,rejected_signal,,7.95208,,1.01728916,,未满足 MA5>MA10>MA20>MA60; 收盘价低于MA20; 20日动量低于门槛; 60日趋势强度不足
2026-08-11,601801.SH,,rejected_signal,,25.513857,,1.06395507,,未满足 MA5>MA10>MA20>MA60; 60日趋势强度不足
2026-08-11,601808.SH,,rejected_signal,,22.161972,,1.02339566,,未满足 MA5>MA10>MA20>MA60; 收盘价低于MA20; 60日趋势强度不足
2026-08-11,601811.SH,,rejected_signal,,4.976246,,1.02686918,,未满足 MA5>MA10>MA20>MA60; 收盘价低于MA20; 20日动量低于门槛; 60日趋势强度不足
2026-08-11,601816.SH,,rejected_signal,,33.331345,,1.0576787,,未满足 MA5>MA10>MA20>MA60; 60日趋势强度不足
2026-08-11,601818.SH,,rejected_signal,,11.427238,,1.02781737,,未满足 MA5>MA10>MA20>MA60; 收盘价低于MA20; 20日动量低于门槛; 60日趋势强度不足
2026-08-11,601825.SH,,rejected_signal,,13.743866,,1.04286325,,未满足 MA5>MA10>MA20>MA60; 收盘价低于MA20; 60日趋势强度不足
2026-08-11,601827.SH,,rejected_rank,80,40.087177,0.26168224,1.07647109,0.28785047,"信号有效, 但综合排名未进入 Top20"
2026-08-11,601828.SH,,rejected_signal,,13.777719,,0.99042219,,未满足 MA5>MA10>MA20>MA60; 60日趋势强度不足
2026-08-11,601838.SH,,rejected_signal,,6.1962,,1.00347412,,未满足 MA5>MA10>MA20>MA60; 收盘价低于MA20; 20日动量低于门槛; 60日趋势强度不足
2026-08-11,601857.SH,,rejected_signal,,47.492493,,1.07017851,,未满足 MA5>MA10>MA20>MA60; 60日趋势强度不足
2026-08-11,601858.SH,,rejected_signal,,36.801746,,1.1584816,,未满足 MA5>MA10>MA20>MA60; 20日涨幅过热; 60日趋势强度不足; 偏离MA20过远，追高风险
2026-08-11,601860.SH,,rejected_signal,,7.847801,,1.02710021,,未满足 MA5>MA10>MA20>MA60; 收盘价低于MA20; 20日动量低于门槛; 60日趋势强度不足
2026-08-11,601865.SH,,rejected_signal,,32.794788,,1.05299008,,未满足 MA5>MA10>MA20>MA60; 60日趋势强度不足
2026-08-11,601866.SH,,rejected_signal,,11.482401,,1.01606262,,未满足 MA5>MA10>MA20>MA60; 收盘价低于MA20; 20日动量低于门槛; 60日趋势强度不足
2026-08-11,601868.SH,,rejected_signal,,7.648896,,0.97434843,,未满足 MA5>MA10>MA20>MA60; 20日动量低于门槛; 60日趋势强度不足
2026-08-11,601869.SH,,rejected_signal,,1.163636,,0.63674206,,未满足 MA5>MA10>MA20>MA60; 20日动量低于门槛; 60日趋势强度不足; 20日年化波动过高
2026-08-11,601872.SH,,rejected_signal,,48.123585,,1.02260542,,未满足 MA5>MA10>MA20>MA60; 60日趋势强度不足
2026-08-11,601877.SH,,rejected_signal,,11.371511,,0.98661637,,未满足 MA5>MA10>MA20>MA60; 60日趋势强度不足
2026-08-11,601878.SH,,rejected_signal,,5.409789,,1.01863265,,未满足 MA5>MA10>MA20>MA60; 收盘价低于MA20; 20日动量低于门槛; 60日趋势强度不足
2026-08-11,601880.SH,,rejected_signal,,11.831876,,1.0270865,,未满足 MA5>MA10>MA20>MA60; 收盘价低于MA20; 20日动量低于门槛; 60日趋势强度不足
2026-08-11,601881.SH,,rejected_signal,,5.240801,,1.0119772,,未满足 MA5>MA10>MA20>MA60; 收盘价低于MA20; 20日动量低于门槛; 60日趋势强度不足
2026-08-11,601882.SH,,rejected_signal,,11.935981,,0.96154201,,未满足 MA5>MA10>MA20>MA60; 60日趋势强度不足
2026-08-11,601886.SH,,rejected_signal,,19.568567,,0.97582787,,未满足 MA5>MA10>MA20>MA60; 60日趋势强度不足
2026-08-11,601888.SH,,rejected_signal,,24.932055,,1.02712011,,未满足 MA5>MA10>MA20>MA60; 收盘价低于MA20; 60日趋势强度不足
2026-08-11,601890.SH,,rejected_signal,,13.176738,,0.99920171,,未满足 MA5>MA10>MA20>MA60; 60日趋势强度不足
2026-08-11,601898.SH,,rejected_signal,,19.303577,,0.93928653,,未满足 MA5>MA10>MA20>MA60; 60日趋势强度不足
2026-08-11,601899.SH,,selected_signal,4,66.852119,0.97196263,1.08155739,0.86542058,quality_momentum 横截面排名进入 Top20
2026-08-11,601900.SH,,rejected_signal,,25.881485,,1.05157626,,未满足 MA5>MA10>MA20>MA60; 60日趋势强度不足
2026-08-11,601901.SH,,rejected_signal,,6.446263,,1.01849818,,未满足 MA5>MA10>MA20>MA60; 收盘价低于MA20; 20日动量低于门槛; 60日趋势强度不足
2026-08-11,601908.SH,,rejected_signal,,9.764599,,0.97625065,,未满足 MA5>MA10>MA20>MA60; 60日趋势强度不足
2026-08-11,601916.SH,,rejected_signal,,13.346715,,1.04084933,,未满足 MA5>MA10>MA20>MA60; 收盘价低于MA20; 20日动量低于门槛; 60日趋势强度不足
2026-08-11,601918.SH,,rejected_signal,,15.877419,,0.9650107,,未满足 MA5>MA10>MA20>MA60
2026-08-11,601919.SH,,rejected_signal,,42.179062,,1.07172966,,未满足 MA5>MA10>MA20>MA60
2026-08-11,601921.SH,,rejected_signal,,9.040393,,1.03323412,,未满足 MA5>MA10>MA20>MA60; 60日趋势强度不足
2026-08-11,601928.SH,,rejected_signal,,11.59725,,1.05678964,,未满足 MA5>MA10>MA20>MA60; 收盘价低于MA20; 20日动量低于门槛; 60日趋势强度不足
2026-08-11,601929.SH,,rejected_signal,,28.761105,,1.01121378,,未满足 MA5>MA10>MA20>MA60; 60日趋势强度不足
2026-08-11,601933.SH,,rejected_signal,,19.846163,,1.0090512,,未满足 MA5>MA10>MA20>MA60; 60日趋势强度不足
2026-08-11,601939.SH,,rejected_signal,,15.521314,,1.01020956,,未满足 MA5>MA10>MA20>MA60; 收盘价低于MA20; 20日动量低于门槛
2026-08-11,601949.SH,,rejected_signal,,34.168961,,1.10419774,,未满足 MA5>MA10>MA20>MA60; 60日趋势强度不足
2026-08-11,601952.SH,,rejected_signal,,14.750764,,1.01740909,,60日趋势强度不足
2026-08-11,601956.SH,,rejected_signal,,8.431177,,1.0200057,,未满足 MA5>MA10>MA20>MA60; 60日趋势强度不足
2026-08-11,601958.SH,,rejected_signal,,14.997676,,0.92411965,,未满足 MA5>MA10>MA20>MA60; 20日动量低于门槛
2026-08-11,601963.SH,,rejected_signal,,18.875715,,1.02501011,,未满足 MA5>MA10>MA20>MA60; 收盘价低于MA20; 60日趋势强度不足
2026-08-11,601965.SH,,rejected_signal,,34.773922,,1.04669309,,未满足 MA5>MA10>MA20>MA60; 60日趋势强度不足
2026-08-11,601966.SH,,rejected_signal,,11.61646,,1.01869428,,未满足 MA5>MA10>MA20>MA60; 收盘价低于MA20; 60日趋势强度不足
2026-08-11,601968.SH,,rejected_signal,,15.948857,,1.03256118,,20日动量低于门槛; 60日趋势强度不足
2026-08-11,601969.SH,,rejected_signal,,30.36549,,1.02050877,,未满足 MA5>MA10>MA20>MA60; 60日趋势强度不足
2026-08-11,601975.SH,,rejected_signal,,17.055792,,0.90368807,,未满足 MA5>MA10>MA20>MA60; 20日动量低于门槛; 60日趋势强度不足
2026-08-11,601985.SH,,rejected_signal,,7.919666,,1.00812614,,未满足 MA5>MA10>MA20>MA60; 收盘价低于MA20; 20日动量低于门槛; 60日趋势强度不足
2026-08-11,601988.SH,,rejected_signal,,9.937367,,0.99746865,,未满足 MA5>MA10>MA20>MA60; 收盘价低于MA20; 20日动量低于门槛; 60日趋势强度不足
2026-08-11,601989.SH,,rejected_universe,,0.0,,0.0,,不在当日动态股票池(停牌/未上市/已退市/当前ST代理过滤)
2026-08-11,601990.SH,,rejected_signal,,8.322252,,1.02963269,,未满足 MA5>MA10>MA20>MA60; 收盘价低于MA20; 20日动量低于门槛; 60日趋势强度不足
2026-08-11,601991.SH,,rejected_signal,,11.518644,,0.87802047,,未满足 MA5>MA10>MA20>MA60; 60日趋势强度不足
2026-08-11,601992.SH,,rejected_signal,,12.037184,,0.9965046,,未满足 MA5>MA10>MA20>MA60; 60日趋势强度不足
2026-08-11,601995.SH,,rejected_signal,,9.970305,,1.0066551,,未满足 MA5>MA10>MA20>MA60; 收盘价低于MA20; 20日动量低于门槛; 60日趋势强度不足
2026-08-11,601996.SH,,rejected_signal,,17.846294,,0.95944488,,未满足 MA5>MA10>MA20>MA60; 60日趋势强度不足
2026-08-11,601997.SH,,rejected_signal,,15.718486,,1.0317862,,未满足 MA5>MA10>MA20>MA60; 60日趋势强度不足
2026-08-11,601998.SH,,rejected_signal,,12.911781,,1.04229796,,未满足 MA5>MA10>MA20>MA60; 收盘价低于MA20; 20日动量低于门槛; 60日趋势强度不足
2026-08-11,601999.SH,,rejected_signal,,7.774606,,1.02351785,,未满足 MA5>MA10>MA20>MA60; 20日动量低于门槛; 60日趋势强度不足; 20日平均成交额不足
2026-08-11,603000.SH,,rejected_signal,,36.449375,,1.05869484,,未满足 MA5>MA10>MA20>MA60; 60日趋势强度不足
2026-08-11,603001.SH,,rejected_signal,,12.294018,,0.81357068,,未满足 MA5>MA10>MA20>MA60; 60日趋势强度不足
2026-08-11,603002.SH,,rejected_signal,,1.620284,,0.64665854,,未满足 MA5>MA10>MA20>MA60; 20日动量低于门槛; 60日趋势强度不足
2026-08-11,603003.SH,,rejected_universe,,0.0,,0.0,,不在当日动态股票池(停牌/未上市/已退市/当前ST代理过滤)
2026-08-11,603004.SH,,rejected_signal,,4.397579,,0.88702667,,未满足 MA5>MA10>MA20>MA60; 20日动量低于门槛; 60日趋势强度不足
2026-08-11,603005.SH,,rejected_signal,,2.980699,,0.74796522,,未满足 MA5>MA10>MA20>MA60; 20日动量低于门槛; 60日趋势强度不足
2026-08-11,603006.SH,,rejected_signal,,0.168711,,0.84561551,,未满足 MA5>MA10>MA20>MA60; 20日动量低于门槛; 60日趋势强度不足
2026-08-11,603007.SH,,rejected_signal,,1.536056,,0.86540484,,未满足 MA5>MA10>MA20>MA60; 20日动量低于门槛; 60日趋势强度不足
2026-08-11,603008.SH,,rejected_universe,,11.022938,,0.96611273,,不在当日动态股票池(停牌/未上市/已退市/当前ST代理过滤)
2026-08-11,603009.SH,,rejected_signal,,12.228626,,0.86020827,,未满足 MA5>MA10>MA20>MA60; 20日动量低于门槛; 60日趋势强度不足
2026-08-11,603010.SH,,rejected_signal,,2.211385,,0.73413324,,未满足 MA5>MA10>MA20>MA60; 20日动量低于门槛; 60日趋势强度不足
2026-08-11,603011.SH,,rejected_signal,,9.009011,,0.69942892,,未满足 MA5>MA10>MA20>MA60; 偏离MA20过远，追高风险
2026-08-11,603012.SH,,rejected_signal,,17.091604,,1.01262939,,未满足 MA5>MA10>MA20>MA60; 60日趋势强度不足
2026-08-11,603013.SH,,rejected_signal,,9.557464,,0.98645133,,未满足 MA5>MA10>MA20>MA60; 60日趋势强度不足
2026-08-11,603014.SH,,rejected_signal,,6.327659,,1.00610352,,未满足 MA5>MA10>MA20>MA60; 20日动量低于门槛; 60日趋势强度不足
2026-08-11,603015.SH,,rejected_signal,,6.504114,,0.91390181,,未满足 MA5>MA10>MA20>MA60; 60日趋势强度不足
2026-08-11,603016.SH,,rejected_signal,,5.222218,,0.8407262,,未满足 MA5>MA10>MA20>MA60; 20日动量低于门槛; 60日趋势强度不足
2026-08-11,603017.SH,,rejected_signal,,6.764074,,0.90131599,,未满足 MA5>MA10>MA20>MA60; 60日趋势强度不足
2026-08-11,603018.SH,,rejected_signal,,1.632255,,0.98966312,,未满足 MA5>MA10>MA20>MA60; 20日动量低于门槛; 60日趋势强度不足
2026-08-11,603019.SH,,rejected_signal,,4.822266,,0.93360376,,未满足 MA5>MA10>MA20>MA60; 收盘价低于MA20; 20日动量低于门槛; 60日趋势强度不足
2026-08-11,603020.SH,,rejected_signal,,2.015285,,0.8492735,,未满足 MA5>MA10>MA20>MA60; 20日动量低于门槛; 60日趋势强度不足
2026-08-11,603021.SH,,rejected_universe,,1.620527,,1.01062918,,不在当日动态股票池(停牌/未上市/已退市/当前ST代理过滤)
2026-08-11,603022.SH,,rejected_signal,,10.804545,,0.95687902,,未满足 MA5>MA10>MA20>MA60; 60日趋势强度不足
2026-08-11,603023.SH,,rejected_signal,,22.886728,,0.95843518,,未满足 MA5>MA10>MA20>MA60; 60日趋势强度不足
2026-08-11,603025.SH,,rejected_signal,,5.667124,,0.97141534,,未满足 MA5>MA10>MA20>MA60; 60日趋势强度不足
2026-08-11,603026.SH,,rejected_signal,,7.904752,,0.81876034,,未满足 MA5>MA10>MA20>MA60; 20日动量低于门槛; 60日趋势强度不足
2026-08-11,603027.SH,,rejected_signal,,22.106297,,1.04755795,,未满足 MA5>MA10>MA20>MA60; 收盘价低于MA20; 60日趋势强度不足
2026-08-11,603028.SH,,rejected_signal,,9.943735,,0.92349792,,未满足 MA5>MA10>MA20>MA60; 60日趋势强度不足; 20日平均成交额不足
2026-08-11,603029.SH,,rejected_signal,,23.70153,,0.97206718,,未满足 MA5>MA10>MA20>MA60; 60日趋势强度不足
2026-08-11,603030.SH,,rejected_signal,,8.580138,,0.91446829,,未满足 MA5>MA10>MA20>MA60; 60日趋势强度不足
2026-08-11,603031.SH,,rejected_signal,,0.503896,,0.75594902,,未满足 MA5>MA10>MA20>MA60; 20日动量低于门槛; 60日趋势强度不足
2026-08-11,603032.SH,,rejected_signal,,1.517481,,0.77096486,,未满足 MA5>MA10>MA20>MA60; 20日动量低于门槛; 60日趋势强度不足
2026-08-11,603033.SH,,rejected_signal,,2.127978,,0.84679067,,未满足 MA5>MA10>MA20>MA60; 20日动量低于门槛; 60日趋势强度不足
2026-08-11,603035.SH,,rejected_signal,,6.054663,,0.98133546,,未满足 MA5>MA10>MA20>MA60; 60日趋势强度不足
2026-08-11,603036.SH,,rejected_signal,,9.628637,,0.95336407,,未满足 MA5>MA10>MA20>MA60; 60日趋势强度不足
2026-08-11,603037.SH,,rejected_signal,,9.071567,,0.90830046,,未满足 MA5>MA10>MA20>MA60; 60日趋势强度不足
2026-08-11,603038.SH,,rejected_signal,,0.0,,0.85977566,,未满足 MA5>MA10>MA20>MA60; 60日趋势强度不足; 偏离MA20过远，追高风险
2026-08-11,603039.SH,,rejected_signal,,30.268061,,1.11574459,,未满足 MA5>MA10>MA20>MA60; 20日涨幅过热; 偏离MA20过远，追高风险
2026-08-11,603040.SH,,rejected_signal,,10.988272,,0.8825407,,未满足 MA5>MA10>MA20>MA60; 20日动量低于门槛; 60日趋势强度不足
2026-08-11,603041.SH,,rejected_signal,,5.176429,,0.94239092,,未满足 MA5>MA10>MA20>MA60; 60日趋势强度不足; 20日平均成交额不足
2026-08-11,603042.SH,,rejected_signal,,5.027732,,0.89784336,,未满足 MA5>MA10>MA20>MA60; 60日趋势强度不足
2026-08-11,603043.SH,,rejected_signal,,11.512589,,1.02596688,,未满足 MA5>MA10>MA20>MA60; 60日趋势强度不足
2026-08-11,603045.SH,,rejected_signal,,0.0,,0.68484306,,未满足 MA5>MA10>MA20>MA60; 20日动量低于门槛; 60日趋势强度不足
2026-08-11,603048.SH,,rejected_signal,,29.810289,,1.02066994,,未满足 MA5>MA10>MA20>MA60; 60日趋势强度不足; 偏离MA20过远，追高风险
2026-08-11,603049.SH,,rejected_signal,,23.01503,,1.05593312,,未满足 MA5>MA10>MA20>MA60; 收盘价低于MA20; 20日动量低于门槛
2026-08-11,603050.SH,,rejected_signal,,8.915409,,0.92729694,,未满足 MA5>MA10>MA20>MA60; 收盘价低于MA20; 20日动量低于门槛; 60日趋势强度不足
2026-08-11,603051.SH,,rejected_signal,,0.619499,,0.94657409,,未满足 MA5>MA10>MA20>MA60; 20日动量低于门槛; 60日趋势强度不足
2026-08-11,603052.SH,,rejected_signal,,0.0,,0.64928585,,未满足 MA5>MA10>MA20>MA60; 20日动量低于门槛; 60日趋势强度不足
2026-08-11,603053.SH,,rejected_signal,,6.347693,,1.02767956,,未满足 MA5>MA10>MA20>MA60; 20日动量低于门槛; 60日趋势强度不足; 20日平均成交额不足
2026-08-11,603055.SH,,rejected_signal,,8.896748,,1.01816142,,未满足 MA5>MA10>MA20>MA60; 收盘价低于MA20; 20日动量低于门槛; 60日趋势强度不足
2026-08-11,603056.SH,,rejected_universe,,0.0,,0.0,,不在当日动态股票池(停牌/未上市/已退市/当前ST代理过滤)
2026-08-11,603057.SH,,rejected_signal,,15.423259,,0.97007769,,未满足 MA5>MA10>MA20>MA60; 60日趋势强度不足
2026-08-11,603058.SH,,rejected_signal,,34.073429,,1.04719853,,未满足 MA5>MA10>MA20>MA60; 60日趋势强度不足
2026-08-11,603059.SH,,rejected_signal,,9.324045,,0.94155926,,未满足 MA5>MA10>MA20>MA60; 60日趋势强度不足; 20日平均成交额不足
2026-08-11,603060.SH,,rejected_signal,,0.384779,,0.90032578,,未满足 MA5>MA10>MA20>MA60; 20日动量低于门槛; 60日趋势强度不足
2026-08-11,603061.SH,,rejected_signal,,5.454669,,0.73081499,,未满足 MA5>MA10>MA20>MA60; 20日动量低于门槛; 20日年化波动过高
2026-08-11,603062.SH,,rejected_signal,,8.647864,,0.93093979,,未满足 MA5>MA10>MA20>MA60; 60日趋势强度不足; 20日平均成交额不足
2026-08-11,603063.SH,,rejected_signal,,10.542776,,0.62866503,,未满足 MA5>MA10>MA20>MA60; 20日动量低于门槛; 60日趋势强度不足
2026-08-11,603065.SH,,rejected_signal,,23.362694,,0.99496698,,未满足 MA5>MA10>MA20>MA60; 20日动量低于门槛; 20日年化波动过高
2026-08-11,603066.SH,,rejected_signal,,0.679323,,0.89614934,,未满足 MA5>MA10>MA20>MA60; 20日动量低于门槛; 60日趋势强度不足
2026-08-11,603067.SH,,rejected_signal,,10.70867,,0.88158971,,未满足 MA5>MA10>MA20>MA60; 20日动量低于门槛; 60日趋势强度不足
2026-08-11,603068.SH,,rejected_rank,107,22.935812,0.00934579,0.98931175,0.00934579,"信号有效, 但综合排名未进入 Top20"
2026-08-11,603069.SH,,rejected_signal,,13.089246,,0.95394355,,未满足 MA5>MA10>MA20>MA60; 60日趋势强度不足
2026-08-11,603070.SH,,rejected_signal,,4.74508,,0.85981154,,未满足 MA5>MA10>MA20>MA60; 60日趋势强度不足; 20日平均成交额不足
2026-08-11,603071.SH,,rejected_signal,,5.814878,,0.97741401,,未满足 MA5>MA10>MA20>MA60; 20日动量低于门槛; 60日趋势强度不足
2026-08-11,603072.SH,,rejected_signal,,4.650141,,0.91874987,,未满足 MA5>MA10>MA20>MA60; 20日动量低于门槛; 60日趋势强度不足
2026-08-11,603073.SH,,rejected_signal,,10.202159,,1.00588429,,未满足 MA5>MA10>MA20>MA60; 60日趋势强度不足; 20日平均成交额不足
2026-08-11,603075.SH,,rejected_signal,,0.0,,0.84365994,,未满足 MA5>MA10>MA20>MA60; 收盘价低于MA20; 20日动量低于门槛; 60日趋势强度不足
2026-08-11,603076.SH,,rejected_signal,,4.428576,,0.90566272,,未满足 MA5>MA10>MA20>MA60; 60日趋势强度不足
2026-08-11,603077.SH,,rejected_signal,,22.084488,,1.00247538,,未满足 MA5>MA10>MA20>MA60; 60日趋势强度不足
2026-08-11,603078.SH,,rejected_signal,,4.5794,,0.63500351,,未满足 MA5>MA10>MA20>MA60; 20日动量低于门槛
2026-08-11,603079.SH,,rejected_signal,,9.510351,,0.93253613,,未满足 MA5>MA10>MA20>MA60; 60日趋势强度不足
2026-08-11,603080.SH,,rejected_signal,,2.505159,,0.92785531,,未满足 MA5>MA10>MA20>MA60; 20日动量低于门槛; 60日趋势强度不足; 20日平均成交额不足
2026-08-11,603081.SH,,rejected_signal,,21.163788,,0.94521809,,未满足 MA5>MA10>MA20>MA60; 60日趋势强度不足
2026-08-11,603082.SH,,rejected_signal,,25.471338,,0.94712579,,未满足 MA5>MA10>MA20>MA60; 60日趋势强度不足
2026-08-11,603083.SH,,rejected_signal,,0.951716,,0.7749452,,未满足 MA5>MA10>MA20>MA60; 收盘价低于MA20; 20日动量低于门槛; 60日趋势强度不足
2026-08-11,603085.SH,,rejected_signal,,0.851907,,0.83839607,,未满足 MA5>MA10>MA20>MA60; 20日动量低于门槛; 60日趋势强度不足
2026-08-11,603086.SH,,rejected_signal,,6.748806,,0.97950691,,未满足 MA5>MA10>MA20>MA60; 60日趋势强度不足
2026-08-11,603087.SH,,rejected_signal,,55.634796,,1.16535544,,当日跳空幅度过大
2026-08-11,603088.SH,,rejected_signal,,12.725118,,0.9407478,,未满足 MA5>MA10>MA20>MA60; 60日趋势强度不足
2026-08-11,603089.SH,,rejected_signal,,14.146762,,0.94206685,,未满足 MA5>MA10>MA20>MA60; 60日趋势强度不足; 20日平均成交额不足
2026-08-11,603090.SH,,rejected_signal,,0.0,,0.70955771,,未满足 MA5>MA10>MA20>MA60; 20日动量低于门槛; 60日趋势强度不足
2026-08-11,603091.SH,,rejected_signal,,1.700819,,0.99594527,,未满足 MA5>MA10>MA20>MA60; 20日动量低于门槛; 60日趋势强度不足
2026-08-11,603092.SH,,rejected_signal,,6.798249,,0.91615587,,未满足 MA5>MA10>MA20>MA60; 20日动量低于门槛; 60日趋势强度不足
2026-08-11,603093.SH,,rejected_signal,,11.230368,,0.94071972,,未满足 MA5>MA10>MA20>MA60; 60日趋势强度不足
2026-08-11,603095.SH,,rejected_signal,,1.003423,,0.80849004,,未满足 MA5>MA10>MA20>MA60; 20日动量低于门槛; 60日趋势强度不足
2026-08-11,603096.SH,,rejected_signal,,20.271767,,1.00766921,,未满足 MA5>MA10>MA20>MA60; 60日趋势强度不足; 20日平均成交额不足
2026-08-11,603097.SH,,rejected_signal,,29.850981,,1.07377529,,未满足 MA5>MA10>MA20>MA60; 偏离MA20过远，追高风险
2026-08-11,603098.SH,,rejected_signal,,5.79002,,0.93259388,,未满足 MA5>MA10>MA20>MA60; 60日趋势强度不足
2026-08-11,603099.SH,,rejected_rank,54,46.771587,0.50467288,1.05289865,0.45233643,"信号有效, 但综合排名未进入 Top20"
2026-08-11,603100.SH,,rejected_signal,,15.710799,,1.02627623,,未满足 MA5>MA10>MA20>MA60; 60日趋势强度不足
2026-08-11,603101.SH,,rejected_signal,,21.020008,,1.03712583,,60日趋势强度不足
2026-08-11,603102.SH,,rejected_signal,,34.157372,,0.99354261,,未满足 MA5>MA10>MA20>MA60; 60日趋势强度不足
2026-08-11,603103.SH,,rejected_signal,,25.836151,,0.89673436,,未满足 MA5>MA10>MA20>MA60; 60日趋势强度不足
2026-08-11,603105.SH,,rejected_signal,,15.806452,,0.96565872,,未满足 MA5>MA10>MA20>MA60; 60日趋势强度不足
2026-08-11,603106.SH,,rejected_signal,,24.098507,,1.22226775,,未满足 MA5>MA10>MA20>MA60; 20日涨幅过热; 偏离MA20过远，追高风险
2026-08-11,603107.SH,,rejected_signal,,6.561948,,1.00737715,,未满足 MA5>MA10>MA20>MA60; 60日趋势强度不足
2026-08-11,603108.SH,,rejected_signal,,33.352169,,0.96134132,,未满足 MA5>MA10>MA20>MA60; 60日趋势强度不足
2026-08-11,603109.SH,,rejected_signal,,11.711017,,0.95178157,,未满足 MA5>MA10>MA20>MA60; 60日趋势强度不足
2026-08-11,603110.SH,,rejected_signal,,32.107918,,1.00633931,,未满足 MA5>MA10>MA20>MA60
2026-08-11,603111.SH,,rejected_signal,,2.852447,,0.98677719,,未满足 MA5>MA10>MA20>MA60; 20日动量低于门槛; 60日趋势强度不足
2026-08-11,603112.SH,,rejected_signal,,1.484622,,0.83764398,,未满足 MA5>MA10>MA20>MA60; 20日动量低于门槛; 60日趋势强度不足
2026-08-11,603113.SH,,rejected_signal,,15.670761,,0.98025638,,未满足 MA5>MA10>MA20>MA60; 60日趋势强度不足
2026-08-11,603115.SH,,rejected_signal,,1.625056,,0.73004442,,未满足 MA5>MA10>MA20>MA60; 20日动量低于门槛; 60日趋势强度不足; 20日年化波动过高
2026-08-11,603116.SH,,rejected_signal,,0.0,,0.91259176,,未满足 MA5>MA10>MA20>MA60; 60日趋势强度不足
2026-08-11,603117.SH,,rejected_signal,,14.145954,,0.96191239,,未满足 MA5>MA10>MA20>MA60; 60日趋势强度不足
2026-08-11,603118.SH,,rejected_signal,,22.122383,,0.99521524,,未满足 MA5>MA10>MA20>MA60; 收盘价低于MA20; 60日趋势强度不足; 20日年化波动过高
2026-08-11,603119.SH,,rejected_signal,,9.889083,,0.80615675,,未满足 MA5>MA10>MA20>MA60; 20日动量低于门槛; 60日趋势强度不足
2026-08-11,603120.SH,,rejected_signal,,0.0,,0.87745911,,未满足 MA5>MA10>MA20>MA60; 20日动量低于门槛; 60日趋势强度不足
2026-08-11,603121.SH,,rejected_signal,,17.827627,,0.86125499,,未满足 MA5>MA10>MA20>MA60; 60日趋势强度不足
2026-08-11,603122.SH,,rejected_signal,,38.24646,,0.96435153,,未满足 MA5>MA10>MA20>MA60; 60日趋势强度不足
2026-08-11,603123.SH,,rejected_signal,,39.573837,,1.00138402,,未满足 MA5>MA10>MA20>MA60; 60日趋势强度不足
2026-08-11,603124.SH,,rejected_signal,,0.560242,,0.68646181,,未满足 MA5>MA10>MA20>MA60; 20日动量低于门槛; 20日年化波动过高
2026-08-11,603125.SH,,rejected_signal,,0.0,,0.79010576,,未满足 MA5>MA10>MA20>MA60; 20日动量低于门槛; 60日趋势强度不足
2026-08-11,603126.SH,,rejected_signal,,0.747959,,0.90395731,,未满足 MA5>MA10>MA20>MA60; 20日动量低于门槛; 60日趋势强度不足
2026-08-11,603127.SH,,rejected_signal,,58.092926,,1.11367607,,未满足 MA5>MA10>MA20>MA60; 20日年化波动过高
2026-08-11,603128.SH,,rejected_signal,,14.673694,,1.04295015,,未满足 MA5>MA10>MA20>MA60; 60日趋势强度不足
2026-08-11,603129.SH,,rejected_signal,,54.323696,,1.16490769,,未满足 MA5>MA10>MA20>MA60
2026-08-11,603130.SH,,rejected_signal,,18.873299,,0.99263459,,未满足 MA5>MA10>MA20>MA60; 60日趋势强度不足
2026-08-11,603131.SH,,rejected_signal,,7.008072,,0.87299794,,未满足 MA5>MA10>MA20>MA60; 60日趋势强度不足
2026-08-11,603132.SH,,rejected_signal,,40.552624,,1.03709042,,未满足 MA5>MA10>MA20>MA60; 60日趋势强度不足
2026-08-11,603133.SH,,rejected_universe,,0.0,,0.0,,不在当日动态股票池(停牌/未上市/已退市/当前ST代理过滤)
2026-08-11,603135.SH,,rejected_signal,,0.376935,,0.79846102,,未满足 MA5>MA10>MA20>MA60; 20日动量低于门槛; 60日趋势强度不足
2026-08-11,603136.SH,,rejected_signal,,14.452514,,1.00337982,,未满足 MA5>MA10>MA20>MA60; 60日趋势强度不足; 20日平均成交额不足
2026-08-11,603137.SH,,rejected_signal,,34.651119,,1.62586808,,未满足 MA5>MA10>MA20>MA60; 20日动量低于门槛; 20日年化波动过高
2026-08-11,603138.SH,,rejected_signal,,3.980353,,0.90878731,,未满足 MA5>MA10>MA20>MA60; 60日趋势强度不足
2026-08-11,603139.SH,,rejected_signal,,0.0,,0.88344783,,未满足 MA5>MA10>MA20>MA60; 20日动量低于门槛; 60日趋势强度不足
2026-08-11,603150.SH,,rejected_signal,,4.70466,,0.74196243,,未满足 MA5>MA10>MA20>MA60; 20日动量低于门槛; 60日趋势强度不足
2026-08-11,603151.SH,,rejected_signal,,25.953897,,1.01503599,,60日趋势强度不足
2026-08-11,603153.SH,,rejected_signal,,4.814248,,0.99971211,,未满足 MA5>MA10>MA20>MA60; 20日动量低于门槛; 60日趋势强度不足; 20日平均成交额不足
2026-08-11,603155.SH,,rejected_signal,,0.0,,0.8340801,,未满足 MA5>MA10>MA20>MA60; 20日动量低于门槛; 60日趋势强度不足
2026-08-11,603156.SH,,rejected_signal,,33.759148,,1.05379772,,未满足 MA5>MA10>MA20>MA60; 60日趋势强度不足; 偏离MA20过远，追高风险
2026-08-11,603158.SH,,rejected_signal,,12.038266,,0.82769305,,未满足 MA5>MA10>MA20>MA60; 20日动量低于门槛; 60日趋势强度不足
2026-08-11,603159.SH,,rejected_signal,,16.085884,,0.93269515,,未满足 MA5>MA10>MA20>MA60; 60日趋势强度不足
2026-08-11,603160.SH,,rejected_signal,,6.070426,,0.92719185,,未满足 MA5>MA10>MA20>MA60; 20日动量低于门槛; 60日趋势强度不足
2026-08-11,603161.SH,,rejected_rank,99,29.242256,0.08411215,1.00699413,0.07476636,"信号有效, 但综合排名未进入 Top20"
2026-08-11,603162.SH,,rejected_signal,,56.317226,,1.01306236,,60日趋势强度不足
2026-08-11,603163.SH,,rejected_signal,,0.0,,0.67746592,,未满足 MA5>MA10>MA20>MA60; 20日动量低于门槛; 60日趋势强度不足; 20日年化波动过高
2026-08-11,603165.SH,,rejected_signal,,1.491715,,0.9631331,,未满足 MA5>MA10>MA20>MA60; 20日动量低于门槛; 60日趋势强度不足
2026-08-11,603166.SH,,rejected_signal,,20.671972,,0.88802874,,未满足 MA5>MA10>MA20>MA60; 60日趋势强度不足
2026-08-11,603167.SH,,rejected_signal,,6.773012,,1.02877772,,未满足 MA5>MA10>MA20>MA60; 20日动量低于门槛; 60日趋势强度不足
2026-08-11,603168.SH,,rejected_signal,,26.053238,,1.0167532,,未满足 MA5>MA10>MA20>MA60; 60日趋势强度不足
2026-08-11,603169.SH,,rejected_signal,,24.232079,,0.9781062,,未满足 MA5>MA10>MA20>MA60; 60日趋势强度不足
2026-08-11,603170.SH,,rejected_rank,84,38.027046,0.22429906,1.08230186,0.27102804,"信号有效, 但综合排名未进入 Top20"
2026-08-11,603171.SH,,rejected_signal,,39.779137,,1.09368849,,未满足 MA5>MA10>MA20>MA60; 60日趋势强度不足
2026-08-11,603172.SH,,rejected_signal,,11.554158,,0.93243426,,未满足 MA5>MA10>MA20>MA60; 60日趋势强度不足; 20日平均成交额不足
2026-08-11,603173.SH,,rejected_signal,,0.0,,0.9568134,,未满足 MA5>MA10>MA20>MA60; 20日动量低于门槛; 60日趋势强度不足; 20日平均成交额不足
2026-08-11,603175.SH,,rejected_signal,,21.055187,,0.90271211,,未满足 MA5>MA10>MA20>MA60; 60日趋势强度不足
2026-08-11,603176.SH,,rejected_signal,,12.719663,,0.97062999,,未满足 MA5>MA10>MA20>MA60; 60日趋势强度不足; 20日平均成交额不足
2026-08-11,603177.SH,,rejected_signal,,5.847335,,0.97076428,,未满足 MA5>MA10>MA20>MA60; 60日趋势强度不足
2026-08-11,603178.SH,,rejected_signal,,37.833687,,1.02807677,,未满足 MA5>MA10>MA20>MA60; 60日趋势强度不足
2026-08-11,603179.SH,,rejected_signal,,14.703231,,0.81365258,,未满足 MA5>MA10>MA20>MA60; 20日动量低于门槛; 60日趋势强度不足
2026-08-11,603180.SH,,rejected_signal,,7.66077,,0.96626627,,未满足 MA5>MA10>MA20>MA60; 20日动量低于门槛; 60日趋势强度不足; 20日平均成交额不足
2026-08-11,603181.SH,,rejected_signal,,4.475786,,0.91568887,,未满足 MA5>MA10>MA20>MA60; 20日动量低于门槛; 60日趋势强度不足
2026-08-11,603182.SH,,rejected_signal,,12.448267,,0.98266053,,未满足 MA5>MA10>MA20>MA60; 60日趋势强度不足; 20日平均成交额不足
2026-08-11,603183.SH,,rejected_signal,,44.456585,,1.0447253,,60日趋势强度不足
2026-08-11,603185.SH,,rejected_signal,,19.602947,,0.95914066,,未满足 MA5>MA10>MA20>MA60; 60日趋势强度不足
2026-08-11,603186.SH,,rejected_signal,,13.626777,,0.56044108,,未满足 MA5>MA10>MA20>MA60; 20日动量低于门槛; 20日年化波动过高
2026-08-11,603187.SH,,rejected_signal,,5.99086,,0.98624986,,未满足 MA5>MA10>MA20>MA60; 60日趋势强度不足
2026-08-11,603188.SH,,rejected_signal,,17.128159,,0.95348263,,未满足 MA5>MA10>MA20>MA60; 60日趋势强度不足; 偏离MA20过远，追高风险
2026-08-11,603189.SH,,rejected_universe,,0.582082,,0.88357997,,不在当日动态股票池(停牌/未上市/已退市/当前ST代理过滤)
2026-08-11,603190.SH,,rejected_signal,,0.253703,,0.93648195,,未满足 MA5>MA10>MA20>MA60; 20日动量低于门槛; 60日趋势强度不足
2026-08-11,603191.SH,,rejected_signal,,1.762774,,0.87911725,,未满足 MA5>MA10>MA20>MA60; 20日动量低于门槛; 60日趋势强度不足
2026-08-11,603192.SH,,rejected_signal,,47.21677,,1.15277696,,60日趋势强度不足
2026-08-11,603193.SH,,rejected_signal,,43.335037,,1.03264928,,未满足 MA5>MA10>MA20>MA60; 60日趋势强度不足
2026-08-11,603194.SH,,rejected_signal,,3.213749,,1.00530159,,未满足 MA5>MA10>MA20>MA60; 20日动量低于门槛; 60日趋势强度不足
2026-08-11,603195.SH,,rejected_signal,,28.466276,,1.05528307,,未满足 MA5>MA10>MA20>MA60; 60日趋势强度不足
2026-08-11,603196.SH,,rejected_signal,,10.280463,,0.8538481,,未满足 MA5>MA10>MA20>MA60; 20日动量低于门槛; 60日趋势强度不足
2026-08-11,603197.SH,,rejected_signal,,9.163231,,1.00855243,,未满足 MA5>MA10>MA20>MA60; 20日动量低于门槛; 60日趋势强度不足
2026-08-11,603198.SH,,selected_signal,16,57.669483,0.85981309,1.0960865,0.80186915,quality_momentum 横截面排名进入 Top20
2026-08-11,603199.SH,,rejected_signal,,9.573202,,1.00396776,,未满足 MA5>MA10>MA20>MA60; 60日趋势强度不足
2026-08-11,603200.SH,,rejected_signal,,3.467871,,0.8781963,,未满足 MA5>MA10>MA20>MA60; 60日趋势强度不足
2026-08-11,603201.SH,,rejected_signal,,30.59594,,0.98772258,,未满足 MA5>MA10>MA20>MA60
2026-08-11,603202.SH,,rejected_signal,,10.05445,,0.95293534,,未满足 MA5>MA10>MA20>MA60; 60日趋势强度不足
2026-08-11,603203.SH,,rejected_signal,,0.0,,0.70735902,,未满足 MA5>MA10>MA20>MA60; 20日动量低于门槛; 60日趋势强度不足
2026-08-11,603205.SH,,rejected_signal,,9.380891,,0.95890772,,未满足 MA5>MA10>MA20>MA60; 60日趋势强度不足; 20日平均成交额不足
2026-08-11,603206.SH,,rejected_signal,,9.448457,,0.88722569,,未满足 MA5>MA10>MA20>MA60; 60日趋势强度不足
2026-08-11,603207.SH,,rejected_signal,,4.321138,,0.98952639,,未满足 MA5>MA10>MA20>MA60; 20日动量低于门槛; 60日趋势强度不足
2026-08-11,603208.SH,,rejected_signal,,17.759388,,0.9555735,,未满足 MA5>MA10>MA20>MA60; 60日趋势强度不足; 20日平均成交额不足
2026-08-11,603209.SH,,rejected_signal,,9.484913,,1.01718783,,20日动量低于门槛; 60日趋势强度不足
2026-08-11,603210.SH,,rejected_signal,,2.580106,,0.9835757,,未满足 MA5>MA10>MA20>MA60; 20日动量低于门槛; 60日趋势强度不足
2026-08-11,603211.SH,,rejected_signal,,0.0,,0.7837832,,未满足 MA5>MA10>MA20>MA60; 20日动量低于门槛; 60日趋势强度不足
2026-08-11,603212.SH,,rejected_signal,,16.032522,,0.85015482,,未满足 MA5>MA10>MA20>MA60; 60日趋势强度不足
2026-08-11,603213.SH,,rejected_signal,,0.701841,,0.98791695,,未满足 MA5>MA10>MA20>MA60; 收盘价低于MA20; 20日动量低于门槛; 60日趋势强度不足
2026-08-11,603214.SH,,rejected_signal,,16.809961,,1.00134408,,未满足 MA5>MA10>MA20>MA60; 60日趋势强度不足
2026-08-11,603215.SH,,rejected_signal,,6.817175,,0.96622467,,未满足 MA5>MA10>MA20>MA60; 60日趋势强度不足; 20日平均成交额不足
2026-08-11,603216.SH,,rejected_signal,,8.588592,,0.9277181,,未满足 MA5>MA10>MA20>MA60; 60日趋势强度不足
2026-08-11,603217.SH,,rejected_signal,,17.118477,,0.9611941,,未满足 MA5>MA10>MA20>MA60; 60日趋势强度不足; 偏离MA20过远，追高风险
2026-08-11,603218.SH,,rejected_signal,,16.942335,,1.00026107,,未满足 MA5>MA10>MA20>MA60; 60日趋势强度不足
2026-08-11,603219.SH,,rejected_signal,,0.0,,0.94482905,,未满足 MA5>MA10>MA20>MA60; 20日动量低于门槛; 60日趋势强度不足
2026-08-11,603220.SH,,rejected_signal,,3.90782,,0.87318665,,未满足 MA5>MA10>MA20>MA60; 20日动量低于门槛; 60日趋势强度不足
2026-08-11,603221.SH,,rejected_universe,,0.0,,0.0,,不在当日动态股票池(停牌/未上市/已退市/当前ST代理过滤)
2026-08-11,603222.SH,,rejected_signal,,6.264367,,1.01304829,,未满足 MA5>MA10>MA20>MA60; 20日动量低于门槛; 60日趋势强度不足
2026-08-11,603223.SH,,rejected_signal,,8.796662,,0.98809695,,未满足 MA5>MA10>MA20>MA60; 20日动量低于门槛
2026-08-11,603225.SH,,rejected_signal,,28.449694,,0.99282169,,未满足 MA5>MA10>MA20>MA60
2026-08-11,603226.SH,,rejected_signal,,4.051824,,0.92247343,,未满足 MA5>MA10>MA20>MA60; 20日动量低于门槛
2026-08-11,603227.SH,,rejected_signal,,13.729036,,1.00181079,,未满足 MA5>MA10>MA20>MA60; 60日趋势强度不足
2026-08-11,603228.SH,,rejected_rank,47,49.324387,0.57009345,1.07092321,0.52710283,"信号有效, 但综合排名未进入 Top20"
2026-08-11,603229.SH,,rejected_signal,,6.172306,,0.92555398,,未满足 MA5>MA10>MA20>MA60; 20日动量低于门槛; 60日趋势强度不足
2026-08-11,603230.SH,,rejected_signal,,4.246272,,0.9911381,,未满足 MA5>MA10>MA20>MA60; 60日趋势强度不足; 20日平均成交额不足
2026-08-11,603231.SH,,rejected_signal,,2.97785,,0.98854208,,未满足 MA5>MA10>MA20>MA60; 60日趋势强度不足; 20日平均成交额不足
2026-08-11,603232.SH,,rejected_signal,,31.819933,,0.94508177,,未满足 MA5>MA10>MA20>MA60; 60日趋势强度不足
2026-08-11,603233.SH,,rejected_signal,,29.696024,,1.08879387,,未满足 MA5>MA10>MA20>MA60; 20日动量低于门槛
2026-08-11,603235.SH,,rejected_signal,,13.953704,,1.029387,,未满足 MA5>MA10>MA20>MA60; 收盘价低于MA20; 20日动量低于门槛; 60日趋势强度不足; 20日平均成交额不足
2026-08-11,603236.SH,,rejected_signal,,16.475014,,0.88207746,,未满足 MA5>MA10>MA20>MA60; 60日趋势强度不足
2026-08-11,603237.SH,,rejected_signal,,21.709557,,1.01244545,,未满足 MA5>MA10>MA20>MA60; 60日趋势强度不足; 20日平均成交额不足
2026-08-11,603238.SH,,rejected_signal,,11.142361,,0.97582817,,未满足 MA5>MA10>MA20>MA60; 60日趋势强度不足
2026-08-11,603239.SH,,rejected_signal,,10.295151,,0.88444436,,未满足 MA5>MA10>MA20>MA60; 60日趋势强度不足
2026-08-11,603248.SH,,rejected_signal,,2.010506,,0.88394064,,未满足 MA5>MA10>MA20>MA60; 60日趋势强度不足
2026-08-11,603255.SH,,rejected_signal,,0.078808,,0.86094236,,未满足 MA5>MA10>MA20>MA60; 20日动量低于门槛; 60日趋势强度不足
2026-08-11,603256.SH,,rejected_signal,,5.144017,,0.57621509,,未满足 MA5>MA10>MA20>MA60; 20日动量低于门槛; 20日年化波动过高
2026-08-11,603257.SH,,rejected_signal,,1.788448,,0.96487606,,未满足 MA5>MA10>MA20>MA60; 20日动量低于门槛; 60日趋势强度不足
2026-08-11,603258.SH,,rejected_signal,,30.935499,,1.04808235,,未满足 MA5>MA10>MA20>MA60; 60日趋势强度不足
2026-08-11,603259.SH,,rejected_signal,,48.814842,,1.24186468,,偏离MA20过远，追高风险
2026-08-11,603260.SH,,rejected_signal,,4.272894,,0.87970495,,未满足 MA5>MA10>MA20>MA60; 20日动量低于门槛; 60日趋势强度不足
2026-08-11,603261.SH,,rejected_signal,,29.201607,,1.14617836,,20日动量低于门槛
2026-08-11,603262.SH,,rejected_signal,,0.0,,0.770917,,未满足 MA5>MA10>MA20>MA60; 收盘价低于MA20; 20日动量低于门槛; 60日趋势强度不足
2026-08-11,603266.SH,,rejected_signal,,1.61758,,0.90605533,,未满足 MA5>MA10>MA20>MA60; 20日动量低于门槛; 60日趋势强度不足
2026-08-11,603267.SH,,rejected_signal,,11.060784,,0.80394053,,未满足 MA5>MA10>MA20>MA60; 20日动量低于门槛; 60日趋势强度不足
2026-08-11,603268.SH,,rejected_rank,88,36.154156,0.18691589,1.04621601,0.1906542,"信号有效, 但综合排名未进入 Top20"
2026-08-11,603269.SH,,rejected_signal,,3.217414,,0.7764073,,未满足 MA5>MA10>MA20>MA60; 20日动量低于门槛; 60日趋势强度不足; 偏离MA20过远，追高风险
2026-08-11,603270.SH,,rejected_signal,,0.0,,0.85410815,,未满足 MA5>MA10>MA20>MA60; 20日动量低于门槛; 60日趋势强度不足
2026-08-11,603271.SH,,rejected_signal,,8.967543,,0.93702865,,未满足 MA5>MA10>MA20>MA60; 20日动量低于门槛; 60日趋势强度不足
2026-08-11,603272.SH,,rejected_universe,,0.0,,0.67547649,,不在当日动态股票池(停牌/未上市/已退市/当前ST代理过滤)
2026-08-11,603273.SH,,rejected_signal,,11.923399,,1.00037527,,未满足 MA5>MA10>MA20>MA60; 60日趋势强度不足
2026-08-11,603275.SH,,rejected_signal,,5.70806,,0.92123902,,未满足 MA5>MA10>MA20>MA60; 60日趋势强度不足; 20日平均成交额不足
2026-08-11,603276.SH,,rejected_signal,,7.073464,,0.93197799,,未满足 MA5>MA10>MA20>MA60; 60日趋势强度不足
2026-08-11,603277.SH,,rejected_signal,,12.422897,,1.00420403,,未满足 MA5>MA10>MA20>MA60; 60日趋势强度不足; 20日平均成交额不足
2026-08-11,603278.SH,,rejected_signal,,6.365954,,0.83050162,,未满足 MA5>MA10>MA20>MA60; 60日趋势强度不足
2026-08-11,603279.SH,,rejected_signal,,9.064434,,0.9836446,,未满足 MA5>MA10>MA20>MA60; 收盘价低于MA20; 60日趋势强度不足
2026-08-11,603280.SH,,rejected_signal,,5.508169,,0.95997024,,未满足 MA5>MA10>MA20>MA60; 60日趋势强度不足; 20日平均成交额不足
2026-08-11,603281.SH,,rejected_signal,,3.794087,,0.86818385,,未满足 MA5>MA10>MA20>MA60; 60日趋势强度不足
2026-08-11,603282.SH,,rejected_signal,,10.512851,,0.99109286,,未满足 MA5>MA10>MA20>MA60; 60日趋势强度不足; 20日平均成交额不足
2026-08-11,603283.SH,,rejected_signal,,0.0,,0.69090492,,未满足 MA5>MA10>MA20>MA60; 20日动量低于门槛; 60日趋势强度不足
2026-08-11,603284.SH,,rejected_signal,,23.438828,,0.99678284,,60日趋势强度不足
2026-08-11,603285.SH,,rejected_signal,,0.0,,0.73716706,,未满足 MA5>MA10>MA20>MA60; 20日动量低于门槛; 60日趋势强度不足
2026-08-11,603286.SH,,rejected_signal,,4.128041,,0.77796167,,未满足 MA5>MA10>MA20>MA60; 20日动量低于门槛; 60日趋势强度不足
2026-08-11,603288.SH,,rejected_signal,,27.261278,,1.06479216,,未满足 MA5>MA10>MA20>MA60; 收盘价低于MA20; 60日趋势强度不足
2026-08-11,603289.SH,,rejected_signal,,6.10175,,0.91174054,,未满足 MA5>MA10>MA20>MA60; 20日动量低于门槛; 60日趋势强度不足; 20日平均成交额不足
2026-08-11,603290.SH,,rejected_signal,,1.544694,,0.71580011,,未满足 MA5>MA10>MA20>MA60; 20日动量低于门槛; 60日趋势强度不足
2026-08-11,603291.SH,,rejected_signal,,24.991217,,0.95303214,,未满足 MA5>MA10>MA20>MA60; 60日趋势强度不足
2026-08-11,603293.SH,,rejected_signal,,1.241324,,0.89732713,,未满足 MA5>MA10>MA20>MA60; 60日趋势强度不足
2026-08-11,603296.SH,,rejected_signal,,21.653315,,0.98532861,,未满足 MA5>MA10>MA20>MA60; 收盘价低于MA20; 20日动量低于门槛; 60日趋势强度不足
2026-08-11,603297.SH,,rejected_signal,,0.156783,,0.77087504,,未满足 MA5>MA10>MA20>MA60; 20日动量低于门槛; 60日趋势强度不足
2026-08-11,603298.SH,,rejected_signal,,20.140184,,1.0515846,,未满足 MA5>MA10>MA20>MA60; 收盘价低于MA20; 60日趋势强度不足
2026-08-11,603299.SH,,rejected_signal,,9.827055,,0.9789328,,未满足 MA5>MA10>MA20>MA60; 收盘价低于MA20; 20日动量低于门槛; 60日趋势强度不足
2026-08-11,603300.SH,,rejected_signal,,30.854374,,1.01852179,,未满足 MA5>MA10>MA20>MA60; 60日趋势强度不足
2026-08-11,603301.SH,,rejected_signal,,2.736025,,1.00354302,,未满足 MA5>MA10>MA20>MA60; 收盘价低于MA20; 20日动量低于门槛; 60日趋势强度不足
2026-08-11,603303.SH,,rejected_signal,,2.859064,,0.75507236,,未满足 MA5>MA10>MA20>MA60; 20日动量低于门槛
2026-08-11,603305.SH,,rejected_signal,,8.334568,,0.92849213,,未满足 MA5>MA10>MA20>MA60; 60日趋势强度不足
2026-08-11,603306.SH,,rejected_signal,,7.053641,,0.61869651,,未满足 MA5>MA10>MA20>MA60; 20日动量低于门槛; 60日趋势强度不足; 20日年化波动过高
2026-08-11,603307.SH,,rejected_signal,,3.921133,,0.9745329,,未满足 MA5>MA10>MA20>MA60; 60日趋势强度不足; 20日平均成交额不足
2026-08-11,603308.SH,,rejected_signal,,3.393254,,0.78536499,,未满足 MA5>MA10>MA20>MA60; 20日动量低于门槛; 60日趋势强度不足
2026-08-11,603309.SH,,rejected_signal,,1.875124,,0.96406239,,未满足 MA5>MA10>MA20>MA60; 20日动量低于门槛; 60日趋势强度不足
2026-08-11,603310.SH,,rejected_signal,,1.300157,,0.96098572,,未满足 MA5>MA10>MA20>MA60; 20日动量低于门槛; 60日趋势强度不足; 20日平均成交额不足
2026-08-11,603311.SH,,rejected_signal,,6.678687,,0.86500371,,未满足 MA5>MA10>MA20>MA60; 20日动量低于门槛
2026-08-11,603312.SH,,rejected_signal,,0.0,,0.93003106,,未满足 MA5>MA10>MA20>MA60; 20日动量低于门槛; 60日趋势强度不足; 20日平均成交额不足
2026-08-11,603313.SH,,rejected_signal,,9.251443,,0.96876997,,未满足 MA5>MA10>MA20>MA60; 20日动量低于门槛
2026-08-11,603315.SH,,rejected_signal,,3.235111,,0.85069066,,未满足 MA5>MA10>MA20>MA60; 20日动量低于门槛; 60日趋势强度不足
2026-08-11,603316.SH,,rejected_signal,,0.0,,0.64931351,,未满足 MA5>MA10>MA20>MA60; 20日动量低于门槛; 60日趋势强度不足
2026-08-11,603317.SH,,rejected_signal,,22.788828,,1.0549047,,未满足 MA5>MA10>MA20>MA60; 60日趋势强度不足
2026-08-11,603318.SH,,rejected_signal,,6.498903,,0.96123976,,未满足 MA5>MA10>MA20>MA60; 20日动量低于门槛; 60日趋势强度不足
2026-08-11,603319.SH,,rejected_signal,,1.496801,,0.70545995,,未满足 MA5>MA10>MA20>MA60; 20日动量低于门槛; 60日趋势强度不足
2026-08-11,603320.SH,,rejected_signal,,1.948774,,0.86240852,,未满足 MA5>MA10>MA20>MA60; 20日动量低于门槛; 60日趋势强度不足
2026-08-11,603321.SH,,rejected_signal,,10.223246,,1.00013852,,未满足 MA5>MA10>MA20>MA60; 60日趋势强度不足; 20日平均成交额不足
2026-08-11,603322.SH,,rejected_signal,,2.065532,,0.90798897,,未满足 MA5>MA10>MA20>MA60; 20日动量低于门槛; 60日趋势强度不足
2026-08-11,603323.SH,,rejected_signal,,11.540445,,1.03954196,,未满足 MA5>MA10>MA20>MA60; 收盘价低于MA20; 20日动量低于门槛; 60日趋势强度不足
2026-08-11,603324.SH,,rejected_signal,,0.0,,0.68495727,,未满足 MA5>MA10>MA20>MA60; 20日动量低于门槛; 60日趋势强度不足
2026-08-11,603325.SH,,rejected_signal,,3.728301,,0.99772859,,未满足 MA5>MA10>MA20>MA60; 20日动量低于门槛; 60日趋势强度不足; 20日平均成交额不足
2026-08-11,603326.SH,,rejected_signal,,10.094273,,0.97948152,,未满足 MA5>MA10>MA20>MA60; 60日趋势强度不足
2026-08-11,603327.SH,,rejected_signal,,28.314304,,0.94867551,,未满足 MA5>MA10>MA20>MA60; 60日趋势强度不足
2026-08-11,603328.SH,,rejected_signal,,10.93759,,0.82760334,,未满足 MA5>MA10>MA20>MA60; 60日趋势强度不足
2026-08-11,603329.SH,,rejected_signal,,6.308329,,0.99886924,,未满足 MA5>MA10>MA20>MA60; 20日动量低于门槛; 60日趋势强度不足
2026-08-11,603330.SH,,rejected_signal,,18.418663,,0.93513101,,未满足 MA5>MA10>MA20>MA60
2026-08-11,603331.SH,,rejected_signal,,36.368389,,1.00465655,,未满足 MA5>MA10>MA20>MA60; 60日趋势强度不足
2026-08-11,603332.SH,,rejected_signal,,13.482351,,0.98892629,,未满足 MA5>MA10>MA20>MA60; 60日趋势强度不足
2026-08-11,603333.SH,,rejected_signal,,46.310188,,1.0179404,,60日趋势强度不足
2026-08-11,603334.SH,,rejected_signal,,10.122515,,0.89240587,,未满足 MA5>MA10>MA20>MA60; 60日趋势强度不足
2026-08-11,603335.SH,,rejected_signal,,0.0,,0.8307234,,未满足 MA5>MA10>MA20>MA60; 20日动量低于门槛; 60日趋势强度不足
2026-08-11,603336.SH,,rejected_signal,,37.077145,,1.11276734,,60日趋势强度不足
2026-08-11,603337.SH,,rejected_rank,49,48.653534,0.55140185,1.13852763,0.59813082,"信号有效, 但综合排名未进入 Top20"
2026-08-11,603338.SH,,rejected_signal,,46.587605,,1.10251284,,未满足 MA5>MA10>MA20>MA60; 收盘价低于MA20; 60日趋势强度不足
2026-08-11,603339.SH,,rejected_signal,,17.09659,,0.99767816,,未满足 MA5>MA10>MA20>MA60; 20日动量低于门槛; 60日趋势强度不足
2026-08-11,603341.SH,,rejected_signal,,13.345525,,0.92802805,,未满足 MA5>MA10>MA20>MA60; 20日动量低于门槛; 60日趋势强度不足
2026-08-11,603344.SH,,rejected_signal,,12.138488,,0.85720438,,未满足 MA5>MA10>MA20>MA60; 20日动量低于门槛; 60日趋势强度不足
2026-08-11,603345.SH,,rejected_signal,,9.500264,,0.98486173,,未满足 MA5>MA10>MA20>MA60; 收盘价低于MA20; 20日动量低于门槛; 60日趋势强度不足
2026-08-11,603348.SH,,rejected_signal,,11.642488,,0.98900253,,未满足 MA5>MA10>MA20>MA60; 60日趋势强度不足
2026-08-11,603350.SH,,rejected_signal,,10.606402,,0.92119831,,未满足 MA5>MA10>MA20>MA60; 20日动量低于门槛; 60日趋势强度不足; 20日平均成交额不足
2026-08-11,603351.SH,,rejected_signal,,17.124496,,0.95055985,,未满足 MA5>MA10>MA20>MA60; 60日趋势强度不足
2026-08-11,603352.SH,,rejected_signal,,31.171736,,0.9810046,,未满足 MA5>MA10>MA20>MA60; 60日趋势强度不足
2026-08-11,603353.SH,,rejected_signal,,5.575469,,0.75183964,,未满足 MA5>MA10>MA20>MA60; 20日动量低于门槛; 60日趋势强度不足
2026-08-11,603355.SH,,rejected_signal,,22.993641,,1.04692292,,未满足 MA5>MA10>MA20>MA60; 60日趋势强度不足
2026-08-11,603356.SH,,rejected_signal,,13.750294,,0.91543812,,未满足 MA5>MA10>MA20>MA60; 60日趋势强度不足
2026-08-11,603357.SH,,rejected_signal,,1.844898,,0.96806121,,未满足 MA5>MA10>MA20>MA60; 60日趋势强度不足; 20日平均成交额不足
2026-08-11,603358.SH,,rejected_signal,,17.234247,,1.02881169,,未满足 MA5>MA10>MA20>MA60; 20日动量低于门槛
2026-08-11,603359.SH,,rejected_universe,,3.160966,,0.92009932,,不在当日动态股票池(停牌/未上市/已退市/当前ST代理过滤)
2026-08-11,603360.SH,,rejected_signal,,1.957287,,0.78602886,,未满足 MA5>MA10>MA20>MA60; 20日动量低于门槛; 60日趋势强度不足
2026-08-11,603363.SH,,rejected_signal,,5.819207,,0.96992671,,未满足 MA5>MA10>MA20>MA60; 20日动量低于门槛; 60日趋势强度不足
2026-08-11,603365.SH,,rejected_signal,,17.612537,,1.02135348,,未满足 MA5>MA10>MA20>MA60; 收盘价低于MA20; 60日趋势强度不足
2026-08-11,603366.SH,,rejected_signal,,10.460608,,0.99352223,,未满足 MA5>MA10>MA20>MA60; 60日趋势强度不足
2026-08-11,603367.SH,,rejected_signal,,21.86442,,1.05709553,,未满足 MA5>MA10>MA20>MA60; 20日动量低于门槛; 60日趋势强度不足
2026-08-11,603368.SH,,rejected_signal,,15.554629,,1.00635552,,未满足 MA5>MA10>MA20>MA60; 20日动量低于门槛; 60日趋势强度不足
2026-08-11,603369.SH,,rejected_signal,,43.800571,,1.05937028,,未满足 MA5>MA10>MA20>MA60; 60日趋势强度不足
2026-08-11,603370.SH,,rejected_signal,,5.513223,,0.87164032,,未满足 MA5>MA10>MA20>MA60; 60日趋势强度不足; 20日平均成交额不足
2026-08-11,603373.SH,,rejected_signal,,34.185635,,1.04634595,,未满足 MA5>MA10>MA20>MA60
2026-08-11,603375.SH,,rejected_signal,,0.0,,0.75915748,,未满足 MA5>MA10>MA20>MA60; 20日动量低于门槛; 60日趋势强度不足
2026-08-11,603376.SH,,rejected_signal,,12.771384,,0.99630672,,未满足 MA5>MA10>MA20>MA60; 60日趋势强度不足
2026-08-11,603377.SH,,rejected_universe,,6.787749,,0.88877183,,不在当日动态股票池(停牌/未上市/已退市/当前ST代理过滤)
2026-08-11,603378.SH,,rejected_universe,,3.161787,,0.99304157,,不在当日动态股票池(停牌/未上市/已退市/当前ST代理过滤)
2026-08-11,603379.SH,,rejected_signal,,15.826121,,0.97100914,,未满足 MA5>MA10>MA20>MA60; 20日动量低于门槛
2026-08-11,603380.SH,,rejected_signal,,0.0,,0.8155241,,未满足 MA5>MA10>MA20>MA60; 收盘价低于MA20; 20日动量低于门槛; 60日趋势强度不足
2026-08-11,603381.SH,,rejected_signal,,8.999432,,0.90389001,,未满足 MA5>MA10>MA20>MA60; 60日趋势强度不足
2026-08-11,603382.SH,,rejected_signal,,26.07601,,0.96307892,,未满足 MA5>MA10>MA20>MA60; 60日趋势强度不足
2026-08-11,603383.SH,,rejected_signal,,34.195198,,1.04242229,,未满足 MA5>MA10>MA20>MA60; 60日趋势强度不足
2026-08-11,603385.SH,,rejected_signal,,14.06627,,0.98959029,,未满足 MA5>MA10>MA20>MA60; 60日趋势强度不足; 20日平均成交额不足
2026-08-11,603386.SH,,rejected_signal,,0.057085,,0.74096584,,未满足 MA5>MA10>MA20>MA60; 20日动量低于门槛; 60日趋势强度不足
2026-08-11,603387.SH,,rejected_signal,,36.085915,,1.06445277,,60日趋势强度不足
2026-08-11,603388.SH,,rejected_universe,,0.0,,0.0,,不在当日动态股票池(停牌/未上市/已退市/当前ST代理过滤)
2026-08-11,603389.SH,,rejected_signal,,10.543781,,0.80281407,,未满足 MA5>MA10>MA20>MA60; 20日动量低于门槛; 60日趋势强度不足
2026-08-11,603390.SH,,rejected_signal,,1.334404,,0.88602746,,未满足 MA5>MA10>MA20>MA60; 60日趋势强度不足
2026-08-11,603391.SH,,rejected_signal,,25.498434,,1.02804399,,未满足 MA5>MA10>MA20>MA60; 60日趋势强度不足
2026-08-11,603392.SH,,rejected_signal,,19.990795,,0.99905241,,未满足 MA5>MA10>MA20>MA60; 60日趋势强度不足
2026-08-11,603393.SH,,rejected_signal,,32.94698,,1.00321269,,未满足 MA5>MA10>MA20>MA60; 60日趋势强度不足
2026-08-11,603395.SH,,rejected_signal,,17.745518,,1.01832473,,未满足 MA5>MA10>MA20>MA60; 收盘价低于MA20; 60日趋势强度不足
2026-08-11,603396.SH,,rejected_signal,,13.899951,,0.89621866,,未满足 MA5>MA10>MA20>MA60; 60日趋势强度不足
2026-08-11,603398.SH,,rejected_universe,,0.0,,0.70391339,,不在当日动态股票池(停牌/未上市/已退市/当前ST代理过滤)
2026-08-11,603399.SH,,rejected_signal,,9.974673,,0.85261446,,未满足 MA5>MA10>MA20>MA60; 20日动量低于门槛; 60日趋势强度不足
2026-08-11,603400.SH,,rejected_signal,,17.716503,,0.99041581,,未满足 MA5>MA10>MA20>MA60; 60日趋势强度不足
2026-08-11,603402.SH,,rejected_signal,,26.834185,,0.99374628,,未满足 MA5>MA10>MA20>MA60; 60日趋势强度不足
2026-08-11,603406.SH,,rejected_signal,,12.727709,,0.98441869,,未满足 MA5>MA10>MA20>MA60; 60日趋势强度不足
2026-08-11,603407.SH,,rejected_signal,,9.369333,,0.85341811,,未满足 MA5>MA10>MA20>MA60; 20日动量低于门槛; 60日趋势强度不足; 20日年化波动过高
2026-08-11,603408.SH,,rejected_signal,,11.149075,,1.01986492,,未满足 MA5>MA10>MA20>MA60; 60日趋势强度不足; 20日平均成交额不足
2026-08-11,603409.SH,,rejected_signal,,10.152173,,0.82990599,,未满足 MA5>MA10>MA20>MA60; 60日趋势强度不足
2026-08-11,603416.SH,,rejected_signal,,9.960128,,0.95906007,,未满足 MA5>MA10>MA20>MA60; 20日动量低于门槛; 60日趋势强度不足
2026-08-11,603418.SH,,rejected_signal,,5.416435,,0.94878304,,未满足 MA5>MA10>MA20>MA60; 20日动量低于门槛; 60日趋势强度不足
2026-08-11,603421.SH,,rejected_signal,,4.217758,,0.90489078,,未满足 MA5>MA10>MA20>MA60; 60日趋势强度不足
2026-08-11,603429.SH,,rejected_universe,,0.0,,0.91437387,,不在当日动态股票池(停牌/未上市/已退市/当前ST代理过滤)
2026-08-11,603435.SH,,rejected_signal,,0.0,,0.82570934,,历史数据不足或指标非有限值; 未满足 MA5>MA10>MA20>MA60; 60日趋势强度不足
2026-08-11,603439.SH,,rejected_signal,,8.981524,,0.76939756,,未满足 MA5>MA10>MA20>MA60; 60日趋势强度不足; 偏离MA20过远，追高风险
2026-08-11,603444.SH,,rejected_rank,37,50.665398,0.66355139,1.10976994,0.66728973,"信号有效, 但综合排名未进入 Top20"
2026-08-11,603456.SH,,selected_signal,12,58.436394,0.89719623,1.14407253,0.88598126,quality_momentum 横截面排名进入 Top20
2026-08-11,603458.SH,,rejected_signal,,16.609522,,0.79771012,,未满足 MA5>MA10>MA20>MA60; 60日趋势强度不足
2026-08-11,603459.SH,,rejected_signal,,19.738792,,0.94109631,,未满足 MA5>MA10>MA20>MA60; 20日年化波动过高
2026-08-11,603466.SH,,rejected_signal,,14.012218,,1.01837659,,未满足 MA5>MA10>MA20>MA60; 20日动量低于门槛
2026-08-11,603468.SH,,rejected_signal,,0.0,,1.0,,历史数据不足或指标非有限值; 未满足 MA5>MA10>MA20>MA60; 收盘价低于MA20; 20日动量低于门槛; 20日涨幅过热; 60日趋势强度不足; 偏离MA20过远，追高风险; 20日年化波动过高; 20日平均成交额不足
2026-08-11,603477.SH,,rejected_signal,,5.039082,,0.96631062,,未满足 MA5>MA10>MA20>MA60; 20日动量低于门槛; 60日趋势强度不足
2026-08-11,603486.SH,,rejected_signal,,45.379372,,1.063995,,未满足 MA5>MA10>MA20>MA60; 60日趋势强度不足
2026-08-11,603488.SH,,rejected_signal,,15.888347,,0.77690047,,未满足 MA5>MA10>MA20>MA60; 60日趋势强度不足; 偏离MA20过远，追高风险
2026-08-11,603489.SH,,rejected_signal,,9.479766,,0.88103181,,未满足 MA5>MA10>MA20>MA60; 60日趋势强度不足
2026-08-11,603496.SH,,rejected_signal,,16.986156,,1.04153359,,未满足 MA5>MA10>MA20>MA60; 60日趋势强度不足
2026-08-11,603499.SH,,rejected_signal,,3.330032,,0.9094944,,未满足 MA5>MA10>MA20>MA60; 60日趋势强度不足
2026-08-11,603500.SH,,rejected_signal,,0.0,,0.83086365,,未满足 MA5>MA10>MA20>MA60; 20日动量低于门槛; 60日趋势强度不足
2026-08-11,603501.SH,,rejected_signal,,15.537767,,0.91033256,,未满足 MA5>MA10>MA20>MA60; 收盘价低于MA20; 20日动量低于门槛; 60日趋势强度不足
2026-08-11,603505.SH,,rejected_signal,,5.359589,,0.89218104,,未满足 MA5>MA10>MA20>MA60; 60日趋势强度不足
2026-08-11,603506.SH,,rejected_signal,,22.181389,,0.97176707,,未满足 MA5>MA10>MA20>MA60; 60日趋势强度不足
2026-08-11,603507.SH,,rejected_signal,,4.511372,,0.89449149,,未满足 MA5>MA10>MA20>MA60; 20日动量低于门槛; 60日趋势强度不足
2026-08-11,603508.SH,,rejected_signal,,13.450951,,1.04300106,,未满足 MA5>MA10>MA20>MA60; 收盘价低于MA20; 20日动量低于门槛; 60日趋势强度不足
2026-08-11,603511.SH,,rejected_signal,,4.150184,,0.96956289,,未满足 MA5>MA10>MA20>MA60; 60日趋势强度不足; 20日平均成交额不足
2026-08-11,603515.SH,,rejected_signal,,3.754541,,1.0052067,,未满足 MA5>MA10>MA20>MA60; 20日动量低于门槛; 60日趋势强度不足; 20日平均成交额不足
2026-08-11,603516.SH,,rejected_signal,,3.496338,,0.83400315,,未满足 MA5>MA10>MA20>MA60; 20日动量低于门槛; 60日趋势强度不足
2026-08-11,603517.SH,,rejected_universe,,11.131382,,0.95238006,,不在当日动态股票池(停牌/未上市/已退市/当前ST代理过滤)
2026-08-11,603518.SH,,rejected_signal,,8.524181,,1.00375366,,未满足 MA5>MA10>MA20>MA60; 60日趋势强度不足
2026-08-11,603519.SH,,rejected_rank,78,40.314884,0.28037384,1.14206278,0.38878506,"信号有效, 但综合排名未进入 Top20"
2026-08-11,603520.SH,,rejected_signal,,3.529852,,0.90979266,,未满足 MA5>MA10>MA20>MA60; 20日动量低于门槛; 60日趋势强度不足
2026-08-11,603527.SH,,rejected_signal,,6.195748,,0.80058789,,未满足 MA5>MA10>MA20>MA60; 20日动量低于门槛; 60日趋势强度不足
2026-08-11,603528.SH,,rejected_signal,,20.135202,,0.97374606,,未满足 MA5>MA10>MA20>MA60; 60日趋势强度不足
2026-08-11,603529.SH,,rejected_signal,,21.669609,,1.03229165,,未满足 MA5>MA10>MA20>MA60; 收盘价低于MA20; 60日趋势强度不足
2026-08-11,603530.SH,,rejected_signal,,9.335806,,0.84738171,,未满足 MA5>MA10>MA20>MA60; 20日动量低于门槛; 60日趋势强度不足
2026-08-11,603533.SH,,rejected_signal,,37.413078,,1.07203138,,未满足 MA5>MA10>MA20>MA60; 60日趋势强度不足
2026-08-11,603535.SH,,rejected_signal,,10.525065,,0.98266208,,未满足 MA5>MA10>MA20>MA60; 60日趋势强度不足
2026-08-11,603536.SH,,rejected_signal,,41.019707,,1.03877902,,未满足 MA5>MA10>MA20>MA60; 60日趋势强度不足
2026-08-11,603538.SH,,rejected_signal,,11.223121,,0.9044342,,未满足 MA5>MA10>MA20>MA60; 20日动量低于门槛; 60日趋势强度不足
2026-08-11,603551.SH,,rejected_signal,,2.410355,,0.98134804,,未满足 MA5>MA10>MA20>MA60; 20日动量低于门槛; 60日趋势强度不足; 20日平均成交额不足
2026-08-11,603556.SH,,rejected_signal,,43.794716,,1.11553752,,未满足 MA5>MA10>MA20>MA60; 60日趋势强度不足
2026-08-11,603557.SH,,rejected_universe,,2.91568,,0.87034702,,不在当日动态股票池(停牌/未上市/已退市/当前ST代理过滤)
2026-08-11,603558.SH,,rejected_signal,,28.140051,,1.0538975,,60日趋势强度不足
2026-08-11,603559.SH,,rejected_signal,,20.214966,,1.08220613,,未满足 MA5>MA10>MA20>MA60; 60日趋势强度不足
2026-08-11,603565.SH,,rejected_signal,,13.571474,,1.03016949,,未满足 MA5>MA10>MA20>MA60; 收盘价低于MA20; 20日动量低于门槛; 60日趋势强度不足
2026-08-11,603566.SH,,rejected_signal,,4.995527,,1.01426804,,未满足 MA5>MA10>MA20>MA60; 20日动量低于门槛; 60日趋势强度不足
2026-08-11,603567.SH,,rejected_signal,,31.023878,,1.11467373,,20日涨幅过热; 60日趋势强度不足; 20日年化波动过高
2026-08-11,603568.SH,,rejected_signal,,2.870426,,0.99602962,,未满足 MA5>MA10>MA20>MA60; 20日动量低于门槛; 60日趋势强度不足
2026-08-11,603569.SH,,rejected_signal,,13.245047,,1.03172565,,60日趋势强度不足; 20日平均成交额不足
2026-08-11,603577.SH,,rejected_signal,,12.914417,,1.02421439,,未满足 MA5>MA10>MA20>MA60; 60日趋势强度不足
2026-08-11,603578.SH,,rejected_signal,,6.755013,,0.8872875,,未满足 MA5>MA10>MA20>MA60; 20日动量低于门槛; 60日趋势强度不足
2026-08-11,603579.SH,,rejected_signal,,6.692651,,0.98397058,,未满足 MA5>MA10>MA20>MA60; 60日趋势强度不足
2026-08-11,603580.SH,,rejected_signal,,34.665348,,1.81243074,,20日涨幅过热; 20日年化波动过高
2026-08-11,603583.SH,,rejected_signal,,16.848516,,1.01774466,,未满足 MA5>MA10>MA20>MA60; 60日趋势强度不足
2026-08-11,603585.SH,,rejected_signal,,11.804063,,0.97673428,,未满足 MA5>MA10>MA20>MA60; 60日趋势强度不足
2026-08-11,603586.SH,,rejected_signal,,5.721096,,0.90915644,,未满足 MA5>MA10>MA20>MA60; 60日趋势强度不足; 20日平均成交额不足
2026-08-11,603587.SH,,rejected_signal,,8.03237,,1.0054884,,未满足 MA5>MA10>MA20>MA60; 60日趋势强度不足; 20日平均成交额不足
2026-08-11,603588.SH,,rejected_signal,,8.822214,,0.89884835,,未满足 MA5>MA10>MA20>MA60; 20日动量低于门槛
2026-08-11,603589.SH,,rejected_signal,,24.486641,,1.03025877,,未满足 MA5>MA10>MA20>MA60; 60日趋势强度不足
2026-08-11,603590.SH,,rejected_signal,,7.190375,,0.9458999,,未满足 MA5>MA10>MA20>MA60; 20日动量低于门槛; 60日趋势强度不足
2026-08-11,603595.SH,,rejected_universe,,1.936234,,0.8257156,,不在当日动态股票池(停牌/未上市/已退市/当前ST代理过滤)
2026-08-11,603596.SH,,rejected_signal,,21.239151,,0.97609472,,未满足 MA5>MA10>MA20>MA60; 60日趋势强度不足
2026-08-11,603598.SH,,rejected_signal,,22.578659,,1.01680362,,未满足 MA5>MA10>MA20>MA60; 60日趋势强度不足
2026-08-11,603599.SH,,rejected_signal,,23.624418,,1.00986075,,未满足 MA5>MA10>MA20>MA60; 收盘价低于MA20; 60日趋势强度不足
2026-08-11,603600.SH,,rejected_signal,,10.400658,,0.99198472,,未满足 MA5>MA10>MA20>MA60; 60日趋势强度不足
2026-08-11,603601.SH,,rejected_signal,,0.871056,,0.66146803,,未满足 MA5>MA10>MA20>MA60; 20日动量低于门槛; 60日趋势强度不足
2026-08-11,603602.SH,,rejected_signal,,8.692489,,0.92340869,,未满足 MA5>MA10>MA20>MA60; 60日趋势强度不足
2026-08-11,603603.SH,,rejected_universe,,0.0,,0.0,,不在当日动态股票池(停牌/未上市/已退市/当前ST代理过滤)
2026-08-11,603605.SH,,rejected_signal,,17.133835,,0.99656373,,未满足 MA5>MA10>MA20>MA60
2026-08-11,603606.SH,,rejected_signal,,5.429637,,0.99673837,,未满足 MA5>MA10>MA20>MA60; 收盘价低于MA20; 20日动量低于门槛; 60日趋势强度不足
2026-08-11,603607.SH,,rejected_signal,,1.401559,,0.92223477,,未满足 MA5>MA10>MA20>MA60; 20日动量低于门槛; 60日趋势强度不足
2026-08-11,603608.SH,,rejected_signal,,9.693249,,0.85184717,,未满足 MA5>MA10>MA20>MA60; 20日动量低于门槛
2026-08-11,603609.SH,,rejected_signal,,8.256651,,0.98862576,,未满足 MA5>MA10>MA20>MA60; 20日动量低于门槛; 60日趋势强度不足; 20日平均成交额不足
2026-08-11,603610.SH,,rejected_signal,,13.896497,,0.911897,,未满足 MA5>MA10>MA20>MA60; 60日趋势强度不足
2026-08-11,603611.SH,,rejected_signal,,0.499547,,0.99959403,,未满足 MA5>MA10>MA20>MA60; 20日动量低于门槛; 60日趋势强度不足
2026-08-11,603612.SH,,rejected_signal,,12.070949,,0.93232816,,未满足 MA5>MA10>MA20>MA60; 60日趋势强度不足
2026-08-11,603613.SH,,rejected_signal,,17.062828,,0.98030275,,未满足 MA5>MA10>MA20>MA60; 60日趋势强度不足
2026-08-11,603615.SH,,rejected_signal,,2.328287,,0.88350898,,未满足 MA5>MA10>MA20>MA60; 20日动量低于门槛; 60日趋势强度不足
2026-08-11,603616.SH,,rejected_signal,,9.631274,,0.88251632,,未满足 MA5>MA10>MA20>MA60; 60日趋势强度不足
2026-08-11,603617.SH,,rejected_signal,,19.421268,,0.98387235,,未满足 MA5>MA10>MA20>MA60; 60日趋势强度不足
2026-08-11,603618.SH,,rejected_signal,,2.048381,,0.58571994,,未满足 MA5>MA10>MA20>MA60; 20日动量低于门槛; 60日趋势强度不足
2026-08-11,603619.SH,,rejected_signal,,39.469635,,0.96463597,,未满足 MA5>MA10>MA20>MA60; 60日趋势强度不足
2026-08-11,603626.SH,,rejected_signal,,8.977082,,0.66242731,,未满足 MA5>MA10>MA20>MA60; 60日趋势强度不足; 偏离MA20过远，追高风险
2026-08-11,603628.SH,,rejected_signal,,6.972198,,0.96321917,,未满足 MA5>MA10>MA20>MA60; 60日趋势强度不足
2026-08-11,603629.SH,,rejected_signal,,9.308174,,0.80944467,,未满足 MA5>MA10>MA20>MA60; 60日趋势强度不足; 20日年化波动过高
2026-08-11,603630.SH,,rejected_signal,,45.38036,,1.08882737,,60日趋势强度不足
2026-08-11,603633.SH,,rejected_signal,,5.172157,,0.85049194,,未满足 MA5>MA10>MA20>MA60; 60日趋势强度不足
2026-08-11,603636.SH,,rejected_signal,,9.341879,,0.87091625,,未满足 MA5>MA10>MA20>MA60; 60日趋势强度不足
2026-08-11,603637.SH,,rejected_signal,,7.094041,,0.79695344,,未满足 MA5>MA10>MA20>MA60; 60日趋势强度不足
2026-08-11,603638.SH,,rejected_signal,,5.810293,,0.88481385,,未满足 MA5>MA10>MA20>MA60; 20日动量低于门槛; 60日趋势强度不足
2026-08-11,603639.SH,,rejected_signal,,14.218658,,1.01327622,,未满足 MA5>MA10>MA20>MA60; 60日趋势强度不足; 20日平均成交额不足
2026-08-11,603648.SH,,rejected_signal,,5.317678,,1.00865436,,未满足 MA5>MA10>MA20>MA60; 20日动量低于门槛; 60日趋势强度不足; 20日平均成交额不足
2026-08-11,603650.SH,,rejected_signal,,3.597451,,0.76272821,,未满足 MA5>MA10>MA20>MA60; 20日动量低于门槛
2026-08-11,603655.SH,,rejected_signal,,5.105001,,0.80816823,,未满足 MA5>MA10>MA20>MA60; 60日趋势强度不足; 偏离MA20过远，追高风险
2026-08-11,603656.SH,,rejected_signal,,0.680166,,0.97815114,,未满足 MA5>MA10>MA20>MA60; 20日动量低于门槛; 60日趋势强度不足
2026-08-11,603657.SH,,rejected_signal,,21.259569,,0.95054364,,未满足 MA5>MA10>MA20>MA60; 60日趋势强度不足; 偏离MA20过远，追高风险
2026-08-11,603658.SH,,rejected_signal,,14.187886,,1.06339288,,未满足 MA5>MA10>MA20>MA60; 收盘价低于MA20; 20日动量低于门槛; 60日趋势强度不足
2026-08-11,603659.SH,,rejected_signal,,7.628544,,0.89541698,,未满足 MA5>MA10>MA20>MA60; 20日动量低于门槛; 60日趋势强度不足
2026-08-11,603660.SH,,rejected_signal,,17.294016,,0.92266595,,未满足 MA5>MA10>MA20>MA60; 60日趋势强度不足; 偏离MA20过远，追高风险
2026-08-11,603661.SH,,rejected_signal,,4.278186,,0.94086975,,未满足 MA5>MA10>MA20>MA60; 20日动量低于门槛
2026-08-11,603662.SH,,rejected_signal,,7.527618,,0.86266154,,未满足 MA5>MA10>MA20>MA60; 20日动量低于门槛; 60日趋势强度不足
2026-08-11,603663.SH,,rejected_signal,,11.289077,,0.63975537,,未满足 MA5>MA10>MA20>MA60; 20日动量低于门槛
2026-08-11,603665.SH,,rejected_signal,,4.411764,,0.85481447,,未满足 MA5>MA10>MA20>MA60; 20日动量低于门槛; 60日趋势强度不足
2026-08-11,603666.SH,,rejected_signal,,0.0,,0.8859905,,未满足 MA5>MA10>MA20>MA60; 20日动量低于门槛; 60日趋势强度不足
2026-08-11,603667.SH,,rejected_signal,,14.4611,,0.83955455,,未满足 MA5>MA10>MA20>MA60; 20日动量低于门槛; 60日趋势强度不足
2026-08-11,603668.SH,,rejected_signal,,7.316677,,0.92752117,,未满足 MA5>MA10>MA20>MA60; 收盘价低于MA20; 20日动量低于门槛; 60日趋势强度不足
2026-08-11,603669.SH,,rejected_signal,,30.071438,,1.06681919,,未满足 MA5>MA10>MA20>MA60; 20日动量低于门槛
2026-08-11,603676.SH,,rejected_signal,,18.248779,,0.99886155,,20日动量低于门槛; 60日趋势强度不足; 20日平均成交额不足
2026-08-11,603677.SH,,rejected_signal,,4.144188,,0.91774797,,未满足 MA5>MA10>MA20>MA60; 20日动量低于门槛; 60日趋势强度不足
2026-08-11,603678.SH,,rejected_signal,,13.865371,,0.77259886,,未满足 MA5>MA10>MA20>MA60; 20日动量低于门槛
2026-08-11,603679.SH,,rejected_signal,,39.14225,,1.16137648,,偏离MA20过远，追高风险
2026-08-11,603680.SH,,rejected_signal,,13.252536,,0.93836951,,未满足 MA5>MA10>MA20>MA60; 60日趋势强度不足
2026-08-11,603681.SH,,rejected_signal,,1.785863,,0.80220455,,未满足 MA5>MA10>MA20>MA60; 20日动量低于门槛; 60日趋势强度不足
2026-08-11,603682.SH,,rejected_signal,,36.664383,,1.20371211,,偏离MA20过远，追高风险
2026-08-11,603683.SH,,rejected_signal,,0.0,,0.52902544,,未满足 MA5>MA10>MA20>MA60; 收盘价低于MA20; 20日动量低于门槛; 60日趋势强度不足
2026-08-11,603685.SH,,rejected_signal,,6.580814,,0.85790396,,未满足 MA5>MA10>MA20>MA60; 20日动量低于门槛; 60日趋势强度不足
2026-08-11,603686.SH,,rejected_signal,,11.302596,,0.96683866,,未满足 MA5>MA10>MA20>MA60; 60日趋势强度不足
2026-08-11,603687.SH,,rejected_signal,,2.131738,,0.80367821,,未满足 MA5>MA10>MA20>MA60; 20日动量低于门槛; 60日趋势强度不足
2026-08-11,603688.SH,,rejected_signal,,1.322819,,0.64166963,,未满足 MA5>MA10>MA20>MA60; 20日动量低于门槛; 60日趋势强度不足
2026-08-11,603689.SH,,rejected_signal,,6.373773,,0.99029148,,未满足 MA5>MA10>MA20>MA60; 收盘价低于MA20; 20日动量低于门槛; 60日趋势强度不足; 20日平均成交额不足
2026-08-11,603690.SH,,rejected_signal,,1.470048,,0.75206006,,未满足 MA5>MA10>MA20>MA60; 20日动量低于门槛; 60日趋势强度不足
2026-08-11,603693.SH,,rejected_signal,,16.339584,,0.90564948,,未满足 MA5>MA10>MA20>MA60; 60日趋势强度不足
2026-08-11,603696.SH,,rejected_signal,,41.004406,,1.07587278,,未满足 MA5>MA10>MA20>MA60; 60日趋势强度不足
2026-08-11,603697.SH,,rejected_signal,,9.127556,,0.93319225,,未满足 MA5>MA10>MA20>MA60; 20日动量低于门槛; 60日趋势强度不足
2026-08-11,603698.SH,,rejected_signal,,0.635963,,0.68523502,,未满足 MA5>MA10>MA20>MA60; 收盘价低于MA20; 20日动量低于门槛; 60日趋势强度不足
2026-08-11,603699.SH,,rejected_signal,,24.198311,,0.99558401,,未满足 MA5>MA10>MA20>MA60; 60日趋势强度不足
2026-08-11,603700.SH,,rejected_signal,,6.812251,,0.99368328,,未满足 MA5>MA10>MA20>MA60; 20日动量低于门槛; 60日趋势强度不足
2026-08-11,603701.SH,,rejected_signal,,0.190936,,0.87708783,,未满足 MA5>MA10>MA20>MA60; 20日动量低于门槛; 60日趋势强度不足
2026-08-11,603703.SH,,rejected_signal,,1.799005,,0.82844806,,未满足 MA5>MA10>MA20>MA60; 20日动量低于门槛; 60日趋势强度不足
2026-08-11,603706.SH,,rejected_signal,,2.39366,,0.95544159,,未满足 MA5>MA10>MA20>MA60; 20日动量低于门槛; 60日趋势强度不足; 20日平均成交额不足
2026-08-11,603707.SH,,rejected_signal,,25.853624,,1.05006826,,未满足 MA5>MA10>MA20>MA60; 60日趋势强度不足
2026-08-11,603708.SH,,rejected_signal,,9.328539,,1.03091705,,未满足 MA5>MA10>MA20>MA60; 60日趋势强度不足
2026-08-11,603709.SH,,rejected_signal,,17.139139,,0.96384621,,未满足 MA5>MA10>MA20>MA60; 60日趋势强度不足
2026-08-11,603711.SH,,rejected_signal,,0.181773,,0.9232794,,未满足 MA5>MA10>MA20>MA60; 20日动量低于门槛; 60日趋势强度不足
2026-08-11,603712.SH,,rejected_signal,,12.900868,,0.93133545,,未满足 MA5>MA10>MA20>MA60; 60日趋势强度不足
2026-08-11,603713.SH,,rejected_signal,,21.055786,,0.96008933,,未满足 MA5>MA10>MA20>MA60; 20日动量低于门槛
2026-08-11,603716.SH,,rejected_signal,,40.821518,,1.04036093,,未满足 MA5>MA10>MA20>MA60; 60日趋势强度不足
2026-08-11,603717.SH,,rejected_signal,,5.205712,,0.92621309,,未满足 MA5>MA10>MA20>MA60; 20日动量低于门槛; 60日趋势强度不足
2026-08-11,603718.SH,,rejected_universe,,1.347454,,0.95823687,,不在当日动态股票池(停牌/未上市/已退市/当前ST代理过滤)
2026-08-11,603719.SH,,rejected_signal,,27.345634,,1.03932524,,未满足 MA5>MA10>MA20>MA60; 60日趋势强度不足
2026-08-11,603721.SH,,rejected_signal,,15.270957,,1.11274314,,未满足 MA5>MA10>MA20>MA60; 60日趋势强度不足
2026-08-11,603722.SH,,rejected_signal,,0.220197,,0.92996913,,未满足 MA5>MA10>MA20>MA60; 20日动量低于门槛; 60日趋势强度不足
2026-08-11,603725.SH,,rejected_signal,,5.167489,,0.83145815,,未满足 MA5>MA10>MA20>MA60; 收盘价低于MA20; 20日动量低于门槛; 60日趋势强度不足; 20日年化波动过高
2026-08-11,603726.SH,,rejected_signal,,0.0,,0.81728756,,未满足 MA5>MA10>MA20>MA60; 20日动量低于门槛; 60日趋势强度不足
2026-08-11,603727.SH,,rejected_rank,71,43.057938,0.34579438,1.1050384,0.40560746,"信号有效, 但综合排名未进入 Top20"
2026-08-11,603728.SH,,rejected_signal,,10.254962,,0.88345772,,未满足 MA5>MA10>MA20>MA60; 20日动量低于门槛; 60日趋势强度不足
2026-08-11,603729.SH,,rejected_universe,,7.631763,,0.9506036,,不在当日动态股票池(停牌/未上市/已退市/当前ST代理过滤)
2026-08-11,603730.SH,,rejected_signal,,2.23224,,0.85708785,,未满足 MA5>MA10>MA20>MA60; 20日动量低于门槛; 60日趋势强度不足
2026-08-11,603733.SH,,rejected_signal,,10.668247,,0.87673211,,未满足 MA5>MA10>MA20>MA60; 20日动量低于门槛
2026-08-11,603737.SH,,rejected_signal,,6.172905,,0.91771412,,未满足 MA5>MA10>MA20>MA60; 60日趋势强度不足
2026-08-11,603738.SH,,rejected_signal,,2.794452,,0.65607983,,未满足 MA5>MA10>MA20>MA60; 20日动量低于门槛; 60日趋势强度不足; 20日年化波动过高
2026-08-11,603739.SH,,rejected_signal,,7.042008,,0.94742268,,未满足 MA5>MA10>MA20>MA60; 20日动量低于门槛; 60日趋势强度不足
2026-08-11,603755.SH,,rejected_signal,,1.290468,,0.94914281,,未满足 MA5>MA10>MA20>MA60; 20日动量低于门槛; 60日趋势强度不足; 20日平均成交额不足
2026-08-11,603757.SH,,rejected_signal,,1.459168,,0.87513334,,未满足 MA5>MA10>MA20>MA60; 收盘价低于MA20; 20日动量低于门槛; 60日趋势强度不足
2026-08-11,603758.SH,,rejected_signal,,4.251116,,0.89979255,,未满足 MA5>MA10>MA20>MA60; 60日趋势强度不足; 偏离MA20过远，追高风险
2026-08-11,603759.SH,,rejected_signal,,7.767731,,0.98729259,,未满足 MA5>MA10>MA20>MA60; 60日趋势强度不足
2026-08-11,603766.SH,,rejected_signal,,38.541977,,1.09638572,,未满足 MA5>MA10>MA20>MA60; 收盘价低于MA20; 60日趋势强度不足
2026-08-11,603767.SH,,rejected_signal,,14.40764,,0.93000317,,未满足 MA5>MA10>MA20>MA60; 60日趋势强度不足
2026-08-11,603768.SH,,rejected_signal,,43.061401,,1.06595027,,60日趋势强度不足
2026-08-11,603773.SH,,rejected_signal,,17.283865,,0.50269669,,未满足 MA5>MA10>MA20>MA60; 20日动量低于门槛; 20日年化波动过高
2026-08-11,603776.SH,,rejected_signal,,25.110664,,0.9385078,,未满足 MA5>MA10>MA20>MA60; 60日趋势强度不足
2026-08-11,603777.SH,,rejected_signal,,3.519428,,0.8968026,,未满足 MA5>MA10>MA20>MA60; 20日动量低于门槛; 60日趋势强度不足
2026-08-11,603778.SH,,rejected_signal,,6.219657,,0.73393875,,未满足 MA5>MA10>MA20>MA60; 60日趋势强度不足
2026-08-11,603779.SH,,rejected_signal,,4.879484,,0.87227434,,未满足 MA5>MA10>MA20>MA60; 20日动量低于门槛; 60日趋势强度不足
2026-08-11,603786.SH,,rejected_signal,,19.878006,,0.95204228,,未满足 MA5>MA10>MA20>MA60; 60日趋势强度不足
2026-08-11,603787.SH,,rejected_signal,,15.712502,,1.04181957,,未满足 MA5>MA10>MA20>MA60; 60日趋势强度不足
2026-08-11,603788.SH,,rejected_signal,,9.309192,,0.96763766,,未满足 MA5>MA10>MA20>MA60; 60日趋势强度不足; 20日平均成交额不足
2026-08-11,603789.SH,,rejected_universe,,13.838844,,1.18148947,,不在当日动态股票池(停牌/未上市/已退市/当前ST代理过滤)
2026-08-11,603790.SH,,rejected_signal,,17.745872,,0.84354085,,未满足 MA5>MA10>MA20>MA60; 60日趋势强度不足
2026-08-11,603797.SH,,rejected_signal,,20.803164,,0.98169428,,未满足 MA5>MA10>MA20>MA60; 偏离MA20过远，追高风险
2026-08-11,603798.SH,,rejected_signal,,11.863744,,0.93292522,,未满足 MA5>MA10>MA20>MA60; 60日趋势强度不足
2026-08-11,603799.SH,,rejected_signal,,15.149197,,0.85661799,,未满足 MA5>MA10>MA20>MA60; 60日趋势强度不足
2026-08-11,603800.SH,,rejected_signal,,1.154876,,0.69594765,,未满足 MA5>MA10>MA20>MA60; 20日动量低于门槛; 20日年化波动过高
2026-08-11,603801.SH,,rejected_signal,,9.373901,,0.96326679,,未满足 MA5>MA10>MA20>MA60; 60日趋势强度不足
2026-08-11,603803.SH,,rejected_signal,,0.691738,,0.83249402,,未满足 MA5>MA10>MA20>MA60; 20日动量低于门槛; 60日趋势强度不足
2026-08-11,603806.SH,,rejected_signal,,5.129108,,0.9643749,,未满足 MA5>MA10>MA20>MA60; 20日动量低于门槛; 60日趋势强度不足
2026-08-11,603808.SH,,rejected_signal,,30.098242,,0.96853077,,未满足 MA5>MA10>MA20>MA60; 60日趋势强度不足
2026-08-11,603809.SH,,rejected_signal,,16.67918,,0.99804068,,未满足 MA5>MA10>MA20>MA60; 60日趋势强度不足
2026-08-11,603810.SH,,rejected_signal,,9.259538,,0.95891881,,未满足 MA5>MA10>MA20>MA60; 60日趋势强度不足; 20日平均成交额不足
2026-08-11,603811.SH,,rejected_signal,,3.243077,,0.97270501,,未满足 MA5>MA10>MA20>MA60; 20日动量低于门槛; 60日趋势强度不足
2026-08-11,603813.SH,,rejected_signal,,1.031466,,0.96627462,,未满足 MA5>MA10>MA20>MA60; 20日动量低于门槛; 60日趋势强度不足; 20日平均成交额不足
2026-08-11,603815.SH,,rejected_signal,,5.412787,,0.93074155,,未满足 MA5>MA10>MA20>MA60; 20日动量低于门槛; 60日趋势强度不足
2026-08-11,603816.SH,,rejected_signal,,25.512621,,1.03437161,,未满足 MA5>MA10>MA20>MA60; 60日趋势强度不足
2026-08-11,603817.SH,,rejected_signal,,6.605317,,0.98853916,,未满足 MA5>MA10>MA20>MA60; 60日趋势强度不足
2026-08-11,603818.SH,,rejected_signal,,39.795631,,1.07236993,,60日趋势强度不足
2026-08-11,603819.SH,,rejected_signal,,33.361553,,1.06884468,,未满足 MA5>MA10>MA20>MA60; 60日趋势强度不足
2026-08-11,603822.SH,,rejected_universe,,2.027636,,0.82340473,,不在当日动态股票池(停牌/未上市/已退市/当前ST代理过滤)
2026-08-11,603823.SH,,rejected_signal,,40.286983,,1.09942889,,未满足 MA5>MA10>MA20>MA60; 20日年化波动过高
2026-08-11,603825.SH,,rejected_universe,,36.950745,,1.02920747,,不在当日动态股票池(停牌/未上市/已退市/当前ST代理过滤)
2026-08-11,603826.SH,,rejected_signal,,3.753025,,0.75956571,,未满足 MA5>MA10>MA20>MA60; 60日趋势强度不足
2026-08-11,603828.SH,,rejected_universe,,0.0,,0.88425815,,不在当日动态股票池(停牌/未上市/已退市/当前ST代理过滤)
2026-08-11,603829.SH,,rejected_signal,,2.657948,,0.83060783,,未满足 MA5>MA10>MA20>MA60; 20日动量低于门槛; 60日趋势强度不足
2026-08-11,603833.SH,,rejected_signal,,5.511497,,0.984164,,未满足 MA5>MA10>MA20>MA60; 收盘价低于MA20; 20日动量低于门槛; 60日趋势强度不足
2026-08-11,603836.SH,,rejected_signal,,19.747236,,1.02300584,,未满足 MA5>MA10>MA20>MA60; 60日趋势强度不足
2026-08-11,603838.SH,,rejected_universe,,16.219231,,0.94999415,,不在当日动态股票池(停牌/未上市/已退市/当前ST代理过滤)
2026-08-11,603839.SH,,rejected_signal,,36.640724,,1.03960419,,未满足 MA5>MA10>MA20>MA60; 60日趋势强度不足
2026-08-11,603843.SH,,rejected_universe,,16.785492,,0.88946897,,不在当日动态股票池(停牌/未上市/已退市/当前ST代理过滤)
2026-08-11,603848.SH,,rejected_signal,,2.302425,,0.96796858,,未满足 MA5>MA10>MA20>MA60; 20日动量低于门槛; 60日趋势强度不足; 20日平均成交额不足
2026-08-11,603855.SH,,rejected_signal,,2.275538,,1.013677,,未满足 MA5>MA10>MA20>MA60; 20日动量低于门槛; 60日趋势强度不足; 20日平均成交额不足
2026-08-11,603856.SH,,rejected_signal,,5.209962,,0.94305378,,未满足 MA5>MA10>MA20>MA60; 20日动量低于门槛; 60日趋势强度不足
2026-08-11,603858.SH,,rejected_signal,,13.746527,,1.02631915,,20日动量低于门槛; 60日趋势强度不足
2026-08-11,603859.SH,,rejected_signal,,2.558442,,0.93579876,,未满足 MA5>MA10>MA20>MA60; 20日动量低于门槛; 60日趋势强度不足
2026-08-11,603860.SH,,rejected_signal,,12.251329,,0.9987582,,未满足 MA5>MA10>MA20>MA60; 60日趋势强度不足
2026-08-11,603861.SH,,rejected_signal,,3.380857,,0.88109124,,未满足 MA5>MA10>MA20>MA60; 20日动量低于门槛; 60日趋势强度不足
2026-08-11,603863.SH,,rejected_signal,,21.193048,,0.88180286,,未满足 MA5>MA10>MA20>MA60; 60日趋势强度不足
2026-08-11,603866.SH,,rejected_signal,,23.686481,,1.0352968,,未满足 MA5>MA10>MA20>MA60; 60日趋势强度不足
2026-08-11,603867.SH,,rejected_signal,,5.651501,,0.81029052,,未满足 MA5>MA10>MA20>MA60; 20日动量低于门槛; 60日趋势强度不足
2026-08-11,603868.SH,,rejected_signal,,4.159748,,0.96506804,,未满足 MA5>MA10>MA20>MA60; 20日动量低于门槛; 60日趋势强度不足
2026-08-11,603869.SH,,rejected_universe,,10.296357,,0.93666995,,不在当日动态股票池(停牌/未上市/已退市/当前ST代理过滤)
2026-08-11,603871.SH,,rejected_signal,,40.363998,,1.10169721,,未满足 MA5>MA10>MA20>MA60
2026-08-11,603876.SH,,rejected_signal,,5.168134,,0.89562899,,未满足 MA5>MA10>MA20>MA60; 60日趋势强度不足
2026-08-11,603877.SH,,rejected_signal,,3.355385,,1.02340865,,未满足 MA5>MA10>MA20>MA60; 20日动量低于门槛; 60日趋势强度不足
2026-08-11,603878.SH,,rejected_signal,,6.118494,,0.89059973,,未满足 MA5>MA10>MA20>MA60; 60日趋势强度不足
2026-08-11,603879.SH,,rejected_signal,,37.758549,,1.04341161,,未满足 MA5>MA10>MA20>MA60; 60日趋势强度不足
2026-08-11,603880.SH,,rejected_signal,,14.802042,,0.91989547,,未满足 MA5>MA10>MA20>MA60; 60日趋势强度不足
2026-08-11,603881.SH,,rejected_signal,,23.723015,,0.97731477,,未满足 MA5>MA10>MA20>MA60; 60日趋势强度不足
2026-08-11,603882.SH,,selected_signal,6,62.387245,0.95327103,1.09079063,0.86542058,quality_momentum 横截面排名进入 Top20
2026-08-11,603883.SH,,rejected_rank,74,42.780365,0.31775701,1.07010019,0.32149532,"信号有效, 但综合排名未进入 Top20"
2026-08-11,603885.SH,,rejected_signal,,20.011543,,1.01889467,,未满足 MA5>MA10>MA20>MA60; 收盘价低于MA20; 60日趋势强度不足
2026-08-11,603886.SH,,rejected_signal,,1.424867,,0.91439754,,未满足 MA5>MA10>MA20>MA60; 20日动量低于门槛; 60日趋势强度不足
2026-08-11,603887.SH,,rejected_signal,,21.238119,,0.92122042,,未满足 MA5>MA10>MA20>MA60; 60日趋势强度不足
2026-08-11,603888.SH,,rejected_signal,,24.709694,,1.0548445,,未满足 MA5>MA10>MA20>MA60; 60日趋势强度不足
2026-08-11,603889.SH,,rejected_signal,,16.847198,,1.00174928,,未满足 MA5>MA10>MA20>MA60; 60日趋势强度不足
2026-08-11,603890.SH,,rejected_signal,,0.0,,0.7452122,,未满足 MA5>MA10>MA20>MA60; 收盘价低于MA20; 20日动量低于门槛; 60日趋势强度不足
2026-08-11,603893.SH,,rejected_signal,,30.979527,,0.98798847,,未满足 MA5>MA10>MA20>MA60; 20日动量低于门槛
2026-08-11,603895.SH,,rejected_signal,,0.0,,0.78332138,,未满足 MA5>MA10>MA20>MA60; 20日动量低于门槛; 60日趋势强度不足
2026-08-11,603896.SH,,rejected_signal,,14.935679,,0.99805832,,未满足 MA5>MA10>MA20>MA60; 60日趋势强度不足
2026-08-11,603897.SH,,rejected_signal,,14.375175,,0.71463585,,未满足 MA5>MA10>MA20>MA60; 60日趋势强度不足
2026-08-11,603898.SH,,rejected_signal,,0.0,,0.83541268,,未满足 MA5>MA10>MA20>MA60; 收盘价低于MA20; 20日动量低于门槛; 60日趋势强度不足
2026-08-11,603899.SH,,rejected_signal,,15.679902,,1.04778969,,未满足 MA5>MA10>MA20>MA60; 收盘价低于MA20; 60日趋势强度不足
2026-08-11,603900.SH,,rejected_signal,,15.015274,,0.9628787,,未满足 MA5>MA10>MA20>MA60; 60日趋势强度不足
2026-08-11,603901.SH,,rejected_signal,,1.680178,,0.9095974,,未满足 MA5>MA10>MA20>MA60; 20日动量低于门槛; 60日趋势强度不足
2026-08-11,603903.SH,,rejected_signal,,0.0,,0.89192939,,未满足 MA5>MA10>MA20>MA60; 20日动量低于门槛; 60日趋势强度不足
2026-08-11,603906.SH,,rejected_signal,,5.705716,,0.80158651,,未满足 MA5>MA10>MA20>MA60; 20日动量低于门槛; 60日趋势强度不足
2026-08-11,603908.SH,,rejected_signal,,13.62267,,0.98435432,,未满足 MA5>MA10>MA20>MA60; 60日趋势强度不足; 20日平均成交额不足
2026-08-11,603909.SH,,rejected_signal,,11.901201,,0.95989394,,未满足 MA5>MA10>MA20>MA60; 60日趋势强度不足; 20日平均成交额不足
2026-08-11,603912.SH,,rejected_signal,,25.700668,,0.95965731,,未满足 MA5>MA10>MA20>MA60; 60日趋势强度不足
2026-08-11,603915.SH,,rejected_signal,,3.756881,,0.9247306,,未满足 MA5>MA10>MA20>MA60; 20日动量低于门槛; 60日趋势强度不足
2026-08-11,603916.SH,,rejected_signal,,1.089422,,0.81270587,,未满足 MA5>MA10>MA20>MA60; 20日动量低于门槛; 60日趋势强度不足
2026-08-11,603917.SH,,rejected_signal,,5.124528,,0.94983077,,未满足 MA5>MA10>MA20>MA60; 20日动量低于门槛; 60日趋势强度不足
2026-08-11,603918.SH,,rejected_signal,,40.461887,,1.05418801,,未满足 MA5>MA10>MA20>MA60; 60日趋势强度不足
2026-08-11,603919.SH,,rejected_signal,,25.099283,,0.95155555,,未满足 MA5>MA10>MA20>MA60; 60日趋势强度不足
2026-08-11,603920.SH,,rejected_signal,,4.0586,,0.66516191,,未满足 MA5>MA10>MA20>MA60; 20日动量低于门槛; 60日趋势强度不足
2026-08-11,603922.SH,,rejected_universe,,1.282678,,0.78819311,,不在当日动态股票池(停牌/未上市/已退市/当前ST代理过滤)
2026-08-11,603926.SH,,rejected_signal,,12.297522,,0.8342458,,未满足 MA5>MA10>MA20>MA60; 60日趋势强度不足
2026-08-11,603927.SH,,rejected_signal,,15.811944,,1.0210371,,未满足 MA5>MA10>MA20>MA60; 60日趋势强度不足
2026-08-11,603928.SH,,rejected_signal,,0.368884,,0.84026855,,未满足 MA5>MA10>MA20>MA60; 20日动量低于门槛; 60日趋势强度不足; 20日年化波动过高
2026-08-11,603929.SH,,rejected_signal,,0.0,,0.73847657,,未满足 MA5>MA10>MA20>MA60; 收盘价低于MA20; 20日动量低于门槛; 60日趋势强度不足; 20日年化波动过高
2026-08-11,603931.SH,,rejected_signal,,0.0,,0.59941036,,未满足 MA5>MA10>MA20>MA60; 收盘价低于MA20; 20日动量低于门槛; 60日趋势强度不足
2026-08-11,603933.SH,,rejected_signal,,3.689651,,0.82593322,,未满足 MA5>MA10>MA20>MA60; 20日动量低于门槛; 60日趋势强度不足
2026-08-11,603936.SH,,rejected_signal,,2.853294,,0.62298024,,未满足 MA5>MA10>MA20>MA60; 20日动量低于门槛; 60日趋势强度不足
2026-08-11,603937.SH,,rejected_signal,,8.034368,,0.82519567,,未满足 MA5>MA10>MA20>MA60; 60日趋势强度不足
2026-08-11,603938.SH,,rejected_signal,,1.809483,,0.69936955,,未满足 MA5>MA10>MA20>MA60; 20日动量低于门槛; 60日趋势强度不足
2026-08-11,603939.SH,,selected_signal,9,59.78754,0.92523366,1.08812809,0.83551401,quality_momentum 横截面排名进入 Top20
2026-08-11,603948.SH,,rejected_signal,,3.185034,,0.85493356,,未满足 MA5>MA10>MA20>MA60; 60日趋势强度不足
2026-08-11,603949.SH,,rejected_signal,,0.771329,,0.86913592,,未满足 MA5>MA10>MA20>MA60; 20日动量低于门槛; 60日趋势强度不足
2026-08-11,603950.SH,,rejected_signal,,2.731299,,0.77123487,,未满足 MA5>MA10>MA20>MA60; 收盘价低于MA20; 20日动量低于门槛; 60日趋势强度不足; 20日年化波动过高
2026-08-11,603955.SH,,rejected_signal,,18.18421,,0.94756502,,未满足 MA5>MA10>MA20>MA60; 60日趋势强度不足
2026-08-11,603956.SH,,rejected_rank,66,44.473427,0.39252338,1.24111092,0.51028037,"信号有效, 但综合排名未进入 Top20"
2026-08-11,603958.SH,,rejected_signal,,2.748187,,0.78834778,,未满足 MA5>MA10>MA20>MA60; 20日动量低于门槛; 60日趋势强度不足
2026-08-11,603959.SH,,rejected_universe,,12.862383,,0.9873578,,不在当日动态股票池(停牌/未上市/已退市/当前ST代理过滤)
2026-08-11,603960.SH,,rejected_signal,,8.872965,,0.87077993,,未满足 MA5>MA10>MA20>MA60; 60日趋势强度不足
2026-08-11,603963.SH,,rejected_universe,,0.0,,0.0,,不在当日动态股票池(停牌/未上市/已退市/当前ST代理过滤)
2026-08-11,603966.SH,,rejected_signal,,1.483092,,0.92038101,,未满足 MA5>MA10>MA20>MA60; 20日动量低于门槛; 60日趋势强度不足
2026-08-11,603967.SH,,rejected_signal,,1.80943,,0.97951353,,未满足 MA5>MA10>MA20>MA60; 20日动量低于门槛; 60日趋势强度不足
2026-08-11,603968.SH,,rejected_signal,,14.130264,,0.97979522,,未满足 MA5>MA10>MA20>MA60; 60日趋势强度不足; 20日平均成交额不足
2026-08-11,603969.SH,,rejected_signal,,8.873185,,0.96818417,,未满足 MA5>MA10>MA20>MA60; 收盘价低于MA20; 20日动量低于门槛; 60日趋势强度不足
2026-08-11,603970.SH,,rejected_signal,,2.189786,,0.98388153,,未满足 MA5>MA10>MA20>MA60; 20日动量低于门槛; 60日趋势强度不足; 20日平均成交额不足
2026-08-11,603976.SH,,rejected_rank,90,34.010174,0.1682243,1.03454077,0.16074766,"信号有效, 但综合排名未进入 Top20"
2026-08-11,603977.SH,,rejected_signal,,5.882941,,0.87746876,,未满足 MA5>MA10>MA20>MA60; 20日动量低于门槛; 60日趋势强度不足
2026-08-11,603978.SH,,rejected_signal,,2.297678,,0.75268722,,未满足 MA5>MA10>MA20>MA60; 20日动量低于门槛; 60日趋势强度不足
2026-08-11,603979.SH,,selected_signal,10,59.514999,0.91588783,1.03686965,0.76261681,quality_momentum 横截面排名进入 Top20
2026-08-11,603980.SH,,rejected_rank,57,46.379642,0.47663552,1.10405993,0.50841123,"信号有效, 但综合排名未进入 Top20"
2026-08-11,603982.SH,,rejected_signal,,14.65955,,0.96673298,,未满足 MA5>MA10>MA20>MA60; 60日趋势强度不足
2026-08-11,603983.SH,,rejected_signal,,31.365343,,1.07979047,,未满足 MA5>MA10>MA20>MA60; 收盘价低于MA20; 20日动量低于门槛
2026-08-11,603985.SH,,rejected_signal,,1.353333,,0.76539022,,未满足 MA5>MA10>MA20>MA60; 20日动量低于门槛; 60日趋势强度不足
2026-08-11,603986.SH,,rejected_signal,,0.739456,,0.63572031,,未满足 MA5>MA10>MA20>MA60; 收盘价低于MA20; 20日动量低于门槛; 60日趋势强度不足; 20日年化波动过高
2026-08-11,603987.SH,,rejected_signal,,10.681821,,1.01054847,,20日动量低于门槛; 60日趋势强度不足
2026-08-11,603988.SH,,rejected_signal,,27.947886,,1.00041759,,未满足 MA5>MA10>MA20>MA60; 20日涨幅过热; 60日趋势强度不足; 偏离MA20过远，追高风险
2026-08-11,603989.SH,,rejected_signal,,17.566738,,0.69894761,,未满足 MA5>MA10>MA20>MA60; 20日动量低于门槛
2026-08-11,603990.SH,,rejected_signal,,36.789955,,0.85708022,,未满足 MA5>MA10>MA20>MA60; 偏离MA20过远，追高风险
2026-08-11,603991.SH,,rejected_signal,,5.565404,,0.9050886,,未满足 MA5>MA10>MA20>MA60; 20日动量低于门槛
2026-08-11,603992.SH,,rejected_signal,,8.873342,,0.87966335,,未满足 MA5>MA10>MA20>MA60; 收盘价低于MA20; 20日动量低于门槛; 60日趋势强度不足
2026-08-11,603993.SH,,rejected_signal,,45.762398,,1.0243516,,收盘价低于MA20
2026-08-11,603995.SH,,rejected_signal,,44.102966,,0.96913314,,未满足 MA5>MA10>MA20>MA60
2026-08-11,603997.SH,,rejected_signal,,17.230013,,1.00544131,,未满足 MA5>MA10>MA20>MA60; 60日趋势强度不足
2026-08-11,603998.SH,,rejected_signal,,3.849294,,0.99334973,,未满足 MA5>MA10>MA20>MA60; 20日动量低于门槛; 60日趋势强度不足
2026-08-11,603999.SH,,rejected_signal,,14.868097,,1.01590633,,未满足 MA5>MA10>MA20>MA60; 60日趋势强度不足
2026-08-11,605001.SH,,rejected_signal,,2.78518,,0.93799454,,未满足 MA5>MA10>MA20>MA60; 60日趋势强度不足
2026-08-11,605003.SH,,rejected_signal,,0.325778,,0.92687464,,未满足 MA5>MA10>MA20>MA60; 60日趋势强度不足; 20日平均成交额不足
2026-08-11,605005.SH,,rejected_signal,,0.0,,0.94483417,,未满足 MA5>MA10>MA20>MA60; 20日动量低于门槛; 60日趋势强度不足; 20日平均成交额不足
2026-08-11,605006.SH,,rejected_signal,,0.952096,,0.70664179,,未满足 MA5>MA10>MA20>MA60; 20日动量低于门槛; 60日趋势强度不足
2026-08-11,605007.SH,,rejected_rank,82,39.154945,0.24299066,1.09457958,0.30654207,"信号有效, 但综合排名未进入 Top20"
2026-08-11,605008.SH,,rejected_signal,,0.587673,,0.99296486,,未满足 MA5>MA10>MA20>MA60; 收盘价低于MA20; 20日动量低于门槛; 60日趋势强度不足
2026-08-11,605009.SH,,rejected_signal,,8.47395,,1.02618206,,20日动量低于门槛; 60日趋势强度不足
2026-08-11,605011.SH,,rejected_signal,,12.728988,,0.9682458,,未满足 MA5>MA10>MA20>MA60; 收盘价低于MA20; 60日趋势强度不足
2026-08-11,605016.SH,,rejected_signal,,9.231986,,0.89474052,,未满足 MA5>MA10>MA20>MA60; 收盘价低于MA20; 20日动量低于门槛; 60日趋势强度不足
2026-08-11,605018.SH,,rejected_signal,,8.100983,,0.89447749,,未满足 MA5>MA10>MA20>MA60; 60日趋势强度不足
2026-08-11,605020.SH,,rejected_signal,,6.72322,,0.91753161,,未满足 MA5>MA10>MA20>MA60; 20日动量低于门槛
2026-08-11,605028.SH,,rejected_signal,,54.192478,,1.11959624,,未满足 MA5>MA10>MA20>MA60; 60日趋势强度不足
2026-08-11,605033.SH,,rejected_signal,,19.392071,,0.97669798,,未满足 MA5>MA10>MA20>MA60; 60日趋势强度不足
2026-08-11,605050.SH,,rejected_signal,,29.783312,,1.04874063,,60日趋势强度不足
2026-08-11,605055.SH,,rejected_signal,,2.458917,,0.80829304,,未满足 MA5>MA10>MA20>MA60; 20日动量低于门槛; 60日趋势强度不足
2026-08-11,605056.SH,,rejected_signal,,4.131121,,0.8686161,,未满足 MA5>MA10>MA20>MA60; 60日趋势强度不足
2026-08-11,605058.SH,,rejected_signal,,0.0,,0.74851382,,未满足 MA5>MA10>MA20>MA60; 20日动量低于门槛; 60日趋势强度不足
2026-08-11,605060.SH,,rejected_signal,,0.0,,0.78023738,,未满足 MA5>MA10>MA20>MA60; 20日动量低于门槛; 60日趋势强度不足
2026-08-11,605066.SH,,rejected_signal,,5.03719,,0.99739373,,未满足 MA5>MA10>MA20>MA60; 20日动量低于门槛; 60日趋势强度不足
2026-08-11,605068.SH,,rejected_signal,,30.490314,,1.09966004,,未满足 MA5>MA10>MA20>MA60; 60日趋势强度不足
2026-08-11,605069.SH,,rejected_signal,,0.0,,0.85874385,,未满足 MA5>MA10>MA20>MA60; 20日动量低于门槛; 60日趋势强度不足
2026-08-11,605077.SH,,rejected_signal,,9.855789,,0.89134735,,未满足 MA5>MA10>MA20>MA60; 60日趋势强度不足
2026-08-11,605080.SH,,rejected_signal,,9.04388,,0.95343596,,未满足 MA5>MA10>MA20>MA60; 60日趋势强度不足
2026-08-11,605081.SH,,rejected_universe,,0.0,,0.0,,不在当日动态股票池(停牌/未上市/已退市/当前ST代理过滤)
2026-08-11,605086.SH,,rejected_signal,,11.26904,,0.87930882,,未满足 MA5>MA10>MA20>MA60; 60日趋势强度不足
2026-08-11,605088.SH,,rejected_signal,,4.876511,,0.75001734,,未满足 MA5>MA10>MA20>MA60; 20日动量低于门槛; 60日趋势强度不足
2026-08-11,605089.SH,,rejected_signal,,9.418885,,0.97500771,,未满足 MA5>MA10>MA20>MA60; 60日趋势强度不足
2026-08-11,605090.SH,,rejected_signal,,11.770947,,0.90790033,,未满足 MA5>MA10>MA20>MA60; 收盘价低于MA20; 20日动量低于门槛; 60日趋势强度不足
2026-08-11,605098.SH,,rejected_signal,,22.833735,,1.08263564,,60日趋势强度不足
2026-08-11,605099.SH,,rejected_signal,,18.027405,,0.93811423,,未满足 MA5>MA10>MA20>MA60; 60日趋势强度不足
2026-08-11,605100.SH,,rejected_signal,,0.514973,,0.84179711,,未满足 MA5>MA10>MA20>MA60; 20日动量低于门槛; 60日趋势强度不足
2026-08-11,605108.SH,,rejected_signal,,25.82283,,1.02716804,,未满足 MA5>MA10>MA20>MA60; 60日趋势强度不足
2026-08-11,605111.SH,,rejected_signal,,8.136362,,0.73341352,,未满足 MA5>MA10>MA20>MA60; 20日动量低于门槛; 20日年化波动过高
2026-08-11,605116.SH,,rejected_signal,,7.742546,,1.02710557,,20日动量低于门槛; 60日趋势强度不足
2026-08-11,605117.SH,,rejected_signal,,19.977566,,0.82780391,,未满足 MA5>MA10>MA20>MA60; 60日趋势强度不足
2026-08-11,605118.SH,,rejected_signal,,1.911347,,0.88622963,,未满足 MA5>MA10>MA20>MA60; 20日动量低于门槛; 60日趋势强度不足
2026-08-11,605122.SH,,rejected_signal,,8.011387,,0.93634963,,未满足 MA5>MA10>MA20>MA60; 60日趋势强度不足
2026-08-11,605123.SH,,rejected_signal,,3.138309,,0.88562441,,未满足 MA5>MA10>MA20>MA60; 20日动量低于门槛; 60日趋势强度不足
2026-08-11,605128.SH,,rejected_signal,,22.981102,,1.0038625,,未满足 MA5>MA10>MA20>MA60
2026-08-11,605133.SH,,rejected_signal,,0.0,,0.77526677,,未满足 MA5>MA10>MA20>MA60; 20日动量低于门槛; 60日趋势强度不足
2026-08-11,605136.SH,,rejected_signal,,31.850954,,1.00025475,,未满足 MA5>MA10>MA20>MA60; 60日趋势强度不足
2026-08-11,605138.SH,,rejected_signal,,1.105744,,0.92359483,,未满足 MA5>MA10>MA20>MA60; 20日动量低于门槛; 60日趋势强度不足
2026-08-11,605151.SH,,rejected_signal,,1.57806,,0.91989714,,未满足 MA5>MA10>MA20>MA60; 20日动量低于门槛; 60日趋势强度不足
2026-08-11,605155.SH,,rejected_signal,,29.444166,,0.98519802,,未满足 MA5>MA10>MA20>MA60; 60日趋势强度不足
2026-08-11,605158.SH,,rejected_signal,,26.916166,,1.0144285,,未满足 MA5>MA10>MA20>MA60; 60日趋势强度不足; 20日平均成交额不足
2026-08-11,605162.SH,,rejected_signal,,24.599609,,0.96504754,,未满足 MA5>MA10>MA20>MA60; 60日趋势强度不足
2026-08-11,605166.SH,,rejected_signal,,10.111217,,0.90706384,,未满足 MA5>MA10>MA20>MA60; 60日趋势强度不足
2026-08-11,605167.SH,,rejected_signal,,2.40698,,1.04829347,,未满足 MA5>MA10>MA20>MA60; 20日动量低于门槛; 60日趋势强度不足
2026-08-11,605168.SH,,rejected_signal,,8.323055,,0.78272468,,未满足 MA5>MA10>MA20>MA60; 60日趋势强度不足
2026-08-11,605169.SH,,rejected_signal,,18.179529,,0.9973157,,未满足 MA5>MA10>MA20>MA60; 60日趋势强度不足; 20日平均成交额不足
2026-08-11,605177.SH,,rejected_signal,,14.747536,,0.90343338,,未满足 MA5>MA10>MA20>MA60; 60日趋势强度不足
2026-08-11,605178.SH,,rejected_signal,,0.0,,0.75342613,,未满足 MA5>MA10>MA20>MA60; 收盘价低于MA20; 20日动量低于门槛; 60日趋势强度不足
2026-08-11,605179.SH,,rejected_signal,,31.443859,,1.53330183,,20日涨幅过热; 偏离MA20过远，追高风险
2026-08-11,605180.SH,,rejected_signal,,8.778288,,0.91606963,,未满足 MA5>MA10>MA20>MA60; 60日趋势强度不足; 20日平均成交额不足
2026-08-11,605183.SH,,rejected_signal,,3.809957,,0.98470336,,未满足 MA5>MA10>MA20>MA60; 60日趋势强度不足; 20日平均成交额不足
2026-08-11,605186.SH,,rejected_signal,,1.408516,,0.81141722,,未满足 MA5>MA10>MA20>MA60; 20日动量低于门槛; 60日趋势强度不足
2026-08-11,605188.SH,,rejected_signal,,26.445326,,1.0075171,,未满足 MA5>MA10>MA20>MA60; 60日趋势强度不足
2026-08-11,605189.SH,,rejected_signal,,49.625469,,1.09609616,,60日趋势强度不足
2026-08-11,605196.SH,,rejected_signal,,32.796677,,1.00161552,,未满足 MA5>MA10>MA20>MA60; 20日涨幅过热; 60日趋势强度不足
2026-08-11,605198.SH,,rejected_signal,,34.937729,,0.93344587,,未满足 MA5>MA10>MA20>MA60; 偏离MA20过远，追高风险
2026-08-11,605199.SH,,rejected_universe,,5.172698,,0.95904279,,不在当日动态股票池(停牌/未上市/已退市/当前ST代理过滤)
2026-08-11,605208.SH,,rejected_signal,,0.0,,0.84546787,,未满足 MA5>MA10>MA20>MA60; 20日动量低于门槛; 60日趋势强度不足
2026-08-11,605218.SH,,rejected_signal,,15.5036,,0.84293115,,未满足 MA5>MA10>MA20>MA60; 60日趋势强度不足
2026-08-11,605222.SH,,rejected_signal,,6.59767,,0.80645293,,未满足 MA5>MA10>MA20>MA60; 20日动量低于门槛; 60日趋势强度不足
2026-08-11,605228.SH,,rejected_signal,,8.37396,,0.81911218,,未满足 MA5>MA10>MA20>MA60; 20日动量低于门槛; 60日趋势强度不足
2026-08-11,605255.SH,,rejected_signal,,0.0,,0.87274355,,未满足 MA5>MA10>MA20>MA60; 收盘价低于MA20; 20日动量低于门槛; 60日趋势强度不足
2026-08-11,605258.SH,,rejected_signal,,0.0,,0.8151893,,未满足 MA5>MA10>MA20>MA60; 20日动量低于门槛; 60日趋势强度不足
2026-08-11,605259.SH,,rejected_signal,,5.165682,,1.00617182,,未满足 MA5>MA10>MA20>MA60; 20日动量低于门槛; 60日趋势强度不足; 20日平均成交额不足
2026-08-11,605266.SH,,rejected_signal,,13.902898,,1.01003349,,60日趋势强度不足
2026-08-11,605268.SH,,rejected_signal,,1.456619,,0.97143632,,未满足 MA5>MA10>MA20>MA60; 20日动量低于门槛; 60日趋势强度不足; 20日平均成交额不足
2026-08-11,605277.SH,,rejected_signal,,1.833748,,0.88379562,,未满足 MA5>MA10>MA20>MA60; 20日动量低于门槛; 60日趋势强度不足
2026-08-11,605286.SH,,rejected_signal,,3.990581,,0.80088335,,未满足 MA5>MA10>MA20>MA60; 60日趋势强度不足; 偏离MA20过远，追高风险
2026-08-11,605287.SH,,rejected_signal,,2.341556,,0.9317134,,未满足 MA5>MA10>MA20>MA60; 60日趋势强度不足
2026-08-11,605288.SH,,rejected_signal,,6.509899,,0.82637721,,未满足 MA5>MA10>MA20>MA60; 20日动量低于门槛; 60日趋势强度不足; 20日年化波动过高
2026-08-11,605289.SH,,rejected_signal,,0.0,,0.74487746,,未满足 MA5>MA10>MA20>MA60; 20日动量低于门槛; 60日趋势强度不足
2026-08-11,605296.SH,,rejected_signal,,28.361633,,1.02397728,,未满足 MA5>MA10>MA20>MA60
2026-08-11,605298.SH,,rejected_signal,,8.396996,,0.90201503,,未满足 MA5>MA10>MA20>MA60; 60日趋势强度不足
2026-08-11,605299.SH,,rejected_signal,,6.058689,,0.85991758,,未满足 MA5>MA10>MA20>MA60; 60日趋势强度不足
2026-08-11,605300.SH,,rejected_signal,,24.462309,,1.03908682,,未满足 MA5>MA10>MA20>MA60; 60日趋势强度不足
2026-08-11,605303.SH,,rejected_signal,,0.283222,,0.86563152,,未满足 MA5>MA10>MA20>MA60; 20日动量低于门槛; 60日趋势强度不足
2026-08-11,605305.SH,,rejected_signal,,5.846015,,0.9873116,,未满足 MA5>MA10>MA20>MA60; 收盘价低于MA20; 20日动量低于门槛; 60日趋势强度不足
2026-08-11,605318.SH,,rejected_signal,,0.0,,0.70846277,,未满足 MA5>MA10>MA20>MA60; 20日动量低于门槛; 60日趋势强度不足
2026-08-11,605319.SH,,rejected_signal,,14.284144,,0.97140753,,未满足 MA5>MA10>MA20>MA60; 60日趋势强度不足
2026-08-11,605333.SH,,rejected_signal,,7.486313,,0.95903456,,未满足 MA5>MA10>MA20>MA60; 60日趋势强度不足
2026-08-11,605336.SH,,rejected_universe,,1.2474,,0.75000221,,不在当日动态股票池(停牌/未上市/已退市/当前ST代理过滤)
2026-08-11,605337.SH,,rejected_signal,,45.672398,,1.04765105,,60日趋势强度不足
2026-08-11,605338.SH,,rejected_signal,,15.834123,,0.98694688,,未满足 MA5>MA10>MA20>MA60; 60日趋势强度不足
2026-08-11,605339.SH,,rejected_signal,,23.265961,,1.01846421,,未满足 MA5>MA10>MA20>MA60; 60日趋势强度不足; 20日平均成交额不足
2026-08-11,605358.SH,,rejected_signal,,2.121104,,0.6301983,,未满足 MA5>MA10>MA20>MA60; 20日动量低于门槛; 60日趋势强度不足
2026-08-11,605365.SH,,rejected_signal,,7.516644,,0.92540509,,未满足 MA5>MA10>MA20>MA60; 60日趋势强度不足
2026-08-11,605366.SH,,rejected_signal,,0.32702,,0.69288391,,未满足 MA5>MA10>MA20>MA60; 20日动量低于门槛; 60日趋势强度不足
2026-08-11,605368.SH,,rejected_signal,,10.383945,,1.00199509,,未满足 MA5>MA10>MA20>MA60; 20日动量低于门槛; 60日趋势强度不足
2026-08-11,605369.SH,,rejected_signal,,3.851682,,0.94079202,,未满足 MA5>MA10>MA20>MA60; 20日动量低于门槛; 60日趋势强度不足; 20日平均成交额不足
2026-08-11,605376.SH,,rejected_signal,,14.332899,,0.73310262,,未满足 MA5>MA10>MA20>MA60; 20日动量低于门槛; 20日年化波动过高
2026-08-11,605377.SH,,rejected_signal,,16.01786,,1.01162446,,未满足 MA5>MA10>MA20>MA60; 收盘价低于MA20; 20日动量低于门槛; 60日趋势强度不足
2026-08-11,605378.SH,,rejected_signal,,7.59985,,0.93140721,,未满足 MA5>MA10>MA20>MA60; 60日趋势强度不足
2026-08-11,605388.SH,,rejected_signal,,39.282379,,1.08815157,,未满足 MA5>MA10>MA20>MA60; 60日趋势强度不足
2026-08-11,605389.SH,,rejected_signal,,5.614884,,0.87132633,,未满足 MA5>MA10>MA20>MA60; 收盘价低于MA20; 20日动量低于门槛; 60日趋势强度不足
2026-08-11,605398.SH,,rejected_signal,,3.409909,,0.97531599,,未满足 MA5>MA10>MA20>MA60; 60日趋势强度不足
2026-08-11,605399.SH,,rejected_signal,,0.485352,,0.79413497,,未满足 MA5>MA10>MA20>MA60; 20日动量低于门槛; 60日趋势强度不足
2026-08-11,605488.SH,,rejected_signal,,2.499457,,0.87151366,,未满足 MA5>MA10>MA20>MA60; 60日趋势强度不足
2026-08-11,605499.SH,,rejected_signal,,13.67512,,0.969513,,未满足 MA5>MA10>MA20>MA60; 收盘价低于MA20; 60日趋势强度不足
2026-08-11,605500.SH,,rejected_signal,,13.441483,,0.94066787,,未满足 MA5>MA10>MA20>MA60; 60日趋势强度不足
2026-08-11,605507.SH,,rejected_signal,,8.118343,,1.03160787,,未满足 MA5>MA10>MA20>MA60; 收盘价低于MA20; 20日动量低于门槛; 60日趋势强度不足
2026-08-11,605555.SH,,rejected_signal,,4.281863,,0.88483006,,未满足 MA5>MA10>MA20>MA60; 60日趋势强度不足
2026-08-11,605566.SH,,rejected_signal,,0.0,,0.66998518,,未满足 MA5>MA10>MA20>MA60; 20日动量低于门槛; 60日趋势强度不足
2026-08-11,605567.SH,,rejected_signal,,18.775658,,1.00559545,,未满足 MA5>MA10>MA20>MA60; 60日趋势强度不足
2026-08-11,605577.SH,,rejected_signal,,13.37511,,1.01761603,,未满足 MA5>MA10>MA20>MA60; 60日趋势强度不足
2026-08-11,605580.SH,,rejected_signal,,1.726998,,0.76230192,,未满足 MA5>MA10>MA20>MA60; 20日动量低于门槛; 60日趋势强度不足
2026-08-11,605588.SH,,rejected_signal,,3.34312,,0.75092936,,未满足 MA5>MA10>MA20>MA60; 20日动量低于门槛; 60日趋势强度不足
2026-08-11,605589.SH,,rejected_signal,,1.792654,,0.67775929,,未满足 MA5>MA10>MA20>MA60; 20日动量低于门槛; 60日趋势强度不足
2026-08-11,605598.SH,,rejected_signal,,3.38941,,0.73840481,,未满足 MA5>MA10>MA20>MA60; 20日动量低于门槛; 60日趋势强度不足
2026-08-11,605599.SH,,selected_signal,13,58.174377,0.88785046,1.06771135,0.77383178,quality_momentum 横截面排名进入 Top20
2026-08-11,688001.SH,,rejected_signal,,0.0,,0.67612672,,未满足 MA5>MA10>MA20>MA60; 收盘价低于MA20; 20日动量低于门槛; 60日趋势强度不足; 20日年化波动过高
2026-08-11,688002.SH,,rejected_signal,,51.655495,,1.00398445,,20日年化波动过高
2026-08-11,688003.SH,,rejected_signal,,2.149678,,0.70981884,,未满足 MA5>MA10>MA20>MA60; 20日动量低于门槛; 60日趋势强度不足; 20日年化波动过高
2026-08-11,688004.SH,,rejected_signal,,30.030245,,1.12542665,,20日涨幅过热; 60日趋势强度不足
2026-08-11,688005.SH,,rejected_signal,,13.514413,,0.94953299,,未满足 MA5>MA10>MA20>MA60; 60日趋势强度不足
2026-08-11,688006.SH,,rejected_signal,,2.59555,,0.71386504,,未满足 MA5>MA10>MA20>MA60; 20日动量低于门槛; 60日趋势强度不足
2026-08-11,688007.SH,,rejected_signal,,0.721775,,0.85022205,,未满足 MA5>MA10>MA20>MA60; 20日动量低于门槛; 60日趋势强度不足
2026-08-11,688008.SH,,rejected_signal,,1.51768,,0.83203626,,未满足 MA5>MA10>MA20>MA60; 收盘价低于MA20; 20日动量低于门槛; 60日趋势强度不足; 20日年化波动过高
2026-08-11,688009.SH,,rejected_signal,,15.909643,,1.04657638,,未满足 MA5>MA10>MA20>MA60; 收盘价低于MA20; 20日动量低于门槛; 60日趋势强度不足
2026-08-11,688010.SH,,rejected_signal,,0.0,,0.67181367,,未满足 MA5>MA10>MA20>MA60; 20日动量低于门槛; 60日趋势强度不足
2026-08-11,688011.SH,,rejected_signal,,32.407616,,1.14122581,,20日涨幅过热; 偏离MA20过远，追高风险
2026-08-11,688012.SH,,rejected_signal,,20.298225,,0.87171596,,未满足 MA5>MA10>MA20>MA60; 收盘价低于MA20; 20日动量低于门槛; 20日年化波动过高
2026-08-11,688013.SH,,rejected_signal,,6.465042,,0.96004385,,未满足 MA5>MA10>MA20>MA60; 60日趋势强度不足
2026-08-11,688015.SH,,rejected_signal,,3.013072,,0.97162616,,未满足 MA5>MA10>MA20>MA60; 20日动量低于门槛; 60日趋势强度不足; 20日平均成交额不足
2026-08-11,688016.SH,,rejected_signal,,7.738451,,0.99941313,,未满足 MA5>MA10>MA20>MA60; 20日动量低于门槛; 60日趋势强度不足
2026-08-11,688017.SH,,rejected_signal,,12.485496,,0.90037382,,未满足 MA5>MA10>MA20>MA60; 20日动量低于门槛; 20日年化波动过高
2026-08-11,688018.SH,,rejected_signal,,6.078861,,0.89143407,,未满足 MA5>MA10>MA20>MA60; 20日动量低于门槛; 60日趋势强度不足
2026-08-11,688019.SH,,rejected_signal,,4.467252,,0.88945919,,未满足 MA5>MA10>MA20>MA60; 收盘价低于MA20; 20日动量低于门槛; 20日年化波动过高
2026-08-11,688020.SH,,rejected_signal,,0.0,,0.57780892,,未满足 MA5>MA10>MA20>MA60; 20日动量低于门槛; 60日趋势强度不足; 20日年化波动过高
2026-08-11,688021.SH,,rejected_signal,,2.80161,,0.93451071,,未满足 MA5>MA10>MA20>MA60; 60日趋势强度不足
2026-08-11,688022.SH,,rejected_universe,,1.428133,,0.97288895,,不在当日动态股票池(停牌/未上市/已退市/当前ST代理过滤)
2026-08-11,688023.SH,,rejected_signal,,42.619141,,1.04485738,,未满足 MA5>MA10>MA20>MA60; 60日趋势强度不足
2026-08-11,688025.SH,,rejected_signal,,0.163655,,0.75930029,,未满足 MA5>MA10>MA20>MA60; 20日动量低于门槛; 60日趋势强度不足; 20日年化波动过高
2026-08-11,688026.SH,,rejected_signal,,28.735357,,0.94661188,,未满足 MA5>MA10>MA20>MA60; 偏离MA20过远，追高风险
2026-08-11,688027.SH,,rejected_signal,,6.037083,,0.85463911,,未满足 MA5>MA10>MA20>MA60; 20日动量低于门槛; 60日趋势强度不足
2026-08-11,688028.SH,,rejected_signal,,0.0,,0.57922614,,未满足 MA5>MA10>MA20>MA60; 20日动量低于门槛; 60日趋势强度不足; 20日年化波动过高
2026-08-11,688029.SH,,rejected_signal,,13.865842,,0.97049254,,未满足 MA5>MA10>MA20>MA60; 收盘价低于MA20; 20日动量低于门槛; 60日趋势强度不足
2026-08-11,688030.SH,,rejected_signal,,25.217596,,1.05877805,,未满足 MA5>MA10>MA20>MA60; 60日趋势强度不足
2026-08-11,688031.SH,,rejected_signal,,16.382744,,0.92029518,,未满足 MA5>MA10>MA20>MA60; 60日趋势强度不足; 偏离MA20过远，追高风险
2026-08-11,688032.SH,,rejected_signal,,14.483065,,0.93200225,,未满足 MA5>MA10>MA20>MA60; 60日趋势强度不足
2026-08-11,688033.SH,,rejected_universe,,5.852457,,0.92772192,,不在当日动态股票池(停牌/未上市/已退市/当前ST代理过滤)
2026-08-11,688035.SH,,rejected_signal,,3.409302,,0.69284576,,未满足 MA5>MA10>MA20>MA60; 20日动量低于门槛; 60日趋势强度不足
2026-08-11,688036.SH,,rejected_signal,,4.944601,,0.96434414,,未满足 MA5>MA10>MA20>MA60; 收盘价低于MA20; 20日动量低于门槛; 60日趋势强度不足
2026-08-11,688037.SH,,rejected_signal,,4.589179,,0.86453497,,未满足 MA5>MA10>MA20>MA60; 收盘价低于MA20; 20日动量低于门槛; 20日年化波动过高
2026-08-11,688038.SH,,rejected_signal,,1.400313,,0.94655508,,未满足 MA5>MA10>MA20>MA60; 60日趋势强度不足
2026-08-11,688039.SH,,rejected_signal,,0.0,,0.90660787,,未满足 MA5>MA10>MA20>MA60; 20日动量低于门槛; 60日趋势强度不足
2026-08-11,688041.SH,,rejected_signal,,4.857976,,0.87847388,,未满足 MA5>MA10>MA20>MA60; 收盘价低于MA20; 20日动量低于门槛; 60日趋势强度不足
2026-08-11,688045.SH,,rejected_signal,,2.869818,,0.72568911,,未满足 MA5>MA10>MA20>MA60; 20日动量低于门槛; 60日趋势强度不足
2026-08-11,688046.SH,,rejected_signal,,29.958975,,1.23865294,,20日涨幅过热; 偏离MA20过远，追高风险; 20日年化波动过高
2026-08-11,688047.SH,,rejected_signal,,6.596358,,0.81374508,,未满足 MA5>MA10>MA20>MA60; 收盘价低于MA20; 20日动量低于门槛; 60日趋势强度不足
2026-08-11,688048.SH,,rejected_signal,,1.295032,,0.71769321,,未满足 MA5>MA10>MA20>MA60; 收盘价低于MA20; 20日动量低于门槛; 60日趋势强度不足; 20日年化波动过高
2026-08-11,688049.SH,,rejected_signal,,6.997527,,0.93749875,,未满足 MA5>MA10>MA20>MA60; 20日动量低于门槛; 60日趋势强度不足
2026-08-11,688050.SH,,rejected_signal,,13.946314,,1.0041759,,未满足 MA5>MA10>MA20>MA60; 20日动量低于门槛; 60日趋势强度不足
2026-08-11,688051.SH,,rejected_signal,,10.862308,,0.87542939,,未满足 MA5>MA10>MA20>MA60; 60日趋势强度不足
2026-08-11,688052.SH,,rejected_signal,,9.423677,,0.77823079,,未满足 MA5>MA10>MA20>MA60; 20日动量低于门槛; 60日趋势强度不足
2026-08-11,688053.SH,,rejected_universe,,4.135677,,0.91421378,,不在当日动态股票池(停牌/未上市/已退市/当前ST代理过滤)
2026-08-11,688055.SH,,rejected_signal,,0.77821,,0.84694982,,未满足 MA5>MA10>MA20>MA60; 20日动量低于门槛; 60日趋势强度不足
2026-08-11,688056.SH,,rejected_signal,,1.558477,,0.75955874,,未满足 MA5>MA10>MA20>MA60; 20日动量低于门槛
2026-08-11,688057.SH,,rejected_signal,,41.905914,,1.1649493,,20日年化波动过高
2026-08-11,688058.SH,,rejected_signal,,17.912363,,1.00269461,,未满足 MA5>MA10>MA20>MA60; 60日趋势强度不足; 20日平均成交额不足
2026-08-11,688059.SH,,rejected_signal,,0.0,,0.58760965,,未满足 MA5>MA10>MA20>MA60; 20日动量低于门槛; 60日趋势强度不足; 20日年化波动过高
2026-08-11,688060.SH,,rejected_signal,,5.973235,,0.96669686,,未满足 MA5>MA10>MA20>MA60; 60日趋势强度不足; 20日平均成交额不足
2026-08-11,688061.SH,,rejected_signal,,0.0,,0.82163894,,未满足 MA5>MA10>MA20>MA60; 20日动量低于门槛; 60日趋势强度不足
2026-08-11,688062.SH,,rejected_signal,,11.358233,,0.88028735,,未满足 MA5>MA10>MA20>MA60; 20日动量低于门槛; 60日趋势强度不足
2026-08-11,688063.SH,,rejected_signal,,6.650029,,0.83032387,,未满足 MA5>MA10>MA20>MA60; 20日动量低于门槛; 60日趋势强度不足
2026-08-11,688065.SH,,rejected_rank,77,41.468109,0.28971961,1.0246309,0.24672896,"信号有效, 但综合排名未进入 Top20"
2026-08-11,688066.SH,,rejected_universe,,0.0,,0.89820796,,不在当日动态股票池(停牌/未上市/已退市/当前ST代理过滤)
2026-08-11,688067.SH,,rejected_signal,,16.885763,,0.98313504,,未满足 MA5>MA10>MA20>MA60; 60日趋势强度不足; 20日平均成交额不足
2026-08-11,688068.SH,,rejected_signal,,35.224731,,0.98754966,,未满足 MA5>MA10>MA20>MA60; 收盘价低于MA20; 20日动量低于门槛
2026-08-11,688069.SH,,rejected_signal,,0.305809,,0.91070056,,未满足 MA5>MA10>MA20>MA60; 20日动量低于门槛; 60日趋势强度不足
2026-08-11,688070.SH,,rejected_signal,,0.627911,,0.88504219,,未满足 MA5>MA10>MA20>MA60; 20日动量低于门槛; 60日趋势强度不足
2026-08-11,688071.SH,,rejected_signal,,33.067112,,1.06951666,,未满足 MA5>MA10>MA20>MA60; 60日趋势强度不足
2026-08-11,688072.SH,,rejected_signal,,20.140621,,1.0585165,,未满足 MA5>MA10>MA20>MA60; 收盘价低于MA20; 20日动量低于门槛; 20日年化波动过高
2026-08-11,688073.SH,,rejected_signal,,29.408258,,0.99002039,,20日涨幅过热; 偏离MA20过远，追高风险; 20日年化波动过高
2026-08-11,688075.SH,,rejected_signal,,2.164395,,0.93348175,,未满足 MA5>MA10>MA20>MA60; 60日趋势强度不足; 20日平均成交额不足
2026-08-11,688076.SH,,rejected_universe,,8.243032,,0.96689081,,不在当日动态股票池(停牌/未上市/已退市/当前ST代理过滤)
2026-08-11,688077.SH,,rejected_signal,,0.090602,,0.8682552,,未满足 MA5>MA10>MA20>MA60; 20日动量低于门槛; 60日趋势强度不足
2026-08-11,688078.SH,,rejected_signal,,18.512831,,1.02807701,,未满足 MA5>MA10>MA20>MA60; 60日趋势强度不足; 20日平均成交额不足
2026-08-11,688079.SH,,rejected_signal,,0.0,,0.5927276,,未满足 MA5>MA10>MA20>MA60; 20日动量低于门槛; 60日趋势强度不足; 20日年化波动过高
2026-08-11,688080.SH,,rejected_signal,,0.430841,,0.8985526,,未满足 MA5>MA10>MA20>MA60; 20日动量低于门槛; 60日趋势强度不足
2026-08-11,688081.SH,,rejected_signal,,0.0,,0.69678348,,未满足 MA5>MA10>MA20>MA60; 20日动量低于门槛; 60日趋势强度不足
2026-08-11,688082.SH,,rejected_signal,,10.523911,,0.78980255,,未满足 MA5>MA10>MA20>MA60; 20日动量低于门槛; 20日年化波动过高
2026-08-11,688083.SH,,rejected_signal,,2.063998,,0.8779431,,未满足 MA5>MA10>MA20>MA60; 20日动量低于门槛; 60日趋势强度不足
2026-08-11,688084.SH,,rejected_signal,,20.212957,,0.86990082,,未满足 MA5>MA10>MA20>MA60; 60日趋势强度不足
2026-08-11,688085.SH,,rejected_signal,,29.496346,,1.00564861,,未满足 MA5>MA10>MA20>MA60; 60日趋势强度不足
2026-08-11,688087.SH,,rejected_signal,,30.012003,,1.0189569,,60日趋势强度不足
2026-08-11,688088.SH,,rejected_signal,,3.669629,,0.95920002,,未满足 MA5>MA10>MA20>MA60; 60日趋势强度不足
2026-08-11,688089.SH,,rejected_universe,,0.0,,0.6677444,,不在当日动态股票池(停牌/未上市/已退市/当前ST代理过滤)
2026-08-11,688090.SH,,rejected_signal,,0.0,,0.59626412,,未满足 MA5>MA10>MA20>MA60; 20日动量低于门槛; 60日趋势强度不足; 20日年化波动过高
2026-08-11,688091.SH,,rejected_signal,,8.577896,,0.90599394,,未满足 MA5>MA10>MA20>MA60; 20日动量低于门槛; 60日趋势强度不足
2026-08-11,688092.SH,,rejected_signal,,4.690528,,0.95359337,,未满足 MA5>MA10>MA20>MA60; 60日趋势强度不足; 20日平均成交额不足
2026-08-11,688093.SH,,rejected_signal,,2.447946,,0.90642387,,未满足 MA5>MA10>MA20>MA60; 20日动量低于门槛; 60日趋势强度不足
2026-08-11,688095.SH,,rejected_signal,,36.781727,,1.08764875,,未满足 MA5>MA10>MA20>MA60; 60日趋势强度不足
2026-08-11,688096.SH,,rejected_signal,,0.717203,,0.73325348,,未满足 MA5>MA10>MA20>MA60; 20日动量低于门槛; 60日趋势强度不足; 20日年化波动过高
2026-08-11,688097.SH,,rejected_signal,,3.685015,,0.71505088,,未满足 MA5>MA10>MA20>MA60; 20日动量低于门槛; 60日趋势强度不足
2026-08-11,688098.SH,,rejected_signal,,4.07225,,0.98809963,,未满足 MA5>MA10>MA20>MA60; 20日动量低于门槛; 60日趋势强度不足; 20日平均成交额不足
2026-08-11,688099.SH,,rejected_signal,,11.305398,,0.96994895,,未满足 MA5>MA10>MA20>MA60; 20日动量低于门槛; 60日趋势强度不足
2026-08-11,688100.SH,,rejected_signal,,14.699972,,0.9914726,,未满足 MA5>MA10>MA20>MA60; 60日趋势强度不足
2026-08-11,688101.SH,,rejected_signal,,6.501692,,0.91985577,,未满足 MA5>MA10>MA20>MA60; 收盘价低于MA20; 20日动量低于门槛; 60日趋势强度不足
2026-08-11,688102.SH,,rejected_signal,,8.555373,,0.83214664,,未满足 MA5>MA10>MA20>MA60; 20日动量低于门槛; 60日趋势强度不足; 20日年化波动过高
2026-08-11,688103.SH,,rejected_signal,,22.156239,,0.91167068,,未满足 MA5>MA10>MA20>MA60; 20日动量低于门槛
2026-08-11,688105.SH,,rejected_signal,,48.170944,,1.13483489,,偏离MA20过远，追高风险
2026-08-11,688106.SH,,rejected_signal,,0.381704,,0.82280648,,未满足 MA5>MA10>MA20>MA60; 20日动量低于门槛; 60日趋势强度不足
2026-08-11,688107.SH,,rejected_signal,,1.086201,,0.74096727,,未满足 MA5>MA10>MA20>MA60; 20日动量低于门槛; 60日趋势强度不足
2026-08-11,688108.SH,,rejected_signal,,10.854851,,0.90078992,,未满足 MA5>MA10>MA20>MA60; 20日动量低于门槛; 60日趋势强度不足
2026-08-11,688109.SH,,rejected_signal,,14.67855,,0.93252146,,未满足 MA5>MA10>MA20>MA60; 60日趋势强度不足
2026-08-11,688110.SH,,rejected_signal,,0.0,,0.69471914,,未满足 MA5>MA10>MA20>MA60; 收盘价低于MA20; 20日动量低于门槛; 60日趋势强度不足; 20日年化波动过高
2026-08-11,688111.SH,,rejected_signal,,53.338928,,1.16306961,,60日趋势强度不足
2026-08-11,688112.SH,,rejected_signal,,1.527456,,0.72297639,,未满足 MA5>MA10>MA20>MA60; 收盘价低于MA20; 20日动量低于门槛; 60日趋势强度不足
2026-08-11,688113.SH,,rejected_signal,,2.917954,,0.93969244,,未满足 MA5>MA10>MA20>MA60; 60日趋势强度不足
2026-08-11,688114.SH,,rejected_signal,,34.520798,,0.97292638,,未满足 MA5>MA10>MA20>MA60; 偏离MA20过远，追高风险
2026-08-11,688115.SH,,rejected_rank,96,31.408592,0.11214953,1.13843894,0.24485981,"信号有效, 但综合排名未进入 Top20"
2026-08-11,688116.SH,,rejected_signal,,5.790676,,0.90410632,,未满足 MA5>MA10>MA20>MA60; 60日趋势强度不足
2026-08-11,688117.SH,,rejected_signal,,12.520996,,0.94246453,,未满足 MA5>MA10>MA20>MA60; 20日动量低于门槛; 60日趋势强度不足
2026-08-11,688118.SH,,rejected_signal,,11.229269,,0.99089599,,未满足 MA5>MA10>MA20>MA60; 60日趋势强度不足
2026-08-11,688119.SH,,rejected_signal,,6.070639,,0.91899353,,未满足 MA5>MA10>MA20>MA60; 20日动量低于门槛; 60日趋势强度不足
2026-08-11,688120.SH,,rejected_signal,,30.71735,,0.93529999,,未满足 MA5>MA10>MA20>MA60; 20日动量低于门槛; 20日年化波动过高
2026-08-11,688121.SH,,rejected_universe,,0.0,,2.04479074,,不在当日动态股票池(停牌/未上市/已退市/当前ST代理过滤)
2026-08-11,688122.SH,,rejected_signal,,6.593278,,0.94414347,,未满足 MA5>MA10>MA20>MA60; 60日趋势强度不足
2026-08-11,688123.SH,,rejected_signal,,0.283851,,0.71572536,,未满足 MA5>MA10>MA20>MA60; 20日动量低于门槛; 60日趋势强度不足; 20日年化波动过高
2026-08-11,688125.SH,,rejected_signal,,0.0,,0.61344886,,未满足 MA5>MA10>MA20>MA60; 20日动量低于门槛; 60日趋势强度不足; 20日年化波动过高
2026-08-11,688126.SH,,rejected_signal,,3.370845,,0.78226846,,未满足 MA5>MA10>MA20>MA60; 收盘价低于MA20; 20日动量低于门槛; 60日趋势强度不足
2026-08-11,688127.SH,,rejected_signal,,0.901372,,0.75367033,,未满足 MA5>MA10>MA20>MA60; 20日动量低于门槛; 60日趋势强度不足
2026-08-11,688128.SH,,rejected_signal,,4.648895,,0.9423483,,未满足 MA5>MA10>MA20>MA60; 20日动量低于门槛; 60日趋势强度不足
2026-08-11,688129.SH,,rejected_signal,,4.705594,,0.85890275,,未满足 MA5>MA10>MA20>MA60; 20日动量低于门槛; 60日趋势强度不足; 20日平均成交额不足
2026-08-11,688130.SH,,rejected_signal,,0.0,,0.73859698,,未满足 MA5>MA10>MA20>MA60; 20日动量低于门槛; 60日趋势强度不足; 偏离MA20过远，追高风险; 20日年化波动过高
2026-08-11,688131.SH,,rejected_signal,,42.68029,,1.00319064,,未满足 MA5>MA10>MA20>MA60; 偏离MA20过远，追高风险; 20日年化波动过高
2026-08-11,688132.SH,,rejected_signal,,9.422843,,0.9685353,,未满足 MA5>MA10>MA20>MA60; 60日趋势强度不足; 20日平均成交额不足
2026-08-11,688133.SH,,rejected_signal,,30.896193,,0.96808898,,未满足 MA5>MA10>MA20>MA60
2026-08-11,688135.SH,,rejected_signal,,0.0,,0.59112424,,未满足 MA5>MA10>MA20>MA60; 20日动量低于门槛; 60日趋势强度不足; 20日年化波动过高
2026-08-11,688136.SH,,rejected_signal,,7.308753,,0.91812128,,未满足 MA5>MA10>MA20>MA60; 20日动量低于门槛; 60日趋势强度不足
2026-08-11,688137.SH,,rejected_signal,,25.904852,,1.0475775,,未满足 MA5>MA10>MA20>MA60; 20日涨幅过热; 偏离MA20过远，追高风险; 20日年化波动过高
2026-08-11,688138.SH,,rejected_signal,,4.291041,,0.78464121,,未满足 MA5>MA10>MA20>MA60; 20日动量低于门槛; 60日趋势强度不足; 20日年化波动过高
2026-08-11,688139.SH,,rejected_signal,,13.62217,,1.01090133,,未满足 MA5>MA10>MA20>MA60; 60日趋势强度不足
2026-08-11,688141.SH,,rejected_signal,,26.367134,,0.89588165,,未满足 MA5>MA10>MA20>MA60; 20日动量低于门槛; 20日年化波动过高
2026-08-11,688143.SH,,rejected_signal,,12.512523,,0.59561497,,未满足 MA5>MA10>MA20>MA60; 20日动量低于门槛; 20日年化波动过高
2026-08-11,688146.SH,,rejected_signal,,27.90193,,1.01021361,,20日年化波动过高
2026-08-11,688147.SH,,rejected_signal,,11.199156,,0.75605029,,未满足 MA5>MA10>MA20>MA60; 20日动量低于门槛; 20日年化波动过高
2026-08-11,688148.SH,,rejected_signal,,1.050564,,0.86490667,,未满足 MA5>MA10>MA20>MA60; 20日动量低于门槛; 60日趋势强度不足
2026-08-11,688150.SH,,rejected_signal,,0.0,,0.6303097,,未满足 MA5>MA10>MA20>MA60; 20日动量低于门槛; 60日趋势强度不足; 20日年化波动过高
2026-08-11,688151.SH,,rejected_signal,,31.081015,,1.00363636,,未满足 MA5>MA10>MA20>MA60; 60日趋势强度不足
2026-08-11,688152.SH,,rejected_signal,,10.227414,,0.95552409,,未满足 MA5>MA10>MA20>MA60; 60日趋势强度不足
2026-08-11,688153.SH,,rejected_signal,,1.7661,,0.87253642,,未满足 MA5>MA10>MA20>MA60; 20日动量低于门槛; 60日趋势强度不足
2026-08-11,688155.SH,,rejected_signal,,2.281954,,0.80263424,,未满足 MA5>MA10>MA20>MA60; 20日动量低于门槛; 60日趋势强度不足
2026-08-11,688156.SH,,rejected_signal,,1.271681,,0.78391743,,未满足 MA5>MA10>MA20>MA60; 20日动量低于门槛; 60日趋势强度不足
2026-08-11,688157.SH,,rejected_signal,,0.567994,,0.8660149,,未满足 MA5>MA10>MA20>MA60; 20日动量低于门槛; 60日趋势强度不足
2026-08-11,688158.SH,,rejected_signal,,3.259004,,0.98060197,,未满足 MA5>MA10>MA20>MA60; 20日动量低于门槛; 60日趋势强度不足
2026-08-11,688159.SH,,rejected_signal,,0.8502,,0.79328603,,未满足 MA5>MA10>MA20>MA60; 20日动量低于门槛; 60日趋势强度不足
2026-08-11,688160.SH,,rejected_signal,,10.487946,,0.98404896,,未满足 MA5>MA10>MA20>MA60; 60日趋势强度不足
2026-08-11,688161.SH,,rejected_signal,,2.798777,,0.96357185,,未满足 MA5>MA10>MA20>MA60; 20日动量低于门槛; 60日趋势强度不足; 20日平均成交额不足
2026-08-11,688162.SH,,rejected_signal,,6.014706,,0.88920259,,未满足 MA5>MA10>MA20>MA60; 60日趋势强度不足
2026-08-11,688163.SH,,rejected_signal,,0.0,,0.74488479,,未满足 MA5>MA10>MA20>MA60; 20日动量低于门槛; 60日趋势强度不足
2026-08-11,688165.SH,,rejected_signal,,7.357695,,0.89847505,,未满足 MA5>MA10>MA20>MA60; 20日动量低于门槛; 60日趋势强度不足
2026-08-11,688166.SH,,rejected_signal,,17.260323,,0.84494662,,未满足 MA5>MA10>MA20>MA60; 20日涨幅过热; 60日趋势强度不足; 20日年化波动过高
2026-08-11,688167.SH,,rejected_signal,,0.0,,0.70314324,,未满足 MA5>MA10>MA20>MA60; 收盘价低于MA20; 20日动量低于门槛; 60日趋势强度不足; 20日年化波动过高
2026-08-11,688168.SH,,rejected_signal,,0.0,,0.56937516,,未满足 MA5>MA10>MA20>MA60; 收盘价低于MA20; 20日动量低于门槛; 60日趋势强度不足
2026-08-11,688169.SH,,rejected_signal,,39.207695,,1.04262149,,未满足 MA5>MA10>MA20>MA60; 60日趋势强度不足
2026-08-11,688170.SH,,rejected_signal,,0.0,,0.60550278,,未满足 MA5>MA10>MA20>MA60; 20日动量低于门槛; 60日趋势强度不足
2026-08-11,688171.SH,,rejected_signal,,12.609122,,0.84620357,,未满足 MA5>MA10>MA20>MA60; 60日趋势强度不足
2026-08-11,688172.SH,,rejected_signal,,0.836036,,0.73090041,,未满足 MA5>MA10>MA20>MA60; 收盘价低于MA20; 20日动量低于门槛; 20日年化波动过高
2026-08-11,688173.SH,,rejected_signal,,0.0,,0.78829014,,未满足 MA5>MA10>MA20>MA60; 20日动量低于门槛; 60日趋势强度不足
2026-08-11,688175.SH,,rejected_signal,,0.0,,0.70068705,,未满足 MA5>MA10>MA20>MA60; 20日动量低于门槛; 60日趋势强度不足
2026-08-11,688176.SH,,rejected_signal,,21.344959,,0.98997736,,未满足 MA5>MA10>MA20>MA60; 20日动量低于门槛; 60日趋势强度不足
2026-08-11,688177.SH,,rejected_signal,,24.191181,,0.99129981,,未满足 MA5>MA10>MA20>MA60; 60日趋势强度不足
2026-08-11,688178.SH,,rejected_signal,,0.0,,0.76983154,,未满足 MA5>MA10>MA20>MA60; 20日动量低于门槛; 60日趋势强度不足
2026-08-11,688179.SH,,rejected_signal,,1.997978,,0.80821711,,未满足 MA5>MA10>MA20>MA60; 20日动量低于门槛; 60日趋势强度不足; 20日年化波动过高
2026-08-11,688180.SH,,rejected_signal,,31.529417,,1.05986059,,20日动量低于门槛; 60日趋势强度不足
2026-08-11,688181.SH,,rejected_signal,,0.0,,0.7817688,,未满足 MA5>MA10>MA20>MA60; 20日动量低于门槛; 60日趋势强度不足
2026-08-11,688182.SH,,rejected_signal,,0.0,,0.67270112,,未满足 MA5>MA10>MA20>MA60; 20日动量低于门槛; 60日趋势强度不足
2026-08-11,688183.SH,,rejected_signal,,1.25981,,0.86214072,,未满足 MA5>MA10>MA20>MA60; 20日动量低于门槛; 20日年化波动过高
2026-08-11,688184.SH,,rejected_universe,,12.149497,,0.99068189,,不在当日动态股票池(停牌/未上市/已退市/当前ST代理过滤)
2026-08-11,688185.SH,,rejected_signal,,25.237078,,0.97294015,,未满足 MA5>MA10>MA20>MA60; 60日趋势强度不足
2026-08-11,688186.SH,,rejected_signal,,1.897338,,0.91650963,,未满足 MA5>MA10>MA20>MA60; 20日动量低于门槛; 60日趋势强度不足
2026-08-11,688187.SH,,rejected_signal,,9.669688,,0.91810966,,未满足 MA5>MA10>MA20>MA60; 60日趋势强度不足
2026-08-11,688188.SH,,rejected_signal,,16.566685,,0.98856366,,未满足 MA5>MA10>MA20>MA60; 60日趋势强度不足
2026-08-11,688189.SH,,rejected_universe,,0.104276,,0.93444252,,不在当日动态股票池(停牌/未上市/已退市/当前ST代理过滤)
2026-08-11,688190.SH,,rejected_signal,,18.902565,,0.77970743,,未满足 MA5>MA10>MA20>MA60; 60日趋势强度不足
2026-08-11,688191.SH,,rejected_signal,,0.0,,0.54032016,,未满足 MA5>MA10>MA20>MA60; 20日动量低于门槛; 60日趋势强度不足
2026-08-11,688192.SH,,rejected_signal,,42.116337,,1.03824019,,未满足 MA5>MA10>MA20>MA60
2026-08-11,688193.SH,,rejected_signal,,3.649801,,0.9853521,,未满足 MA5>MA10>MA20>MA60; 20日动量低于门槛; 60日趋势强度不足; 20日平均成交额不足
2026-08-11,688195.SH,,rejected_signal,,2.275985,,0.58649445,,未满足 MA5>MA10>MA20>MA60; 20日动量低于门槛; 60日趋势强度不足; 20日年化波动过高
2026-08-11,688196.SH,,rejected_signal,,4.510309,,0.93027657,,未满足 MA5>MA10>MA20>MA60; 60日趋势强度不足
2026-08-11,688197.SH,,rejected_signal,,3.758784,,0.88234609,,未满足 MA5>MA10>MA20>MA60; 20日动量低于门槛; 60日趋势强度不足
2026-08-11,688198.SH,,rejected_signal,,5.933297,,0.97835326,,未满足 MA5>MA10>MA20>MA60; 20日动量低于门槛; 60日趋势强度不足
2026-08-11,688199.SH,,rejected_signal,,0.0,,0.76881021,,未满足 MA5>MA10>MA20>MA60; 20日动量低于门槛; 60日趋势强度不足
2026-08-11,688200.SH,,rejected_signal,,24.701006,,0.89797443,,未满足 MA5>MA10>MA20>MA60; 20日动量低于门槛; 20日年化波动过高
2026-08-11,688201.SH,,rejected_universe,,3.221198,,0.96635556,,不在当日动态股票池(停牌/未上市/已退市/当前ST代理过滤)
2026-08-11,688202.SH,,rejected_signal,,41.578728,,1.13262868,,偏离MA20过远，追高风险; 20日年化波动过高
2026-08-11,688203.SH,,rejected_signal,,8.477199,,0.91794324,,未满足 MA5>MA10>MA20>MA60; 60日趋势强度不足; 偏离MA20过远，追高风险
2026-08-11,688205.SH,,rejected_signal,,0.862579,,0.63981777,,未满足 MA5>MA10>MA20>MA60; 20日动量低于门槛; 60日趋势强度不足
2026-08-11,688206.SH,,rejected_signal,,6.803001,,0.80531317,,未满足 MA5>MA10>MA20>MA60; 20日动量低于门槛; 60日趋势强度不足
2026-08-11,688207.SH,,rejected_signal,,8.862103,,0.95139104,,未满足 MA5>MA10>MA20>MA60; 20日动量低于门槛; 20日年化波动过高
2026-08-11,688208.SH,,rejected_signal,,25.268454,,1.01432538,,未满足 MA5>MA10>MA20>MA60; 60日趋势强度不足
2026-08-11,688209.SH,,rejected_signal,,5.218755,,0.86547238,,未满足 MA5>MA10>MA20>MA60; 20日动量低于门槛; 60日趋势强度不足
2026-08-11,688210.SH,,rejected_signal,,0.755025,,0.64352286,,未满足 MA5>MA10>MA20>MA60; 20日动量低于门槛; 60日趋势强度不足
2026-08-11,688211.SH,,rejected_signal,,7.65142,,0.90016335,,未满足 MA5>MA10>MA20>MA60; 20日动量低于门槛; 60日趋势强度不足; 20日平均成交额不足
2026-08-11,688212.SH,,rejected_signal,,10.769536,,0.94633931,,未满足 MA5>MA10>MA20>MA60; 60日趋势强度不足
2026-08-11,688213.SH,,rejected_signal,,12.032866,,0.91088176,,未满足 MA5>MA10>MA20>MA60; 60日趋势强度不足
2026-08-11,688215.SH,,rejected_signal,,13.597335,,0.79682964,,未满足 MA5>MA10>MA20>MA60; 60日趋势强度不足; 偏离MA20过远，追高风险
2026-08-11,688216.SH,,rejected_signal,,0.0,,0.75390476,,未满足 MA5>MA10>MA20>MA60; 20日动量低于门槛; 60日趋势强度不足; 20日年化波动过高
2026-08-11,688217.SH,,rejected_signal,,13.024822,,0.99542266,,未满足 MA5>MA10>MA20>MA60; 60日趋势强度不足; 20日平均成交额不足
2026-08-11,688218.SH,,rejected_signal,,1.105504,,0.7158404,,未满足 MA5>MA10>MA20>MA60; 20日动量低于门槛; 60日趋势强度不足; 20日年化波动过高
2026-08-11,688219.SH,,rejected_signal,,2.342903,,0.9438892,,未满足 MA5>MA10>MA20>MA60; 20日动量低于门槛; 60日趋势强度不足
2026-08-11,688220.SH,,rejected_signal,,0.545234,,0.85849106,,未满足 MA5>MA10>MA20>MA60; 收盘价低于MA20; 20日动量低于门槛; 60日趋势强度不足; 20日年化波动过高
2026-08-11,688221.SH,,rejected_signal,,7.333195,,0.83066905,,未满足 MA5>MA10>MA20>MA60; 20日动量低于门槛; 60日趋势强度不足
2026-08-11,688222.SH,,rejected_signal,,39.474915,,1.01231349,,偏离MA20过远，追高风险; 20日年化波动过高
2026-08-11,688223.SH,,rejected_signal,,17.039661,,0.92566812,,未满足 MA5>MA10>MA20>MA60; 60日趋势强度不足
2026-08-11,688225.SH,,rejected_signal,,8.402279,,0.94577146,,未满足 MA5>MA10>MA20>MA60; 60日趋势强度不足
2026-08-11,688226.SH,,rejected_signal,,4.101005,,0.69192916,,未满足 MA5>MA10>MA20>MA60; 20日动量低于门槛; 60日趋势强度不足
2026-08-11,688227.SH,,rejected_signal,,0.623262,,0.85243565,,未满足 MA5>MA10>MA20>MA60; 20日动量低于门槛; 60日趋势强度不足
2026-08-11,688228.SH,,rejected_signal,,4.036939,,0.88347977,,未满足 MA5>MA10>MA20>MA60; 60日趋势强度不足
2026-08-11,688229.SH,,rejected_signal,,2.017515,,0.87607664,,未满足 MA5>MA10>MA20>MA60; 20日动量低于门槛; 60日趋势强度不足
2026-08-11,688230.SH,,rejected_signal,,0.0,,0.77074718,,未满足 MA5>MA10>MA20>MA60; 20日动量低于门槛; 60日趋势强度不足
2026-08-11,688231.SH,,rejected_signal,,0.613118,,0.77968526,,未满足 MA5>MA10>MA20>MA60; 20日动量低于门槛; 60日趋势强度不足
2026-08-11,688232.SH,,rejected_signal,,19.298536,,1.03691852,,未满足 MA5>MA10>MA20>MA60; 60日趋势强度不足
2026-08-11,688233.SH,,rejected_signal,,6.116489,,0.67727906,,未满足 MA5>MA10>MA20>MA60; 20日动量低于门槛; 20日年化波动过高
2026-08-11,688234.SH,,rejected_signal,,0.0,,0.59621727,,未满足 MA5>MA10>MA20>MA60; 20日动量低于门槛; 60日趋势强度不足; 20日年化波动过高
2026-08-11,688235.SH,,rejected_rank,32,52.210594,0.71028036,1.05624783,0.62429905,"信号有效, 但综合排名未进入 Top20"
2026-08-11,688236.SH,,rejected_signal,,2.944236,,0.98748201,,未满足 MA5>MA10>MA20>MA60; 20日动量低于门槛; 60日趋势强度不足
2026-08-11,688237.SH,,rejected_signal,,37.870186,,1.07011724,,未满足 MA5>MA10>MA20>MA60; 20日年化波动过高
2026-08-11,688238.SH,,rejected_signal,,27.416265,,0.99126458,,偏离MA20过远，追高风险
2026-08-11,688239.SH,,rejected_signal,,6.888028,,0.8041026,,未满足 MA5>MA10>MA20>MA60; 20日动量低于门槛; 60日趋势强度不足
2026-08-11,688244.SH,,rejected_signal,,19.630695,,1.0056231,,未满足 MA5>MA10>MA20>MA60; 60日趋势强度不足
2026-08-11,688246.SH,,rejected_signal,,4.905943,,0.91398913,,未满足 MA5>MA10>MA20>MA60; 60日趋势强度不足
2026-08-11,688247.SH,,rejected_signal,,15.030232,,1.01761699,,未满足 MA5>MA10>MA20>MA60; 20日动量低于门槛; 60日趋势强度不足
2026-08-11,688248.SH,,rejected_signal,,0.259433,,0.88106626,,未满足 MA5>MA10>MA20>MA60; 20日动量低于门槛; 60日趋势强度不足; 20日年化波动过高
2026-08-11,688249.SH,,rejected_signal,,0.608324,,0.76709682,,未满足 MA5>MA10>MA20>MA60; 收盘价低于MA20; 20日动量低于门槛; 60日趋势强度不足
2026-08-11,688251.SH,,rejected_signal,,0.138276,,0.88207906,,未满足 MA5>MA10>MA20>MA60; 20日动量低于门槛; 60日趋势强度不足
2026-08-11,688252.SH,,rejected_signal,,0.011577,,0.82810235,,未满足 MA5>MA10>MA20>MA60; 20日动量低于门槛; 60日趋势强度不足
2026-08-11,688253.SH,,rejected_signal,,48.190819,,0.9483788,,未满足 MA5>MA10>MA20>MA60
2026-08-11,688255.SH,,rejected_signal,,10.853019,,0.89533991,,未满足 MA5>MA10>MA20>MA60; 60日趋势强度不足
2026-08-11,688256.SH,,rejected_signal,,3.873679,,0.82204187,,未满足 MA5>MA10>MA20>MA60; 收盘价低于MA20; 20日动量低于门槛; 60日趋势强度不足
2026-08-11,688257.SH,,rejected_signal,,0.0,,0.61286223,,未满足 MA5>MA10>MA20>MA60; 20日动量低于门槛; 60日趋势强度不足; 20日年化波动过高
2026-08-11,688258.SH,,rejected_signal,,0.0,,0.81798345,,未满足 MA5>MA10>MA20>MA60; 20日动量低于门槛; 60日趋势强度不足; 20日年化波动过高
2026-08-11,688259.SH,,rejected_signal,,0.413784,,0.84099174,,未满足 MA5>MA10>MA20>MA60; 20日动量低于门槛; 60日趋势强度不足
2026-08-11,688260.SH,,rejected_signal,,25.01104,,1.14232433,,未满足 MA5>MA10>MA20>MA60; 偏离MA20过远，追高风险; 20日年化波动过高
2026-08-11,688261.SH,,rejected_signal,,4.510315,,0.80617642,,未满足 MA5>MA10>MA20>MA60; 20日动量低于门槛; 60日趋势强度不足; 20日年化波动过高
2026-08-11,688262.SH,,rejected_signal,,0.0,,0.70436281,,未满足 MA5>MA10>MA20>MA60; 20日动量低于门槛; 60日趋势强度不足; 20日年化波动过高
2026-08-11,688265.SH,,rejected_signal,,30.637402,,1.02363861,,偏离MA20过远，追高风险; 20日年化波动过高
2026-08-11,688266.SH,,rejected_signal,,19.977764,,0.93523812,,未满足 MA5>MA10>MA20>MA60; 收盘价低于MA20; 20日动量低于门槛
2026-08-11,688267.SH,,rejected_signal,,5.087772,,0.89876693,,未满足 MA5>MA10>MA20>MA60; 60日趋势强度不足
2026-08-11,688268.SH,,rejected_signal,,0.312129,,0.63951886,,未满足 MA5>MA10>MA20>MA60; 20日动量低于门槛; 60日趋势强度不足
2026-08-11,688269.SH,,rejected_signal,,0.536846,,0.9185462,,未满足 MA5>MA10>MA20>MA60; 20日动量低于门槛; 60日趋势强度不足
2026-08-11,688270.SH,,rejected_universe,,7.121377,,0.81556958,,不在当日动态股票池(停牌/未上市/已退市/当前ST代理过滤)
2026-08-11,688271.SH,,rejected_signal,,15.383029,,1.02871394,,未满足 MA5>MA10>MA20>MA60; 收盘价低于MA20; 20日动量低于门槛; 60日趋势强度不足
2026-08-11,688272.SH,,rejected_signal,,4.992837,,0.810224,,未满足 MA5>MA10>MA20>MA60; 20日动量低于门槛; 60日趋势强度不足
2026-08-11,688273.SH,,rejected_signal,,0.0,,0.80071563,,未满足 MA5>MA10>MA20>MA60; 20日动量低于门槛; 60日趋势强度不足
2026-08-11,688275.SH,,rejected_signal,,2.702433,,0.66612589,,未满足 MA5>MA10>MA20>MA60; 20日动量低于门槛; 60日趋势强度不足
2026-08-11,688276.SH,,rejected_signal,,18.222521,,1.01487696,,未满足 MA5>MA10>MA20>MA60; 60日趋势强度不足
2026-08-11,688277.SH,,rejected_signal,,2.67012,,1.15020394,,未满足 MA5>MA10>MA20>MA60; 收盘价低于MA20; 20日动量低于门槛; 60日趋势强度不足
2026-08-11,688278.SH,,rejected_signal,,27.311035,,1.01370668,,未满足 MA5>MA10>MA20>MA60
2026-08-11,688279.SH,,rejected_signal,,2.745491,,0.74348676,,未满足 MA5>MA10>MA20>MA60; 收盘价低于MA20; 20日动量低于门槛; 60日趋势强度不足
2026-08-11,688280.SH,,rejected_signal,,28.921309,,1.07117558,,未满足 MA5>MA10>MA20>MA60; 60日趋势强度不足
2026-08-11,688281.SH,,rejected_signal,,6.786686,,0.96774149,,未满足 MA5>MA10>MA20>MA60; 60日趋势强度不足
2026-08-11,688282.SH,,rejected_signal,,12.618795,,0.8138712,,未满足 MA5>MA10>MA20>MA60; 60日趋势强度不足
2026-08-11,688283.SH,,rejected_signal,,0.0,,0.79272509,,未满足 MA5>MA10>MA20>MA60; 20日动量低于门槛; 60日趋势强度不足
2026-08-11,688285.SH,,rejected_signal,,5.369403,,0.96944582,,未满足 MA5>MA10>MA20>MA60; 60日趋势强度不足; 20日平均成交额不足
2026-08-11,688286.SH,,rejected_signal,,0.0,,0.73220128,,未满足 MA5>MA10>MA20>MA60; 20日动量低于门槛; 60日趋势强度不足
2026-08-11,688287.SH,,rejected_universe,,0.0,,0.0,,不在当日动态股票池(停牌/未上市/已退市/当前ST代理过滤)
2026-08-11,688288.SH,,rejected_signal,,9.829703,,0.94636416,,未满足 MA5>MA10>MA20>MA60; 60日趋势强度不足; 20日平均成交额不足
2026-08-11,688289.SH,,rejected_signal,,12.269965,,1.01689398,,20日动量低于门槛; 60日趋势强度不足
2026-08-11,688290.SH,,rejected_signal,,31.550068,,0.95915943,,未满足 MA5>MA10>MA20>MA60; 60日趋势强度不足
2026-08-11,688291.SH,,rejected_signal,,0.0,,0.83040977,,未满足 MA5>MA10>MA20>MA60; 20日动量低于门槛; 60日趋势强度不足
2026-08-11,688292.SH,,rejected_signal,,4.223433,,0.88766229,,未满足 MA5>MA10>MA20>MA60; 60日趋势强度不足
2026-08-11,688293.SH,,rejected_rank,22,55.121624,0.8037383,1.22217309,0.83364487,"信号有效, 但综合排名未进入 Top20"
2026-08-11,688295.SH,,rejected_signal,,2.909662,,0.83327371,,未满足 MA5>MA10>MA20>MA60; 20日动量低于门槛; 60日趋势强度不足
2026-08-11,688296.SH,,rejected_signal,,39.598404,,1.15774524,,20日涨幅过热; 偏离MA20过远，追高风险
2026-08-11,688297.SH,,rejected_signal,,4.889339,,0.96760559,,未满足 MA5>MA10>MA20>MA60; 60日趋势强度不足
2026-08-11,688298.SH,,rejected_signal,,1.470796,,0.97004116,,未满足 MA5>MA10>MA20>MA60; 20日动量低于门槛; 60日趋势强度不足
2026-08-11,688299.SH,,rejected_signal,,1.602089,,0.83557409,,未满足 MA5>MA10>MA20>MA60; 20日动量低于门槛; 60日趋势强度不足
2026-08-11,688300.SH,,rejected_signal,,5.303512,,0.54992187,,未满足 MA5>MA10>MA20>MA60; 20日动量低于门槛; 20日年化波动过高
2026-08-11,688301.SH,,rejected_signal,,6.247391,,0.77703804,,未满足 MA5>MA10>MA20>MA60; 20日动量低于门槛; 60日趋势强度不足
2026-08-11,688302.SH,,rejected_signal,,5.650068,,0.87825167,,未满足 MA5>MA10>MA20>MA60; 20日动量低于门槛; 60日趋势强度不足
2026-08-11,688303.SH,,rejected_signal,,29.020809,,1.03723073,,未满足 MA5>MA10>MA20>MA60; 60日趋势强度不足
2026-08-11,688305.SH,,rejected_signal,,7.880794,,0.87067634,,未满足 MA5>MA10>MA20>MA60; 60日趋势强度不足
2026-08-11,688306.SH,,rejected_signal,,7.842468,,1.00236607,,未满足 MA5>MA10>MA20>MA60; 20日动量低于门槛; 60日趋势强度不足
2026-08-11,688307.SH,,rejected_signal,,0.0,,0.60770816,,未满足 MA5>MA10>MA20>MA60; 20日动量低于门槛; 60日趋势强度不足; 20日年化波动过高
2026-08-11,688308.SH,,rejected_signal,,1.483417,,0.59493488,,未满足 MA5>MA10>MA20>MA60; 20日动量低于门槛; 60日趋势强度不足; 20日年化波动过高
2026-08-11,688309.SH,,rejected_signal,,36.726044,,1.01309073,,未满足 MA5>MA10>MA20>MA60; 60日趋势强度不足
2026-08-11,688310.SH,,rejected_signal,,0.401604,,0.87122798,,未满足 MA5>MA10>MA20>MA60; 60日趋势强度不足
2026-08-11,688311.SH,,rejected_signal,,4.490356,,0.86517137,,未满足 MA5>MA10>MA20>MA60; 20日动量低于门槛; 60日趋势强度不足
2026-08-11,688312.SH,,rejected_signal,,0.0,,0.58638412,,未满足 MA5>MA10>MA20>MA60; 20日动量低于门槛; 60日趋势强度不足; 20日年化波动过高
2026-08-11,688313.SH,,rejected_signal,,0.0,,0.73034686,,未满足 MA5>MA10>MA20>MA60; 20日动量低于门槛; 60日趋势强度不足; 20日年化波动过高
2026-08-11,688314.SH,,rejected_signal,,0.0,,0.92202306,,未满足 MA5>MA10>MA20>MA60; 20日动量低于门槛; 60日趋势强度不足
2026-08-11,688315.SH,,rejected_signal,,38.249878,,0.99839282,,未满足 MA5>MA10>MA20>MA60; 60日趋势强度不足
2026-08-11,688316.SH,,rejected_signal,,3.598542,,0.99712431,,未满足 MA5>MA10>MA20>MA60; 60日趋势强度不足
2026-08-11,688317.SH,,rejected_signal,,17.672543,,0.97180504,,未满足 MA5>MA10>MA20>MA60; 60日趋势强度不足
2026-08-11,688318.SH,,rejected_signal,,34.33297,,1.00074434,,未满足 MA5>MA10>MA20>MA60; 60日趋势强度不足
2026-08-11,688319.SH,,rejected_signal,,1.155554,,0.6206376,,未满足 MA5>MA10>MA20>MA60; 20日动量低于门槛; 60日趋势强度不足; 20日年化波动过高
2026-08-11,688320.SH,,rejected_signal,,6.291774,,0.82703209,,未满足 MA5>MA10>MA20>MA60; 20日动量低于门槛; 60日趋势强度不足
2026-08-11,688321.SH,,rejected_signal,,31.120777,,0.98480171,,未满足 MA5>MA10>MA20>MA60
2026-08-11,688322.SH,,rejected_signal,,12.240242,,0.92326027,,未满足 MA5>MA10>MA20>MA60; 20日动量低于门槛; 20日年化波动过高
2026-08-11,688323.SH,,rejected_signal,,0.241061,,0.61710781,,未满足 MA5>MA10>MA20>MA60; 20日动量低于门槛; 60日趋势强度不足
2026-08-11,688325.SH,,rejected_signal,,7.485311,,0.84449482,,未满足 MA5>MA10>MA20>MA60; 20日动量低于门槛; 60日趋势强度不足
2026-08-11,688326.SH,,rejected_signal,,8.925782,,0.94814056,,未满足 MA5>MA10>MA20>MA60; 60日趋势强度不足
2026-08-11,688327.SH,,rejected_signal,,3.115644,,0.92052716,,未满足 MA5>MA10>MA20>MA60; 20日动量低于门槛; 60日趋势强度不足
2026-08-11,688328.SH,,rejected_signal,,0.66177,,0.8246249,,未满足 MA5>MA10>MA20>MA60; 20日动量低于门槛; 20日年化波动过高
2026-08-11,688329.SH,,rejected_signal,,0.094752,,0.87760389,,未满足 MA5>MA10>MA20>MA60; 20日动量低于门槛; 60日趋势强度不足
2026-08-11,688330.SH,,rejected_signal,,2.479727,,0.96801311,,未满足 MA5>MA10>MA20>MA60; 60日趋势强度不足
2026-08-11,688331.SH,,rejected_signal,,25.590492,,0.91547275,,未满足 MA5>MA10>MA20>MA60; 20日动量低于门槛
2026-08-11,688332.SH,,rejected_signal,,0.96953,,0.73511618,,未满足 MA5>MA10>MA20>MA60; 20日动量低于门槛; 60日趋势强度不足; 20日年化波动过高
2026-08-11,688333.SH,,rejected_signal,,34.107105,,0.89694792,,未满足 MA5>MA10>MA20>MA60; 20日年化波动过高
2026-08-11,688334.SH,,rejected_signal,,3.976905,,0.99696749,,未满足 MA5>MA10>MA20>MA60; 60日趋势强度不足
2026-08-11,688335.SH,,rejected_signal,,6.986143,,0.77797645,,未满足 MA5>MA10>MA20>MA60; 60日趋势强度不足
2026-08-11,688336.SH,,rejected_signal,,17.330704,,0.92235631,,未满足 MA5>MA10>MA20>MA60; 20日动量低于门槛
2026-08-11,688337.SH,,rejected_signal,,0.0,,0.67777461,,未满足 MA5>MA10>MA20>MA60; 20日动量低于门槛; 60日趋势强度不足
2026-08-11,688338.SH,,rejected_signal,,18.780064,,0.98144126,,未满足 MA5>MA10>MA20>MA60; 20日动量低于门槛
2026-08-11,688339.SH,,rejected_signal,,0.918833,,0.89454794,,未满足 MA5>MA10>MA20>MA60; 20日动量低于门槛; 60日趋势强度不足
2026-08-11,688343.SH,,rejected_signal,,0.0,,0.7829262,,未满足 MA5>MA10>MA20>MA60; 收盘价低于MA20; 20日动量低于门槛; 60日趋势强度不足
2026-08-11,688345.SH,,rejected_signal,,21.332697,,0.93244982,,未满足 MA5>MA10>MA20>MA60; 60日趋势强度不足
2026-08-11,688347.SH,,rejected_signal,,2.5241,,0.84664613,,未满足 MA5>MA10>MA20>MA60; 收盘价低于MA20; 20日动量低于门槛; 20日年化波动过高
2026-08-11,688348.SH,,rejected_signal,,7.572027,,0.91433543,,未满足 MA5>MA10>MA20>MA60; 60日趋势强度不足
2026-08-11,688349.SH,,rejected_signal,,19.325928,,1.0375067,,未满足 MA5>MA10>MA20>MA60; 60日趋势强度不足
2026-08-11,688350.SH,,rejected_signal,,0.0,,0.90377319,,未满足 MA5>MA10>MA20>MA60; 20日动量低于门槛; 60日趋势强度不足
2026-08-11,688351.SH,,rejected_signal,,5.474024,,0.90540433,,未满足 MA5>MA10>MA20>MA60; 20日动量低于门槛; 60日趋势强度不足
2026-08-11,688352.SH,,rejected_signal,,0.0,,0.78458351,,未满足 MA5>MA10>MA20>MA60; 20日动量低于门槛; 20日年化波动过高
2026-08-11,688353.SH,,rejected_signal,,14.302814,,0.92214257,,未满足 MA5>MA10>MA20>MA60; 60日趋势强度不足
2026-08-11,688355.SH,,rejected_signal,,0.0,,0.90968364,,未满足 MA5>MA10>MA20>MA60; 20日动量低于门槛; 60日趋势强度不足
2026-08-11,688356.SH,,rejected_signal,,10.142531,,0.86878026,,未满足 MA5>MA10>MA20>MA60; 20日动量低于门槛; 60日趋势强度不足
2026-08-11,688357.SH,,rejected_signal,,10.386156,,0.97177619,,未满足 MA5>MA10>MA20>MA60; 60日趋势强度不足; 20日平均成交额不足
2026-08-11,688358.SH,,rejected_signal,,4.149681,,0.93961215,,未满足 MA5>MA10>MA20>MA60; 20日动量低于门槛; 60日趋势强度不足
2026-08-11,688359.SH,,rejected_signal,,0.0,,0.50979602,,未满足 MA5>MA10>MA20>MA60; 收盘价低于MA20; 20日动量低于门槛; 60日趋势强度不足; 20日年化波动过高
2026-08-11,688360.SH,,rejected_signal,,5.35122,,0.80908227,,未满足 MA5>MA10>MA20>MA60; 60日趋势强度不足
2026-08-11,688361.SH,,rejected_signal,,27.117924,,1.04385638,,未满足 MA5>MA10>MA20>MA60; 20日动量低于门槛; 20日年化波动过高
2026-08-11,688362.SH,,rejected_signal,,11.049394,,0.71244812,,未满足 MA5>MA10>MA20>MA60; 收盘价低于MA20; 20日动量低于门槛; 20日年化波动过高
2026-08-11,688363.SH,,rejected_signal,,35.880779,,1.06671429,,未满足 MA5>MA10>MA20>MA60; 60日趋势强度不足
2026-08-11,688365.SH,,rejected_signal,,13.780472,,0.94730496,,未满足 MA5>MA10>MA20>MA60; 60日趋势强度不足
2026-08-11,688366.SH,,rejected_signal,,6.898573,,1.00895119,,20日动量低于门槛; 60日趋势强度不足; 20日平均成交额不足
2026-08-11,688367.SH,,rejected_signal,,0.0,,0.91838712,,未满足 MA5>MA10>MA20>MA60; 20日动量低于门槛; 60日趋势强度不足
2026-08-11,688368.SH,,rejected_signal,,0.0,,0.61586827,,未满足 MA5>MA10>MA20>MA60; 20日动量低于门槛; 60日趋势强度不足; 20日年化波动过高
2026-08-11,688369.SH,,rejected_signal,,37.455444,,1.04107225,,未满足 MA5>MA10>MA20>MA60; 60日趋势强度不足
2026-08-11,688370.SH,,rejected_signal,,21.315025,,1.00328565,,未满足 MA5>MA10>MA20>MA60; 60日趋势强度不足; 20日平均成交额不足
2026-08-11,688371.SH,,rejected_signal,,1.095875,,0.59932286,,未满足 MA5>MA10>MA20>MA60; 20日动量低于门槛; 60日趋势强度不足; 20日年化波动过高
2026-08-11,688372.SH,,rejected_signal,,3.803987,,0.70299697,,未满足 MA5>MA10>MA20>MA60; 20日动量低于门槛; 60日趋势强度不足; 20日年化波动过高
2026-08-11,688373.SH,,rejected_signal,,14.632651,,0.99879658,,未满足 MA5>MA10>MA20>MA60; 20日动量低于门槛; 60日趋势强度不足
2026-08-11,688375.SH,,rejected_signal,,8.179769,,0.85438257,,未满足 MA5>MA10>MA20>MA60; 20日动量低于门槛; 60日趋势强度不足
2026-08-11,688376.SH,,rejected_signal,,0.0,,0.76014143,,未满足 MA5>MA10>MA20>MA60; 20日动量低于门槛; 60日趋势强度不足
2026-08-11,688377.SH,,rejected_signal,,7.214774,,0.83035356,,未满足 MA5>MA10>MA20>MA60; 20日动量低于门槛; 60日趋势强度不足
2026-08-11,688378.SH,,rejected_signal,,0.0,,0.75174981,,未满足 MA5>MA10>MA20>MA60; 20日动量低于门槛; 60日趋势强度不足
2026-08-11,688379.SH,,rejected_signal,,0.0,,0.64366895,,未满足 MA5>MA10>MA20>MA60; 20日动量低于门槛; 60日趋势强度不足
2026-08-11,688380.SH,,rejected_signal,,0.0,,0.74978483,,未满足 MA5>MA10>MA20>MA60; 20日动量低于门槛; 60日趋势强度不足
2026-08-11,688381.SH,,rejected_signal,,0.0,,0.63889533,,未满足 MA5>MA10>MA20>MA60; 20日动量低于门槛; 60日趋势强度不足; 20日年化波动过高
2026-08-11,688382.SH,,rejected_signal,,5.268316,,0.91778964,,未满足 MA5>MA10>MA20>MA60; 收盘价低于MA20; 20日动量低于门槛; 60日趋势强度不足
2026-08-11,688383.SH,,rejected_signal,,0.0,,0.62129301,,未满足 MA5>MA10>MA20>MA60; 20日动量低于门槛; 60日趋势强度不足; 20日年化波动过高
2026-08-11,688385.SH,,rejected_signal,,5.562808,,0.84440285,,未满足 MA5>MA10>MA20>MA60; 20日动量低于门槛; 60日趋势强度不足
2026-08-11,688386.SH,,rejected_signal,,3.657272,,0.64734727,,未满足 MA5>MA10>MA20>MA60; 收盘价低于MA20; 20日动量低于门槛; 60日趋势强度不足; 20日年化波动过高
2026-08-11,688387.SH,,rejected_signal,,8.550336,,0.79713011,,未满足 MA5>MA10>MA20>MA60; 20日动量低于门槛; 60日趋势强度不足
2026-08-11,688388.SH,,rejected_signal,,0.0,,0.71519893,,未满足 MA5>MA10>MA20>MA60; 20日动量低于门槛; 60日趋势强度不足; 20日年化波动过高
2026-08-11,688389.SH,,rejected_signal,,15.673626,,0.99850756,,未满足 MA5>MA10>MA20>MA60; 60日趋势强度不足; 20日平均成交额不足
2026-08-11,688390.SH,,rejected_signal,,11.571718,,0.64422554,,未满足 MA5>MA10>MA20>MA60; 20日动量低于门槛; 60日趋势强度不足
2026-08-11,688391.SH,,rejected_signal,,0.0,,0.83175957,,未满足 MA5>MA10>MA20>MA60; 20日动量低于门槛; 60日趋势强度不足
2026-08-11,688392.SH,,rejected_signal,,0.502863,,0.68157977,,未满足 MA5>MA10>MA20>MA60; 20日动量低于门槛; 60日趋势强度不足; 20日年化波动过高
2026-08-11,688393.SH,,rejected_signal,,17.257917,,0.97532606,,未满足 MA5>MA10>MA20>MA60; 60日趋势强度不足
2026-08-11,688395.SH,,rejected_signal,,8.922915,,0.93489665,,未满足 MA5>MA10>MA20>MA60; 60日趋势强度不足
2026-08-11,688396.SH,,rejected_signal,,3.205851,,0.7555992,,未满足 MA5>MA10>MA20>MA60; 20日动量低于门槛; 60日趋势强度不足
2026-08-11,688398.SH,,rejected_signal,,1.02466,,0.79598212,,未满足 MA5>MA10>MA20>MA60; 20日动量低于门槛; 60日趋势强度不足
2026-08-11,688399.SH,,rejected_signal,,0.0,,0.8318913,,未满足 MA5>MA10>MA20>MA60; 20日动量低于门槛; 60日趋势强度不足; 20日年化波动过高
2026-08-11,688400.SH,,rejected_signal,,4.914716,,0.79452419,,未满足 MA5>MA10>MA20>MA60; 20日动量低于门槛; 60日趋势强度不足
2026-08-11,688401.SH,,rejected_signal,,2.837152,,0.85449129,,未满足 MA5>MA10>MA20>MA60; 20日动量低于门槛; 60日趋势强度不足; 20日年化波动过高
2026-08-11,688403.SH,,rejected_signal,,4.546041,,0.68763524,,未满足 MA5>MA10>MA20>MA60; 20日动量低于门槛; 20日年化波动过高
2026-08-11,688408.SH,,rejected_signal,,8.081454,,0.91663754,,未满足 MA5>MA10>MA20>MA60; 60日趋势强度不足
2026-08-11,688409.SH,,rejected_signal,,6.616006,,0.7041074,,未满足 MA5>MA10>MA20>MA60; 20日动量低于门槛; 20日年化波动过高
2026-08-11,688410.SH,,rejected_signal,,14.731945,,1.03028214,,未满足 MA5>MA10>MA20>MA60; 20日动量低于门槛; 60日趋势强度不足
2026-08-11,688411.SH,,rejected_signal,,7.475868,,0.87056786,,未满足 MA5>MA10>MA20>MA60; 20日动量低于门槛; 60日趋势强度不足
2026-08-11,688416.SH,,rejected_signal,,0.0,,0.6236825,,未满足 MA5>MA10>MA20>MA60; 20日动量低于门槛; 60日趋势强度不足; 20日年化波动过高
2026-08-11,688418.SH,,rejected_signal,,7.908964,,0.8173759,,未满足 MA5>MA10>MA20>MA60; 20日动量低于门槛; 60日趋势强度不足
2026-08-11,688419.SH,,rejected_signal,,0.0,,0.55811042,,未满足 MA5>MA10>MA20>MA60; 20日动量低于门槛; 60日趋势强度不足; 20日年化波动过高
2026-08-11,688420.SH,,rejected_signal,,13.219893,,0.96549255,,未满足 MA5>MA10>MA20>MA60; 60日趋势强度不足; 20日平均成交额不足
2026-08-11,688425.SH,,rejected_signal,,7.917746,,1.01608264,,未满足 MA5>MA10>MA20>MA60; 60日趋势强度不足
2026-08-11,688426.SH,,rejected_signal,,36.024891,,1.01046002,,未满足 MA5>MA10>MA20>MA60; 60日趋势强度不足; 20日平均成交额不足
2026-08-11,688428.SH,,rejected_signal,,35.179298,,0.96599871,,未满足 MA5>MA10>MA20>MA60
2026-08-11,688429.SH,,rejected_signal,,25.315739,,0.9596945,,未满足 MA5>MA10>MA20>MA60; 60日趋势强度不足; 20日平均成交额不足
2026-08-11,688432.SH,,rejected_signal,,26.600611,,0.82690805,,未满足 MA5>MA10>MA20>MA60; 20日动量低于门槛; 20日年化波动过高
2026-08-11,688433.SH,,rejected_signal,,5.41635,,0.7600199,,未满足 MA5>MA10>MA20>MA60; 60日趋势强度不足; 20日年化波动过高
2026-08-11,688435.SH,,rejected_signal,,10.420361,,0.93612409,,未满足 MA5>MA10>MA20>MA60; 60日趋势强度不足
2026-08-11,688439.SH,,rejected_signal,,6.811305,,0.90032417,,未满足 MA5>MA10>MA20>MA60; 20日动量低于门槛; 60日趋势强度不足
2026-08-11,688443.SH,,rejected_signal,,14.596669,,0.94516408,,未满足 MA5>MA10>MA20>MA60; 60日趋势强度不足
2026-08-11,688448.SH,,rejected_signal,,8.838519,,0.86858052,,未满足 MA5>MA10>MA20>MA60; 60日趋势强度不足
2026-08-11,688449.SH,,rejected_signal,,8.295896,,0.71455622,,未满足 MA5>MA10>MA20>MA60; 20日动量低于门槛; 60日趋势强度不足; 20日年化波动过高
2026-08-11,688450.SH,,rejected_signal,,0.0,,0.67211527,,未满足 MA5>MA10>MA20>MA60; 20日动量低于门槛; 60日趋势强度不足; 20日年化波动过高
2026-08-11,688455.SH,,rejected_signal,,0.0,,0.78236508,,未满足 MA5>MA10>MA20>MA60; 20日动量低于门槛; 60日趋势强度不足; 20日平均成交额不足
2026-08-11,688456.SH,,rejected_signal,,0.0,,0.62808132,,未满足 MA5>MA10>MA20>MA60; 20日动量低于门槛; 60日趋势强度不足; 20日年化波动过高
2026-08-11,688458.SH,,rejected_signal,,0.0,,0.81450504,,未满足 MA5>MA10>MA20>MA60; 20日动量低于门槛; 60日趋势强度不足
2026-08-11,688459.SH,,rejected_signal,,2.730382,,0.9985823,,未满足 MA5>MA10>MA20>MA60; 20日动量低于门槛; 60日趋势强度不足; 20日平均成交额不足
2026-08-11,688466.SH,,rejected_signal,,10.903875,,0.97213995,,未满足 MA5>MA10>MA20>MA60; 60日趋势强度不足; 20日平均成交额不足
2026-08-11,688468.SH,,rejected_signal,,6.628984,,1.00030446,,未满足 MA5>MA10>MA20>MA60; 60日趋势强度不足; 20日平均成交额不足
2026-08-11,688469.SH,,rejected_signal,,22.926037,,0.94817477,,未满足 MA5>MA10>MA20>MA60
2026-08-11,688472.SH,,rejected_signal,,20.587877,,0.95597816,,未满足 MA5>MA10>MA20>MA60; 60日趋势强度不足
2026-08-11,688475.SH,,rejected_signal,,49.512478,,1.10219908,,60日趋势强度不足
2026-08-11,688478.SH,,rejected_signal,,0.068823,,0.62141269,,未满足 MA5>MA10>MA20>MA60; 20日动量低于门槛; 60日趋势强度不足; 20日年化波动过高
2026-08-11,688479.SH,,rejected_signal,,2.129404,,0.95301437,,未满足 MA5>MA10>MA20>MA60; 20日动量低于门槛
2026-08-11,688480.SH,,rejected_signal,,4.674316,,0.87490469,,未满足 MA5>MA10>MA20>MA60; 60日趋势强度不足
2026-08-11,688484.SH,,rejected_signal,,10.067819,,0.80398417,,未满足 MA5>MA10>MA20>MA60; 20日动量低于门槛; 60日趋势强度不足
2026-08-11,688485.SH,,rejected_signal,,26.647615,,0.92307699,,未满足 MA5>MA10>MA20>MA60; 偏离MA20过远，追高风险; 20日年化波动过高
2026-08-11,688486.SH,,rejected_signal,,0.0,,0.85336179,,未满足 MA5>MA10>MA20>MA60; 20日动量低于门槛; 60日趋势强度不足
2026-08-11,688488.SH,,rejected_signal,,33.625011,,0.95813036,,未满足 MA5>MA10>MA20>MA60
2026-08-11,688489.SH,,rejected_signal,,1.167841,,0.95921302,,未满足 MA5>MA10>MA20>MA60; 20日动量低于门槛; 60日趋势强度不足; 20日平均成交额不足
2026-08-11,688496.SH,,rejected_universe,,0.0,,0.90737861,,不在当日动态股票池(停牌/未上市/已退市/当前ST代理过滤)
2026-08-11,688498.SH,,rejected_signal,,10.016495,,0.90445006,,未满足 MA5>MA10>MA20>MA60; 收盘价低于MA20; 20日动量低于门槛; 20日年化波动过高
2026-08-11,688499.SH,,rejected_signal,,2.396735,,0.79393411,,未满足 MA5>MA10>MA20>MA60; 20日动量低于门槛; 60日趋势强度不足
2026-08-11,688500.SH,,rejected_signal,,0.0,,0.74608028,,未满足 MA5>MA10>MA20>MA60; 20日动量低于门槛; 60日趋势强度不足; 20日年化波动过高
2026-08-11,688501.SH,,rejected_signal,,6.562307,,0.92050207,,未满足 MA5>MA10>MA20>MA60; 60日趋势强度不足
2026-08-11,688502.SH,,rejected_signal,,0.0,,0.62503642,,未满足 MA5>MA10>MA20>MA60; 收盘价低于MA20; 20日动量低于门槛; 60日趋势强度不足; 20日年化波动过高
2026-08-11,688503.SH,,rejected_signal,,4.745252,,0.6131047,,未满足 MA5>MA10>MA20>MA60; 20日动量低于门槛; 60日趋势强度不足; 20日年化波动过高
2026-08-11,688505.SH,,rejected_signal,,14.192981,,1.01813745,,20日动量低于门槛; 60日趋势强度不足
2026-08-11,688506.SH,,rejected_signal,,38.301826,,1.04564667,,未满足 MA5>MA10>MA20>MA60; 收盘价低于MA20; 20日动量低于门槛
2026-08-11,688507.SH,,rejected_signal,,13.816971,,0.75286472,,未满足 MA5>MA10>MA20>MA60; 20日动量低于门槛; 20日年化波动过高
2026-08-11,688508.SH,,rejected_signal,,1.625171,,0.78239167,,未满足 MA5>MA10>MA20>MA60; 60日趋势强度不足; 偏离MA20过远，追高风险; 20日年化波动过高
2026-08-11,688509.SH,,rejected_signal,,17.671797,,0.95415384,,未满足 MA5>MA10>MA20>MA60; 60日趋势强度不足; 20日平均成交额不足
2026-08-11,688510.SH,,rejected_signal,,2.307904,,0.88173485,,未满足 MA5>MA10>MA20>MA60; 20日动量低于门槛; 60日趋势强度不足
2026-08-11,688511.SH,,rejected_signal,,0.0,,0.80788779,,未满足 MA5>MA10>MA20>MA60; 20日动量低于门槛; 60日趋势强度不足; 20日年化波动过高
2026-08-11,688512.SH,,rejected_signal,,0.0,,0.89251184,,未满足 MA5>MA10>MA20>MA60; 20日动量低于门槛; 60日趋势强度不足
2026-08-11,688513.SH,,rejected_signal,,9.274101,,0.88206744,,未满足 MA5>MA10>MA20>MA60; 20日动量低于门槛; 60日趋势强度不足
2026-08-11,688515.SH,,rejected_signal,,0.0,,0.66382599,,未满足 MA5>MA10>MA20>MA60; 20日动量低于门槛; 60日趋势强度不足; 20日年化波动过高
2026-08-11,688516.SH,,rejected_signal,,4.1529,,0.7551415,,未满足 MA5>MA10>MA20>MA60; 20日动量低于门槛; 60日趋势强度不足
2026-08-11,688517.SH,,rejected_signal,,1.776007,,0.86650878,,未满足 MA5>MA10>MA20>MA60; 20日动量低于门槛; 60日趋势强度不足
2026-08-11,688518.SH,,rejected_signal,,3.791466,,0.76843423,,未满足 MA5>MA10>MA20>MA60; 20日动量低于门槛; 60日趋势强度不足
2026-08-11,688519.SH,,rejected_signal,,8.391421,,0.79408568,,未满足 MA5>MA10>MA20>MA60; 20日动量低于门槛; 20日年化波动过高
2026-08-11,688520.SH,,rejected_signal,,20.766846,,0.96371645,,未满足 MA5>MA10>MA20>MA60; 60日趋势强度不足
2026-08-11,688521.SH,,rejected_signal,,1.518953,,0.80135471,,未满足 MA5>MA10>MA20>MA60; 收盘价低于MA20; 20日动量低于门槛; 60日趋势强度不足; 20日年化波动过高
2026-08-11,688522.SH,,rejected_signal,,3.99407,,0.95823383,,未满足 MA5>MA10>MA20>MA60; 20日动量低于门槛; 60日趋势强度不足
2026-08-11,688523.SH,,rejected_signal,,6.157932,,0.84388924,,未满足 MA5>MA10>MA20>MA60; 20日动量低于门槛; 60日趋势强度不足
2026-08-11,688525.SH,,rejected_signal,,3.007825,,0.63079739,,未满足 MA5>MA10>MA20>MA60; 20日动量低于门槛; 60日趋势强度不足; 20日年化波动过高
2026-08-11,688526.SH,,rejected_signal,,12.875691,,1.01032984,,20日动量低于门槛; 60日趋势强度不足; 20日平均成交额不足
2026-08-11,688528.SH,,rejected_signal,,12.407912,,0.94482374,,未满足 MA5>MA10>MA20>MA60; 60日趋势强度不足; 20日平均成交额不足
2026-08-11,688529.SH,,rejected_signal,,10.339199,,0.93924969,,未满足 MA5>MA10>MA20>MA60; 60日趋势强度不足
2026-08-11,688530.SH,,rejected_signal,,0.0,,0.62421978,,未满足 MA5>MA10>MA20>MA60; 20日动量低于门槛; 20日年化波动过高
2026-08-11,688531.SH,,rejected_signal,,0.0,,0.73994201,,未满足 MA5>MA10>MA20>MA60; 20日动量低于门槛; 60日趋势强度不足; 20日年化波动过高
2026-08-11,688533.SH,,rejected_signal,,2.197451,,0.95933843,,未满足 MA5>MA10>MA20>MA60; 60日趋势强度不足; 20日平均成交额不足
2026-08-11,688535.SH,,rejected_signal,,0.0,,0.63894665,,未满足 MA5>MA10>MA20>MA60; 收盘价低于MA20; 20日动量低于门槛; 60日趋势强度不足; 20日年化波动过高
2026-08-11,688536.SH,,rejected_signal,,13.617992,,0.76396817,,未满足 MA5>MA10>MA20>MA60; 20日动量低于门槛; 60日趋势强度不足
2026-08-11,688538.SH,,rejected_signal,,3.574387,,1.01811516,,未满足 MA5>MA10>MA20>MA60; 收盘价低于MA20; 20日动量低于门槛; 60日趋势强度不足
2026-08-11,688539.SH,,rejected_signal,,11.344279,,0.83404756,,未满足 MA5>MA10>MA20>MA60; 20日动量低于门槛; 60日趋势强度不足
2026-08-11,688543.SH,,rejected_signal,,19.166931,,0.96836412,,未满足 MA5>MA10>MA20>MA60; 60日趋势强度不足
2026-08-11,688545.SH,,rejected_signal,,0.009483,,0.62672287,,未满足 MA5>MA10>MA20>MA60; 20日动量低于门槛; 60日趋势强度不足; 20日年化波动过高
2026-08-11,688548.SH,,rejected_signal,,10.283408,,0.87883341,,未满足 MA5>MA10>MA20>MA60; 20日动量低于门槛
2026-08-11,688549.SH,,rejected_signal,,25.115225,,0.65630597,,未满足 MA5>MA10>MA20>MA60; 20日动量低于门槛; 偏离MA20过远，追高风险; 20日年化波动过高
2026-08-11,688550.SH,,rejected_signal,,2.836742,,0.77247345,,未满足 MA5>MA10>MA20>MA60; 收盘价低于MA20; 20日动量低于门槛; 60日趋势强度不足
2026-08-11,688551.SH,,rejected_signal,,0.0,,0.62744939,,未满足 MA5>MA10>MA20>MA60; 20日动量低于门槛; 60日趋势强度不足; 20日年化波动过高
2026-08-11,688552.SH,,rejected_signal,,22.361317,,0.9205054,,未满足 MA5>MA10>MA20>MA60; 60日趋势强度不足
2026-08-11,688553.SH,,rejected_signal,,11.063213,,0.92835158,,未满足 MA5>MA10>MA20>MA60; 20日动量低于门槛; 60日趋势强度不足
2026-08-11,688556.SH,,rejected_signal,,1.667497,,0.78487188,,未满足 MA5>MA10>MA20>MA60; 20日动量低于门槛; 60日趋势强度不足
2026-08-11,688557.SH,,rejected_signal,,0.961626,,0.92496729,,未满足 MA5>MA10>MA20>MA60; 20日动量低于门槛; 60日趋势强度不足; 20日平均成交额不足
2026-08-11,688558.SH,,rejected_signal,,4.000736,,0.90345788,,未满足 MA5>MA10>MA20>MA60; 20日动量低于门槛; 60日趋势强度不足
2026-08-11,688559.SH,,rejected_signal,,1.784771,,0.73705751,,未满足 MA5>MA10>MA20>MA60; 20日动量低于门槛; 60日趋势强度不足
2026-08-11,688560.SH,,rejected_signal,,12.412049,,0.91735023,,未满足 MA5>MA10>MA20>MA60; 60日趋势强度不足
2026-08-11,688561.SH,,rejected_signal,,34.732895,,1.0480659,,60日趋势强度不足
2026-08-11,688562.SH,,rejected_signal,,2.047924,,0.93271458,,未满足 MA5>MA10>MA20>MA60; 60日趋势强度不足
2026-08-11,688563.SH,,rejected_signal,,19.502583,,1.03586626,,未满足 MA5>MA10>MA20>MA60; 60日趋势强度不足
2026-08-11,688565.SH,,rejected_signal,,32.202473,,1.02838302,,未满足 MA5>MA10>MA20>MA60; 60日趋势强度不足
2026-08-11,688566.SH,,rejected_signal,,11.133126,,0.98223335,,未满足 MA5>MA10>MA20>MA60; 20日动量低于门槛; 60日趋势强度不足
2026-08-11,688567.SH,,rejected_signal,,17.554008,,0.93928576,,未满足 MA5>MA10>MA20>MA60; 60日趋势强度不足
2026-08-11,688568.SH,,rejected_signal,,5.039257,,0.8838582,,未满足 MA5>MA10>MA20>MA60; 60日趋势强度不足
2026-08-11,688569.SH,,rejected_signal,,0.099188,,0.95246118,,未满足 MA5>MA10>MA20>MA60; 20日动量低于门槛; 60日趋势强度不足; 20日平均成交额不足
2026-08-11,688570.SH,,rejected_signal,,6.343323,,0.97800279,,未满足 MA5>MA10>MA20>MA60; 60日趋势强度不足; 20日平均成交额不足
2026-08-11,688571.SH,,rejected_signal,,18.830202,,0.99308431,,未满足 MA5>MA10>MA20>MA60; 60日趋势强度不足; 偏离MA20过远，追高风险
2026-08-11,688573.SH,,rejected_signal,,7.692915,,0.88347417,,未满足 MA5>MA10>MA20>MA60; 60日趋势强度不足
2026-08-11,688575.SH,,rejected_signal,,6.178516,,0.97878635,,未满足 MA5>MA10>MA20>MA60; 60日趋势强度不足
2026-08-11,688576.SH,,rejected_signal,,3.312328,,0.90743834,,未满足 MA5>MA10>MA20>MA60; 20日动量低于门槛; 60日趋势强度不足; 20日平均成交额不足
2026-08-11,688577.SH,,rejected_signal,,9.90477,,0.81345052,,未满足 MA5>MA10>MA20>MA60; 20日动量低于门槛; 60日趋势强度不足
2026-08-11,688578.SH,,rejected_signal,,44.218849,,1.04398775,,未满足 MA5>MA10>MA20>MA60; 收盘价低于MA20; 20日动量低于门槛
2026-08-11,688579.SH,,rejected_signal,,7.074193,,0.98384696,,未满足 MA5>MA10>MA20>MA60; 60日趋势强度不足
2026-08-11,688580.SH,,rejected_signal,,0.615201,,0.92743218,,未满足 MA5>MA10>MA20>MA60; 收盘价低于MA20; 20日动量低于门槛; 60日趋势强度不足
2026-08-11,688581.SH,,rejected_signal,,6.531593,,0.99366206,,未满足 MA5>MA10>MA20>MA60; 20日动量低于门槛; 60日趋势强度不足; 20日平均成交额不足
2026-08-11,688582.SH,,rejected_signal,,0.810079,,0.80428761,,未满足 MA5>MA10>MA20>MA60; 20日动量低于门槛; 60日趋势强度不足
2026-08-11,688583.SH,,rejected_signal,,6.932865,,0.93695027,,未满足 MA5>MA10>MA20>MA60; 60日趋势强度不足
2026-08-11,688584.SH,,rejected_signal,,2.145396,,0.81649137,,未满足 MA5>MA10>MA20>MA60; 收盘价低于MA20; 20日动量低于门槛
2026-08-11,688585.SH,,rejected_signal,,30.362827,,0.99832886,,未满足 MA5>MA10>MA20>MA60; 偏离MA20过远，追高风险
2026-08-11,688586.SH,,rejected_signal,,5.376145,,0.92706102,,未满足 MA5>MA10>MA20>MA60; 60日趋势强度不足
2026-08-11,688588.SH,,rejected_signal,,22.95149,,1.00644004,,未满足 MA5>MA10>MA20>MA60; 60日趋势强度不足
2026-08-11,688589.SH,,rejected_signal,,0.898472,,0.88375407,,未满足 MA5>MA10>MA20>MA60; 20日动量低于门槛; 60日趋势强度不足
2026-08-11,688590.SH,,rejected_signal,,20.383526,,0.97743171,,未满足 MA5>MA10>MA20>MA60; 60日趋势强度不足
2026-08-11,688591.SH,,rejected_signal,,5.18155,,0.86827171,,未满足 MA5>MA10>MA20>MA60; 20日动量低于门槛; 60日趋势强度不足
2026-08-11,688592.SH,,rejected_signal,,0.0,,0.91746634,,未满足 MA5>MA10>MA20>MA60; 20日动量低于门槛; 60日趋势强度不足; 20日平均成交额不足
2026-08-11,688593.SH,,rejected_signal,,13.059393,,0.88911867,,未满足 MA5>MA10>MA20>MA60; 60日趋势强度不足; 20日年化波动过高
2026-08-11,688595.SH,,rejected_signal,,2.58934,,0.7778185,,未满足 MA5>MA10>MA20>MA60; 20日动量低于门槛; 60日趋势强度不足
2026-08-11,688596.SH,,rejected_signal,,36.756557,,0.84695739,,偏离MA20过远，追高风险; 20日年化波动过高
2026-08-11,688597.SH,,rejected_signal,,9.115116,,0.8973819,,未满足 MA5>MA10>MA20>MA60; 20日动量低于门槛; 60日趋势强度不足
2026-08-11,688598.SH,,rejected_signal,,8.607656,,0.6388545,,未满足 MA5>MA10>MA20>MA60; 20日动量低于门槛; 60日趋势强度不足
2026-08-11,688599.SH,,rejected_signal,,25.91708,,1.0126977,,未满足 MA5>MA10>MA20>MA60; 60日趋势强度不足
2026-08-11,688600.SH,,rejected_signal,,10.06554,,0.812253,,未满足 MA5>MA10>MA20>MA60; 20日动量低于门槛; 60日趋势强度不足
2026-08-11,688601.SH,,rejected_signal,,7.669705,,0.70671213,,未满足 MA5>MA10>MA20>MA60; 20日动量低于门槛; 60日趋势强度不足
2026-08-11,688602.SH,,rejected_signal,,4.79945,,0.92638034,,未满足 MA5>MA10>MA20>MA60; 20日动量低于门槛; 60日趋势强度不足
2026-08-11,688603.SH,,rejected_signal,,0.0,,0.55557287,,未满足 MA5>MA10>MA20>MA60; 20日动量低于门槛; 60日趋势强度不足; 20日年化波动过高
2026-08-11,688605.SH,,rejected_signal,,0.0,,0.79214799,,未满足 MA5>MA10>MA20>MA60; 20日动量低于门槛; 60日趋势强度不足; 20日年化波动过高
2026-08-11,688606.SH,,rejected_signal,,23.880955,,0.99493414,,未满足 MA5>MA10>MA20>MA60; 60日趋势强度不足; 20日平均成交额不足
2026-08-11,688607.SH,,rejected_signal,,1.586603,,0.65571028,,未满足 MA5>MA10>MA20>MA60; 60日趋势强度不足; 偏离MA20过远，追高风险; 20日年化波动过高
2026-08-11,688608.SH,,rejected_signal,,10.157063,,0.97316837,,未满足 MA5>MA10>MA20>MA60; 收盘价低于MA20; 20日动量低于门槛; 60日趋势强度不足
2026-08-11,688609.SH,,rejected_signal,,4.458629,,0.89179957,,未满足 MA5>MA10>MA20>MA60; 20日动量低于门槛; 60日趋势强度不足
2026-08-11,688610.SH,,rejected_signal,,0.667569,,0.59441912,,未满足 MA5>MA10>MA20>MA60; 20日动量低于门槛; 20日年化波动过高
2026-08-11,688611.SH,,rejected_signal,,1.157363,,0.89204443,,未满足 MA5>MA10>MA20>MA60; 20日动量低于门槛; 60日趋势强度不足
2026-08-11,688612.SH,,rejected_signal,,22.34717,,0.94752169,,未满足 MA5>MA10>MA20>MA60
2026-08-11,688613.SH,,rejected_signal,,2.112618,,0.94889349,,未满足 MA5>MA10>MA20>MA60; 60日趋势强度不足
2026-08-11,688615.SH,,rejected_signal,,35.325916,,0.99562967,,未满足 MA5>MA10>MA20>MA60; 60日趋势强度不足
2026-08-11,688616.SH,,rejected_signal,,7.063413,,0.96619976,,未满足 MA5>MA10>MA20>MA60; 60日趋势强度不足; 20日平均成交额不足
2026-08-11,688617.SH,,rejected_signal,,29.11796,,1.05322063,,未满足 MA5>MA10>MA20>MA60; 60日趋势强度不足
2026-08-11,688618.SH,,rejected_signal,,3.429754,,0.85758799,,未满足 MA5>MA10>MA20>MA60; 60日趋势强度不足; 20日年化波动过高
2026-08-11,688619.SH,,rejected_signal,,13.962391,,0.85108638,,未满足 MA5>MA10>MA20>MA60; 60日趋势强度不足
2026-08-11,688620.SH,,rejected_signal,,21.384134,,0.94040531,,未满足 MA5>MA10>MA20>MA60; 20日动量低于门槛
2026-08-11,688621.SH,,rejected_rank,55,46.751991,0.49532712,1.11391342,0.54018694,"信号有效, 但综合排名未进入 Top20"
2026-08-11,688622.SH,,rejected_universe,,16.394524,,1.0324837,,不在当日动态股票池(停牌/未上市/已退市/当前ST代理过滤)
2026-08-11,688623.SH,,rejected_signal,,0.0,,0.91109312,,未满足 MA5>MA10>MA20>MA60; 20日动量低于门槛; 60日趋势强度不足
2026-08-11,688625.SH,,rejected_signal,,0.0,,0.69318205,,未满足 MA5>MA10>MA20>MA60; 收盘价低于MA20; 20日动量低于门槛; 60日趋势强度不足
2026-08-11,688626.SH,,rejected_signal,,0.428568,,0.91816026,,未满足 MA5>MA10>MA20>MA60; 20日动量低于门槛; 60日趋势强度不足
2026-08-11,688627.SH,,rejected_signal,,8.987871,,0.80273128,,未满足 MA5>MA10>MA20>MA60; 收盘价低于MA20; 20日动量低于门槛; 20日年化波动过高
2026-08-11,688628.SH,,rejected_signal,,0.0,,0.72607744,,未满足 MA5>MA10>MA20>MA60; 20日动量低于门槛; 60日趋势强度不足
2026-08-11,688629.SH,,rejected_signal,,4.670427,,0.89172751,,未满足 MA5>MA10>MA20>MA60; 20日动量低于门槛; 20日年化波动过高
2026-08-11,688630.SH,,rejected_signal,,10.186244,,0.80352134,,未满足 MA5>MA10>MA20>MA60; 20日动量低于门槛; 20日年化波动过高
2026-08-11,688631.SH,,rejected_signal,,13.446687,,0.94123572,,未满足 MA5>MA10>MA20>MA60; 60日趋势强度不足
2026-08-11,688633.SH,,rejected_signal,,1.408096,,0.82953995,,未满足 MA5>MA10>MA20>MA60; 20日动量低于门槛; 60日趋势强度不足
2026-08-11,688635.SH,,rejected_signal,,0.0,,0.63861507,,历史数据不足或指标非有限值; 未满足 MA5>MA10>MA20>MA60; 收盘价低于MA20; 20日动量低于门槛; 60日趋势强度不足; 20日年化波动过高
2026-08-11,688636.SH,,rejected_signal,,0.0,,0.55647975,,未满足 MA5>MA10>MA20>MA60; 收盘价低于MA20; 20日动量低于门槛; 60日趋势强度不足; 20日年化波动过高
2026-08-11,688638.SH,,rejected_signal,,19.357323,,0.9840647,,未满足 MA5>MA10>MA20>MA60; 60日趋势强度不足; 20日平均成交额不足
2026-08-11,688639.SH,,rejected_signal,,18.87698,,0.87955356,,未满足 MA5>MA10>MA20>MA60; 60日趋势强度不足
2026-08-11,688646.SH,,rejected_universe,,25.104118,,1.00286829,,不在当日动态股票池(停牌/未上市/已退市/当前ST代理过滤)
2026-08-11,688648.SH,,rejected_signal,,0.799004,,0.88301563,,未满足 MA5>MA10>MA20>MA60; 20日动量低于门槛; 60日趋势强度不足
2026-08-11,688651.SH,,rejected_signal,,6.383518,,0.93650407,,未满足 MA5>MA10>MA20>MA60; 60日趋势强度不足
2026-08-11,688652.SH,,rejected_signal,,1.931503,,0.77693647,,未满足 MA5>MA10>MA20>MA60; 20日动量低于门槛; 60日趋势强度不足; 20日年化波动过高
2026-08-11,688653.SH,,rejected_signal,,0.0,,0.775015,,未满足 MA5>MA10>MA20>MA60; 20日动量低于门槛; 60日趋势强度不足
2026-08-11,688655.SH,,rejected_signal,,0.0,,0.68365097,,未满足 MA5>MA10>MA20>MA60; 20日动量低于门槛; 60日趋势强度不足; 20日年化波动过高
2026-08-11,688656.SH,,rejected_signal,,7.243787,,0.86067855,,未满足 MA5>MA10>MA20>MA60; 20日动量低于门槛; 60日趋势强度不足
2026-08-11,688657.SH,,rejected_signal,,0.0,,0.88858986,,未满足 MA5>MA10>MA20>MA60; 20日动量低于门槛; 60日趋势强度不足
2026-08-11,688658.SH,,rejected_signal,,6.719061,,0.87098289,,未满足 MA5>MA10>MA20>MA60; 20日动量低于门槛; 60日趋势强度不足
2026-08-11,688659.SH,,rejected_signal,,11.895683,,0.93620461,,未满足 MA5>MA10>MA20>MA60; 60日趋势强度不足; 20日平均成交额不足
2026-08-11,688660.SH,,rejected_signal,,24.877674,,0.96805465,,未满足 MA5>MA10>MA20>MA60; 60日趋势强度不足
2026-08-11,688661.SH,,rejected_signal,,0.0,,0.75479454,,未满足 MA5>MA10>MA20>MA60; 20日动量低于门槛; 60日趋势强度不足; 20日年化波动过高
2026-08-11,688662.SH,,rejected_signal,,6.896276,,0.65460342,,未满足 MA5>MA10>MA20>MA60; 20日动量低于门槛; 20日年化波动过高
2026-08-11,688663.SH,,rejected_signal,,5.403759,,0.89953208,,未满足 MA5>MA10>MA20>MA60; 20日动量低于门槛; 60日趋势强度不足; 20日年化波动过高
2026-08-11,688665.SH,,rejected_signal,,1.638901,,0.86541831,,未满足 MA5>MA10>MA20>MA60; 20日动量低于门槛; 60日趋势强度不足
2026-08-11,688667.SH,,rejected_signal,,0.0,,0.76831985,,未满足 MA5>MA10>MA20>MA60; 20日动量低于门槛; 60日趋势强度不足
2026-08-11,688668.SH,,rejected_signal,,0.0,,0.67418826,,未满足 MA5>MA10>MA20>MA60; 20日动量低于门槛; 60日趋势强度不足; 20日年化波动过高
2026-08-11,688669.SH,,rejected_signal,,3.769012,,0.85956067,,未满足 MA5>MA10>MA20>MA60; 20日动量低于门槛; 20日年化波动过高
2026-08-11,688670.SH,,rejected_signal,,0.52029,,0.96065843,,未满足 MA5>MA10>MA20>MA60; 20日动量低于门槛; 60日趋势强度不足; 20日平均成交额不足
2026-08-11,688671.SH,,rejected_signal,,0.0,,0.91959631,,未满足 MA5>MA10>MA20>MA60; 20日动量低于门槛; 60日趋势强度不足
2026-08-11,688676.SH,,rejected_signal,,6.031212,,0.82562065,,未满足 MA5>MA10>MA20>MA60; 20日动量低于门槛; 60日趋势强度不足
2026-08-11,688677.SH,,rejected_signal,,7.066305,,0.65077138,,未满足 MA5>MA10>MA20>MA60; 20日动量低于门槛; 60日趋势强度不足; 20日年化波动过高
2026-08-11,688678.SH,,rejected_signal,,0.0,,0.75995028,,未满足 MA5>MA10>MA20>MA60; 20日动量低于门槛; 60日趋势强度不足; 20日年化波动过高
2026-08-11,688679.SH,,rejected_signal,,7.484046,,0.86104566,,未满足 MA5>MA10>MA20>MA60; 收盘价低于MA20; 60日趋势强度不足; 20日年化波动过高
2026-08-11,688680.SH,,rejected_signal,,0.742914,,0.89237285,,未满足 MA5>MA10>MA20>MA60; 20日动量低于门槛; 60日趋势强度不足
2026-08-11,688681.SH,,rejected_signal,,35.501743,,1.03400636,,未满足 MA5>MA10>MA20>MA60; 60日趋势强度不足
2026-08-11,688682.SH,,rejected_signal,,1.944661,,0.80518812,,未满足 MA5>MA10>MA20>MA60; 20日动量低于门槛; 60日趋势强度不足
2026-08-11,688683.SH,,rejected_signal,,2.698099,,0.78230798,,未满足 MA5>MA10>MA20>MA60; 20日动量低于门槛; 60日趋势强度不足
2026-08-11,688685.SH,,rejected_signal,,0.0,,0.97580802,,未满足 MA5>MA10>MA20>MA60; 20日动量低于门槛; 60日趋势强度不足; 20日年化波动过高
2026-08-11,688686.SH,,rejected_signal,,1.34857,,0.76689118,,未满足 MA5>MA10>MA20>MA60; 20日动量低于门槛; 60日趋势强度不足
2026-08-11,688687.SH,,rejected_signal,,14.018083,,0.99383229,,未满足 MA5>MA10>MA20>MA60; 20日动量低于门槛; 60日趋势强度不足
2026-08-11,688689.SH,,rejected_signal,,1.694566,,0.88462573,,未满足 MA5>MA10>MA20>MA60; 20日动量低于门槛; 60日趋势强度不足; 20日年化波动过高
2026-08-11,688690.SH,,rejected_signal,,31.72344,,0.94352072,,未满足 MA5>MA10>MA20>MA60; 偏离MA20过远，追高风险
2026-08-11,688691.SH,,rejected_signal,,0.0,,0.62193096,,未满足 MA5>MA10>MA20>MA60; 收盘价低于MA20; 20日动量低于门槛; 60日趋势强度不足
2026-08-11,688692.SH,,rejected_signal,,7.682522,,0.97536415,,未满足 MA5>MA10>MA20>MA60; 60日趋势强度不足
2026-08-11,688693.SH,,rejected_signal,,0.0,,0.54056245,,未满足 MA5>MA10>MA20>MA60; 60日趋势强度不足; 偏离MA20过远，追高风险; 20日年化波动过高
2026-08-11,688695.SH,,rejected_signal,,11.777892,,0.9842478,,未满足 MA5>MA10>MA20>MA60; 60日趋势强度不足; 20日平均成交额不足
2026-08-11,688696.SH,,rejected_signal,,24.951511,,0.9593094,,未满足 MA5>MA10>MA20>MA60; 60日趋势强度不足
2026-08-11,688697.SH,,rejected_signal,,31.229548,,0.97846091,,未满足 MA5>MA10>MA20>MA60; 60日趋势强度不足
2026-08-11,688698.SH,,rejected_signal,,9.614909,,0.84932333,,未满足 MA5>MA10>MA20>MA60; 20日动量低于门槛; 60日趋势强度不足
2026-08-11,688699.SH,,rejected_signal,,0.0,,0.76164746,,未满足 MA5>MA10>MA20>MA60; 20日动量低于门槛; 60日趋势强度不足; 20日年化波动过高
2026-08-11,688700.SH,,rejected_signal,,2.472632,,0.66367108,,未满足 MA5>MA10>MA20>MA60; 20日动量低于门槛; 60日趋势强度不足; 20日年化波动过高
2026-08-11,688701.SH,,rejected_signal,,10.618766,,0.9284811,,未满足 MA5>MA10>MA20>MA60; 60日趋势强度不足; 20日平均成交额不足
2026-08-11,688702.SH,,rejected_signal,,36.447975,,1.01650691,,未满足 MA5>MA10>MA20>MA60; 20日年化波动过高
2026-08-11,688707.SH,,rejected_signal,,4.464785,,0.84096664,,未满足 MA5>MA10>MA20>MA60; 60日趋势强度不足
2026-08-11,688708.SH,,rejected_signal,,4.924105,,0.96281594,,未满足 MA5>MA10>MA20>MA60; 收盘价低于MA20; 20日动量低于门槛; 60日趋势强度不足
2026-08-11,688709.SH,,rejected_signal,,0.248299,,0.76949525,,未满足 MA5>MA10>MA20>MA60; 20日动量低于门槛; 60日趋势强度不足
2026-08-11,688710.SH,,rejected_signal,,55.08247,,1.13286591,,偏离MA20过远，追高风险; 20日年化波动过高
2026-08-11,688711.SH,,rejected_signal,,7.845456,,0.6760661,,未满足 MA5>MA10>MA20>MA60; 20日动量低于门槛; 60日趋势强度不足
2026-08-11,688712.SH,,rejected_signal,,6.911588,,0.86462915,,未满足 MA5>MA10>MA20>MA60; 20日动量低于门槛; 60日趋势强度不足
2026-08-11,688716.SH,,rejected_signal,,0.0,,0.86343974,,未满足 MA5>MA10>MA20>MA60; 20日动量低于门槛; 60日趋势强度不足
2026-08-11,688717.SH,,rejected_signal,,15.221752,,0.69017994,,未满足 MA5>MA10>MA20>MA60; 20日动量低于门槛; 60日趋势强度不足
2026-08-11,688718.SH,,rejected_signal,,1.973847,,0.84544492,,未满足 MA5>MA10>MA20>MA60; 20日动量低于门槛; 60日趋势强度不足
2026-08-11,688719.SH,,rejected_signal,,3.094027,,0.64692754,,未满足 MA5>MA10>MA20>MA60; 20日动量低于门槛; 60日趋势强度不足
2026-08-11,688720.SH,,rejected_signal,,0.0,,0.67331541,,未满足 MA5>MA10>MA20>MA60; 20日动量低于门槛; 60日趋势强度不足; 20日年化波动过高
2026-08-11,688721.SH,,rejected_signal,,6.498554,,0.7253828,,未满足 MA5>MA10>MA20>MA60; 20日动量低于门槛; 60日趋势强度不足; 20日年化波动过高
2026-08-11,688722.SH,,rejected_signal,,1.832788,,0.90307909,,未满足 MA5>MA10>MA20>MA60; 20日动量低于门槛; 60日趋势强度不足
2026-08-11,688726.SH,,rejected_signal,,10.217492,,0.82773715,,未满足 MA5>MA10>MA20>MA60; 60日趋势强度不足
2026-08-11,688727.SH,,rejected_signal,,0.0,,0.67342126,,未满足 MA5>MA10>MA20>MA60; 20日动量低于门槛; 60日趋势强度不足; 20日年化波动过高
2026-08-11,688728.SH,,rejected_signal,,3.958923,,0.90395665,,未满足 MA5>MA10>MA20>MA60; 20日动量低于门槛; 20日年化波动过高
2026-08-11,688729.SH,,rejected_signal,,0.398581,,0.73530656,,未满足 MA5>MA10>MA20>MA60; 20日动量低于门槛; 60日趋势强度不足; 20日年化波动过高
2026-08-11,688733.SH,,rejected_signal,,0.0,,0.74458826,,未满足 MA5>MA10>MA20>MA60; 20日动量低于门槛; 60日趋势强度不足
2026-08-11,688737.SH,,rejected_signal,,9.124944,,0.81996679,,未满足 MA5>MA10>MA20>MA60; 60日趋势强度不足; 20日平均成交额不足
2026-08-11,688739.SH,,rejected_signal,,13.008925,,0.99364853,,未满足 MA5>MA10>MA20>MA60; 60日趋势强度不足
2026-08-11,688750.SH,,rejected_signal,,4.533797,,0.9092077,,未满足 MA5>MA10>MA20>MA60; 20日动量低于门槛; 60日趋势强度不足
2026-08-11,688755.SH,,rejected_signal,,21.878517,,0.94923675,,未满足 MA5>MA10>MA20>MA60; 60日趋势强度不足
2026-08-11,688757.SH,,rejected_signal,,0.0,,0.6241399,,未满足 MA5>MA10>MA20>MA60; 20日动量低于门槛; 60日趋势强度不足
2026-08-11,688758.SH,,selected_signal,17,56.986904,0.85046726,1.23934102,0.87289715,quality_momentum 横截面排名进入 Top20
2026-08-11,688759.SH,,rejected_signal,,4.940495,,0.65135276,,未满足 MA5>MA10>MA20>MA60; 收盘价低于MA20; 20日动量低于门槛; 60日趋势强度不足; 20日年化波动过高
2026-08-11,688765.SH,,rejected_signal,,1.77474,,0.69418198,,未满足 MA5>MA10>MA20>MA60; 收盘价低于MA20; 20日动量低于门槛; 60日趋势强度不足; 20日年化波动过高
2026-08-11,688766.SH,,rejected_signal,,2.45791,,0.62334239,,未满足 MA5>MA10>MA20>MA60; 收盘价低于MA20; 20日动量低于门槛; 60日趋势强度不足; 20日年化波动过高
2026-08-11,688767.SH,,rejected_signal,,18.444235,,1.03616714,,未满足 MA5>MA10>MA20>MA60; 60日趋势强度不足
2026-08-11,688768.SH,,rejected_signal,,6.978684,,0.95943755,,未满足 MA5>MA10>MA20>MA60; 60日趋势强度不足
2026-08-11,688772.SH,,rejected_signal,,2.864396,,0.88481742,,未满足 MA5>MA10>MA20>MA60; 收盘价低于MA20; 20日动量低于门槛; 60日趋势强度不足
2026-08-11,688775.SH,,rejected_signal,,16.883287,,0.91511524,,未满足 MA5>MA10>MA20>MA60; 60日趋势强度不足
2026-08-11,688776.SH,,rejected_signal,,4.387521,,0.87055403,,未满足 MA5>MA10>MA20>MA60; 20日动量低于门槛; 60日趋势强度不足
2026-08-11,688777.SH,,rejected_signal,,20.88204,,1.00723064,,未满足 MA5>MA10>MA20>MA60; 20日动量低于门槛
2026-08-11,688778.SH,,rejected_signal,,6.264339,,0.85587656,,未满足 MA5>MA10>MA20>MA60; 60日趋势强度不足
2026-08-11,688779.SH,,rejected_signal,,16.509521,,0.95730948,,未满足 MA5>MA10>MA20>MA60; 60日趋势强度不足
2026-08-11,688781.SH,,rejected_signal,,0.0,,0.83050811,,未满足 MA5>MA10>MA20>MA60; 20日动量低于门槛; 60日趋势强度不足
2026-08-11,688783.SH,,rejected_signal,,0.0,,0.56302023,,未满足 MA5>MA10>MA20>MA60; 收盘价低于MA20; 20日动量低于门槛; 60日趋势强度不足; 20日年化波动过高
2026-08-11,688785.SH,,rejected_signal,,0.0,,0.61098802,,未满足 MA5>MA10>MA20>MA60; 20日动量低于门槛; 60日趋势强度不足
2026-08-11,688786.SH,,rejected_signal,,2.174522,,0.68577337,,未满足 MA5>MA10>MA20>MA60; 20日动量低于门槛; 60日趋势强度不足
2026-08-11,688787.SH,,rejected_signal,,0.731564,,0.83286941,,未满足 MA5>MA10>MA20>MA60; 20日动量低于门槛; 60日趋势强度不足
2026-08-11,688788.SH,,rejected_signal,,0.0,,0.81881505,,未满足 MA5>MA10>MA20>MA60; 20日动量低于门槛; 60日趋势强度不足
2026-08-11,688789.SH,,rejected_signal,,13.482017,,0.94380349,,未满足 MA5>MA10>MA20>MA60; 20日动量低于门槛; 60日趋势强度不足
2026-08-11,688790.SH,,rejected_signal,,0.60919,,0.79545701,,未满足 MA5>MA10>MA20>MA60; 20日动量低于门槛; 60日趋势强度不足
2026-08-11,688793.SH,,rejected_signal,,26.924397,,0.99772054,,未满足 MA5>MA10>MA20>MA60; 60日趋势强度不足
2026-08-11,688795.SH,,rejected_signal,,4.353713,,0.89616191,,未满足 MA5>MA10>MA20>MA60; 收盘价低于MA20; 20日动量低于门槛; 60日趋势强度不足
2026-08-11,688796.SH,,rejected_signal,,57.706104,,1.08348703,,未满足 MA5>MA10>MA20>MA60; 20日年化波动过高
2026-08-11,688797.SH,,rejected_signal,,0.0,,1.23915911,,历史数据不足或指标非有限值; 未满足 MA5>MA10>MA20>MA60; 20日动量低于门槛; 60日趋势强度不足; 20日年化波动过高
2026-08-11,688798.SH,,rejected_signal,,3.705194,,0.83969361,,未满足 MA5>MA10>MA20>MA60; 收盘价低于MA20; 20日动量低于门槛; 60日趋势强度不足
2026-08-11,688799.SH,,rejected_signal,,6.567886,,0.90765852,,未满足 MA5>MA10>MA20>MA60; 20日动量低于门槛; 60日趋势强度不足
2026-08-11,688800.SH,,rejected_signal,,0.0,,0.59769881,,未满足 MA5>MA10>MA20>MA60; 收盘价低于MA20; 20日动量低于门槛; 60日趋势强度不足
2026-08-11,688802.SH,,rejected_signal,,1.860939,,0.91225475,,未满足 MA5>MA10>MA20>MA60; 收盘价低于MA20; 20日动量低于门槛; 60日趋势强度不足
2026-08-11,688805.SH,,rejected_signal,,10.888768,,0.87769943,,未满足 MA5>MA10>MA20>MA60; 20日动量低于门槛; 60日趋势强度不足
2026-08-11,688806.SH,,rejected_signal,,0.0,,3.64842701,,历史数据不足或指标非有限值; 未满足 MA5>MA10>MA20>MA60; 收盘价低于MA20; 20日动量低于门槛; 20日涨幅过热; 60日趋势强度不足; 偏离MA20过远，追高风险; 20日年化波动过高; 20日平均成交额不足
2026-08-11,688807.SH,,rejected_signal,,5.736601,,0.61975056,,未满足 MA5>MA10>MA20>MA60; 20日动量低于门槛; 60日趋势强度不足; 20日年化波动过高
2026-08-11,688808.SH,,rejected_signal,,20.522333,,0.95617557,,未满足 MA5>MA10>MA20>MA60; 20日动量低于门槛; 20日年化波动过高
2026-08-11,688809.SH,,rejected_signal,,1.009815,,0.86700565,,未满足 MA5>MA10>MA20>MA60; 20日动量低于门槛; 60日趋势强度不足; 20日年化波动过高
2026-08-11,688811.SH,,rejected_signal,,1.020991,,0.80112439,,未满足 MA5>MA10>MA20>MA60; 20日动量低于门槛; 60日趋势强度不足
2026-08-11,688813.SH,,rejected_signal,,0.0,,0.60558194,,未满足 MA5>MA10>MA20>MA60; 收盘价低于MA20; 20日动量低于门槛; 60日趋势强度不足; 20日年化波动过高
2026-08-11,688816.SH,,rejected_signal,,0.0,,0.87175322,,未满足 MA5>MA10>MA20>MA60; 20日动量低于门槛; 60日趋势强度不足; 20日平均成交额不足
2026-08-11,688818.SH,,rejected_signal,,6.779014,,0.76049918,,未满足 MA5>MA10>MA20>MA60; 收盘价低于MA20; 20日动量低于门槛; 60日趋势强度不足
2026-08-11,688819.SH,,rejected_signal,,7.778884,,0.98991287,,未满足 MA5>MA10>MA20>MA60; 60日趋势强度不足
2026-08-11,688820.SH,,rejected_signal,,1.202074,,0.71165818,,未满足 MA5>MA10>MA20>MA60; 收盘价低于MA20; 20日动量低于门槛; 60日趋势强度不足; 20日年化波动过高
2026-08-11,688825.SH,,rejected_signal,,0.0,,4.91261053,,历史数据不足或指标非有限值; 未满足 MA5>MA10>MA20>MA60; 收盘价低于MA20; 20日动量低于门槛; 20日涨幅过热; 60日趋势强度不足; 偏离MA20过远，追高风险; 20日年化波动过高; 20日平均成交额不足
2026-08-11,688828.SH,,rejected_signal,,0.0,,1.0,,历史数据不足或指标非有限值; 未满足 MA5>MA10>MA20>MA60; 收盘价低于MA20; 20日动量低于门槛; 20日涨幅过热; 60日趋势强度不足; 偏离MA20过远，追高风险; 20日年化波动过高; 当日跳空幅度过大; 20日平均成交额不足
2026-08-11,688981.SH,,rejected_signal,,4.024479,,0.86073261,,未满足 MA5>MA10>MA20>MA60; 收盘价低于MA20; 20日动量低于门槛
2026-08-11,689009.SH,,rejected_rank,51,47.965542,0.53271025,1.11240244,0.56448597,"信号有效, 但综合排名未进入 Top20"
2026-08-11,920000.BJ,,rejected_signal,,32.915485,,1.09404624,,60日趋势强度不足; 20日年化波动过高
2026-08-11,920001.BJ,,rejected_signal,,0.0,,0.8217386,,未满足 MA5>MA10>MA20>MA60; 20日动量低于门槛; 60日趋势强度不足; 20日平均成交额不足
2026-08-11,920002.BJ,,rejected_signal,,12.916308,,0.95117408,,未满足 MA5>MA10>MA20>MA60; 60日趋势强度不足
2026-08-11,920003.BJ,,rejected_signal,,0.0,,0.91558015,,未满足 MA5>MA10>MA20>MA60; 20日动量低于门槛; 60日趋势强度不足; 20日平均成交额不足
2026-08-11,920005.BJ,,rejected_signal,,3.694957,,0.88872218,,未满足 MA5>MA10>MA20>MA60; 20日动量低于门槛; 60日趋势强度不足; 20日平均成交额不足
2026-08-11,920006.BJ,,rejected_signal,,40.169163,,1.00745678,,未满足 MA5>MA10>MA20>MA60; 60日趋势强度不足
2026-08-11,920007.BJ,,rejected_signal,,5.722691,,0.9101848,,未满足 MA5>MA10>MA20>MA60; 60日趋势强度不足; 20日平均成交额不足
2026-08-11,920008.BJ,,rejected_signal,,0.605137,,0.9446615,,未满足 MA5>MA10>MA20>MA60; 20日动量低于门槛; 60日趋势强度不足; 20日平均成交额不足
2026-08-11,920009.BJ,,rejected_signal,,8.865153,,0.95373517,,未满足 MA5>MA10>MA20>MA60; 20日动量低于门槛; 60日趋势强度不足; 20日平均成交额不足
2026-08-11,920010.BJ,,rejected_signal,,10.048628,,0.93134284,,未满足 MA5>MA10>MA20>MA60; 20日动量低于门槛; 60日趋势强度不足
2026-08-11,920011.BJ,,rejected_signal,,9.719456,,0.85939813,,未满足 MA5>MA10>MA20>MA60; 20日动量低于门槛; 60日趋势强度不足; 20日平均成交额不足
2026-08-11,920012.BJ,,rejected_signal,,0.0,,0.73077554,,未满足 MA5>MA10>MA20>MA60; 20日动量低于门槛; 60日趋势强度不足
2026-08-11,920014.BJ,,rejected_signal,,5.775483,,0.9747259,,未满足 MA5>MA10>MA20>MA60; 收盘价低于MA20; 20日动量低于门槛; 60日趋势强度不足
2026-08-11,920015.BJ,,rejected_signal,,0.0,,0.84891516,,未满足 MA5>MA10>MA20>MA60; 收盘价低于MA20; 20日动量低于门槛; 60日趋势强度不足; 20日年化波动过高
2026-08-11,920016.BJ,,rejected_signal,,15.538897,,0.95441055,,未满足 MA5>MA10>MA20>MA60; 60日趋势强度不足; 20日平均成交额不足
2026-08-11,920017.BJ,,rejected_rank,103,28.048807,0.04672897,1.03395665,0.06168224,"信号有效, 但综合排名未进入 Top20"
2026-08-11,920018.BJ,,rejected_signal,,25.104099,,1.0386107,,未满足 MA5>MA10>MA20>MA60; 60日趋势强度不足; 20日年化波动过高
2026-08-11,920019.BJ,,rejected_signal,,1.211526,,0.86495489,,未满足 MA5>MA10>MA20>MA60; 20日动量低于门槛; 60日趋势强度不足
2026-08-11,920020.BJ,,rejected_signal,,3.408034,,1.02940845,,未满足 MA5>MA10>MA20>MA60; 收盘价低于MA20; 20日动量低于门槛; 60日趋势强度不足; 20日平均成交额不足
2026-08-11,920021.BJ,,rejected_signal,,3.292505,,0.98083454,,未满足 MA5>MA10>MA20>MA60; 60日趋势强度不足
2026-08-11,920022.BJ,,rejected_signal,,1.928426,,0.9027614,,未满足 MA5>MA10>MA20>MA60; 20日动量低于门槛; 60日趋势强度不足; 20日平均成交额不足
2026-08-11,920023.BJ,,rejected_universe,,18.912603,,0.94513655,,不在当日动态股票池(停牌/未上市/已退市/当前ST代理过滤)
2026-08-11,920026.BJ,,rejected_signal,,0.0,,0.81537122,,未满足 MA5>MA10>MA20>MA60; 20日动量低于门槛; 60日趋势强度不足; 20日平均成交额不足
2026-08-11,920027.BJ,,rejected_signal,,11.247929,,0.96965688,,未满足 MA5>MA10>MA20>MA60; 60日趋势强度不足; 20日平均成交额不足
2026-08-11,920028.BJ,,rejected_signal,,4.17563,,0.82662237,,未满足 MA5>MA10>MA20>MA60; 收盘价低于MA20; 20日动量低于门槛; 60日趋势强度不足; 20日平均成交额不足
2026-08-11,920029.BJ,,rejected_signal,,21.602911,,0.93961442,,未满足 MA5>MA10>MA20>MA60; 60日趋势强度不足
2026-08-11,920030.BJ,,rejected_signal,,2.166011,,0.95531142,,未满足 MA5>MA10>MA20>MA60; 20日动量低于门槛; 60日趋势强度不足; 20日平均成交额不足
2026-08-11,920033.BJ,,rejected_signal,,1.100005,,0.92561436,,未满足 MA5>MA10>MA20>MA60; 60日趋势强度不足; 20日平均成交额不足
2026-08-11,920035.BJ,,rejected_signal,,1.642596,,0.88770092,,未满足 MA5>MA10>MA20>MA60; 收盘价低于MA20; 20日动量低于门槛; 60日趋势强度不足; 20日平均成交额不足
2026-08-11,920036.BJ,,rejected_signal,,0.0,,0.86784482,,未满足 MA5>MA10>MA20>MA60; 20日动量低于门槛; 60日趋势强度不足; 20日平均成交额不足
2026-08-11,920037.BJ,,rejected_signal,,18.758015,,0.95774555,,未满足 MA5>MA10>MA20>MA60; 60日趋势强度不足
2026-08-11,920038.BJ,,rejected_signal,,0.0,,1.0,,历史数据不足或指标非有限值; 未满足 MA5>MA10>MA20>MA60; 收盘价低于MA20; 20日动量低于门槛; 20日涨幅过热; 60日趋势强度不足; 偏离MA20过远，追高风险; 20日年化波动过高; 20日平均成交额不足
2026-08-11,920039.BJ,,rejected_signal,,13.543865,,1.01658022,,未满足 MA5>MA10>MA20>MA60; 60日趋势强度不足; 20日平均成交额不足
2026-08-11,920045.BJ,,rejected_signal,,0.0,,0.76630288,,未满足 MA5>MA10>MA20>MA60; 20日动量低于门槛; 60日趋势强度不足; 20日年化波动过高
2026-08-11,920046.BJ,,rejected_signal,,19.617172,,0.92259961,,未满足 MA5>MA10>MA20>MA60; 60日趋势强度不足; 20日年化波动过高
2026-08-11,920047.BJ,,rejected_signal,,3.291755,,0.8027221,,未满足 MA5>MA10>MA20>MA60; 20日动量低于门槛; 60日趋势强度不足
2026-08-11,920050.BJ,,rejected_signal,,20.921108,,0.9945575,,未满足 MA5>MA10>MA20>MA60; 60日趋势强度不足; 20日平均成交额不足
2026-08-11,920055.BJ,,rejected_signal,,0.210435,,0.94171953,,未满足 MA5>MA10>MA20>MA60; 20日动量低于门槛; 60日趋势强度不足; 20日平均成交额不足
2026-08-11,920056.BJ,,rejected_signal,,0.0,,0.89070147,,未满足 MA5>MA10>MA20>MA60; 20日动量低于门槛; 60日趋势强度不足; 20日平均成交额不足
2026-08-11,920057.BJ,,rejected_signal,,5.6068,,0.97632575,,未满足 MA5>MA10>MA20>MA60; 60日趋势强度不足; 20日平均成交额不足
2026-08-11,920058.BJ,,rejected_signal,,29.605076,,1.32163894,,20日涨幅过热; 60日趋势强度不足
2026-08-11,920060.BJ,,rejected_signal,,0.202501,,0.81852722,,未满足 MA5>MA10>MA20>MA60; 20日动量低于门槛; 60日趋势强度不足
2026-08-11,920061.BJ,,rejected_signal,,7.70343,,0.80767471,,未满足 MA5>MA10>MA20>MA60; 60日趋势强度不足; 20日平均成交额不足
2026-08-11,920062.BJ,,rejected_signal,,2.074573,,0.84372437,,未满足 MA5>MA10>MA20>MA60; 20日动量低于门槛; 60日趋势强度不足; 20日平均成交额不足
2026-08-11,920065.BJ,,rejected_signal,,0.0,,5.45182562,,历史数据不足或指标非有限值; 未满足 MA5>MA10>MA20>MA60; 收盘价低于MA20; 20日动量低于门槛; 20日涨幅过热; 60日趋势强度不足; 偏离MA20过远，追高风险; 20日年化波动过高; 20日平均成交额不足
2026-08-11,920066.BJ,,rejected_signal,,0.082369,,0.84953696,,未满足 MA5>MA10>MA20>MA60; 20日动量低于门槛; 60日趋势强度不足; 20日平均成交额不足
2026-08-11,920068.BJ,,rejected_signal,,0.0,,0.86876029,,未满足 MA5>MA10>MA20>MA60; 20日动量低于门槛; 60日趋势强度不足; 20日平均成交额不足
2026-08-11,920069.BJ,,rejected_signal,,3.355379,,0.9513821,,未满足 MA5>MA10>MA20>MA60; 20日动量低于门槛; 60日趋势强度不足; 20日平均成交额不足
2026-08-11,920072.BJ,,rejected_signal,,0.0,,1.73211622,,历史数据不足或指标非有限值; 未满足 MA5>MA10>MA20>MA60; 20日动量低于门槛; 60日趋势强度不足
2026-08-11,920075.BJ,,rejected_signal,,8.472878,,0.9557035,,未满足 MA5>MA10>MA20>MA60; 60日趋势强度不足; 20日平均成交额不足
2026-08-11,920076.BJ,,rejected_signal,,0.617905,,0.95429534,,未满足 MA5>MA10>MA20>MA60; 20日动量低于门槛; 60日趋势强度不足; 20日平均成交额不足
2026-08-11,920077.BJ,,rejected_signal,,2.082728,,0.87113684,,未满足 MA5>MA10>MA20>MA60; 20日动量低于门槛; 60日趋势强度不足
2026-08-11,920078.BJ,,rejected_signal,,1.210028,,0.68799567,,未满足 MA5>MA10>MA20>MA60; 收盘价低于MA20; 20日动量低于门槛; 60日趋势强度不足
2026-08-11,920079.BJ,,rejected_signal,,0.0,,3.75429273,,历史数据不足或指标非有限值; 未满足 MA5>MA10>MA20>MA60; 收盘价低于MA20; 20日动量低于门槛; 20日涨幅过热; 60日趋势强度不足; 偏离MA20过远，追高风险; 20日年化波动过高; 20日平均成交额不足
2026-08-11,920080.BJ,,rejected_signal,,0.0,,0.95172954,,未满足 MA5>MA10>MA20>MA60; 20日动量低于门槛; 60日趋势强度不足; 20日平均成交额不足
2026-08-11,920081.BJ,,rejected_signal,,0.0,,2.58008552,,历史数据不足或指标非有限值; 未满足 MA5>MA10>MA20>MA60; 收盘价低于MA20; 20日动量低于门槛; 60日趋势强度不足
2026-08-11,920082.BJ,,rejected_signal,,9.15736,,0.96987265,,未满足 MA5>MA10>MA20>MA60; 60日趋势强度不足; 20日平均成交额不足
2026-08-11,920083.BJ,,rejected_signal,,0.0,,1.05860424,,历史数据不足或指标非有限值; 未满足 MA5>MA10>MA20>MA60; 收盘价低于MA20; 20日动量低于门槛; 60日趋势强度不足
2026-08-11,920086.BJ,,rejected_signal,,1.59166,,0.87394017,,未满足 MA5>MA10>MA20>MA60; 20日动量低于门槛; 60日趋势强度不足; 20日平均成交额不足
2026-08-11,920087.BJ,,rejected_signal,,31.011316,,0.90208542,,未满足 MA5>MA10>MA20>MA60; 60日趋势强度不足
2026-08-11,920088.BJ,,rejected_signal,,39.086796,,1.13313544,,未满足 MA5>MA10>MA20>MA60; 20日动量低于门槛; 20日年化波动过高
2026-08-11,920089.BJ,,rejected_signal,,9.207582,,0.94859028,,未满足 MA5>MA10>MA20>MA60; 60日趋势强度不足; 20日平均成交额不足
2026-08-11,920090.BJ,,rejected_universe,,21.821953,,0.98459339,,不在当日动态股票池(停牌/未上市/已退市/当前ST代理过滤)
2026-08-11,920091.BJ,,rejected_signal,,0.0,,0.80876374,,未满足 MA5>MA10>MA20>MA60; 20日动量低于门槛; 60日趋势强度不足; 20日平均成交额不足
2026-08-11,920092.BJ,,rejected_signal,,18.887108,,1.09249079,,未满足 MA5>MA10>MA20>MA60; 20日涨幅过热; 60日趋势强度不足; 偏离MA20过远，追高风险; 20日年化波动过高
2026-08-11,920096.BJ,,rejected_signal,,0.152612,,0.67585105,,未满足 MA5>MA10>MA20>MA60; 20日动量低于门槛; 60日趋势强度不足
2026-08-11,920098.BJ,,rejected_signal,,2.559013,,0.87367219,,未满足 MA5>MA10>MA20>MA60; 60日趋势强度不足; 20日平均成交额不足
2026-08-11,920099.BJ,,rejected_signal,,0.207645,,0.84544635,,未满足 MA5>MA10>MA20>MA60; 收盘价低于MA20; 20日动量低于门槛; 60日趋势强度不足; 20日平均成交额不足
2026-08-11,920100.BJ,,rejected_signal,,7.927804,,0.84724331,,未满足 MA5>MA10>MA20>MA60; 20日动量低于门槛; 60日趋势强度不足
2026-08-11,920101.BJ,,rejected_signal,,2.175176,,0.88894838,,未满足 MA5>MA10>MA20>MA60; 60日趋势强度不足; 20日平均成交额不足
2026-08-11,920106.BJ,,rejected_signal,,6.933383,,0.89573526,,未满足 MA5>MA10>MA20>MA60; 60日趋势强度不足; 20日平均成交额不足
2026-08-11,920108.BJ,,rejected_signal,,2.047139,,0.9307605,,未满足 MA5>MA10>MA20>MA60; 60日趋势强度不足; 20日平均成交额不足
2026-08-11,920110.BJ,,rejected_signal,,13.85146,,0.99161738,,未满足 MA5>MA10>MA20>MA60; 60日趋势强度不足; 20日平均成交额不足
2026-08-11,920111.BJ,,rejected_signal,,2.085438,,0.85832959,,未满足 MA5>MA10>MA20>MA60; 20日动量低于门槛; 60日趋势强度不足
2026-08-11,920112.BJ,,rejected_signal,,15.711578,,0.92198205,,未满足 MA5>MA10>MA20>MA60; 60日趋势强度不足; 20日平均成交额不足
2026-08-11,920116.BJ,,rejected_signal,,6.065267,,0.81175584,,未满足 MA5>MA10>MA20>MA60; 20日动量低于门槛; 60日趋势强度不足
2026-08-11,920117.BJ,,rejected_signal,,0.0,,3.3924973,,历史数据不足或指标非有限值; 未满足 MA5>MA10>MA20>MA60; 收盘价低于MA20; 20日动量低于门槛; 20日涨幅过热; 60日趋势强度不足; 偏离MA20过远，追高风险; 20日年化波动过高; 20日平均成交额不足
2026-08-11,920118.BJ,,rejected_signal,,28.268412,,1.01520717,,未满足 MA5>MA10>MA20>MA60; 60日趋势强度不足; 20日平均成交额不足
2026-08-11,920119.BJ,,rejected_signal,,4.17588,,0.90026182,,未满足 MA5>MA10>MA20>MA60; 60日趋势强度不足; 20日平均成交额不足
2026-08-11,920121.BJ,,rejected_signal,,0.0,,0.91075498,,未满足 MA5>MA10>MA20>MA60; 20日动量低于门槛; 60日趋势强度不足; 20日平均成交额不足
2026-08-11,920122.BJ,,rejected_signal,,1.478481,,0.96149576,,未满足 MA5>MA10>MA20>MA60; 20日动量低于门槛; 60日趋势强度不足; 20日平均成交额不足
2026-08-11,920123.BJ,,rejected_signal,,26.980444,,1.02039814,,未满足 MA5>MA10>MA20>MA60; 60日趋势强度不足; 20日平均成交额不足
2026-08-11,920124.BJ,,rejected_signal,,3.434574,,0.92387497,,未满足 MA5>MA10>MA20>MA60; 20日动量低于门槛; 60日趋势强度不足; 20日平均成交额不足
2026-08-11,920125.BJ,,rejected_signal,,0.0,,0.71837425,,未满足 MA5>MA10>MA20>MA60; 20日动量低于门槛; 60日趋势强度不足; 20日年化波动过高
2026-08-11,920126.BJ,,rejected_signal,,0.0,,1.29322314,,历史数据不足或指标非有限值; 未满足 MA5>MA10>MA20>MA60; 20日动量低于门槛; 60日趋势强度不足
2026-08-11,920128.BJ,,rejected_signal,,8.41916,,0.78659993,,未满足 MA5>MA10>MA20>MA60; 20日动量低于门槛; 60日趋势强度不足; 20日平均成交额不足
2026-08-11,920130.BJ,,rejected_signal,,27.214527,,1.35344028,,20日涨幅过热; 偏离MA20过远，追高风险; 20日年化波动过高
2026-08-11,920132.BJ,,rejected_signal,,17.279757,,0.99218082,,未满足 MA5>MA10>MA20>MA60; 60日趋势强度不足; 20日平均成交额不足
2026-08-11,920136.BJ,,rejected_signal,,0.0,,2.40569401,,历史数据不足或指标非有限值; 未满足 MA5>MA10>MA20>MA60; 20日动量低于门槛; 60日趋势强度不足
2026-08-11,920139.BJ,,rejected_signal,,0.065943,,0.88715637,,未满足 MA5>MA10>MA20>MA60; 20日动量低于门槛; 60日趋势强度不足
2026-08-11,920145.BJ,,rejected_signal,,6.536763,,0.90328419,,未满足 MA5>MA10>MA20>MA60; 60日趋势强度不足; 20日平均成交额不足
2026-08-11,920146.BJ,,rejected_signal,,4.353273,,0.93479389,,未满足 MA5>MA10>MA20>MA60; 20日动量低于门槛; 60日趋势强度不足; 20日平均成交额不足
2026-08-11,920149.BJ,,rejected_signal,,7.933077,,0.97459477,,未满足 MA5>MA10>MA20>MA60; 60日趋势强度不足; 20日平均成交额不足
2026-08-11,920152.BJ,,rejected_signal,,0.0,,0.8316561,,未满足 MA5>MA10>MA20>MA60; 20日动量低于门槛; 60日趋势强度不足; 20日平均成交额不足
2026-08-11,920156.BJ,,rejected_signal,,0.464871,,0.783849,,未满足 MA5>MA10>MA20>MA60; 收盘价低于MA20; 20日动量低于门槛; 60日趋势强度不足
2026-08-11,920158.BJ,,rejected_signal,,0.0,,0.91159993,,未满足 MA5>MA10>MA20>MA60; 20日动量低于门槛; 60日趋势强度不足; 20日平均成交额不足
2026-08-11,920159.BJ,,rejected_signal,,9.523879,,0.91261834,,未满足 MA5>MA10>MA20>MA60; 60日趋势强度不足; 20日平均成交额不足
2026-08-11,920160.BJ,,rejected_signal,,0.27824,,0.93764335,,未满足 MA5>MA10>MA20>MA60; 60日趋势强度不足; 20日平均成交额不足
2026-08-11,920161.BJ,,rejected_signal,,0.0,,0.7519238,,历史数据不足或指标非有限值; 未满足 MA5>MA10>MA20>MA60; 20日动量低于门槛; 60日趋势强度不足
2026-08-11,920163.BJ,,rejected_signal,,31.600147,,1.06801343,,未满足 MA5>MA10>MA20>MA60; 60日趋势强度不足; 20日平均成交额不足
2026-08-11,920165.BJ,,rejected_signal,,0.0,,1.0,,历史数据不足或指标非有限值; 未满足 MA5>MA10>MA20>MA60; 收盘价低于MA20; 20日动量低于门槛; 20日涨幅过热; 60日趋势强度不足; 偏离MA20过远，追高风险; 20日年化波动过高; 当日跳空幅度过大; 20日平均成交额不足
2026-08-11,920166.BJ,,rejected_signal,,18.600719,,0.88412017,,未满足 MA5>MA10>MA20>MA60; 60日趋势强度不足; 20日平均成交额不足
2026-08-11,920167.BJ,,rejected_signal,,0.0,,0.91463715,,未满足 MA5>MA10>MA20>MA60; 20日动量低于门槛; 60日趋势强度不足; 20日平均成交额不足
2026-08-11,920168.BJ,,rejected_signal,,6.905418,,0.93929124,,未满足 MA5>MA10>MA20>MA60; 60日趋势强度不足; 20日平均成交额不足
2026-08-11,920169.BJ,,rejected_signal,,0.246666,,0.86431313,,未满足 MA5>MA10>MA20>MA60; 20日动量低于门槛; 60日趋势强度不足
2026-08-11,920171.BJ,,rejected_signal,,0.0,,0.91416907,,未满足 MA5>MA10>MA20>MA60; 收盘价低于MA20; 20日动量低于门槛; 60日趋势强度不足
2026-08-11,920174.BJ,,rejected_signal,,0.0,,0.83426219,,未满足 MA5>MA10>MA20>MA60; 20日动量低于门槛; 60日趋势强度不足; 20日平均成交额不足
2026-08-11,920175.BJ,,rejected_signal,,0.0,,0.85264385,,未满足 MA5>MA10>MA20>MA60; 20日动量低于门槛; 60日趋势强度不足; 20日平均成交额不足
2026-08-11,920176.BJ,,rejected_signal,,0.0,,4.14380121,,历史数据不足或指标非有限值; 未满足 MA5>MA10>MA20>MA60; 收盘价低于MA20; 20日动量低于门槛; 20日涨幅过热; 60日趋势强度不足; 偏离MA20过远，追高风险; 20日年化波动过高; 20日平均成交额不足
2026-08-11,920177.BJ,,rejected_signal,,1.067561,,0.88642573,,未满足 MA5>MA10>MA20>MA60; 60日趋势强度不足; 20日平均成交额不足
2026-08-11,920178.BJ,,rejected_signal,,4.318604,,0.58958763,,未满足 MA5>MA10>MA20>MA60; 20日动量低于门槛; 60日趋势强度不足; 20日年化波动过高
2026-08-11,920179.BJ,,rejected_signal,,7.049646,,0.72168314,,未满足 MA5>MA10>MA20>MA60; 20日动量低于门槛; 60日趋势强度不足; 20日年化波动过高
2026-08-11,920180.BJ,,rejected_signal,,1.252539,,0.93003738,,未满足 MA5>MA10>MA20>MA60; 20日动量低于门槛; 60日趋势强度不足; 20日平均成交额不足
2026-08-11,920181.BJ,,rejected_signal,,0.0,,0.74962479,,未满足 MA5>MA10>MA20>MA60; 收盘价低于MA20; 20日动量低于门槛; 60日趋势强度不足
2026-08-11,920183.BJ,,rejected_signal,,4.491045,,0.90829259,,未满足 MA5>MA10>MA20>MA60; 60日趋势强度不足; 20日平均成交额不足
2026-08-11,920184.BJ,,rejected_signal,,1.574667,,0.9695105,,未满足 MA5>MA10>MA20>MA60; 60日趋势强度不足; 20日平均成交额不足
2026-08-11,920185.BJ,,rejected_signal,,2.081802,,0.87079126,,未满足 MA5>MA10>MA20>MA60; 20日动量低于门槛; 60日趋势强度不足
2026-08-11,920186.BJ,,rejected_signal,,1.549595,,0.76437908,,未满足 MA5>MA10>MA20>MA60; 收盘价低于MA20; 20日动量低于门槛; 60日趋势强度不足
2026-08-11,920187.BJ,,rejected_signal,,8.530703,,0.97636849,,未满足 MA5>MA10>MA20>MA60; 收盘价低于MA20; 20日动量低于门槛; 60日趋势强度不足; 20日平均成交额不足
2026-08-11,920188.BJ,,rejected_signal,,5.835758,,0.88131297,,未满足 MA5>MA10>MA20>MA60; 60日趋势强度不足; 20日平均成交额不足
2026-08-11,920189.BJ,,rejected_signal,,0.0,,2.07776546,,历史数据不足或指标非有限值; 未满足 MA5>MA10>MA20>MA60; 收盘价低于MA20; 20日动量低于门槛; 60日趋势强度不足
2026-08-11,920190.BJ,,rejected_signal,,7.480975,,0.98386556,,未满足 MA5>MA10>MA20>MA60; 收盘价低于MA20; 20日动量低于门槛; 60日趋势强度不足
2026-08-11,920191.BJ,,rejected_signal,,0.106826,,0.88472152,,未满足 MA5>MA10>MA20>MA60; 20日动量低于门槛; 60日趋势强度不足; 20日平均成交额不足
2026-08-11,920193.BJ,,rejected_signal,,0.0,,1.78512347,,历史数据不足或指标非有限值; 未满足 MA5>MA10>MA20>MA60; 20日动量低于门槛; 60日趋势强度不足; 20日年化波动过高
2026-08-11,920195.BJ,,rejected_signal,,1.680892,,0.94249964,,未满足 MA5>MA10>MA20>MA60; 60日趋势强度不足; 20日平均成交额不足
2026-08-11,920198.BJ,,rejected_signal,,21.485819,,0.99637622,,未满足 MA5>MA10>MA20>MA60; 60日趋势强度不足
2026-08-11,920199.BJ,,rejected_signal,,38.373962,,1.06404614,,60日趋势强度不足; 20日年化波动过高
2026-08-11,920200.BJ,,rejected_signal,,6.367119,,0.79349267,,未满足 MA5>MA10>MA20>MA60; 60日趋势强度不足
2026-08-11,920204.BJ,,rejected_signal,,5.309908,,0.92494851,,未满足 MA5>MA10>MA20>MA60; 60日趋势强度不足; 20日平均成交额不足
2026-08-11,920206.BJ,,rejected_signal,,0.0,,0.91946006,,历史数据不足或指标非有限值; 未满足 MA5>MA10>MA20>MA60; 20日动量低于门槛; 60日趋势强度不足
2026-08-11,920207.BJ,,rejected_signal,,2.143389,,0.98078281,,未满足 MA5>MA10>MA20>MA60; 20日动量低于门槛; 60日趋势强度不足
2026-08-11,920208.BJ,,rejected_signal,,0.775786,,0.92019594,,未满足 MA5>MA10>MA20>MA60; 20日动量低于门槛; 60日趋势强度不足; 20日平均成交额不足
2026-08-11,920211.BJ,,rejected_signal,,0.0,,0.99117643,,历史数据不足或指标非有限值; 未满足 MA5>MA10>MA20>MA60; 收盘价低于MA20; 20日动量低于门槛; 60日趋势强度不足; 20日年化波动过高
2026-08-11,920212.BJ,,rejected_signal,,1.762006,,0.94465882,,未满足 MA5>MA10>MA20>MA60; 20日动量低于门槛; 60日趋势强度不足; 20日平均成交额不足
2026-08-11,920218.BJ,,rejected_signal,,0.0,,0.97437495,,历史数据不足或指标非有限值; 未满足 MA5>MA10>MA20>MA60; 20日动量低于门槛; 60日趋势强度不足
2026-08-11,920220.BJ,,rejected_signal,,0.0,,0.77197832,,历史数据不足或指标非有限值; 未满足 MA5>MA10>MA20>MA60; 20日动量低于门槛; 60日趋势强度不足
2026-08-11,920221.BJ,,rejected_signal,,5.068976,,0.92104471,,未满足 MA5>MA10>MA20>MA60; 20日动量低于门槛; 60日趋势强度不足; 20日平均成交额不足
2026-08-11,920222.BJ,,rejected_signal,,0.0,,1.9842875,,历史数据不足或指标非有限值; 未满足 MA5>MA10>MA20>MA60; 60日趋势强度不足; 20日年化波动过高
2026-08-11,920223.BJ,,rejected_signal,,2.285317,,0.82537794,,未满足 MA5>MA10>MA20>MA60; 20日动量低于门槛; 60日趋势强度不足; 20日平均成交额不足
2026-08-11,920225.BJ,,rejected_signal,,0.0,,0.8001883,,未满足 MA5>MA10>MA20>MA60; 20日动量低于门槛; 60日趋势强度不足
2026-08-11,920227.BJ,,rejected_signal,,1.726368,,0.96022618,,未满足 MA5>MA10>MA20>MA60; 60日趋势强度不足; 20日平均成交额不足
2026-08-11,920230.BJ,,rejected_signal,,15.168597,,0.98839182,,未满足 MA5>MA10>MA20>MA60; 20日动量低于门槛; 60日趋势强度不足
2026-08-11,920237.BJ,,rejected_signal,,0.0,,0.87550259,,未满足 MA5>MA10>MA20>MA60; 20日动量低于门槛; 60日趋势强度不足; 20日平均成交额不足
2026-08-11,920238.BJ,,rejected_signal,,0.0,,4.6513443,,历史数据不足或指标非有限值; 未满足 MA5>MA10>MA20>MA60; 收盘价低于MA20; 20日动量低于门槛; 20日涨幅过热; 60日趋势强度不足; 偏离MA20过远，追高风险; 20日年化波动过高; 20日平均成交额不足
2026-08-11,920239.BJ,,rejected_signal,,1.753631,,0.91746384,,未满足 MA5>MA10>MA20>MA60; 20日动量低于门槛; 60日趋势强度不足; 20日平均成交额不足
2026-08-11,920242.BJ,,rejected_signal,,9.513699,,0.92555016,,未满足 MA5>MA10>MA20>MA60; 60日趋势强度不足; 20日平均成交额不足
2026-08-11,920245.BJ,,rejected_signal,,5.3323,,0.90739399,,未满足 MA5>MA10>MA20>MA60; 60日趋势强度不足; 20日平均成交额不足
2026-08-11,920247.BJ,,rejected_signal,,0.0,,0.89810723,,未满足 MA5>MA10>MA20>MA60; 20日动量低于门槛; 60日趋势强度不足; 20日平均成交额不足
2026-08-11,920249.BJ,,rejected_signal,,0.93323,,0.96895641,,未满足 MA5>MA10>MA20>MA60; 20日动量低于门槛; 60日趋势强度不足
2026-08-11,920252.BJ,,rejected_signal,,0.0,,0.85926396,,未满足 MA5>MA10>MA20>MA60; 20日动量低于门槛; 60日趋势强度不足
2026-08-11,920258.BJ,,rejected_signal,,0.0,,7.9845109,,历史数据不足或指标非有限值; 未满足 MA5>MA10>MA20>MA60; 收盘价低于MA20; 20日动量低于门槛; 20日涨幅过热; 60日趋势强度不足; 偏离MA20过远，追高风险; 20日年化波动过高; 20日平均成交额不足
2026-08-11,920260.BJ,,rejected_signal,,5.2192,,0.99657965,,未满足 MA5>MA10>MA20>MA60; 60日趋势强度不足; 20日平均成交额不足
2026-08-11,920261.BJ,,rejected_signal,,13.489182,,0.97884423,,未满足 MA5>MA10>MA20>MA60; 60日趋势强度不足; 20日平均成交额不足
2026-08-11,920262.BJ,,rejected_signal,,34.23912,,1.00185573,,未满足 MA5>MA10>MA20>MA60; 60日趋势强度不足; 20日平均成交额不足
2026-08-11,920263.BJ,,rejected_signal,,3.297668,,0.93183196,,未满足 MA5>MA10>MA20>MA60; 60日趋势强度不足; 20日平均成交额不足
2026-08-11,920266.BJ,,rejected_signal,,29.42267,,1.00550628,,未满足 MA5>MA10>MA20>MA60; 收盘价低于MA20; 60日趋势强度不足; 20日年化波动过高
2026-08-11,920267.BJ,,rejected_signal,,27.403105,,1.09625018,,收盘价低于MA20; 20日动量低于门槛; 60日趋势强度不足; 20日年化波动过高
2026-08-11,920270.BJ,,rejected_signal,,3.276306,,0.8913002,,未满足 MA5>MA10>MA20>MA60; 60日趋势强度不足; 20日平均成交额不足
2026-08-11,920271.BJ,,rejected_signal,,5.543181,,0.90780252,,未满足 MA5>MA10>MA20>MA60; 60日趋势强度不足; 20日平均成交额不足
2026-08-11,920273.BJ,,rejected_signal,,2.233852,,0.89275199,,未满足 MA5>MA10>MA20>MA60; 60日趋势强度不足
2026-08-11,920274.BJ,,rejected_signal,,3.288241,,0.8738476,,未满足 MA5>MA10>MA20>MA60; 20日动量低于门槛; 60日趋势强度不足; 20日平均成交额不足
2026-08-11,920275.BJ,,rejected_signal,,14.947484,,1.00695872,,20日动量低于门槛; 60日趋势强度不足; 20日平均成交额不足
2026-08-11,920278.BJ,,rejected_signal,,23.134684,,0.99427962,,未满足 MA5>MA10>MA20>MA60; 60日趋势强度不足; 20日平均成交额不足
2026-08-11,920284.BJ,,rejected_signal,,10.863748,,0.77525151,,未满足 MA5>MA10>MA20>MA60; 60日趋势强度不足
2026-08-11,920299.BJ,,rejected_signal,,10.421645,,0.9206332,,未满足 MA5>MA10>MA20>MA60; 收盘价低于MA20; 60日趋势强度不足
2026-08-11,920300.BJ,,rejected_signal,,0.0,,0.94634873,,未满足 MA5>MA10>MA20>MA60; 20日动量低于门槛; 60日趋势强度不足; 20日平均成交额不足
2026-08-11,920304.BJ,,rejected_signal,,14.796497,,0.93875903,,未满足 MA5>MA10>MA20>MA60; 60日趋势强度不足; 20日平均成交额不足
2026-08-11,920305.BJ,,rejected_universe,,0.0,,0.0,,不在当日动态股票池(停牌/未上市/已退市/当前ST代理过滤)
2026-08-11,920339.BJ,,rejected_signal,,14.501427,,1.0524919,,未满足 MA5>MA10>MA20>MA60; 20日平均成交额不足
2026-08-11,920344.BJ,,rejected_signal,,13.371201,,0.97695577,,未满足 MA5>MA10>MA20>MA60; 20日动量低于门槛; 60日趋势强度不足; 20日平均成交额不足
2026-08-11,920346.BJ,,rejected_signal,,0.0,,0.92014903,,未满足 MA5>MA10>MA20>MA60; 20日动量低于门槛; 60日趋势强度不足; 20日平均成交额不足
2026-08-11,920351.BJ,,rejected_signal,,1.449182,,0.92206687,,未满足 MA5>MA10>MA20>MA60; 20日动量低于门槛; 60日趋势强度不足; 20日平均成交额不足
2026-08-11,920357.BJ,,rejected_signal,,0.0,,0.87406653,,未满足 MA5>MA10>MA20>MA60; 20日动量低于门槛; 60日趋势强度不足
2026-08-11,920363.BJ,,rejected_signal,,0.0,,0.91472173,,未满足 MA5>MA10>MA20>MA60; 20日动量低于门槛; 60日趋势强度不足; 20日平均成交额不足
2026-08-11,920367.BJ,,rejected_signal,,31.110254,,1.01291025,,未满足 MA5>MA10>MA20>MA60; 收盘价低于MA20; 20日动量低于门槛; 20日年化波动过高
2026-08-11,920368.BJ,,rejected_signal,,1.962042,,0.82691443,,未满足 MA5>MA10>MA20>MA60; 20日动量低于门槛; 60日趋势强度不足
2026-08-11,920370.BJ,,rejected_signal,,17.065863,,0.99856329,,未满足 MA5>MA10>MA20>MA60; 60日趋势强度不足; 20日平均成交额不足
2026-08-11,920371.BJ,,rejected_signal,,4.223041,,0.91824579,,未满足 MA5>MA10>MA20>MA60; 20日动量低于门槛; 60日趋势强度不足; 20日平均成交额不足
2026-08-11,920374.BJ,,rejected_signal,,8.676381,,0.96187645,,未满足 MA5>MA10>MA20>MA60; 60日趋势强度不足; 20日平均成交额不足
2026-08-11,920375.BJ,,rejected_signal,,10.64288,,0.9960317,,未满足 MA5>MA10>MA20>MA60; 60日趋势强度不足; 20日平均成交额不足
2026-08-11,920378.BJ,,rejected_signal,,17.935549,,0.95127445,,未满足 MA5>MA10>MA20>MA60; 60日趋势强度不足; 20日平均成交额不足
2026-08-11,920392.BJ,,rejected_signal,,6.470083,,0.91037661,,未满足 MA5>MA10>MA20>MA60; 20日动量低于门槛; 60日趋势强度不足; 20日平均成交额不足
2026-08-11,920394.BJ,,rejected_signal,,0.0,,0.86150265,,未满足 MA5>MA10>MA20>MA60; 收盘价低于MA20; 20日动量低于门槛; 60日趋势强度不足
2026-08-11,920395.BJ,,rejected_signal,,1.601635,,0.93557048,,未满足 MA5>MA10>MA20>MA60; 60日趋势强度不足; 20日平均成交额不足
2026-08-11,920396.BJ,,rejected_signal,,16.728138,,0.98978621,,未满足 MA5>MA10>MA20>MA60; 60日趋势强度不足
2026-08-11,920402.BJ,,rejected_signal,,0.107427,,0.79806632,,未满足 MA5>MA10>MA20>MA60; 20日动量低于门槛; 60日趋势强度不足
2026-08-11,920403.BJ,,rejected_signal,,41.226654,,1.04223084,,60日趋势强度不足
2026-08-11,920405.BJ,,rejected_signal,,33.398197,,1.07136011,,20日动量低于门槛; 20日平均成交额不足
2026-08-11,920407.BJ,,rejected_signal,,9.952077,,0.95931178,,未满足 MA5>MA10>MA20>MA60; 60日趋势强度不足; 20日平均成交额不足
2026-08-11,920414.BJ,,rejected_signal,,1.893097,,0.91457415,,未满足 MA5>MA10>MA20>MA60; 60日趋势强度不足; 20日平均成交额不足
2026-08-11,920415.BJ,,rejected_signal,,2.806489,,0.93902159,,未满足 MA5>MA10>MA20>MA60; 60日趋势强度不足; 20日平均成交额不足
2026-08-11,920418.BJ,,rejected_signal,,8.9994,,0.90561426,,未满足 MA5>MA10>MA20>MA60; 20日动量低于门槛; 60日趋势强度不足
2026-08-11,920419.BJ,,rejected_signal,,21.469412,,1.00092161,,未满足 MA5>MA10>MA20>MA60; 60日趋势强度不足; 20日平均成交额不足
2026-08-11,920422.BJ,,rejected_signal,,8.142425,,1.02637362,,未满足 MA5>MA10>MA20>MA60; 60日趋势强度不足; 20日平均成交额不足
2026-08-11,920425.BJ,,rejected_signal,,0.142872,,0.8878625,,未满足 MA5>MA10>MA20>MA60; 20日动量低于门槛; 60日趋势强度不足; 20日平均成交额不足
2026-08-11,920427.BJ,,rejected_signal,,2.248405,,0.80733424,,未满足 MA5>MA10>MA20>MA60; 20日动量低于门槛; 60日趋势强度不足; 20日平均成交额不足
2026-08-11,920429.BJ,,rejected_signal,,1.673944,,0.89814454,,未满足 MA5>MA10>MA20>MA60; 20日动量低于门槛; 60日趋势强度不足; 20日平均成交额不足
2026-08-11,920433.BJ,,rejected_signal,,29.411602,,1.0155313,,60日趋势强度不足; 20日平均成交额不足
2026-08-11,920436.BJ,,rejected_signal,,0.745557,,0.91043776,,未满足 MA5>MA10>MA20>MA60; 60日趋势强度不足; 20日平均成交额不足
2026-08-11,920438.BJ,,rejected_signal,,22.247677,,1.06079328,,未满足 MA5>MA10>MA20>MA60; 收盘价低于MA20; 20日动量低于门槛; 20日年化波动过高
2026-08-11,920445.BJ,,rejected_signal,,3.008443,,0.96913326,,未满足 MA5>MA10>MA20>MA60; 60日趋势强度不足; 20日平均成交额不足
2026-08-11,920454.BJ,,rejected_signal,,0.0,,0.92520207,,未满足 MA5>MA10>MA20>MA60; 20日动量低于门槛; 60日趋势强度不足; 20日平均成交额不足
2026-08-11,920455.BJ,,rejected_signal,,2.373932,,0.93932575,,未满足 MA5>MA10>MA20>MA60; 20日动量低于门槛; 60日趋势强度不足; 20日平均成交额不足
2026-08-11,920469.BJ,,rejected_signal,,0.0,,0.90181857,,未满足 MA5>MA10>MA20>MA60; 20日动量低于门槛; 60日趋势强度不足; 20日平均成交额不足
2026-08-11,920471.BJ,,rejected_signal,,0.0,,0.93499255,,未满足 MA5>MA10>MA20>MA60; 20日动量低于门槛; 60日趋势强度不足; 20日平均成交额不足
2026-08-11,920475.BJ,,rejected_signal,,0.884145,,0.90822792,,未满足 MA5>MA10>MA20>MA60; 60日趋势强度不足; 20日平均成交额不足
2026-08-11,920476.BJ,,rejected_signal,,35.993176,,1.01519299,,20日平均成交额不足
2026-08-11,920478.BJ,,rejected_signal,,25.949574,,1.00536346,,未满足 MA5>MA10>MA20>MA60; 20日动量低于门槛; 20日年化波动过高
2026-08-11,920489.BJ,,rejected_signal,,0.200785,,0.81080747,,未满足 MA5>MA10>MA20>MA60; 20日动量低于门槛; 60日趋势强度不足
2026-08-11,920491.BJ,,rejected_signal,,8.793836,,0.87765706,,未满足 MA5>MA10>MA20>MA60; 收盘价低于MA20; 20日动量低于门槛; 60日趋势强度不足
2026-08-11,920493.BJ,,rejected_signal,,16.306026,,1.01278186,,未满足 MA5>MA10>MA20>MA60; 60日趋势强度不足
2026-08-11,920496.BJ,,rejected_signal,,9.019345,,0.94791853,,未满足 MA5>MA10>MA20>MA60; 60日趋势强度不足; 20日平均成交额不足
2026-08-11,920504.BJ,,rejected_signal,,14.374763,,0.96777564,,未满足 MA5>MA10>MA20>MA60; 60日趋势强度不足; 20日平均成交额不足
2026-08-11,920505.BJ,,rejected_signal,,10.696728,,0.76339877,,未满足 MA5>MA10>MA20>MA60; 60日趋势强度不足
2026-08-11,920508.BJ,,rejected_signal,,21.96933,,1.00295126,,未满足 MA5>MA10>MA20>MA60; 60日趋势强度不足; 20日平均成交额不足
2026-08-11,920509.BJ,,rejected_signal,,0.180328,,0.72246623,,未满足 MA5>MA10>MA20>MA60; 20日动量低于门槛; 60日趋势强度不足
2026-08-11,920510.BJ,,rejected_signal,,35.006504,,1.07418621,,未满足 MA5>MA10>MA20>MA60; 20日动量低于门槛; 20日年化波动过高
2026-08-11,920519.BJ,,rejected_signal,,3.928123,,0.98887938,,未满足 MA5>MA10>MA20>MA60; 60日趋势强度不足; 20日平均成交额不足
2026-08-11,920522.BJ,,rejected_signal,,11.009824,,0.79841906,,未满足 MA5>MA10>MA20>MA60; 60日趋势强度不足
2026-08-11,920523.BJ,,rejected_signal,,0.0,,0.88621336,,未满足 MA5>MA10>MA20>MA60; 20日动量低于门槛; 60日趋势强度不足; 20日平均成交额不足
2026-08-11,920526.BJ,,rejected_signal,,0.0,,0.76296639,,未满足 MA5>MA10>MA20>MA60; 20日动量低于门槛; 60日趋势强度不足
2026-08-11,920527.BJ,,rejected_signal,,0.12748,,0.95243329,,未满足 MA5>MA10>MA20>MA60; 20日动量低于门槛; 60日趋势强度不足; 20日平均成交额不足
2026-08-11,920533.BJ,,rejected_signal,,3.838405,,0.86970133,,未满足 MA5>MA10>MA20>MA60; 60日趋势强度不足; 20日平均成交额不足
2026-08-11,920541.BJ,,rejected_signal,,5.122744,,0.95884085,,未满足 MA5>MA10>MA20>MA60; 60日趋势强度不足; 20日平均成交额不足
2026-08-11,920547.BJ,,rejected_signal,,5.646023,,0.93811756,,未满足 MA5>MA10>MA20>MA60; 60日趋势强度不足; 20日平均成交额不足
2026-08-11,920553.BJ,,rejected_signal,,10.82038,,0.94023573,,未满足 MA5>MA10>MA20>MA60; 60日趋势强度不足; 20日平均成交额不足
2026-08-11,920556.BJ,,rejected_signal,,13.045743,,0.93147439,,未满足 MA5>MA10>MA20>MA60; 60日趋势强度不足; 20日平均成交额不足
2026-08-11,920564.BJ,,rejected_signal,,1.051202,,0.87379676,,未满足 MA5>MA10>MA20>MA60; 20日动量低于门槛; 60日趋势强度不足; 20日平均成交额不足
2026-08-11,920566.BJ,,rejected_signal,,8.637257,,1.00037992,,20日动量低于门槛; 60日趋势强度不足
2026-08-11,920570.BJ,,rejected_signal,,18.127123,,0.9635672,,未满足 MA5>MA10>MA20>MA60; 60日趋势强度不足; 20日平均成交额不足
2026-08-11,920571.BJ,,rejected_signal,,8.598522,,0.92233849,,未满足 MA5>MA10>MA20>MA60; 20日动量低于门槛; 60日趋势强度不足
2026-08-11,920575.BJ,,rejected_universe,,25.721508,,1.31354606,,不在当日动态股票池(停牌/未上市/已退市/当前ST代理过滤)
2026-08-11,920576.BJ,,rejected_signal,,3.056649,,0.81915736,,未满足 MA5>MA10>MA20>MA60; 收盘价低于MA20; 20日动量低于门槛; 60日趋势强度不足
2026-08-11,920578.BJ,,rejected_signal,,8.301072,,0.91989398,,未满足 MA5>MA10>MA20>MA60; 20日动量低于门槛; 60日趋势强度不足; 20日平均成交额不足
2026-08-11,920579.BJ,,rejected_signal,,4.862137,,0.89407933,,未满足 MA5>MA10>MA20>MA60; 20日动量低于门槛; 60日趋势强度不足; 20日平均成交额不足
2026-08-11,920580.BJ,,rejected_signal,,12.724736,,0.89621246,,未满足 MA5>MA10>MA20>MA60; 60日趋势强度不足; 20日平均成交额不足
2026-08-11,920592.BJ,,rejected_signal,,1.75721,,0.90085745,,未满足 MA5>MA10>MA20>MA60; 60日趋势强度不足
2026-08-11,920593.BJ,,rejected_signal,,11.874054,,0.88857001,,未满足 MA5>MA10>MA20>MA60; 20日动量低于门槛; 60日趋势强度不足
2026-08-11,920599.BJ,,rejected_signal,,9.893288,,1.01573467,,未满足 MA5>MA10>MA20>MA60; 60日趋势强度不足
2026-08-11,920608.BJ,,rejected_signal,,14.246915,,0.99351662,,未满足 MA5>MA10>MA20>MA60; 60日趋势强度不足; 20日平均成交额不足
2026-08-11,920627.BJ,,rejected_signal,,1.310207,,0.88146728,,未满足 MA5>MA10>MA20>MA60; 60日趋势强度不足; 20日平均成交额不足
2026-08-11,920634.BJ,,rejected_signal,,16.280478,,0.97150826,,未满足 MA5>MA10>MA20>MA60; 60日趋势强度不足
2026-08-11,920639.BJ,,rejected_signal,,6.387242,,0.95900357,,未满足 MA5>MA10>MA20>MA60; 60日趋势强度不足; 20日平均成交额不足
2026-08-11,920640.BJ,,rejected_signal,,4.419149,,0.88640767,,未满足 MA5>MA10>MA20>MA60; 20日动量低于门槛; 60日趋势强度不足
2026-08-11,920641.BJ,,rejected_signal,,1.289696,,0.9127183,,未满足 MA5>MA10>MA20>MA60; 60日趋势强度不足; 20日平均成交额不足
2026-08-11,920642.BJ,,rejected_signal,,4.542728,,0.92118526,,未满足 MA5>MA10>MA20>MA60; 20日动量低于门槛; 60日趋势强度不足
2026-08-11,920651.BJ,,rejected_signal,,31.070259,,1.13174939,,未满足 MA5>MA10>MA20>MA60; 60日趋势强度不足; 20日平均成交额不足
2026-08-11,920656.BJ,,rejected_signal,,3.384728,,0.99181384,,未满足 MA5>MA10>MA20>MA60; 20日动量低于门槛; 60日趋势强度不足; 20日平均成交额不足
2026-08-11,920662.BJ,,rejected_signal,,0.0,,0.89225817,,未满足 MA5>MA10>MA20>MA60; 收盘价低于MA20; 20日动量低于门槛; 60日趋势强度不足
2026-08-11,920663.BJ,,rejected_signal,,15.024419,,0.89640623,,未满足 MA5>MA10>MA20>MA60; 60日趋势强度不足; 20日平均成交额不足
2026-08-11,920665.BJ,,rejected_signal,,2.252866,,0.83317584,,未满足 MA5>MA10>MA20>MA60; 20日动量低于门槛; 60日趋势强度不足; 20日平均成交额不足
2026-08-11,920670.BJ,,rejected_signal,,10.195697,,1.01428854,,未满足 MA5>MA10>MA20>MA60; 60日趋势强度不足
2026-08-11,920675.BJ,,rejected_signal,,1.828818,,1.13211,,未满足 MA5>MA10>MA20>MA60; 20日动量低于门槛; 60日趋势强度不足; 20日平均成交额不足
2026-08-11,920679.BJ,,rejected_signal,,6.019893,,0.99692351,,未满足 MA5>MA10>MA20>MA60; 20日动量低于门槛; 60日趋势强度不足; 20日平均成交额不足
2026-08-11,920680.BJ,,rejected_universe,,0.0,,0.0,,不在当日动态股票池(停牌/未上市/已退市/当前ST代理过滤)
2026-08-11,920682.BJ,,rejected_signal,,0.524691,,0.95182568,,未满足 MA5>MA10>MA20>MA60; 60日趋势强度不足; 20日平均成交额不足
2026-08-11,920685.BJ,,rejected_signal,,37.258209,,1.3825922,,未满足 MA5>MA10>MA20>MA60; 60日趋势强度不足; 20日年化波动过高
2026-08-11,920689.BJ,,rejected_signal,,0.0,,0.9202435,,未满足 MA5>MA10>MA20>MA60; 20日动量低于门槛; 60日趋势强度不足; 20日平均成交额不足
2026-08-11,920690.BJ,,rejected_signal,,24.674896,,1.02759671,,未满足 MA5>MA10>MA20>MA60; 60日趋势强度不足; 20日年化波动过高
2026-08-11,920693.BJ,,rejected_signal,,1.917425,,0.87705529,,未满足 MA5>MA10>MA20>MA60; 20日动量低于门槛; 60日趋势强度不足; 20日平均成交额不足
2026-08-11,920694.BJ,,rejected_signal,,10.851848,,0.96771288,,未满足 MA5>MA10>MA20>MA60; 60日趋势强度不足; 20日平均成交额不足
2026-08-11,920699.BJ,,rejected_signal,,23.143919,,1.07828498,,未满足 MA5>MA10>MA20>MA60; 20日动量低于门槛; 20日年化波动过高
2026-08-11,920701.BJ,,rejected_signal,,30.215342,,1.05752444,,60日趋势强度不足; 20日年化波动过高
2026-08-11,920703.BJ,,rejected_signal,,12.765661,,0.95549178,,未满足 MA5>MA10>MA20>MA60; 60日趋势强度不足; 20日平均成交额不足
2026-08-11,920706.BJ,,rejected_signal,,7.433472,,0.83857304,,未满足 MA5>MA10>MA20>MA60; 60日趋势强度不足; 20日平均成交额不足
2026-08-11,920717.BJ,,rejected_signal,,41.491344,,1.12404931,,未满足 MA5>MA10>MA20>MA60; 60日趋势强度不足; 20日平均成交额不足
2026-08-11,920718.BJ,,rejected_signal,,16.439327,,0.94320172,,未满足 MA5>MA10>MA20>MA60; 60日趋势强度不足; 20日平均成交额不足
2026-08-11,920719.BJ,,rejected_signal,,0.0,,0.84310395,,未满足 MA5>MA10>MA20>MA60; 20日动量低于门槛; 60日趋势强度不足; 20日平均成交额不足
2026-08-11,920720.BJ,,rejected_signal,,3.726157,,0.92949617,,未满足 MA5>MA10>MA20>MA60; 20日动量低于门槛; 60日趋势强度不足; 20日平均成交额不足
2026-08-11,920725.BJ,,rejected_signal,,0.0,,0.89949828,,未满足 MA5>MA10>MA20>MA60; 20日动量低于门槛; 20日年化波动过高
2026-08-11,920726.BJ,,rejected_signal,,2.871489,,0.93390542,,未满足 MA5>MA10>MA20>MA60; 20日动量低于门槛; 60日趋势强度不足
2026-08-11,920729.BJ,,rejected_signal,,18.751009,,0.97456151,,未满足 MA5>MA10>MA20>MA60; 60日趋势强度不足; 20日平均成交额不足
2026-08-11,920735.BJ,,rejected_signal,,8.210346,,0.96111131,,未满足 MA5>MA10>MA20>MA60; 20日动量低于门槛; 60日趋势强度不足
2026-08-11,920748.BJ,,rejected_signal,,17.168009,,0.95421606,,未满足 MA5>MA10>MA20>MA60; 60日趋势强度不足
2026-08-11,920751.BJ,,rejected_signal,,8.024459,,0.83183396,,未满足 MA5>MA10>MA20>MA60; 收盘价低于MA20; 20日动量低于门槛; 60日趋势强度不足; 20日平均成交额不足
2026-08-11,920753.BJ,,rejected_signal,,3.036381,,0.96324182,,未满足 MA5>MA10>MA20>MA60; 60日趋势强度不足; 20日平均成交额不足
2026-08-11,920765.BJ,,rejected_signal,,26.045483,,1.0065062,,未满足 MA5>MA10>MA20>MA60; 60日趋势强度不足; 20日平均成交额不足
2026-08-11,920768.BJ,,rejected_signal,,3.233615,,0.94600457,,未满足 MA5>MA10>MA20>MA60; 60日趋势强度不足; 20日平均成交额不足
2026-08-11,920770.BJ,,rejected_signal,,4.443401,,0.92864144,,未满足 MA5>MA10>MA20>MA60; 60日趋势强度不足
2026-08-11,920779.BJ,,rejected_signal,,19.376274,,0.95295048,,未满足 MA5>MA10>MA20>MA60; 60日趋势强度不足
2026-08-11,920781.BJ,,rejected_signal,,15.894382,,1.015082,,未满足 MA5>MA10>MA20>MA60; 60日趋势强度不足; 20日平均成交额不足
2026-08-11,920786.BJ,,rejected_signal,,33.269035,,0.99136662,,未满足 MA5>MA10>MA20>MA60; 60日趋势强度不足
2026-08-11,920790.BJ,,rejected_signal,,2.980025,,1.00077772,,未满足 MA5>MA10>MA20>MA60; 收盘价低于MA20; 20日动量低于门槛; 60日趋势强度不足; 20日年化波动过高
2026-08-11,920792.BJ,,rejected_signal,,2.996909,,0.98317939,,未满足 MA5>MA10>MA20>MA60; 20日动量低于门槛; 60日趋势强度不足; 20日平均成交额不足
2026-08-11,920799.BJ,,rejected_signal,,2.180282,,0.97618401,,未满足 MA5>MA10>MA20>MA60; 20日动量低于门槛; 60日趋势强度不足
2026-08-11,920802.BJ,,rejected_signal,,0.0,,0.93959308,,未满足 MA5>MA10>MA20>MA60; 20日动量低于门槛; 60日趋势强度不足; 20日平均成交额不足
2026-08-11,920806.BJ,,rejected_signal,,11.818087,,0.98962986,,未满足 MA5>MA10>MA20>MA60; 60日趋势强度不足
2026-08-11,920807.BJ,,rejected_signal,,0.0,,0.79104096,,未满足 MA5>MA10>MA20>MA60; 20日动量低于门槛; 60日趋势强度不足
2026-08-11,920808.BJ,,rejected_signal,,0.0,,0.79210234,,未满足 MA5>MA10>MA20>MA60; 收盘价低于MA20; 20日动量低于门槛; 60日趋势强度不足
2026-08-11,920809.BJ,,rejected_signal,,9.116075,,0.96727538,,未满足 MA5>MA10>MA20>MA60; 60日趋势强度不足
2026-08-11,920810.BJ,,rejected_signal,,15.444083,,1.04325294,,未满足 MA5>MA10>MA20>MA60; 60日趋势强度不足; 20日平均成交额不足
2026-08-11,920819.BJ,,rejected_signal,,10.692205,,0.97971743,,未满足 MA5>MA10>MA20>MA60; 60日趋势强度不足; 20日平均成交额不足
2026-08-11,920821.BJ,,rejected_signal,,0.0,,0.87031633,,未满足 MA5>MA10>MA20>MA60; 收盘价低于MA20; 20日动量低于门槛; 60日趋势强度不足
2026-08-11,920826.BJ,,rejected_signal,,6.959584,,0.91178817,,未满足 MA5>MA10>MA20>MA60; 60日趋势强度不足; 20日平均成交额不足
2026-08-11,920832.BJ,,rejected_signal,,12.505033,,0.98902905,,未满足 MA5>MA10>MA20>MA60; 60日趋势强度不足; 20日平均成交额不足
2026-08-11,920833.BJ,,rejected_signal,,5.761368,,0.91696829,,未满足 MA5>MA10>MA20>MA60; 20日动量低于门槛; 60日趋势强度不足; 20日平均成交额不足
2026-08-11,920834.BJ,,rejected_signal,,10.936707,,0.86581957,,未满足 MA5>MA10>MA20>MA60; 60日趋势强度不足; 20日平均成交额不足
2026-08-11,920837.BJ,,rejected_signal,,5.795105,,0.93458629,,未满足 MA5>MA10>MA20>MA60; 60日趋势强度不足; 20日平均成交额不足
2026-08-11,920839.BJ,,rejected_signal,,6.306586,,0.9141084,,未满足 MA5>MA10>MA20>MA60; 20日动量低于门槛; 60日趋势强度不足; 20日平均成交额不足
2026-08-11,920855.BJ,,rejected_signal,,10.975983,,0.97863948,,未满足 MA5>MA10>MA20>MA60; 60日趋势强度不足; 20日平均成交额不足
2026-08-11,920856.BJ,,rejected_signal,,29.044325,,1.16126084,,60日趋势强度不足; 20日平均成交额不足
2026-08-11,920857.BJ,,rejected_signal,,26.89407,,1.09942806,,20日动量低于门槛
2026-08-11,920866.BJ,,rejected_signal,,10.878299,,0.96058506,,未满足 MA5>MA10>MA20>MA60; 60日趋势强度不足; 20日平均成交额不足
2026-08-11,920870.BJ,,rejected_signal,,8.223394,,0.85407317,,未满足 MA5>MA10>MA20>MA60; 60日趋势强度不足; 20日平均成交额不足
2026-08-11,920871.BJ,,rejected_signal,,2.749692,,0.92888582,,未满足 MA5>MA10>MA20>MA60; 60日趋势强度不足; 20日平均成交额不足
2026-08-11,920873.BJ,,rejected_signal,,18.937891,,0.98840761,,未满足 MA5>MA10>MA20>MA60; 60日趋势强度不足; 20日平均成交额不足
2026-08-11,920876.BJ,,rejected_signal,,0.0,,0.89488983,,未满足 MA5>MA10>MA20>MA60; 20日动量低于门槛; 60日趋势强度不足; 20日平均成交额不足
2026-08-11,920879.BJ,,rejected_signal,,0.446169,,0.90735561,,未满足 MA5>MA10>MA20>MA60; 20日动量低于门槛; 60日趋势强度不足; 20日平均成交额不足
2026-08-11,920885.BJ,,rejected_signal,,4.903309,,0.87208396,,未满足 MA5>MA10>MA20>MA60; 20日动量低于门槛; 60日趋势强度不足
2026-08-11,920892.BJ,,rejected_signal,,0.0,,0.92150563,,未满足 MA5>MA10>MA20>MA60; 收盘价低于MA20; 20日动量低于门槛; 60日趋势强度不足; 20日平均成交额不足
2026-08-11,920895.BJ,,rejected_signal,,14.711716,,1.00217664,,未满足 MA5>MA10>MA20>MA60; 60日趋势强度不足; 20日平均成交额不足
2026-08-11,920896.BJ,,rejected_signal,,2.668719,,0.92171288,,未满足 MA5>MA10>MA20>MA60; 60日趋势强度不足; 20日平均成交额不足
2026-08-11,920906.BJ,,rejected_signal,,0.881235,,0.90472198,,未满足 MA5>MA10>MA20>MA60; 20日动量低于门槛; 60日趋势强度不足; 20日平均成交额不足
2026-08-11,920914.BJ,,rejected_signal,,26.493725,,0.94301075,,未满足 MA5>MA10>MA20>MA60; 60日趋势强度不足
2026-08-11,920924.BJ,,rejected_signal,,7.740533,,0.93292361,,未满足 MA5>MA10>MA20>MA60; 60日趋势强度不足
2026-08-11,920925.BJ,,rejected_signal,,35.088631,,1.0130651,,60日趋势强度不足
2026-08-11,920926.BJ,,rejected_signal,,8.262819,,0.93716156,,未满足 MA5>MA10>MA20>MA60; 60日趋势强度不足; 20日平均成交额不足
2026-08-11,920931.BJ,,rejected_signal,,5.325511,,0.96643138,,未满足 MA5>MA10>MA20>MA60; 60日趋势强度不足; 20日平均成交额不足
2026-08-11,920932.BJ,,rejected_signal,,8.982456,,0.8920666,,未满足 MA5>MA10>MA20>MA60; 60日趋势强度不足; 20日平均成交额不足
2026-08-11,920942.BJ,,rejected_signal,,5.334986,,0.88843852,,未满足 MA5>MA10>MA20>MA60; 60日趋势强度不足; 20日平均成交额不足
2026-08-11,920943.BJ,,rejected_signal,,24.005125,,0.97880256,,未满足 MA5>MA10>MA20>MA60; 20日动量低于门槛; 60日趋势强度不足
2026-08-11,920946.BJ,,rejected_signal,,2.416978,,0.9822529,,未满足 MA5>MA10>MA20>MA60; 20日动量低于门槛; 60日趋势强度不足
2026-08-11,920950.BJ,,rejected_signal,,2.576828,,0.96949846,,未满足 MA5>MA10>MA20>MA60; 20日动量低于门槛; 60日趋势强度不足; 20日平均成交额不足
2026-08-11,920953.BJ,,rejected_signal,,26.30431,,1.04068077,,未满足 MA5>MA10>MA20>MA60; 60日趋势强度不足
2026-08-11,920957.BJ,,rejected_signal,,11.603415,,0.97702932,,未满足 MA5>MA10>MA20>MA60; 60日趋势强度不足; 20日平均成交额不足
2026-08-11,920961.BJ,,rejected_signal,,0.0,,0.86098218,,未满足 MA5>MA10>MA20>MA60; 20日动量低于门槛; 60日趋势强度不足
2026-08-11,920964.BJ,,rejected_signal,,0.0,,0.94873124,,未满足 MA5>MA10>MA20>MA60; 20日动量低于门槛; 60日趋势强度不足; 20日平均成交额不足
2026-08-11,920970.BJ,,rejected_signal,,18.41976,,0.99103469,,未满足 MA5>MA10>MA20>MA60; 60日趋势强度不足; 20日平均成交额不足
2026-08-11,920971.BJ,,rejected_signal,,0.292167,,0.73794895,,未满足 MA5>MA10>MA20>MA60; 20日动量低于门槛; 60日趋势强度不足
2026-08-11,920974.BJ,,rejected_signal,,0.59227,,0.91952693,,未满足 MA5>MA10>MA20>MA60; 20日动量低于门槛; 60日趋势强度不足; 20日平均成交额不足
2026-08-11,920976.BJ,,rejected_signal,,21.922562,,0.95748222,,未满足 MA5>MA10>MA20>MA60; 60日趋势强度不足; 20日平均成交额不足
2026-08-11,920978.BJ,,rejected_signal,,10.876363,,0.94279516,,未满足 MA5>MA10>MA20>MA60; 60日趋势强度不足; 20日平均成交额不足
2026-08-11,920981.BJ,,rejected_signal,,0.0,,0.78812182,,未满足 MA5>MA10>MA20>MA60; 20日动量低于门槛; 60日趋势强度不足
2026-08-11,920982.BJ,,rejected_signal,,25.490042,,0.92438447,,未满足 MA5>MA10>MA20>MA60; 60日趋势强度不足
2026-08-11,920985.BJ,,rejected_signal,,1.554721,,0.93634421,,未满足 MA5>MA10>MA20>MA60; 60日趋势强度不足; 20日平均成交额不足
2026-08-11,920992.BJ,,rejected_signal,,0.754523,,0.95183051,,未满足 MA5>MA10>MA20>MA60; 20日动量低于门槛; 60日趋势强度不足; 20日平均成交额不足
